feature,bright_mean,dark_mean,cohens_d
pct_major,0.627057107208592,0.5647941996506922,0.9550484094913743
chord_change_rate,79.99128193930389,78.41816390122952,0.08814697755534542
borrowed_chord_rate,0.7403775544207154,0.7159937929046383,0.15419179980129158
mode_score,0.3524325,-0.28592874999999995,15.492920350530277
