tag,band,idx,song,jitter_local,shimmer_local,hnr_mean,f0_median_st,f0_range_st,f0_std_st,vocal_centroid,n_voiced_frames
afterglow__000,afterglow,0,ON YOUR MARK,0.014391947539734867,0.09665600405951645,11.347738642288109,66.08682057635244,20.599999999999994,6.257304498561388,3407.835200988037,6706
afterglow__001,afterglow,1,That Is How I Roll!,0.012445486524981503,0.08010150538214535,13.698562795397411,64.68682057635243,16.525,5.071303661272472,2998.72593508829,7136
afterglow__002,afterglow,2,SENSENFUKOKU,0.011753584995525914,0.0893486298933178,12.828642489050557,67.08682057635244,14.200000000000003,4.729568702839014,3176.704219543475,7320
afterglow__003,afterglow,3,I knew it!,0.017596111303813874,0.10177472447069207,12.496270558854945,63.98682057635243,16.200000000000003,5.767684927782452,2720.34160604231,8792
afterglow__004,afterglow,4,ツナグ、ソラモヨウ,0.017525219280770412,0.12037405079304801,10.95254636758657,65.58682057635244,21.135000000000005,6.889876201734537,2684.8449590581113,7894
