idx,band,song,duration_sec,speech_median,speech_p10,speech_p90,speech_std,n_frames,error,vad_speech_ratio,vad_n_frames,vad_error
0,afterglow,ON YOUR MARK,241.63333333333333,0.0608871728181839,0.0099115911871194,0.2614924311637878,0.1101464629173278,482,,0.2401158366471519,29,
1,afterglow,That Is How I Roll!,239.6,0.0636275708675384,0.0077929538674652,0.2171059399843216,0.0874715000391006,478,,0.3168614357262104,36,
2,afterglow,SENSENFUKOKU,246.53333333333333,0.0791971608996391,0.0141922198235988,0.2310066521167755,0.0923694968223571,492,,0.0764196734012179,22,
3,afterglow,I knew it!,291.3,0.0668896362185478,0.009658976458013,0.2257406413555145,0.0865757390856742,581,,0.1877102643323034,40,
4,afterglow,ツナグ、ソラモヨウ,248.9333333333333,0.0633150860667228,0.0068842628970742,0.2471375912427902,0.0982225090265274,496,,0.0976164807149703,52,
5,afterglow,Hey-day狂騒曲(カプリチオ),233.70231292517008,0.066951222717762,0.0091573884710669,0.2450006604194641,0.0890735685825347,466,,0.2823249769939697,27,
6,afterglow,"Easy come, Easy go!",243.4,0.0526451803743839,0.0057698283344507,0.2430542111396789,0.1026999950408935,485,,0.1984387838948233,37,
7,afterglow,Sasanqua,236.80231292517007,0.0505071282386779,0.0047523351386189,0.2213507443666458,0.0913327783346176,472,,0.0913842427108899,34,
8,afterglow,RED RED RED,224.36666666666667,0.0684771537780761,0.0072309980168938,0.2165960967540741,0.0869705751538276,447,,0.0664982853125199,29,
9,afterglow,ONE OF US,282.3,0.0940331071615219,0.0243847891688346,0.2623534500598907,0.1020921841263771,563,,0.0783563584838823,25,
10,afterglow,Y.O.L.O!!!!!,270.93333333333334,0.0937601998448371,0.0131432097405195,0.271421879529953,0.1095784157514572,540,,0.1620324553960913,43,
11,afterglow,Scarlet Sky,229.0,0.0545439980924129,0.0076396209187805,0.1848679780960083,0.0786767154932022,457,,0.4863755458515282,17,
12,afterglow,Off we go.,251.8333333333333,0.0631847977638244,0.0084910178557038,0.2248644232749939,0.0905740186572074,502,,0.3079814182691234,27,
13,afterglow,いつも通りのBrand new days,237.3333333333333,0.0779084339737892,0.0141214421018958,0.2398562282323837,0.0875071287155151,473,,0.1431741321674627,23,
14,afterglow,SWITCH ON NOW,207.3333333333333,0.0663212239742279,0.0063804714009165,0.2443675547838211,0.0974414050579071,413,,0.226398668328242,33,
15,afterglow,ランブリングメモリー,325.03333333333336,0.0561996586620807,0.0063150832429528,0.2125010192394256,0.0938416570425033,649,,0.0223976999285074,28,
16,afterglow,COMIC PANIC!!!,280.5,0.1218415200710296,0.0161829926073551,0.321970671415329,0.122058592736721,560,,0.1047415329768272,50,
17,afterglow,Trouble Joyful!!,237.9333333333333,0.0854946672916412,0.0140068875625729,0.2906820774078369,0.1102174296975135,474,,0.2356121750469013,33,
18,afterglow,Jamboree!Journey!,259.8,0.0821775943040847,0.0134691968560218,0.2375736981630325,0.0884703248739242,518,,0.1608929946112395,37,
19,afterglow,カナユメ,307.46666666666664,0.0613674819469451,0.0093311453238129,0.2314750254154205,0.0943687036633491,613,,0.0511925377281725,27,
20,afterglow,独創収差,276.3,0.0588974021375179,0.0103992857038974,0.2260024100542068,0.0969654768705368,551,,0.1773434672457471,31,
21,afterglow,極彩色,238.6,0.0617326349020004,0.0078025991097092,0.219734251499176,0.0965078249573707,476,,0.5135792120704108,22,
22,afterglow,サクラゼンセン,249.3333333333333,0.0766149759292602,0.0086208712309598,0.2323171496391296,0.0905498787760734,497,,0.4140641019277905,27,
23,afterglow,True color,253.3333333333333,0.0563845187425613,0.0088623370975255,0.2110724002122879,0.0852878838777542,505,,0.2387368028393416,33,
24,afterglow,Crow Song,244.2,0.0448824800550937,0.0076280096545815,0.1778381317853927,0.0732450559735298,487,,0.0551187551187551,32,
25,afterglow,カサブタ,196.66666666666663,0.065502144396305,0.0127888638526201,0.2174592018127441,0.0829976648092269,392,,0.0,31,
26,afterglow,アイのシナリオ,259.8333333333333,0.0770693570375442,0.0095509933307766,0.2448418140411377,0.0952658727765083,518,,0.3692366309755243,47,
27,afterglow,Northern lights,209.1,0.0718007311224937,0.0128806820139288,0.2460430562496185,0.0991811752319336,417,,0.178861788617886,25,
28,afterglow,トーキョーワンダー。,153.76666666666668,0.0754400044679641,0.0140763819217681,0.2325249910354614,0.0874196663498878,306,,0.2178625328063986,20,
29,afterglow,Reach Out To The Truth,171.46666666666667,0.0886909663677215,0.0217120945453643,0.2531043589115143,0.0893139019608497,341,,0.2631414921338584,14,
30,afterglow,Listen!!,227.46666666666667,0.0620610602200031,0.0115273892879486,0.2327258586883545,0.0922682136297226,453,,0.2457502705753342,30,
31,afterglow,青い栞,336.8,0.0769842118024826,0.0083296438679099,0.2522822022438049,0.0985315665602684,672,,0.234857482185273,67,
32,afterglow,イマジネーション,177.96666666666667,0.1045858412981033,0.0157421771436929,0.3355844914913177,0.129653200507164,354,,0.2460010950083003,21,
33,afterglow,Butter-Fly,250.2,0.0450482480227947,0.0062656346708536,0.168037012219429,0.0681099370121955,499,,0.2019184652278177,24,
34,afterglow,燦々,194.9,0.0556374192237854,0.0113259628415107,0.2068896442651748,0.0907312408089637,388,,0.2448435094920472,20,
35,afterglow,That's why I'm here.,261.8666666666667,0.0645667612552642,0.0091133872047066,0.2048002481460571,0.0874286368489265,522,,0.4254836728707619,49,
36,afterglow,IGNITE GLOW,267.3666666666667,0.0717904716730117,0.0106037547811865,0.2182157784700393,0.0881995782256126,533,,0.1336740950571862,40,
37,afterglow,ペトリコール・オベーション,219.13333333333333,0.0681823343038559,0.013374944217503,0.1993033587932586,0.0825315490365028,437,,0.2843930095084785,15,
38,afterglow,Made My Day,243.96666666666667,0.0501341968774795,0.006457494571805,0.1843975484371185,0.0806155428290367,486,,0.0573848837456548,21,
39,afterglow,Glowing After,254.4933333333333,0.0776608511805534,0.0117688793689012,0.2425700575113296,0.097753144800663,507,,0.2913238900619713,31,
40,afterglow,A Sunset So Bright,231.10666666666663,0.0309243891388177,0.0059134121984243,0.1720247417688369,0.0756286457180976,461,,0.1435700557129053,17,
41,afterglow,Start as Usual,276.26666666666665,0.0625992566347122,0.0101511999964714,0.2168141603469848,0.094804510474205,551,,0.6255549721317741,27,
42,afterglow,“Say cheese!!!!!”,261.06666666666666,0.0620506443083286,0.0086559178307652,0.2584419250488281,0.0983937680721283,521,,0.1355975376981025,30,
43,afterglow,花笑みのデュオ,250.30666666666667,0.065578743815422,0.0045906146988272,0.2379526644945144,0.0988043546676635,499,,0.1610823921753986,40,
44,afterglow,READY STEADY GO (Cover),221.3333333333333,0.0481807775795459,0.0060352701693773,0.1746184229850769,0.0793989151716232,441,,0.0,19,
45,afterglow,abnormalize (Cover),219.03333333333333,0.0746541246771812,0.0114760370925068,0.2511289417743683,0.0957852005958557,437,,0.0887535974825753,62,
46,afterglow,メンタルチェンソー (Cover),177.39755102040817,0.076689712703228,0.0175583362579345,0.2749256491661072,0.1143388152122497,353,,0.1689989398811498,35,
47,afterglow,Bunny Girl (Cover),217.22666666666663,0.0799342468380928,0.0136132184416055,0.2453483492136001,0.0911745727062225,433,,0.576724717583331,39,
48,afterglow,オレンジ (Cover),235.6,0.0613279119133949,0.0065141036175191,0.2289423793554306,0.0964278727769851,470,,0.1241086587436333,17,
49,afterglow,カゲロウデイズ (Cover),233.70666666666668,0.054078783839941,0.0079614277929067,0.2023341655731201,0.0879576578736305,466,,0.4284002356586396,36,
50,afterglow,DAY×DAY (Cover),219.06666666666663,0.0850098207592964,0.0115424497053027,0.2392498403787613,0.0973789095878601,437,,0.3306755619792717,28,
51,afterglow,ロキ (Cover),230.03333333333333,0.0721908882260322,0.0124818058684468,0.2255207151174545,0.087860882282257,459,,0.1473699196910013,44,
52,afterglow,CHAINSAW BLOOD (Cover),203.12,0.0983046740293502,0.0127128604799509,0.2856744825839996,0.1044939085841178,405,,0.0721740842851516,24,
53,afterglow,チルドレンレコード (Re:boot) (Cover),189.70666666666668,0.0751443952322006,0.0112464670091867,0.243723452091217,0.0929529890418052,378,,0.5651882989101266,21,
54,afterglow,青のすみか (Cover),197.4,0.061123851686716,0.0076952534727752,0.2264794409275055,0.0916236639022827,393,,0.3012158054711247,22,
55,afterglow,GO!!! (Cover),239.66666666666663,0.1125637590885162,0.0171684082597494,0.2663852274417877,0.0985117256641388,478,,0.0459805245149057,26,
56,afterglow,天ノ弱 (Cover),187.76666666666668,0.0707379952073097,0.0077711082994937,0.2260403484106063,0.088467851281166,374,,0.4027338448946115,21,
57,afterglow,アスノヨゾラ哨戒班 (Cover),192.03333333333333,0.0601432509720325,0.0061729438602924,0.2466964125633239,0.0994118601083755,383,,0.2564137614099633,12,
58,afterglow,瞬間センチメンタル (Cover),230.9333333333333,0.0724614560604095,0.0079016089439392,0.2499005794525146,0.0972668156027793,460,,0.0976039084865928,34,
59,afterglow,プライド革命 (Cover),238.53333333333333,0.0850421637296676,0.00918919313699,0.2749692797660827,0.1064822450280189,476,,0.2606763099712986,26,
60,afterglow,命に嫌われている。 (Cover),274.1,0.0741012468934059,0.0153539320454001,0.2438331097364425,0.0993857011198997,547,,0.334184604159066,17,
61,afterglow,Redo (Cover),261.56666666666666,0.0769049003720283,0.0072094993665814,0.2103853821754455,0.082009918987751,522,,0.1141582679560447,41,
62,afterglow,インフェルノ (Cover),214.16666666666663,0.077574498951435,0.0133597757667303,0.2104733884334564,0.0852264761924743,427,,0.3944591055973631,19,
63,afterglow,ドラマツルギー (Cover),238.6,0.0970053672790527,0.0158951543271541,0.2537527680397033,0.0919370278716087,476,,0.3888516345347863,36,
64,afterglow,COLORS (Cover),218.8,0.0721894949674606,0.0107612153515219,0.2147481739521026,0.0821609795093536,436,,0.2795246800731262,24,
65,afterglow,午夜の待ち合わせ (Cover),171.53333333333333,0.0710512921214103,0.0103814154863357,0.2407155781984329,0.1003689542412757,342,,0.2201320879974523,19,
66,afterglow,サムライハート（Some Like It Hot!!） (Cover),190.63333333333333,0.1268771588802337,0.0233070757240057,0.3174912333488464,0.1138675734400749,380,,0.1884245085625746,28,
67,afterglow,ベノム (Cover),198.5,0.071797639131546,0.0121413208544254,0.2047707438468933,0.0834468305110931,396,,0.2546095717884131,30,
68,afterglow,Don't say “lazy” (Cover),275.6666666666667,0.0614631213247776,0.0117008192464709,0.184700921177864,0.0712809711694717,550,,0.1366868095006944,28,
69,afterglow,Part of the Life,88.66390022675736,0.0517095699906349,0.0088562639430165,0.2401350140571594,0.0970863625407219,176,,0.321889607034427,11,
70,afterglow,Punchline Halloween!!!,234.16666666666663,0.0431589446961879,0.004749622195959,0.2070615142583847,0.0801011845469474,467,,0.1524555024505782,24,
71,afterglow,I love your way！,263.7,0.0748577564954757,0.0133791910484433,0.2457657158374786,0.0928164049983024,526,,0.0792567311338642,41,
72,ave_mujica,KiLLKiSS,208.77242630385487,0.0338799618184566,0.0034179887734353,0.1577692478895187,0.0704199075698852,416,,0.0,11,
73,ave_mujica,"Georgette Me, Georgette You",234.6790929705216,0.0482551455497741,0.0061934269033372,0.2172823548316955,0.0950076878070831,468,,0.1009037339814525,38,
74,ave_mujica,Imprisoned XII,192.16834467120185,0.0359325036406517,0.0047799600288271,0.1892130225896835,0.0839525088667869,383,,0.0774320956817166,33,
75,ave_mujica,Crucifix X,299.0034013605442,0.0371214114129543,0.0055795712396502,0.1635058522224426,0.0686497166752815,597,,0.1024737382826912,36,
76,ave_mujica,八芒星ダンス,231.54938775510203,0.0364139154553413,0.0059425546787679,0.1663880348205566,0.0683777928352356,462,,0.2827905811690862,37,
77,ave_mujica,顔,242.1725170068028,0.0576894879341125,0.0103651406243443,0.1955271065235138,0.0831184685230255,483,,0.1809453537908532,35,
78,ave_mujica,天球のMúsica,280.33451247165533,0.0372650921344757,0.0080010760575532,0.181874081492424,0.0759897157549858,559,,0.0998093126672527,27,
79,ave_mujica,黒のバースデイ,234.2613605442177,0.0398861467838287,0.0033425949513912,0.1799328476190567,0.0862372517585754,467,,0.1252447186395964,17,
80,ave_mujica,ふたつの月 ~Deep Into The Forest~,304.9244897959184,0.0483462810516357,0.0040483316406607,0.2131446748971939,0.0920242965221405,608,,0.0812660183094504,38,
81,ave_mujica,Choir ‘S’ Choir,288.136462585034,0.0597886741161346,0.0089792925864458,0.2086037397384643,0.0869275107979774,575,,0.3072155037629735,40,
82,ave_mujica,神さま、バカ,223.97868480725623,0.0421348959207534,0.0050158356316387,0.173461377620697,0.0784855335950851,446,,0.1860891340387017,28,
83,ave_mujica,Mas?uerade Rhapsody Re?uest,249.7920181405896,0.0419594570994377,0.0063968081958591,0.2084748148918151,0.0897940695285797,498,,0.3409236484755317,32,
84,ave_mujica,Ave Mujica,277.98934240362814,0.0477572232484817,0.0016668563475832,0.1906307637691497,0.0797772482037544,554,,0.1936045217555527,23,
85,ave_mujica,Symbol I : △,312.1806802721088,0.0317609049379825,0.0054631326347589,0.1559040546417236,0.0718892440199852,623,,0.0572104576456223,30,
86,ave_mujica,Symbol II : Air,212.8109297052154,0.0466199070215225,0.0084528978914022,0.1670762151479721,0.0741393864154815,424,,0.2237666943222785,29,
87,ave_mujica,Symbol III : ▽,256.928843537415,0.0378248281776905,0.0049849520437419,0.2090438455343246,0.0928798243403434,512,,0.0162690939272591,21,
88,ave_mujica,Symbol IV : Earth,239.142358276644,0.0313982665538787,0.0039662634953856,0.1348128467798233,0.073921337723732,477,,0.1062128784160482,29,
89,ave_mujica,Ether,285.6867573696145,0.0255679972469806,0.0040910099633038,0.1563138365745544,0.0686377808451652,570,,0.0879984808535921,16,
90,ave_mujica,The Whole Blue World,257.3013605442177,0.0567180104553699,0.0056394003331661,0.1981482356786728,0.0843993052840232,513,,0.1444220809158133,53,
91,ave_mujica,in your blue eyes,222.77242630385487,0.0641675367951393,0.0104314135387539,0.2453185617923736,0.0956585928797721,444,,0.0804408310161799,32,
92,ave_mujica,素晴らしき世界 でも どこにもない場所,269.50244897959186,0.0366248860955238,0.0056959385983645,0.1664206385612487,0.0739646255970001,538,,0.1038951642134961,28,
93,ave_mujica,Angles,275.08,0.0453383065760135,0.0039608706720173,0.2148892730474472,0.0963303819298744,549,,0.0491493383742912,27,
94,ave_mujica,DIVINE,257.6257596371882,0.0395423211157321,0.0076657319441437,0.1615859866142273,0.0729268342256546,514,,0.1726535069151892,36,
95,ave_mujica,Sophie,197.0097052154195,0.0600078776478767,0.0065338416025042,0.2525928616523742,0.103713646531105,393,,0.0815188080792955,22,
96,ave_mujica,‘S/’ The Way,227.45242630385488,0.0624066703021526,0.0103388773277401,0.2429957091808319,0.0982262194156646,453,,0.1030545122208241,37,
97,ave_mujica,碧い瞳の中に,223.96,0.0620059370994567,0.0058130212128162,0.2487200498580932,0.0968409776687622,446,,0.0625111627076263,33,
98,ave_mujica,堕天 (Cover),183.78666666666663,0.0663644522428512,0.01345831528306,0.2187704145908355,0.0854631960391998,366,,0.3211331615082295,19,
99,ave_mujica,KINGS (Cover),317.62666666666667,0.057330384850502,0.0092473020777106,0.1847546100616455,0.0715906620025634,634,,0.1181890611757866,38,
100,ave_mujica,暗黒天国 (Cover),265.32,0.0527759343385696,0.0095794750377535,0.152057483792305,0.0637872293591499,529,,0.0195989748228554,33,
101,various_artists,Don't be afraid!,238.8,0.0596468746662139,0.0084601631388068,0.2243136465549469,0.0944249406456947,476,,0.234505862646566,31,
102,various_artists,Glee! Glee! Glee!,211.8333333333333,0.0660644397139549,0.0072250477969646,0.203392818570137,0.0826563090085983,422,,0.1490794356649418,13,
103,various_artists,"Be shine, shining!",96.33333333333331,0.064853049814701,0.0080421715974807,0.2983558475971222,0.1114077717065811,191,,0.2499652898074005,10,
104,various_artists,"Here, the world",263.24,0.1000709682703018,0.0118630360811948,0.2772497832775116,0.1108074337244033,525,,0.0704300258319404,26,
105,various_artists,CiRCLE THANKS MUSiC♪,313.70226757369613,0.0462892279028892,0.0090212514623999,0.193090558052063,0.0821160674095153,626,,0.0881090093972449,54,
106,hello_happy_world,キミがいなくちゃっ！,243.7689795918368,0.0819533839821815,0.0083799054846167,0.2755844593048095,0.1068106964230537,486,,0.1451374046740972,26,
107,hello_happy_world,ハイファイブ∞あどべんちゃっ,272.43333333333334,0.0737478733062744,0.0090401703491806,0.3019281923770904,0.1227165162563324,543,,0.0809005137494626,31,
108,hello_happy_world,スマイルブーケで た〜まや〜！,271.96666666666664,0.0554701089859008,0.0068041370250284,0.212566003203392,0.0845777168869972,542,,0.2002451127401402,40,
109,hello_happy_world,えがお･シング･あ･ソング,249.2,0.0820619463920593,0.0095564601942896,0.2293090373277664,0.0863072574138641,497,,0.0750401284109149,42,
110,hello_happy_world,YAPPY! SCHOOL CARNIVAL☆彡,235.2,0.0775451883673667,0.0090494668111205,0.2493144273757934,0.1000796407461166,469,,0.1445578231292517,35,
111,hello_happy_world,にこ×にこ=ハイパースマイルパワー！,233.3,0.0750857070088386,0.0100968461483716,0.2946361005306244,0.1126665621995925,465,,0.0805829404200599,30,
112,hello_happy_world,ないすみちゅっ！,257.2,0.075625941157341,0.0092464517802,0.2235574424266815,0.0875453650951385,513,,0.2106531881804042,46,
113,hello_happy_world,ゴーカ！ごーかい！？ファントムシーフ！,219.8356462585034,0.0932651832699775,0.0118500860407948,0.2527414560317993,0.0984052941203117,438,,0.0943432166647239,30,
114,hello_happy_world,うぃーきゃん☆フレフレっ！,239.6356462585034,0.0796648263931274,0.0088131232187151,0.2594754993915558,0.0995795801281929,478,,0.2301828035793927,26,
115,hello_happy_world,えがおのオーケストラっ！,230.2,0.0870973393321037,0.0099711744114756,0.2579264640808105,0.0982884913682937,459,,0.2634231103388357,39,
116,hello_happy_world,にこにこねくと！,250.63560090702947,0.0515126511454582,0.0065985573455691,0.2118837237358093,0.086428701877594,500,,0.0100544365949572,47,
117,hello_happy_world,ふぁいぶスマイル◯オールインっ！,246.3,0.0750518515706062,0.0076588471420109,0.2398286014795303,0.0909930542111396,491,,0.063256191636216,33,
118,hello_happy_world,せかいのっびのびトレジャー！,212.7,0.0893094316124916,0.0161700379103422,0.2719463109970093,0.1142733916640281,424,,0.2747531734837799,30,
119,hello_happy_world,きらっ☆と キミフェス！,231.06666666666663,0.0829584077000618,0.0148360477760434,0.2493145763874054,0.0935695022344589,461,,0.1855741321431286,57,
120,hello_happy_world,うちゃパ！で ぱっぴかポーんっ！,217.76666666666668,0.0760425776243209,0.0089907804504036,0.2587240040302276,0.101556584239006,434,,0.1564977655271539,36,
121,hello_happy_world,はれやか すこやか ぴかりんりん♪,256.3666666666667,0.0988587588071823,0.0150839304551482,0.3048394918441772,0.1119168177247047,511,,0.1532960478728344,28,
122,hello_happy_world,ふわふわ☆ゆめいろサンドイッチ,292.0,0.0906058773398399,0.0138812689110636,0.2729826867580414,0.1044915616512298,583,,0.0128082191780821,44,
123,hello_happy_world,Happy! Happier! Happiest!,242.9,0.0964103192090988,0.0150864608585834,0.2801874577999115,0.1039057150483131,484,,0.0257719226018938,50,
124,hello_happy_world,現るっ！大怪盗ハロハッピー！,224.1,0.0698908865451812,0.0092307897284626,0.2341396510601043,0.0904408171772956,447,,0.4623828647925033,41,
125,hello_happy_world,わちゃ・もちゃ・ぺったん行進曲,233.2,0.0882245749235153,0.0102819493040442,0.2463497221469879,0.1005576029419899,465,,0.131303602058319,37,
126,hello_happy_world,おもいでイルミネーション,252.7,0.0679490119218826,0.0116157131269574,0.2209844142198562,0.0882014110684394,504,,0.0480411555203799,32,
127,hello_happy_world,おもいやりハーモニー,231.5,0.059508629143238,0.0100396266207098,0.2268311083316803,0.0879342406988143,462,,0.0879481641468682,28,
128,hello_happy_world,ハピネスっ！ハピィーマジカルっ♪,210.6,0.0771498382091522,0.0089920628815889,0.2670305967330932,0.1076885610818862,420,,0.0114909781576448,22,
129,hello_happy_world,えがお、あーゆーれでぃ???,226.3,0.0736491978168487,0.0110949901863932,0.2252791821956634,0.0873070582747459,451,,0.0463985859478568,31,
130,hello_happy_world,ハッピーサマーウェディング,284.6666666666667,0.1128021776676178,0.0122864553704857,0.3100433647632599,0.1166879683732986,568,,0.1091100622723901,45,
131,hello_happy_world,ひまわりの約束,307.3,0.042872104793787,0.0045959679409861,0.1806260198354721,0.0794939026236534,613,,0.165636186137325,44,
132,hello_happy_world,ハッピー☆マテリアル,225.03333333333333,0.08395367115736,0.0102268643677234,0.2370120286941528,0.0898988619446754,449,,0.2723151621398382,24,
133,hello_happy_world,太陽曰く燃えよカオス,239.2,0.0830998569726944,0.0144968600943684,0.2382115423679351,0.0947258174419403,477,,0.225418060200669,34,
134,hello_happy_world,エクストラ・マジック・アワー,255.3,0.0540836229920387,0.0037904458586126,0.2027047872543335,0.0810129046440124,509,,0.143360752056404,53,
135,hello_happy_world,コレカラ,214.9333333333333,0.0657538324594497,0.0084225917235016,0.2063484936952591,0.0794761180877685,428,,0.2492865521699455,20,
136,hello_happy_world,全力少年,241.8,0.0746012926101684,0.0100195007398724,0.2272536009550094,0.0914506390690803,482,,0.2504549214226634,22,
137,hello_happy_world,オレンジ,278.4,0.0757891610264778,0.0065560191869735,0.2707472145557403,0.1080795302987098,555,,0.0396551724137931,73,
138,hello_happy_world,Happy Girl,238.13333333333333,0.0736454427242279,0.0109726283699274,0.21132892370224,0.0817572250962257,475,,0.2823627725429075,34,
139,hello_happy_world,ン・パカマーチ,156.0,0.121697761118412,0.0224792342633008,0.3984787166118622,0.1457672119140625,311,,0.1525641025641026,27,
140,hello_happy_world,サンバロハッピ〜！,216.5,0.0941443890333175,0.0141401290893554,0.2391187399625778,0.0972799733281135,432,,0.0093302540415704,29,
141,hello_happy_world,ボクらの夏's☆ショーたいむっ！！,206.8,0.0634418874979019,0.0067120851017534,0.2270524352788925,0.0904651507735252,412,,0.03568665377176,37,
142,hello_happy_world,むすんでわらって,241.96666666666667,0.0623971000313758,0.0078232008963823,0.2600208520889282,0.1055252104997634,482,,0.2108554715822192,48,
143,hello_happy_world,キミを れっつ・はぶ・ふぁん♪,235.0,0.0645472258329391,0.007137217093259,0.2140510380268097,0.0856392756104469,469,,0.2321702127659575,27,
144,hello_happy_world,らいふ・いず・みゅーじかるっ♪♪♪,237.7,0.0544462874531745,0.0058984030038118,0.2046399265527725,0.079058438539505,474,,0.0263357172907025,21,
145,hello_happy_world,れっつ・スマイル・すとり〜みんぐっ♪,227.63333333333333,0.0822929292917251,0.009949741885066,0.2123890668153762,0.0864467546343803,454,,0.2578707977246305,44,
146,hello_happy_world,やっほー！いっぽ！わんだふぉー！,212.3333333333333,0.0778710916638374,0.0078181708231568,0.2169118225574493,0.0876712501049041,423,,0.1623861533779134,35,
147,hello_happy_world,とーくとぅみー・とーくとぅゆー,208.56666666666663,0.0729160457849502,0.0092147849500179,0.2498537898063659,0.1004054844379425,416,,0.0593575136489618,23,
148,hello_happy_world,ハイタッチ／＼びりーばーず☆,254.36666666666667,0.0656342580914497,0.0096683176234364,0.2142047882080078,0.0864790827035904,507,,0.104337561890843,56,
149,hello_happy_world,Listen to Smile!,244.16666666666663,0.0509666912257671,0.0069573139771819,0.1767734736204147,0.0712669342756271,487,,0.1014061346923093,28,
150,hello_happy_world,スマイリーキャロル,247.06666666666663,0.087482064962387,0.0129786431789398,0.2626375555992126,0.1067389994859695,493,,0.0727738740577886,34,
151,hello_happy_world,えがお、み〜っけた！,270.2,0.0714641287922859,0.0112467417493462,0.2436365187168121,0.0960450395941734,539,,0.227683197631384,37,
152,hello_happy_world,上海ハニー (Cover),178.23333333333332,0.0852470099925994,0.0255208704620599,0.2437155842781067,0.0899059325456619,355,,0.1472227073072032,14,
153,hello_happy_world,シル・ヴ・プレジデント (Cover),193.5,0.0809707716107368,0.016085872426629,0.2463033497333526,0.089274376630783,386,,0.1102842377260982,38,
154,hello_happy_world,ヒャダインのじょーじょーゆーじょー (Cover),251.1,0.0731401145458221,0.008888647891581,0.2699986696243286,0.1086484268307685,501,,0.2767821585025886,39,
155,hello_happy_world,はいよろこんで (Cover),160.23333333333332,0.0909705236554145,0.0200277138501405,0.2203775942325592,0.0837361887097358,319,,0.6365715007875233,24,
156,hello_happy_world,シカ色デイズ (Cover),202.16666666666663,0.0948670208454132,0.0157964490354061,0.2776716947555542,0.106210820376873,403,,0.1728276821076173,34,
157,hello_happy_world,強風オールバック (Cover),135.1,0.1112049371004104,0.0235392451286315,0.2699466347694397,0.099650464951992,269,,0.4553663952627683,25,
158,hello_happy_world,最高到達点 (Cover),226.66666666666663,0.084584042429924,0.0118190683424472,0.2951635420322418,0.11223965883255,452,,0.1562646915197895,22,
159,hello_happy_world,許婚っきゅん (Cover),177.46666666666667,0.0846167132258415,0.0138608776032924,0.2317638248205185,0.0828291177749633,353,,0.3564612654417184,24,
160,hello_happy_world,新宝島 (Cover),251.2,0.0510786026716232,0.0103787127882242,0.2026864141225814,0.0793506503105163,501,,0.0543789808917196,56,
161,hello_happy_world,ドレミファロンド (Cover),200.63333333333333,0.0940563604235649,0.0122544392943382,0.2630445659160614,0.0994558185338974,400,,0.3286591774673579,38,
162,hello_happy_world,きゅうくらりん (Cover),214.8333333333333,0.0633643120527267,0.0149917006492614,0.2192750573158264,0.0852207690477371,428,,0.4062683463405068,43,
163,hello_happy_world,ロメオ (Cover),320.2,0.0688515305519104,0.0115380622446537,0.204988032579422,0.0831155106425285,639,,0.1980012492192378,38,
164,hello_happy_world,エイリアンエイリアン (Cover),183.13333333333333,0.0834812223911285,0.0096702892333269,0.2373869866132736,0.0911479517817497,365,,0.3117946141712288,29,
165,hello_happy_world,いーあるふぁんくらぶ (Cover),239.66666666666663,0.0917312204837799,0.0120658529922366,0.2629146575927734,0.0984183475375175,478,,0.2471766127280414,38,
166,hello_happy_world,回レ！雪月花 (Cover),234.8333333333333,0.0919496268033981,0.0206793397665023,0.2900666296482086,0.1080892086029052,468,,0.3466287532596249,46,
167,hello_happy_world,恋愛裁判 (Cover),223.13333333333333,0.0667297840118408,0.0140302954241633,0.2333505600690841,0.0907664820551872,445,,0.4472661250249991,25,
168,hello_happy_world,TOMORROW (Cover),274.9,0.0533155910670757,0.0046315607614815,0.2137913852930069,0.0883882865309715,548,,0.107384503455802,54,
169,hello_happy_world,GO! GO! MANIAC (Cover),249.1,0.1147104129195213,0.0264550056308507,0.2632676959037781,0.0910858064889907,497,,0.0591730228823765,35,
170,hello_happy_world,Dragon Night (Cover),228.7333333333333,0.098349392414093,0.0200506709516048,0.2386283874511718,0.0912688449025154,456,,0.2582045580361852,42,
171,hello_happy_world,ようこそジャパリパークへ (Cover),206.2333333333333,0.0757957026362419,0.0103311520069837,0.2607654929161072,0.0977638587355613,411,,0.0636172491479616,43,
172,hello_happy_world,ウィーアー！ (Cover),241.13333333333333,0.0613758862018585,0.0093866204842925,0.2195785492658615,0.0918977931141853,481,,0.2204589057819143,45,
173,hello_happy_world,おジャ魔女カーニバル!! (Cover),217.36666666666667,0.0879862159490585,0.0143749639391899,0.2342097163200378,0.0839769542217254,433,,0.1188774613865336,47,
174,hello_happy_world,ダーリンダンス (Cover),207.63333333333333,0.0871474891901016,0.0202863533049821,0.2404935210943222,0.0954563319683075,414,,0.1457376493543005,26,
175,hello_happy_world,ノーポイッ！ (Cover),242.96666666666667,0.0831345468759536,0.0139543823897838,0.236311137676239,0.0906409919261932,484,,0.1833173117611031,33,
176,hello_happy_world,SHINY DAYS (Cover),262.6,0.0844942405819892,0.0119180604815483,0.2734959125518799,0.1061812564730644,524,,0.1807311500380806,50,
177,hello_happy_world,シルエット (Cover),241.03333333333333,0.0580089911818504,0.0107448631897568,0.2194104641675949,0.0833564549684524,481,,0.0340201849640117,42,
178,ikka_dumb_rock,ホーミー・タイッ！！,215.4333333333333,0.1172139346599578,0.0232724882662296,0.3148409128189087,0.1134199276566505,429,,0.0323998080613089,31,
179,millsage,起死開戦,195.3248526077097,0.0731719434261322,0.0149862607941031,0.2321694493293762,0.0915042087435722,389,,0.2568029289664207,36,
180,morfonica,Daylight -デイライト-,357.2854875283447,0.0557526610791683,0.0088817346841096,0.2064274102449417,0.0875888094305992,713,,0.1794643219498131,44,
181,morfonica,メランコリックララバイ,216.06666666666663,0.0850066989660263,0.0151520380750298,0.2278848141431808,0.088960975408554,431,,0.2317802923692251,43,
182,morfonica,flame of hope,252.9356462585034,0.0555448085069656,0.0101866265758872,0.1957779377698898,0.0740107297897338,504,,0.1499986409585443,40,
183,morfonica,ブルームブルーム,276.90231292517007,0.0599349290132522,0.0057028057053685,0.2117041498422622,0.0826777964830398,552,,0.175296477525806,40,
184,morfonica,カラフルリバティー,218.8333333333333,0.0600046887993812,0.0103469742462039,0.2326397001743316,0.0930442363023758,436,,0.1961309603711042,43,
185,morfonica,fly with the night,240.6689795918368,0.0402613505721092,0.0039455741643905,0.1898024231195449,0.0798475593328476,480,,0.087672280185649,17,
186,morfonica,金色へのプレリュード,271.2333333333333,0.05651131644845,0.0064373598434031,0.2097330242395401,0.0841647386550903,541,,0.0157060317521764,28,
187,morfonica,The Circle Of Butterflies,258.76666666666665,0.0589323192834854,0.0089012626558542,0.2022722661495208,0.0791263356804847,516,,0.2020352793672485,16,
188,morfonica,ハーモニー・デイ,219.16666666666663,0.0492422431707382,0.0048221806064248,0.179636001586914,0.079230323433876,437,,0.1438174768234337,35,
189,morfonica,Sweet Cheers!,224.3333333333333,0.0746567323803901,0.0115152718499302,0.2481872737407684,0.0971091836690902,447,,0.0402971693355926,31,
190,morfonica,"寄る辺のSunny, Sunny",215.9689795918368,0.0602362677454948,0.0118650933727622,0.1944329142570495,0.076659470796585,430,,0.0975139950641064,17,
191,morfonica,誓いのWingbeat,255.0,0.0699281468987464,0.0101682730019092,0.2483899146318435,0.0948517471551895,509,,0.2163921568627452,44,
192,morfonica,Ever Sky Blue,241.13333333333333,0.0529870726168155,0.0092976056039333,0.1698930114507675,0.0694637969136238,481,,0.2574508816956591,15,
193,morfonica,Polyphonyscape,251.4257142857143,0.0553725361824035,0.0076952874660491,0.2032164186239242,0.0830440670251846,501,,0.0886941771079533,28,
194,morfonica,Wreath of Brave,263.2333333333333,0.0729041844606399,0.0096616521477699,0.2403303533792495,0.0923919230699539,525,,0.3180447768068922,30,
195,morfonica,Merry Merry Thanks!!,257.7333333333333,0.0464185550808906,0.0078938705846667,0.1905951499938964,0.0828756690025329,514,,0.2818416512801261,25,
196,morfonica,Sonorous,313.26666666666665,0.0814312398433685,0.007279944140464,0.2749387621879577,0.1085377633571624,625,,0.0983187846936326,42,
197,morfonica,両翼のBrilliance,239.8,0.0587459057569503,0.0106923831626772,0.1911995708942413,0.0763725936412811,478,,0.1117597998331943,30,
198,morfonica,Steer to Utopia,216.26666666666668,0.0596138015389442,0.0064678583294153,0.2198934555053711,0.088853009045124,431,,0.231380988808089,32,
199,morfonica,Fateful...,286.8333333333333,0.0577482432126998,0.0071163042448461,0.2342794686555862,0.0908950567245483,572,,0.1214642473178025,58,
200,morfonica,ティリカモニカリラ,204.06666666666663,0.0660050362348556,0.0091408109292387,0.208458736538887,0.082441359758377,407,,0.1150604260188228,20,
201,morfonica,Secret Dawn,238.4356462585034,0.0668767243623733,0.005874840542674,0.2514319121837616,0.0986055731773376,475,,0.0829574020241312,41,
202,morfonica,Angel's Ladder,253.4,0.0647595673799514,0.0124284503981471,0.2678746283054352,0.1009660214185714,505,,0.2295185477505921,34,
203,morfonica,One step at a time,263.7356462585034,0.047323539853096,0.0076140593737363,0.2029669433832168,0.0884644016623497,526,,0.2067980008389082,27,
204,morfonica,Tempest,252.2,0.0538601316511631,0.0087640387937426,0.2055505663156509,0.0838526785373687,503,,0.1083267248215701,23,
205,morfonica,フレージング ミラージュ,263.62780045351474,0.0591795742511749,0.0084053566679358,0.2024223804473877,0.0874157920479774,526,,0.1472530520655896,40,
206,morfonica,MUGEN Reverberate!,230.3333333333333,0.0421535149216651,0.0068215946666896,0.1900851130485534,0.0834953039884567,459,,0.2732561010752349,43,
207,morfonica,わたしまちがいさがし,273.0086167800454,0.0433912351727485,0.005231384653598,0.1837991774082183,0.0785400718450546,545,,0.213985913448705,34,
208,morfonica,esora no clover,193.86666666666667,0.0518746227025985,0.0075216311961412,0.1803836524486541,0.0793318524956703,386,,0.1313273586520634,15,
209,morfonica,きょうもMerry go rounD,238.03936507936507,0.0542138405144214,0.004500804003328,0.2009647339582443,0.0863095894455909,475,,0.3439767055345361,23,
210,morfonica,Feathered Dreams,226.36666666666667,0.0511769130825996,0.0073674172163009,0.2074284851551056,0.0819671899080276,451,,0.0137829467509436,36,
211,morfonica,Portray Empathy,253.3,0.0719242170453071,0.0117134097963571,0.2455441653728485,0.0936833992600441,505,,0.0508487958941966,29,
212,morfonica,ビューティ・フォー,189.3333333333333,0.0581124685704708,0.0079108644276857,0.1961766183376312,0.0875745490193367,377,,0.1122887076829428,15,
213,morfonica,胡蝶翔る星月夜,204.66666666666663,0.0815089792013168,0.0101832933723926,0.2658115029335022,0.102752685546875,408,,0.1131595976018324,21,
214,morfonica,Color of Us,233.7333333333333,0.070495456457138,0.0067227007821202,0.2200574874877929,0.0864806026220321,466,,0.127923536807698,27,
215,morfonica,Resonant Strings,240.3841723356009,0.0392933525145053,0.0091172652319073,0.1497318744659423,0.0689326375722885,479,,0.212409978089761,16,
216,morfonica,Shining Leaves,217.96671201814056,0.0539512783288955,0.0085160043090581,0.2151309102773666,0.0894416123628616,434,,0.1906712835788029,25,
217,morfonica,音がえしのセレナーデ,301.76666666666665,0.060520976781845,0.0085130725055933,0.2097694277763366,0.0788602009415626,602,,0.0432784682371542,25,
218,morfonica,蒼穹へのトレイル,219.16666666666663,0.0508774183690547,0.0040262988768517,0.1916079223155975,0.08356574177742,437,,0.2941140404834561,41,
219,morfonica,QUEEN (Cover),145.76666666666668,0.0542018637061119,0.011064157821238,0.2159170806407928,0.0937241613864898,290,,0.273587886807128,19,
220,morfonica,again (Cover),250.8,0.0666838139295578,0.0107244569808244,0.2227741330862045,0.0888557508587837,500,,0.3135566188197766,25,
221,morfonica,輪舞-revolution (Cover),273.5,0.0712679028511047,0.0104531412944197,0.2673781514167785,0.0982194691896438,546,,0.1387202925045703,42,
222,morfonica,メロウ (Cover),249.2,0.0722990185022354,0.0129556413739919,0.2295124232769012,0.0916684195399284,497,,0.1231139646869984,51,
223,morfonica,祝福 (Cover),194.26666666666668,0.0883244052529335,0.0170464906841516,0.2680967450141907,0.1035805568099021,387,,0.2981468451712805,28,
224,morfonica,Overdose (Cover),194.02666666666667,0.0842074900865554,0.0135175622999668,0.2543523013591766,0.0972264483571052,387,,0.3052157451278448,35,
225,morfonica,かくれんぼ (Cover),298.7,0.0660172700881958,0.0103746447712183,0.2183575928211212,0.0894081369042396,596,,0.351590224305323,46,
226,morfonica,chAngE (Cover),249.56666666666663,0.0597702339291572,0.0100331893190741,0.1926118284463882,0.0797525346279144,498,,0.1961800290353255,24,
227,morfonica,ALIVE (Cover),216.03333333333333,0.063827596604824,0.0083376690745353,0.2160748392343521,0.0869435593485832,431,,0.1403486845493202,19,
228,morfonica,Nameless Story (Cover),243.03333333333333,0.0625199377536773,0.0091414656490087,0.2213346660137176,0.0936717167496681,485,,0.1086270558518969,42,
229,morfonica,青空のラプソディ (Cover),277.3666666666667,0.0714292898774147,0.0088720312342047,0.2100552022457122,0.083027683198452,553,,0.1447181720407573,60,
230,morfonica,Nevereverland (Cover),287.4,0.0645642951130867,0.0107211451977491,0.2235660552978515,0.0839232057332992,573,,0.4591510090466247,36,
231,morfonica,メリッサ (Cover),256.8333333333333,0.0438010729849338,0.004818660672754,0.1889260560274124,0.0774663686752319,512,,0.1007657201872613,29,
232,morfonica,COLORFUL BOX (Cover),238.4,0.0548639819025993,0.0094230342656373,0.1797286868095398,0.0697100088000297,475,,0.1845637583892615,29,
233,morfonica,unravel (Cover),237.4,0.0923510715365409,0.0110390270128846,0.2739031016826629,0.1060697957873344,473,,0.1276326874473461,44,
234,morfonica,アゲハ蝶 (Cover),280.6666666666667,0.0604372546076774,0.0068411147221922,0.2471170127391815,0.0957555398344993,560,,0.0929928672065865,26,
235,morfonica,V.I.P (Cover),193.5,0.0523941777646541,0.0051670945249497,0.2243711054325103,0.0939193293452262,386,,0.271937984496124,50,
236,morfonica,CQCQ (Cover),221.76666666666668,0.0700533986091613,0.0093859285116195,0.2199739217758178,0.0899067297577858,442,,0.324214609554467,25,
237,mugendai_mutype,アイの夢限,200.5,0.0864392668008804,0.0112591246142983,0.3306372165679931,0.1299303621053695,400,,0.3339650872817955,45,
238,mugendai_mutype,どんがらがっしゃん,196.53333333333333,0.0974533408880233,0.0144138028845191,0.2644352614879608,0.1006272733211517,392,,0.0648235954834643,24,
239,mugendai_mutype,みゅーたんとミュータント,220.26666666666668,0.1328879445791244,0.0276959091424942,0.3003836572170257,0.1025969162583351,439,,0.0683716642354281,35,
240,mugendai_mutype,チューニング,196.01750566893423,0.056023433804512,0.0087658539414405,0.2265360504388809,0.0972383394837379,391,,0.2418150669535033,30,
241,mugendai_mutype,Dream Voyage,262.31555555555553,0.063434213399887,0.0094981705769896,0.2250703126192093,0.0865443646907806,523,,0.0908829036782748,40,
242,mugendai_mutype,グラディエント,201.01750566893423,0.0804321244359016,0.0078194141387939,0.296363353729248,0.1116445437073707,401,,0.1663536239526335,27,
243,mugendai_mutype,LET'Sあちあちトレーニング！,206.5,0.0783492103219032,0.0101484647020697,0.2561144828796386,0.0959762036800384,412,,0.0800968523002421,24,
244,mugendai_mutype,真夜中遊園地,230.0,0.0597200654447078,0.0092399818822741,0.2163066565990448,0.0853413492441177,459,,0.0820869565217391,27,
245,mugendai_mutype,テレパシー,254.0,0.074016734957695,0.0083839930593967,0.2734898924827575,0.1076392456889152,507,,0.1244094488188976,72,
246,mugendai_mutype,TRASH LIFE,213.01750566893423,0.067496083676815,0.0110453777015209,0.2420854270458221,0.0908445566892623,425,,0.1508795782976814,42,
247,mugendai_mutype,新人類は仮想世界の夢を見るか?,234.01750566893423,0.0811555013060569,0.0187099166214466,0.2209920287132263,0.0811285078525543,467,,0.0,23,
248,mugendai_mutype,コミュ着火Fire!,185.01750566893423,0.0753950029611587,0.0168067160993814,0.2372119426727295,0.0855676755309104,369,,0.0808571888952434,30,
249,mugendai_mutype,Calling,182.22185941043085,0.0872825980186462,0.018402837216854,0.2206802815198898,0.0841674730181694,363,,0.2130369913052426,22,
250,mugendai_mutype,Hi-Vision,180.5,0.0918174013495445,0.0115405200049281,0.2867022454738617,0.111451469361782,360,,0.3693074792243767,32,
251,mugendai_mutype,コハク,220.01755102040812,0.0687514543533325,0.0065348776988685,0.2056734561920166,0.0843991860747337,439,,0.1438976036288011,53,
252,mugendai_mutype,✞animaるパーティ✞開催中✞,177.01750566893423,0.0683572217822074,0.0125448973849415,0.2229090631008148,0.09531981498003,353,,0.1206659932400774,34,
253,mugendai_mutype,エンプティパペット,186.01750566893423,0.0819390416145324,0.0182190127670764,0.2663009762763977,0.103028580546379,371,,0.3521172900005077,26,
254,mugendai_mutype,限界現実サバイブ天使,196.01755102040812,0.0715513229370117,0.0122864143922925,0.2309201657772064,0.0910170227289199,391,,0.0206103981116488,28,
255,mugendai_mutype,ビッグマウス,173.01750566893423,0.0733248218894004,0.0129837514832615,0.2170096635818481,0.0962245017290115,345,,0.3744128576542627,16,
256,mugendai_mutype,夢現妄想世界,212.18666666666667,0.0554657094180583,0.0108437445014715,0.1738284677267074,0.0697135999798774,423,,0.0440178415999825,22,
257,mugendai_mutype,やわやわNERD 超FreQuency,187.6000453514739,0.095168262720108,0.0132721411064267,0.2590737044811249,0.0912718102335929,374,,0.1084221387186371,24,
258,mugendai_mutype,超惑星Xへの旅,173.62671201814058,0.0976407527923584,0.0107588525861501,0.2543744742870331,0.0991996973752975,346,,0.1413376683028392,29,
259,mugendai_mutype,これはぼくたちの生存のあらすじ,234.76666666666668,0.0810664147138595,0.0145524544641375,0.2234787493944168,0.0880025997757911,468,,0.1547067873503134,31,
260,mygo,迷星叫,211.3733333333333,0.073847085237503,0.005217729602009,0.237310916185379,0.0982391238212585,421,,0.0905506665633738,20,
261,mygo,壱雫空,189.58666666666667,0.0944522768259048,0.0127659076824784,0.2945694029331207,0.1170708760619163,378,,0.1050706685299303,18,
262,mygo,碧天伴走,218.86666666666667,0.0721445381641388,0.0092125684022903,0.2683533430099487,0.1109025478363037,436,,0.3386536381878582,42,
263,mygo,影色舞,209.4533333333333,0.0628828704357147,0.0119075113907456,0.2032561302185058,0.0805139169096946,417,,0.193169482229637,29,
264,mygo,歌いましょう鳴らしましょう,176.49333333333334,0.05886822193861,0.0125012006610631,0.2259063422679901,0.0940819010138511,351,,0.1760972614411164,31,
265,mygo,潜在表明,262.12,0.0815594643354415,0.0135030066594481,0.268961101770401,0.1042824387550354,523,,0.2781931939569662,28,
266,mygo,音一会,282.0133333333333,0.0633871480822563,0.0093354592099785,0.2486004084348678,0.0978508219122886,563,,0.1794241141931653,34,
267,mygo,春日影 (MyGO!!!!! ver.),256.61333333333334,0.0728325843811035,0.0110327079892158,0.3085161447525024,0.1216111108660698,512,,0.1847136767520399,41,
268,mygo,詩超絆,237.2,0.0726977586746215,0.0098826941102743,0.234033927321434,0.1017983481287956,473,,0.2038785834738616,31,
269,mygo,迷路日々,215.4533333333333,0.0505174100399017,0.0032691583037376,0.2277295291423797,0.0891493186354637,429,,0.0680425637333366,28,
270,mygo,無路矢,222.9333333333333,0.0383364185690879,0.0067067854106426,0.1701075285673141,0.0793587490916252,444,,0.0,19,
271,mygo,名無声,271.6533333333333,0.0556972920894622,0.0056656184606254,0.2121990025043487,0.0927369520068168,542,,0.0658927944480718,26,
272,mygo,栞,266.41333333333336,0.0724829286336898,0.0084762228652834,0.2327029109001159,0.0964373797178268,531,,0.3110954921088325,49,
273,mygo,歩拾道,260.2790929705216,0.0664170682430267,0.0099432067945599,0.2330335527658462,0.0931833758950233,519,,0.1262490797139417,21,
274,mygo,明弦音,243.91909297052155,0.0474528968334198,0.0053264647722244,0.2243264019489288,0.0950481966137886,486,,0.1056087750396776,33,
275,mygo,孤壊牢,215.57242630385488,0.0603027790784835,0.0089060049504041,0.2318885922431945,0.0953289046883583,430,,0.2749887726254428,24,
276,mygo,霧周途,222.17242630385488,0.0803821757435798,0.0067377937957644,0.292076051235199,0.1180122643709182,443,,0.0623839759601142,30,
277,mygo,端程山,260.97333333333336,0.0682089179754257,0.0084786769002676,0.2680571377277374,0.1123485639691352,520,,0.2048484831067537,26,
278,mygo,処救生,217.4933333333333,0.0559507459402084,0.0077643985860049,0.2408217936754226,0.0943761467933654,433,,0.0274031335437229,15,
279,mygo,輪符雨,207.57333333333327,0.0691031664609909,0.0096225645393133,0.2433715611696243,0.0986675322055816,414,,0.1916430756112145,35,
280,mygo,夜隠染,200.9724263038549,0.0453075245022773,0.0055400962010025,0.2037297487258911,0.0862425789237022,400,,0.1267835545856876,23,
281,mygo,過惰幻,237.61242630385487,0.0517120733857154,0.0036328977439552,0.2226934134960174,0.0971688330173492,474,,0.0754169276176885,57,
282,mygo,回層浮,261.24,0.0569762326776981,0.0091327773407101,0.2304180711507797,0.0896897688508033,521,,0.2514928801102434,30,
283,mygo,砂寸奏,223.6,0.0483668819069862,0.0066382559016346,0.2647814154624939,0.1092112436890602,446,,0.0312164579606439,40,
284,mygo,焚音打,242.92,0.0739535987377166,0.0131733650341629,0.2706593573093414,0.1012182831764221,484,,0.2035237938415939,52,
285,mygo,残痕字,255.06575963718825,0.0489751771092414,0.0069505195133388,0.2284232079982757,0.0998012274503707,509,,0.3885271766869971,24,
286,mygo,掌心正銘,221.4657596371882,0.068204365670681,0.0061176880262792,0.2449857890605926,0.102563090622425,441,,0.2941311765670378,34,
287,mygo,証命讃歌,192.19909297052155,0.0599568672478199,0.0088078025728464,0.2837153375148773,0.1162410601973533,383,,0.2758597366143056,22,
288,mygo,エガクミライ,239.4124263038549,0.0564580522477626,0.006638613063842,0.2035406678915023,0.0842522829771041,477,,0.0,17,
289,mygo,静降想,278.1857596371882,0.0527730286121368,0.0074014859274029,0.2337057590484619,0.094647042453289,555,,0.0706002934639235,31,
290,mygo,聿日箋秋,236.3590929705216,0.0635227039456367,0.0096092224121093,0.2384784072637558,0.0914091169834137,471,,0.0632935157464304,21,
291,mygo,往欄印,298.14575963718823,0.0610411204397678,0.0085637662559747,0.227930948138237,0.089512676000595,595,,0.1269848457120287,56,
292,mygo,だれかの心臓になれたなら (Cover),236.36666666666667,0.0756921544671058,0.0157838258892297,0.2272249907255172,0.0867984145879745,471,,0.2755041359201684,22,
293,mygo,遥か彼方 (Cover),249.2333333333333,0.0495966747403144,0.0041799102909862,0.2386094182729721,0.1054305136203765,497,,0.1069680174254352,39,
294,mygo,雑踏、僕らの街 (Cover),188.2333333333333,0.079586736857891,0.0126051949337124,0.2241692543029785,0.0881971269845962,375,,0.3686912589226006,28,
295,mygo,過去を喰らう (Cover),240.48,0.0519165620207786,0.0105476230382919,0.2071399241685867,0.0939254984259605,479,,0.1660013306719893,15,
296,mygo,君の神様になりたい。 (Cover),249.3333333333333,0.0848561152815818,0.0165156554430723,0.2664794623851776,0.1092242896556854,497,,0.5306148845897587,26,
297,mygo,ノンブレス・オブリージュ (Cover),207.25333333333333,0.0805229693651199,0.0157971493899822,0.1955001503229141,0.0713886469602584,413,,0.1802624444595896,20,
298,mygo,swim (Cover),209.54666666666665,0.0634687840938568,0.006237362511456,0.295408695936203,0.1164044365286827,418,,0.2018643220022268,37,
299,mygo,猛独が襲う (Cover),254.32,0.0688075199723243,0.0100876316428184,0.239587053656578,0.0974063947796821,507,,0.1833910034602076,16,
300,mygo,春日影,123.00775510204082,0.078527845442295,0.0082043334841728,0.2905949056148529,0.1179398596286773,245,,0.2695765104231237,14,
301,pastel_palettes,TITLE IDOL,268.3666666666667,0.0642465353012085,0.013734983280301,0.2453274577856063,0.0926040709018707,535,,0.2110545110037175,30,
302,pastel_palettes,ワクワクmeetsトリップ,247.3,0.0767170414328575,0.0112705053761601,0.2273360192775726,0.0894996002316474,493,,0.1572179539021431,17,
303,pastel_palettes,ゆら・ゆらRing-Dong-Dance,265.1356462585034,0.0532948262989521,0.0089344894513487,0.2032092064619064,0.0846808478236198,529,,0.1951454090713009,28,
304,pastel_palettes,もういちど ルミナス,260.0356009070295,0.0367917008697986,0.0066840616054832,0.1667819768190384,0.0784631446003913,519,,0.0487625493622268,24,
305,pastel_palettes,あっつあつ 常夏 らぶ☆サマー！,246.86666666666667,0.0697570443153381,0.0123737752437591,0.2119110822677612,0.0859147682785987,492,,0.0190386157306055,20,
306,pastel_palettes,天下トーイツ A to Z☆,218.56897959183672,0.0995355024933815,0.0150612946599721,0.2622680068016052,0.0976213067770004,436,,0.1195961000873866,44,
307,pastel_palettes,しゅわりん☆どり〜みん,236.37433106575963,0.0640458166599273,0.0096273757517337,0.2285700291395187,0.0888915956020355,471,,0.0532206589652537,22,
308,pastel_palettes,Power of LOVE!!!,231.7,0.0596011877059936,0.0090934177860617,0.1870914250612259,0.0747788250446319,462,,0.0094087181700473,24,
309,pastel_palettes,きゅ～まい＊flower,220.6,0.0629361793398857,0.0085233701393008,0.2340804189443588,0.0914641246199607,440,,0.0365367180417044,14,
310,pastel_palettes,Winking☆Cheer,310.06666666666666,0.0789089798927307,0.0117038059979677,0.2763443887233734,0.1106530502438545,619,,0.2921952072003865,31,
311,pastel_palettes,ゆめゆめグラデーション,284.7333333333333,0.064637079834938,0.0089577250182628,0.2327563762664795,0.0911513939499855,568,,0.0736127262917456,49,
312,pastel_palettes,はなまる◎アンダンテ,226.46666666666667,0.063347689807415,0.009556739591062,0.2104689478874206,0.0816844850778579,451,,0.1163968100164842,32,
313,pastel_palettes,パスパレボリューションず☆,231.3333333333333,0.0695182085037231,0.0101325279101729,0.2292603552341461,0.0867304652929306,461,,0.0070893358988947,32,
314,pastel_palettes,SURVIVOR ねばーぎぶあっぷ!,248.63333333333333,0.077388696372509,0.0140007361769676,0.2473750710487365,0.100615344941616,496,,0.0188228953574716,35,
315,pastel_palettes,Wonderland Girl,271.03333333333336,0.0873360559344291,0.0168367885053157,0.2198403775691986,0.088087111711502,541,,0.0279670354250652,38,
316,pastel_palettes,ゼッタイ宣言～Recital～,241.53333333333333,0.0621629059314727,0.0123388934880495,0.1928938627243042,0.0783142149448394,482,,0.1557548723856485,23,
317,pastel_palettes,ぎゅっDAYS♪,251.63333333333333,0.0678604841232299,0.012148167937994,0.2568287253379822,0.101144440472126,502,,0.1086501343472422,29,
318,pastel_palettes,Wonderful Sweet!,247.4,0.0696177259087562,0.0103508858010172,0.2208576202392578,0.0872681960463523,493,,0.0,19,
319,pastel_palettes,るんっ♪てぃてぃー！,229.26666666666668,0.0603686347603797,0.0102115310728549,0.1909391283988952,0.0750099793076515,457,,0.0829601552994914,14,
320,pastel_palettes,パッパレ☆人生！バーン万歳！,239.53333333333333,0.0885821729898452,0.0194533877074718,0.2432667016983032,0.0905487462878227,478,,0.245644265647741,26,
321,pastel_palettes,Brand new Pastel Road!,255.5,0.0653895735740661,0.007305207196623,0.2068055868148803,0.0814029797911644,510,,0.2215264187866929,18,
322,pastel_palettes,あこがれacross,234.56666666666663,0.0606721565127372,0.0103464070707559,0.2072912007570266,0.0836510062217712,468,,0.1123774235844976,43,
323,pastel_palettes,ハレハレ☆フォーチュン,270.46666666666664,0.0695373266935348,0.011999906040728,0.2187835425138473,0.0822566822171211,539,,0.0348286884683349,30,
324,pastel_palettes,ハナヒバナ,274.2,0.0583018288016319,0.0087068043649196,0.2160531133413314,0.0855658054351806,547,,0.1204959883296863,15,
325,pastel_palettes,そばかす,250.56666666666663,0.0681886672973632,0.0066046230494976,0.2398021519184112,0.0902957469224929,500,,0.0825329185069743,29,
326,pastel_palettes,気まぐれロマンティック,243.76666666666668,0.0752141177654266,0.012949950993061,0.2243014574050903,0.0879639908671379,486,,0.1322576121070685,38,
327,pastel_palettes,ドリームパレード,234.7,0.0719638466835022,0.0147826746106147,0.2409380376338958,0.0901926606893539,468,,0.1505752023860246,29,
328,pastel_palettes,ラムのラブソング,162.4,0.0610027909278869,0.01408426836133,0.2671938836574554,0.1132079139351844,323,,0.3860837438423645,22,
329,pastel_palettes,DANCE! おジャ魔女,196.5,0.0894420817494392,0.0157330967485904,0.241471990942955,0.0870441123843193,392,,0.2698218829516541,44,
330,pastel_palettes,DISCOTHEQUE,243.26666666666668,0.0793126076459884,0.0136201214045286,0.2444127649068832,0.0965470150113105,485,,0.1613044531631567,37,
331,pastel_palettes,ゆりゆららららゆるゆり大事件,229.26666666666668,0.0509165935218334,0.0068520377390086,0.1537666171789169,0.0636623725295066,457,,0.0495492830810843,16,
332,pastel_palettes,SAKURAスキップ,228.8333333333333,0.0619306936860084,0.0153271872550249,0.187914103269577,0.0794525668025016,456,,0.173750878778063,29,
333,pastel_palettes,Stay Alive,263.96666666666664,0.032307356595993,0.0022798557765781,0.181697815656662,0.0902486518025398,526,,0.0872079739228458,37,
334,pastel_palettes,秘密の扉から会いにきて,218.6,0.0886142700910568,0.0125102493911981,0.2431432902812957,0.093343436717987,436,,0.0183897529734675,21,
335,pastel_palettes,トリドリ＊パレット,252.2333333333333,0.0496998056769371,0.007099918089807,0.177905648946762,0.0742096602916717,503,,0.0093564144713204,27,
336,pastel_palettes,ドラマチック！アライブ,259.53333333333336,0.0748572498559951,0.0143165178596973,0.204276442527771,0.0787955895066261,518,,0.2511430369986133,35,
337,pastel_palettes,Radiate Warriors,240.3333333333333,0.0725395455956459,0.0082334028556942,0.2252919226884842,0.0896162539720535,479,,0.1109292456780087,32,
338,pastel_palettes,ReReReエボリューションず☆,214.46666666666667,0.045209739357233,0.0050566652789711,0.1783887445926666,0.0679533332586288,427,,0.0,26,
339,pastel_palettes,everyday flower,240.3,0.041735503822565,0.0072110369801521,0.1750625669956207,0.0720582157373428,479,,0.0080732417811069,18,
340,pastel_palettes,With〜きみとわたしたちの物語〜,245.86666666666667,0.0531384050846099,0.0079326312988996,0.208525463938713,0.0878274664282798,490,,0.0,25,
341,pastel_palettes,フレっとパレットFight Song!!,241.96666666666667,0.0521807223558425,0.0061382646672427,0.2151568830013275,0.0876974016427993,482,,0.0742250934852344,52,
342,pastel_palettes,デイオフ・ラフ・ラブ・サンクス,243.7,0.0749186873435974,0.0102666206657886,0.2285473644733429,0.0876289159059524,486,,0.042429216249487,42,
343,pastel_palettes,ホワイト ノスタルジア,283.8333333333333,0.0466625206172466,0.0057263141497969,0.2049440443515777,0.0836761146783828,566,,0.0364298243643828,16,
344,pastel_palettes,Y.O.L.O！！！！！(パスパレver.),268.8666666666667,0.0716822445392608,0.0121512655168771,0.2407337725162506,0.0953350514173507,536,,0.2379617965873887,43,
345,pastel_palettes,奏（かなで） (Cover),294.3666666666667,0.0509266890585422,0.0062829451635479,0.2142561376094818,0.0910040065646171,587,,0.0,15,
346,pastel_palettes,Sparkling Daydream (Cover),249.2333333333333,0.0576482936739921,0.0111240269616246,0.198858380317688,0.0824026688933372,497,,0.1437207195866122,44,
347,pastel_palettes,春を告げる (Cover),198.9333333333333,0.0867844820022583,0.0195467695593833,0.2345620691776275,0.0822793841361999,396,,0.436528058703071,27,
348,pastel_palettes,だから、ひとりじゃない (Cover),230.13333333333333,0.0759280622005462,0.0144197791814804,0.2478701919317245,0.0948676839470863,459,,0.2786210387780563,36,
349,pastel_palettes,サインはB (Cover),215.4,0.082501471042633,0.0114286541938781,0.2393827885389328,0.092930868268013,429,,0.1486536675951718,38,
350,pastel_palettes,愛包ダンスホール (Cover),222.8,0.072586566209793,0.0103169893845915,0.2065356969833374,0.0806642994284629,444,,0.1917414721723522,48,
351,pastel_palettes,最上級にかわいいの！ (Cover),191.3333333333333,0.068807728588581,0.0094442479312419,0.2157952785491943,0.0865566581487655,381,,0.3178744952363904,28,
352,pastel_palettes,♡桃色片想い♡ (Cover),257.56666666666666,0.0758760273456573,0.0105555551126599,0.2391080260276794,0.0909530520439148,514,,0.0119580681410906,57,
353,pastel_palettes,金曜日のおはよう (Cover),241.7333333333333,0.0592725202441215,0.0123349400237202,0.2180290073156356,0.0895778983831405,482,,0.2498620639371788,29,
354,pastel_palettes,魔法少女とチョコレゐト (Cover),187.96,0.0945465564727783,0.018362695351243,0.2701820731163025,0.0979407206177711,374,,0.1519472228133645,24,
355,pastel_palettes,可愛くてごめん (Cover),220.26666666666668,0.0791102647781372,0.0165412668138742,0.2151641547679901,0.0810549706220626,439,,0.3571125570224957,20,
356,pastel_palettes,からくりピエロ (Cover),252.2333333333333,0.0706536993384361,0.0114627387374639,0.2096370309591293,0.0850399285554885,503,,0.2588079392744913,14,
357,pastel_palettes,みくみくにしてあげる♪【してやんよ】 (Cover),103.53333333333332,0.0686642825603485,0.0106501746922731,0.2321502417325973,0.0865803062915802,206,,0.0973599093046083,15,
358,pastel_palettes,ルカルカ★ナイトフィーバー (Cover),242.0,0.0721145793795585,0.0143087897449731,0.2125976830720901,0.0773048400878906,483,,0.0053719008264462,25,
359,pastel_palettes,アイドル (Cover),214.36666666666667,0.0900215953588485,0.0212710555642843,0.229352667927742,0.0850374102592468,427,,0.482164468768031,21,
360,pastel_palettes,secret base ～君がくれたもの～ (Cover),322.0,0.0550958700478076,0.0037477707955986,0.2028533369302749,0.0836975127458572,643,,0.1525465838509317,46,
361,pastel_palettes,ふわふわ時間 (Cover),245.2333333333333,0.0532663315534591,0.0095922956243157,0.2314594537019729,0.0920719802379608,489,,0.1570748679701528,26,
362,pastel_palettes,Fantastic future (Cover),246.9,0.0727546066045761,0.0100317317992448,0.2265420705080032,0.084824800491333,492,,0.0554880518428513,36,
363,pastel_palettes,Baby Sweet Berry Love (Cover),244.2333333333333,0.0549553111195564,0.0117243854328989,0.1796469688415527,0.0762740820646286,487,,0.1453527798975057,21,
364,pastel_palettes,Q＆A　リサイタル！ (Cover),291.2,0.058241456747055,0.0126362266018986,0.2209628373384475,0.0844401195645332,581,,0.0785027472527471,53,
365,pastel_palettes,ヒトリゴト (Cover),235.26666666666668,0.0703439563512802,0.0106237241998314,0.2387215346097946,0.0864016115665435,469,,0.4560781687377649,32,
366,pastel_palettes,惑星ループ (Cover),206.76666666666668,0.0918079167604446,0.0135286329314112,0.2843538522720337,0.1043116226792335,412,,0.0414960461171967,38,
367,pastel_palettes,世界は恋に落ちている (Cover),313.2,0.0669745132327079,0.0119949411600828,0.2233407199382782,0.0898938626050949,625,,0.0953384418901659,37,
368,pastel_palettes,ハッピーシンセサイザ (Cover),238.0,0.1087922900915145,0.024529930204153,0.245329812169075,0.0899202525615692,475,,0.0,15,
369,pastel_palettes,春擬き (Cover),269.03333333333336,0.0584459230303764,0.0064196102321147,0.2009612172842025,0.0820717886090278,537,,0.1317308679638725,42,
370,pastel_palettes,Make it! (Cover),252.4,0.0727359056472778,0.012300900183618,0.2350744158029556,0.090797059237957,503,,0.2104595879556258,48,
371,pastel_palettes,花ハ踊レヤいろはにほ (Cover),251.1,0.0799397602677345,0.0153324902057647,0.2384063899517059,0.0923374593257904,501,,0.0566308243727599,48,
372,pastel_palettes,夜に駆ける (Cover),262.6,0.0965396165847778,0.0204687230288982,0.2754542231559753,0.0956247523427009,524,,0.440822543792841,32,
373,pastel_palettes,徒花ネクロマンシー (Cover),242.7,0.0489311330020427,0.006391055881977,0.1794604659080505,0.0754299759864807,484,,0.0660074165636588,28,
374,pastel_palettes,ノスタルジックレインフォール (Cover),237.03333333333333,0.0724805071949958,0.0119607420638203,0.210065484046936,0.0833528488874435,473,,0.069104192605788,49,
375,poppin_party,Yes! BanG_Dream!,309.96666666666664,0.095089703798294,0.0120679177343845,0.2852127254009247,0.1152050867676734,618,,0.2225400431135039,40,
376,poppin_party,STAR BEAT!～ホシノコドウ～,320.7333333333333,0.039469800889492,0.0043076546862721,0.2019642442464828,0.0840425416827201,640,,0.0188318412450839,21,
377,poppin_party,走り始めたばかりのキミに,260.96666666666664,0.0565263628959655,0.0066355541348457,0.2032565623521804,0.0788755938410759,520,,0.1971899191156343,26,
378,poppin_party,ティアドロップス,217.13333333333333,0.0720270723104476,0.0079083088785409,0.2353473454713821,0.0928866788744926,433,,0.0448572219724397,26,
379,poppin_party,ときめきエクスペリエンス！,257.6666666666667,0.0484468191862106,0.0069289188832044,0.1834113746881485,0.0761147290468216,514,,0.1471668703778403,39,
380,poppin_party,キラキラだとか夢だとか ～Sing Girls～,305.9,0.0487788170576095,0.0062378146685659,0.2150051891803741,0.0849322825670242,610,,0.304020921869892,30,
381,poppin_party,私の心はチョココロネ,252.9,0.0580925792455673,0.0077748200856149,0.239775463938713,0.0940715447068214,504,,0.1395017793594307,34,
382,poppin_party,前へススメ！,309.46666666666664,0.0627238377928733,0.0076246098615229,0.2235625833272934,0.0906755700707435,617,,0.1019818974861389,29,
383,poppin_party,夢みるSunflower,279.9,0.0654355734586715,0.0080282986164093,0.2156771719455719,0.0883959680795669,558,,0.060021436227224,34,
384,poppin_party,ティアドロップス ～Popipa Acoustic Ver.～,232.7333333333333,0.0556306838989257,0.0058001489378511,0.2099246680736541,0.0860937237739563,464,,0.0366084151016158,24,
385,poppin_party,走り始めたばかりのキミに ～Popipa Acoustic Ver.～,296.1666666666667,0.0567644163966178,0.0057723876088857,0.1897536367177963,0.0771881341934204,591,,0.1023072522293717,29,
386,poppin_party,Time Lapse,249.0,0.0468242764472961,0.0061432244256138,0.1917396336793899,0.0863805040717125,497,,0.0976706827309236,29,
387,poppin_party,八月のif,275.7333333333333,0.0461416915059089,0.0041529824957251,0.1887262910604477,0.0823531150817871,550,,0.1633462035562435,26,
388,poppin_party,クリスマスのうた,277.3666666666667,0.0523146465420722,0.0044578644447028,0.2260385751724243,0.0907132402062416,553,,0.0731162065019072,34,
389,poppin_party,B.O.F,218.9,0.0784416794776916,0.0113665480166673,0.2259214520454406,0.087077759206295,436,,0.2150753768844221,28,
390,poppin_party,CiRCLING,261.3333333333333,0.0519550517201423,0.0074366494081914,0.1887736022472381,0.0764117613434791,521,,0.1360714068763701,24,
391,poppin_party,二重の虹(ダブル レインボウ),246.2333333333333,0.047106958925724,0.0057944427244365,0.1917476058006286,0.0805073082447052,491,,0.1180181200050561,26,
392,poppin_party,最高(さあ行こう)！,228.86666666666667,0.0624925345182418,0.00928520783782,0.2110182046890258,0.0901407450437545,456,,0.1699679425822946,38,
393,poppin_party,ガールズコード,325.2333333333333,0.0529082901775836,0.0064034103415906,0.2047855108976364,0.0850089415907859,649,,0.224392714923553,30,
394,poppin_party,Yes! BanG_Dream! ～Popipa Acoustic Ver.～,308.4,0.0717803165316581,0.0112127112224698,0.2350366562604904,0.090483009815216,615,,0.2015564202334632,32,
395,poppin_party,夏空 SUN! SUN! SEVEN! ～Popipa Acoustic Ver.～,299.93333333333334,0.0645460188388824,0.0059402966871857,0.2357751876115799,0.0982416272163391,598,,0.293131766346443,36,
396,poppin_party,STAR BEAT!～ホシノコドウ～ ～Popipa Acoustic Ver.～,327.7333333333333,0.0399814285337924,0.0041594421491026,0.2068020403385162,0.0867691040039062,654,,0.0082384041600889,14,
397,poppin_party,Breakthrough!,275.8,0.0448362156748771,0.0091795027256011,0.1959566920995712,0.0794906169176101,550,,0.0276287164612037,26,
398,poppin_party,NO GIRL NO CRY/Poppin'Party Ver.,312.8,0.0449934527277946,0.0068818684667348,0.1810117363929748,0.0770838484168052,624,,0.280306905370844,35,
399,poppin_party,イニシャル,295.2356462585034,0.0429880544543266,0.0066741835325956,0.1801137328147888,0.0776008814573288,589,,0.1098783386998097,31,
400,poppin_party,Hello! Wink!,281.93333333333334,0.085989810526371,0.0144440848380327,0.2291037142276764,0.0873407274484634,562,,0.1043508949587822,67,
401,poppin_party,Step×Step!,249.0,0.0518227517604827,0.0070426245220005,0.1844406425952911,0.0793774351477623,497,,0.0328514056224899,33,
402,poppin_party,Jumpin',247.86666666666667,0.0373038798570632,0.0052276104688644,0.1759978383779525,0.078499861061573,494,,0.0136363624902196,37,
403,poppin_party,White Afternoon,299.96666666666664,0.0357584655284881,0.0040299813263118,0.1638750433921814,0.0714507400989532,598,,0.1346149478681695,33,
404,poppin_party,キラキラスター！,275.96666666666664,0.0581029504537582,0.0057241921313107,0.2094280421733856,0.0834191218018531,550,,0.0460925197719742,30,
405,poppin_party,Returns,323.16893424036283,0.0378953404724597,0.0032687380444258,0.1818176805973053,0.0767443478107452,645,,0.1102828764289885,23,
406,poppin_party,Dreamers Go!,258.0,0.0449822172522544,0.0058638541959226,0.1792262941598892,0.0780147686600685,515,,0.1248062015503876,24,
407,poppin_party,キズナミュージック♪,315.40231292517007,0.0521062985062599,0.0052176611497998,0.1870729327201843,0.0786826312541961,629,,0.1616982437311711,29,
408,poppin_party,ミライトレイン,355.6666666666667,0.0293259415775537,0.003556658513844,0.1785308271646499,0.0760382935404777,710,,0.0946391697142005,41,
409,poppin_party,夢を撃ち抜く瞬間に！,280.56666666666666,0.0340608470141887,0.005993747152388,0.1328450292348861,0.0585372224450111,560,,0.1955328356649611,26,
410,poppin_party,ぽっぴん'しゃっふる,278.18185941043083,0.0823417082428932,0.0093416571617126,0.2805039584636688,0.1082217097282409,555,,0.1167581460869799,33,
411,poppin_party,夏空 SUN! SUN! SEVEN!,271.1653514739229,0.0673926919698715,0.0074169519357383,0.211294025182724,0.0916691273450851,541,,0.2678808088975222,33,
412,poppin_party,1000回潤んだ空,330.77238095238096,0.0410975515842437,0.0038238069973886,0.1867679804563522,0.0829936787486076,660,,0.1263104272235551,44,
413,poppin_party,HAPPY HAPPY PARTY!,282.4550113378685,0.0804428681731224,0.0114049362018704,0.227771058678627,0.0845456272363662,563,,0.1532279139093142,33,
414,poppin_party,夏のドーン！,221.34666666666664,0.0631814524531364,0.0110244695097208,0.2005185633897781,0.0797618776559829,441,,0.2651044868245431,24,
415,poppin_party,キミにもらったもの,235.42734693877551,0.0410256721079349,0.0025620115920901,0.2263271957635879,0.0941162183880806,469,,0.0574274763077148,27,
416,poppin_party,Light Delight,308.8333333333333,0.0420412309467792,0.004647132474929,0.1663649082183838,0.0758187100291252,616,,0.0696815880084204,14,
417,poppin_party,切ないSandglass,246.46666666666667,0.0428926311433315,0.0031850466039031,0.1925102323293686,0.0784912481904029,491,,0.1527184074318359,19,
418,poppin_party,Home Street,228.0,0.0583122782409191,0.0077290181070566,0.2331279963254928,0.0944543406367302,455,,0.1572807017543859,31,
419,poppin_party,What's the POPIPA!?,278.6666666666667,0.068013995885849,0.0124975545331835,0.2146729826927185,0.0825629234313964,556,,0.1233731965181522,58,
420,poppin_party,SAKURA MEMORIES,254.6,0.0298608001321554,0.0043310541659593,0.1652051359415054,0.0765095055103302,508,,0.1190887666928514,30,
421,poppin_party,アニバーサリー,273.8333333333333,0.0558155849575996,0.0058145578950643,0.2072046995162964,0.0809564739465713,546,,0.0068654889127375,29,
422,poppin_party,Tomorrow's Door,247.6,0.0379595309495925,0.0064386590383946,0.1525755524635315,0.0677966028451919,494,,0.145718901453958,18,
423,poppin_party,イントロダクション,221.4,0.0592730902135372,0.0092969490215182,0.2053056806325912,0.0808150917291641,441,,0.3028003613369466,28,
424,poppin_party,TARINAI,219.63333333333333,0.0742965936660766,0.0119033381342887,0.2517612874507904,0.0928429961204528,438,,0.1191075809858132,40,
425,poppin_party,DOKI DOKI SCARY,240.36,0.0586747042834758,0.0117348665371537,0.1917888671159744,0.0785930007696151,479,,0.0177234148776834,26,
426,poppin_party,Photograph,258.06666666666666,0.0561572723090648,0.0043572257272899,0.1947363913059234,0.0809086486697197,515,,0.0751743674781735,30,
427,poppin_party,夏に閉じこめて,261.6356462585034,0.0483388863503932,0.0064170402474701,0.2091717272996902,0.0877010449767112,522,,0.237047229328957,49,
428,poppin_party,ぽっぴん'どりーむ！,269.76666666666665,0.0575445741415023,0.0083380108699202,0.2302673608064651,0.0928380116820335,538,,0.1983195200852959,40,
429,poppin_party,星の約束,245.13333333333333,0.0497776828706264,0.0089501459151506,0.1695878654718399,0.0773863121867179,489,,0.1764753575477023,24,
430,poppin_party,新しい季節に,211.8,0.0609855577349662,0.0085862502455711,0.2138143181800842,0.0896536037325859,422,,0.2060434372049103,18,
431,poppin_party,トレモロアイズ,241.4,0.0511891283094882,0.0070868688635528,0.1644601672887802,0.0702211856842041,481,,0.2335542667771333,32,
432,poppin_party,雨上がり、キミと,265.9066666666667,0.0426293089985847,0.0058725024573504,0.1797013878822326,0.0773421600461006,530,,0.0779220718170166,15,
433,poppin_party,花咲く未来に,276.1333333333333,0.0603937692940235,0.0081305913627147,0.2208054065704345,0.0830834135413169,551,,0.1035731374376603,60,
434,poppin_party,Live Beyond!!,314.6,0.0407617092132568,0.0053261034190654,0.1719242483377456,0.0744418501853942,628,,0.1027972027972027,37,
435,poppin_party,Sweets BAN!,255.86666666666667,0.0544801466166973,0.0110752079635858,0.1783449053764343,0.0778423026204109,510,,0.2083897693794156,16,
436,poppin_party,キミが始まる！,218.2333333333333,0.0505074597895145,0.0064135161228477,0.1825486421585083,0.0757114812731742,435,,0.0357415541962817,27,
437,poppin_party,Moonlight Walk,226.56666666666663,0.0539818592369556,0.0057733096182346,0.2234697192907333,0.0892400071024894,452,,0.0768868547808908,30,
438,poppin_party,ここから先は歌にならない,277.6,0.0676150768995285,0.0083404118195176,0.2184459120035171,0.0860300362110138,554,,0.0610951008645533,56,
439,poppin_party,青春 To Be Continued,256.3666666666667,0.0713165327906608,0.0148131819441914,0.2471255213022232,0.0966373831033706,511,,0.3095565994704361,30,
440,poppin_party,Future Place,232.96666666666667,0.061572577804327,0.0080532953143119,0.2199859619140625,0.0864781141281127,464,,0.2004578444289378,33,
441,poppin_party,大好き！,247.46666666666667,0.0409219227731227,0.0039615244604647,0.1921981126070022,0.0780797228217125,493,,0.063200425713865,25,
442,poppin_party,Five Letters,249.2333333333333,0.0431533642113208,0.0043161511421203,0.2108932137489318,0.089149571955204,497,,0.2414604384344592,17,
443,poppin_party,最強☆ソング,255.13333333333333,0.0686023607850074,0.0123772462829947,0.2356616258621215,0.0941805317997932,509,,0.1851580570358542,40,
444,poppin_party,RiNG A BELL,261.06666666666666,0.0671432018280029,0.005863107740879,0.2141427248716354,0.0877646058797836,521,,0.1811797608226059,22,
445,poppin_party,Drive Your Heart,268.8666666666667,0.0487173125147819,0.0059316526167094,0.1841460168361663,0.0782699882984161,536,,0.1417803014365623,19,
446,poppin_party,とっておきAnswer,196.8,0.0767106562852859,0.0097623588517308,0.2633062303066253,0.1033433377742767,392,,0.1846544715447154,28,
447,poppin_party,START!! True dreams,242.88,0.0559687167406082,0.0090396683663129,0.1920380294322967,0.0831648930907249,484,,0.1136363636363636,25,
448,poppin_party,どきどきデエト,217.3333333333333,0.0853374004364013,0.0120983170345425,0.2680850923061371,0.0987231582403183,433,,0.3708588246052866,29,
449,poppin_party,チョコレイトの低音レシピ,271.022358276644,0.0654769390821456,0.0082560870796442,0.2526861131191253,0.1011940240859985,541,,0.1200638877140678,35,
450,poppin_party,Chu Chueen!,229.9,0.0844168365001678,0.0150148076936602,0.2573473155498504,0.09943538159132,458,,0.1263157894736841,46,
451,poppin_party,どきどきSING OUT!,248.1827210884354,0.0570363290607929,0.005565439350903,0.2615697383880615,0.1041726842522621,495,,0.1644755729396987,31,
452,poppin_party,Freedom,264.56666666666666,0.0450883284211158,0.0058572757989168,0.2080781906843185,0.0860666334629058,528,,0.1522489485755836,21,
453,poppin_party,Game Changer,195.76666666666668,0.076956957578659,0.0099132265895605,0.2702222764492035,0.1032786145806312,390,,0.1863442675863838,25,
454,poppin_party,花園電気ギター！！！,199.0556916099773,0.0513105988502502,0.0042054811492562,0.2615221440792084,0.1119321286678314,397,,0.1210716093355757,30,
455,poppin_party,す、好きなんかじゃない！,236.9383219954649,0.0550894290208816,0.0066611906513571,0.1776481568813324,0.0719708874821662,472,,0.2250374174297431,20,
456,poppin_party,遠い音楽 ～ハートビート～,243.15632653061223,0.0571511983871459,0.0056441910564899,0.2219918221235275,0.0881488695740699,485,,0.0969746320654764,26,
457,poppin_party,ほな！,227.2,0.078029066324234,0.0119695914909243,0.2581297159194946,0.1003687754273414,453,,0.1215669014084506,39,
458,poppin_party,世界中の青空をあつめて,230.4,0.063787005841732,0.0097566843032836,0.2275975793600082,0.0893730744719505,459,,0.0951388888888888,16,
459,poppin_party,勇気Limit！,222.6356462585034,0.0712560415267944,0.0089856684207916,0.2555489242076874,0.1019747629761695,444,,0.1539735610596911,38,
460,poppin_party,開けたらDream!,309.03333333333336,0.0817798972129821,0.0103953657671809,0.2510635554790497,0.0986988171935081,617,,0.0431668585957747,52,
461,poppin_party,絆色のアンサンブル,312.1,0.0572593621909618,0.0085130576044321,0.1861159056425094,0.0758084803819656,623,,0.0882409484139699,37,
462,poppin_party,NO GIRL NO CRY (Poppin'Party Ver.),312.8,0.0435488782823085,0.0070514720864593,0.1754420101642608,0.0746670961380004,624,,0.2532608695652172,31,
463,poppin_party,ちゅ、多様性。 (Cover),188.09333333333333,0.0849881172180175,0.0107953594997525,0.2408408969640731,0.0961765646934509,375,,0.6012970951262903,26,
464,poppin_party,フィクション (Cover),232.0,0.0704806745052337,0.0110971825197339,0.2294608354568481,0.0939486175775528,463,,0.2931896551724139,43,
465,poppin_party,幾億光年 (Cover),275.4,0.0635520815849304,0.012760161422193,0.2124051451683044,0.0868810564279556,549,,0.1156136528685548,19,
466,poppin_party,心絵 (Cover),256.6666666666667,0.0514896996319294,0.0046833674423396,0.1989082247018814,0.0829290598630905,512,,0.3377921803740112,31,
467,poppin_party,じょいふる (Cover),194.6,0.1128472313284874,0.0150452470406889,0.2928860485553741,0.1072728037834167,388,,0.0656731757451181,45,
468,poppin_party,MATSURI BAYASHI (Cover),231.13333333333333,0.0659966915845871,0.0113307498395442,0.2460730969905853,0.0974274799227714,461,,0.1697721066894818,27,
469,poppin_party,私は最強 (Cover),257.93333333333334,0.0602440237998962,0.0094947274774312,0.239990547299385,0.0991266220808029,514,,0.1688032810798525,50,
470,poppin_party,トウキョウ・シャンディ・ランデヴ (Cover),186.86666666666667,0.1215126514434814,0.0173710044473409,0.2938034236431122,0.1070254817605018,372,,0.4434177172429408,17,
471,poppin_party,夜行性ハイズ (Cover),226.0,0.0732815489172935,0.0103698102757334,0.2603487968444824,0.1055865436792373,451,,0.4891150442477874,26,
472,poppin_party,メランコリック (Cover),220.96666666666667,0.0637833327054977,0.0134388403967022,0.2162284255027771,0.0864777937531471,440,,0.0610951820509143,31,
473,poppin_party,怪獣の花唄 (Cover),223.1,0.0670827850699424,0.0105478558689355,0.234357014298439,0.0862847045063972,445,,0.1962348722545944,21,
474,poppin_party,光るなら (Cover),253.76666666666668,0.067695528268814,0.0059942589141428,0.2157712876796722,0.0909221470355987,506,,0.2589780425770029,42,
475,poppin_party,ミュージック・アワー (Cover),280.8333333333333,0.0820751339197158,0.0129875857383012,0.2408233731985092,0.0916531458497047,560,,0.2056735599890863,39,
476,poppin_party,only my railgun (Cover),253.26666666666668,0.0763624534010887,0.0069965091533958,0.2499172240495681,0.0953097119927406,505,,0.0,13,
477,poppin_party,ロミオとシンデレラ (Cover),280.3333333333333,0.0748137235641479,0.0141343101859092,0.2171435356140136,0.0818667039275169,559,,0.3131271829478029,36,
478,poppin_party,Daydream café (Cover),229.03333333333333,0.0614591799676418,0.0084250280633568,0.2173641920089721,0.0843571722507476,457,,0.1496725095196279,35,
479,poppin_party,君じゃなきゃダメみたい (Cover),239.7333333333333,0.0946448147296905,0.0106679592281579,0.2672171294689178,0.1023235246539115,478,,0.1140433617138206,46,
480,poppin_party,＊〜アスタリスク〜 (Cover),252.66666666666663,0.0850773379206657,0.0203926768153905,0.233067438006401,0.0909839272499084,504,,0.461556690175075,28,
481,poppin_party,DAYS of DASH (Cover),253.66666666666663,0.0682744905352592,0.0079247411340475,0.2384516149759292,0.0942623540759086,506,,0.1247306073644376,40,
482,poppin_party,檄！帝国華撃団 (Cover),184.6,0.0459398180246353,0.0073369634337723,0.1853514909744262,0.0773931369185447,368,,0.1939328277356446,21,
483,poppin_party,DAYS (Cover),235.1,0.0613792836666107,0.0095814922824501,0.2147579044103622,0.0914265885949134,469,,0.1570395576350489,27,
484,poppin_party,ディスカバリー！ (Cover),278.2333333333333,0.0546932741999626,0.0087588746100664,0.2251723408699035,0.0914556384086608,555,,0.1483646597033875,30,
485,poppin_party,チェリボム (Cover),246.4,0.0942487195134162,0.0171621944755315,0.2777804136276245,0.102898322045803,491,,0.0191558441558441,49,
486,poppin_party,ヴァンパイア (Cover),182.16666666666663,0.0848167613148689,0.0166075434535741,0.2602224349975586,0.1011176705360412,363,,0.3125708700170552,30,
487,poppin_party,怪物 (Cover),206.56666666666663,0.0934125036001205,0.0181534849107265,0.2648923695087433,0.1002342775464057,412,,0.4624172520557071,29,
488,poppin_party,大河よ共に泣いてくれ (Cover),207.66666666666663,0.0674145072698593,0.0077100321650505,0.2268029451370239,0.0897203683853149,414,,0.0494060945619888,35,
489,poppin_party,空色デイズ (Cover),253.8333333333333,0.0628902465105056,0.0077396421693265,0.2267661392688751,0.0880701541900634,506,,0.1222849438140276,26,
490,raise_a_suilen,Invincible Fighter,250.86666666666667,0.0724473595619201,0.0085493829101324,0.2398786842823028,0.0928418189287185,500,,0.0519797990317068,21,
491,raise_a_suilen,A DECLARATION OF ×××,315.76666666666665,0.0565210357308387,0.003817168995738,0.2202163487672805,0.0899297818541526,630,,0.1585347726080192,36,
492,raise_a_suilen,SOUL SOLDIER,239.9333333333333,0.053383607417345,0.0071531939320266,0.192221388220787,0.0800553262233734,478,,0.1422061436846791,25,
493,raise_a_suilen,UNSTOPPABLE,230.5,0.0828434526920318,0.0108465328812599,0.2591502964496612,0.0943448394536972,460,,0.0996095444685466,31,
494,raise_a_suilen,HELL! or HELL?,282.3356462585034,0.0419917739927768,0.0055480189621448,0.2122254073619842,0.0864064693450927,563,,0.0214638163356111,29,
495,raise_a_suilen,Beautiful Birthday,256.10226757369617,0.0368481054902076,0.0040760654956102,0.1744100004434585,0.0753057748079299,511,,0.0407649579501552,22,
496,raise_a_suilen,Takin’ my Heart,286.93333333333334,0.0735091269016265,0.0101126367226243,0.2742259800434112,0.1043214946985244,572,,0.0865706193990155,33,
497,raise_a_suilen,DRIVE US CRAZY,245.66666666666663,0.0467623174190521,0.005026573780924,0.1896046996116638,0.0801403522491455,490,,0.0451017600829578,20,
498,raise_a_suilen,!NVADE SHOW!,265.6666666666667,0.0684507861733436,0.0070603969506919,0.2109811305999755,0.0842471048235893,530,,0.0649686272766133,17,
499,raise_a_suilen,REIGNING,249.4,0.0433743745088577,0.0051744007505476,0.1977824121713638,0.0878097563982009,497,,0.1477947072975139,39,
500,raise_a_suilen,EXPOSE ‘Burn out!!!’,283.7356462585034,0.0687247365713119,0.0108377821743488,0.2274135053157806,0.087903968989849,566,,0.0771140388169444,44,
501,raise_a_suilen,R・I・O・T,301.5,0.0559918656945228,0.0061784093268215,0.2277421951293945,0.095380961894989,602,,0.0664676616915421,22,
502,raise_a_suilen,V.I.P MONSTER,241.9,0.0867059528827667,0.0141164781525731,0.2703140079975128,0.1045204997062683,482,,0.0938404299297231,52,
503,raise_a_suilen,mind of Prominence,266.2333333333333,0.0660837739706039,0.0057803764939308,0.2763680815696716,0.1075994819402694,531,,0.0664830245268836,33,
504,raise_a_suilen,Ray of hope,190.76666666666668,0.083193153142929,0.0114334970712661,0.2595306932926178,0.1012453585863113,380,,0.2222610276230748,24,
505,raise_a_suilen,EXIST,238.46666666666667,0.0529866963624954,0.0058938064612448,0.2219315469264984,0.0858693867921829,475,,0.1353648190378791,36,
506,raise_a_suilen,Sacred world,300.8333333333333,0.0680553242564201,0.0112234577536582,0.2335877865552902,0.0920216739177703,600,,0.0664819852518024,19,
507,raise_a_suilen,-N-E-M-E-S-I-S-,267.8,0.0651387572288513,0.0078332545235753,0.2252948433160781,0.0928781554102897,534,,0.0578043315907393,42,
508,raise_a_suilen,DANCING DARING,215.06666666666663,0.067702904343605,0.0086067579686641,0.2193584591150283,0.0900195017457008,429,,0.1212647123697387,26,
509,raise_a_suilen,BATTLE CRY,234.36666666666667,0.0568148083984851,0.0076714106835424,0.2118103802204132,0.0918816924095153,467,,0.0674157243443567,51,
510,raise_a_suilen,Domination to world,258.2,0.0511225536465644,0.0059971949085593,0.210426315665245,0.0877395570278167,515,,0.0,26,
511,raise_a_suilen,THE WAY OF LIFE,238.2,0.0902999192476272,0.0110328150913119,0.2805419564247131,0.1168295815587043,475,,0.1471032745591939,34,
512,raise_a_suilen,灼熱 Bonfire!,224.8,0.0839869901537895,0.0125769302248954,0.2653989195823669,0.0978534966707229,448,,0.1638790035587188,28,
513,raise_a_suilen,Repaint,234.6,0.0456842146813869,0.005866358987987,0.227535992860794,0.0928589180111885,468,,0.0610400682011934,26,
514,raise_a_suilen,Life on the Lotus,243.3333333333333,0.06772942841053,0.0070134657435119,0.2569081783294678,0.1035058870911598,485,,0.1141643640129514,42,
515,raise_a_suilen,CORUSCATE -DNA-,287.43333333333334,0.0701265558600425,0.0061210850253701,0.2462389022111892,0.0991582125425338,573,,0.099431737876647,33,
516,raise_a_suilen,That Is How I Roll!,265.8666666666667,0.070602923631668,0.0097845662385225,0.2198586165904998,0.0891192480921745,530,,0.1181043036841536,66,
517,raise_a_suilen,しゅわりん☆どり～みん,265.3419501133787,0.0911251232028007,0.0151866497471928,0.2516975998878479,0.0926677510142326,529,,0.0535912269804692,41,
518,raise_a_suilen,パスパレボリューションず☆,231.7247619047619,0.0828049480915069,0.0139293996617197,0.2546702623367309,0.0984834432601928,462,,0.0119969921210401,35,
519,raise_a_suilen,えがおのオーケストラっ！,255.56666666666663,0.111686386168003,0.0221198312938213,0.2508423924446106,0.0910724177956581,510,,0.1788182976703488,63,
520,raise_a_suilen,Don't be afraid!,143.9,0.0668636858463287,0.0092213489115238,0.235081136226654,0.093653954565525,286,,0.1054899235580263,13,
521,raise_a_suilen,ゆら・ゆらRing-Dong-Dance,294.8666666666667,0.0694770514965057,0.0122915329411625,0.2217201888561248,0.0844096541404724,588,,0.0922450760057459,40,
522,raise_a_suilen,Hey-day狂騒曲(カプリチオ),241.2333333333333,0.0795702785253524,0.0118408454582095,0.2220065593719482,0.0874470621347427,481,,0.1539587961242924,46,
523,raise_a_suilen,Scarlet Sky,246.46666666666667,0.068103477358818,0.0103782443329691,0.1940284073352813,0.077794536948204,491,,0.2043278161069942,24,
524,raise_a_suilen,ゴーカ！ごーかい！？ファントムシーフ！,242.36666666666667,0.0760384202003479,0.0106383115053176,0.2186140865087509,0.0885166674852371,483,,0.0863980121030453,47,
526,raise_a_suilen,That Is How I Roll! (ライブ / アンコール),283.0,0.0690058544278144,0.0113246673718094,0.2348683327436447,0.0892649143934249,565,,0.1845229681978799,56,
527,raise_a_suilen,R･I･O･T (ライブ / アンコール),348.1333333333333,0.0698278471827507,0.008721156977117,0.2316532284021377,0.0921661108732223,695,,0.1455189408369709,72,
528,raise_a_suilen,Apocalypse,252.6,0.0950293466448783,0.0118838204070925,0.2697850167751312,0.1010883003473281,504,,0.393586698337292,34,
529,raise_a_suilen,TWIN TALE,217.50666666666663,0.0925431922078132,0.0129276663064956,0.2957809567451477,0.1127446442842483,434,,0.1035370464184003,23,
530,raise_a_suilen,STRAY CERBERUS,256.1333333333333,0.0559579282999038,0.0043069692328572,0.2166320234537124,0.0908121839165687,511,,0.0203019227775372,32,
531,raise_a_suilen,BERSER-KEY,230.96666666666667,0.0545368865132331,0.0083283027634024,0.2416916936635971,0.0965165644884109,460,,0.2008947718921587,22,
532,raise_a_suilen,POLARIS,271.6333333333333,0.0523838251829147,0.0062189800664782,0.2150245904922485,0.0936212465167045,542,,0.1923916749920734,25,
533,raise_a_suilen,HOWLING AMBITION,258.56666666666666,0.0712671652436256,0.0080489069223403,0.2298205494880676,0.0884955376386642,516,,0.0922005855839414,31,
534,raise_a_suilen,VIVID FIRST TIME,229.96666666666667,0.071908138692379,0.0091607719659805,0.2482692152261734,0.0992256328463554,458,,0.2968256000121755,36,
535,raise_a_suilen,'FIGHT' ADDICT,231.6,0.0795803368091583,0.0109153129160404,0.2662267684936523,0.1016924008727073,462,,0.280915371329879,34,
536,raise_a_suilen,Drown Out the Noise and Push Through the Trash,216.04,0.0614337474107742,0.0062349666841328,0.2411292195320129,0.0923512652516365,431,,0.0620255508239214,27,
537,raise_a_suilen,FIVE as ONE,255.16,0.052855048328638,0.0061416286043822,0.1912953406572342,0.0824388116598129,509,,0.0922558394732715,34,
538,raise_a_suilen,EXPOSE 'Burn out!!!' (English),283.7333333333333,0.0612180233001709,0.0110492706298828,0.2564866244792938,0.1018129587173461,566,,0.0343280024776782,16,
539,raise_a_suilen,Takin' my Heart (English),285.0,0.0622474625706672,0.0090924249961972,0.2382794320583343,0.0972465351223945,569,,0.1377543859649123,25,
540,raise_a_suilen,WELCOME TO PANDEMONIUM,254.8333333333333,0.0795183628797531,0.0130447028204798,0.2663036584854126,0.1025507226586341,508,,0.0470895933470251,38,
541,raise_a_suilen,WHAT AN EXPLOSION,190.9,0.1127451509237289,0.0195864345878362,0.2983707785606384,0.1106845661997795,380,,0.1502357255107385,20,
542,raise_a_suilen,RUNAWAY STAR,228.9,0.064633160829544,0.0120864175260066,0.2409475445747375,0.1028922647237777,456,,0.1302752293577981,22,
543,raise_a_suilen,Bad Kids All Bet,228.2,0.061919879168272,0.0070271398872137,0.2233510464429855,0.0898562893271446,455,,0.2484662576687117,50,
544,raise_a_suilen,Light a fire,269.0,0.0416935496032238,0.0045508933253586,0.2375814318656921,0.0985479056835174,537,,0.1922676579925652,28,
545,raise_a_suilen,Embrace of light,271.96666666666664,0.040923498570919,0.0048871091566979,0.1795082837343216,0.0804828330874443,542,,0.2156881805607166,37,
546,raise_a_suilen,OUTSIDER RODEO,269.06666666666666,0.0847754925489425,0.0059370249509811,0.2553375959396362,0.1034846156835556,537,,0.1690287282404665,41,
547,raise_a_suilen,JUST THE WAY I AM,258.7,0.0878881141543388,0.0086754374206066,0.2472164332866668,0.0971560701727867,516,,0.0899884035562428,41,
548,raise_a_suilen,ラスハピーポー！,200.36666666666667,0.0751900523900985,0.0105530861765146,0.2185132652521133,0.0930954664945602,399,,0.0955248611374083,26,
549,raise_a_suilen,1/3の純情な感情 (Cover),222.9,0.0505292788147926,0.0060629518702626,0.1668624728918075,0.0733190327882766,444,,0.0937640197397936,31,
550,raise_a_suilen,ヒトリノ夜 (Cover),237.8,0.0830289870500564,0.0134232016280293,0.2238086462020874,0.0875764042139053,474,,0.1148023549201009,23,
551,raise_a_suilen,激動 (Cover),333.6,0.0554435476660728,0.0071739656850695,0.2129748165607452,0.0925972387194633,666,,0.1194244604316547,35,
552,raise_a_suilen,メギツネ (Cover),250.8333333333333,0.0650428831577301,0.0073870485648512,0.2055482864379882,0.0797803327441215,500,,0.0616345412567208,33,
553,raise_a_suilen,Bling-Bang-Bang-Born (Cover),168.7,0.132711112499237,0.0396663695573806,0.2774117588996887,0.0921536460518837,336,,0.2513337285121517,32,
554,raise_a_suilen,第六感 (Cover),193.26666666666668,0.118998534977436,0.0263198912143707,0.2800233960151672,0.1012365445494651,385,,0.2472231537574213,28,
555,raise_a_suilen,革命道中 (Cover),198.16666666666663,0.0839642435312271,0.0134937902912497,0.269487977027893,0.0997300893068313,395,,0.4059208992934293,21,
556,raise_a_suilen,Get Wild (Cover),199.6266666666667,0.1022735014557838,0.0144010400399565,0.2841349840164184,0.1093454286456108,398,,0.0,20,
557,raise_a_suilen,ボッカデラべリタ (Cover),201.84,0.0544905066490173,0.0087467636913061,0.1749785542488098,0.0765879675745964,402,,0.1925287356321839,19,
558,raise_a_suilen,第ゼロ感 (Cover),288.7733333333333,0.0752394050359726,0.0079372972249984,0.2377192080020904,0.0923942774534225,576,,0.1522993593159341,51,
559,raise_a_suilen,劣等上等 (Cover),237.06666666666663,0.0686740130186081,0.0109580419957637,0.1954784989356994,0.0823848024010658,473,,0.24516308306708,36,
560,raise_a_suilen,Just Awake (Cover),222.96666666666667,0.0648493468761444,0.0050560543313622,0.2419384270906448,0.099482849240303,444,,0.0037673789274014,27,
561,raise_a_suilen,Keep the Heat and Fire Yourself Up (Cover),205.84,0.068075880408287,0.0078125577419996,0.2136450558900833,0.0875068679451942,410,,0.1664399533618344,22,
562,raise_a_suilen,ボッカデラベリタ (Cover),202.0,0.0572159141302108,0.0092318784445524,0.1796727180480957,0.0778915509581565,403,,0.2021782178217822,24,
563,raise_a_suilen,VORACITY (Cover),207.53333333333333,0.0919187068939209,0.013157982379198,0.2435975223779678,0.0910139232873916,414,,0.0199485986290156,29,
564,raise_a_suilen,神っぽいな (Cover),204.3,0.1447707712650299,0.0227480009198188,0.3019584715366363,0.1092312708497047,407,,0.2785119921683799,30,
565,raise_a_suilen,狂乱 Hey Kids!! (Cover),249.9,0.0508225224912166,0.0090790307149291,0.1949417293071746,0.0824926793575286,498,,0.1917567026810725,30,
566,raise_a_suilen,SAVIOR OF SONG (Cover),249.2,0.081134058535099,0.0123436814174056,0.243362545967102,0.0963151529431343,497,,0.265008025682183,27,
567,raise_a_suilen,恋しさとせつなさと心強さと (Cover),250.7333333333333,0.1071688830852508,0.0158977564424276,0.2803123593330383,0.1045591980218887,500,,0.1791544504196937,50,
568,raise_a_suilen,DEPARTURES (Cover),332.93333333333334,0.0737331584095954,0.0079616690054535,0.2644851207733154,0.1038808152079582,664,,0.4684420719310586,75,
569,raise_a_suilen,CORE PRIDE (Cover),257.2333333333333,0.0601237900555133,0.0094678541645407,0.2164551466703415,0.0883594304323196,513,,0.0975767627353955,19,
570,roselia,Neo-Aspect,307.2903401360544,0.0609670989215374,0.008236551657319,0.2177313268184662,0.088104024529457,613,,0.2527902151181924,27,
571,roselia,BLACK SHOUT,247.05102040816325,0.0739190354943275,0.0110557507723569,0.1985929757356643,0.0810854956507682,493,,0.0461443183796058,27,
572,roselia,Opera of the wasteland,284.8,0.047775525599718,0.0078622233122587,0.1929458230733871,0.0847610905766487,568,,0.067626404494382,18,
573,roselia,陽だまりロードナイト,289.8360544217687,0.0565775632858276,0.0094322469085454,0.1861099600791931,0.0779905840754509,578,,0.053202489252006,16,
574,roselia,ONENESS,239.2303854875284,0.0719588845968246,0.0134792309254407,0.2299678325653076,0.0883365124464035,477,,0.1830035170074035,43,
575,roselia,Re:birth day,268.72603174603177,0.0473273918032646,0.0049722604453563,0.1782842278480529,0.078036792576313,536,,0.1334444440051286,28,
576,roselia,Legendary,291.9837641723356,0.0685391575098037,0.0083160754293203,0.1887351125478744,0.0779520720243454,582,,0.1037728761076438,19,
577,roselia,- HEROIC ADVENT -,222.09668934240364,0.0714704617857933,0.0100146122276782,0.2276046425104141,0.0880617871880531,443,,0.1050893656394582,34,
578,roselia,Determination Symphony,281.8863492063492,0.0551180765032768,0.0071600247174501,0.191042885184288,0.0812786221504211,562,,0.129342895696892,21,
579,roselia,熱色スターマイン,280.2803628117914,0.0470857247710228,0.005044630728662,0.163239449262619,0.0703968405723571,559,,0.0144141379859363,28,
580,roselia,軌跡,312.53333333333336,0.0495593175292015,0.0042744544334709,0.202446311712265,0.0824937149882316,624,,0.1949231822041406,39,
581,roselia,LOUDER,216.21936507936508,0.055327896028757,0.0077730761840939,0.1960267722606659,0.0807516053318977,431,,0.1519752797361475,26,
582,roselia,R,285.3,0.068721055984497,0.0101003944873809,0.2148969173431396,0.0859869867563247,569,,0.1099193831055029,24,
583,roselia,BRAVE JEWEL,247.46666666666667,0.0780817121267318,0.010019801557064,0.2404154539108276,0.0915927365422248,493,,0.1077316719649388,31,
584,roselia,FIRE BIRD,360.3273015873016,0.0597378574311733,0.007877055555582,0.1911245435476303,0.07200738042593,719,,0.0081592482668101,49,
585,roselia,Safe and Sound,258.53333333333336,0.0492328405380249,0.0045726904645562,0.1815200448036193,0.0814831182360649,516,,0.0943785304315158,22,
586,roselia,Avant-garde HISTORY,306.8,0.0520587638020515,0.007056915666908,0.226398229598999,0.0970013812184333,612,,0.0750325945241199,23,
587,roselia,Break your desire,261.3666666666667,0.0494103468954563,0.0052592633292078,0.1682864725589752,0.0744061172008514,521,,0.1088891636199812,19,
589,roselia,約束,304.6,0.047905545681715,0.0062402845360338,0.1784418374300003,0.0773387178778648,608,,0.0837820091923834,25,
590,roselia,"""UNIONS"" Road",309.26666666666665,0.0679890662431716,0.0066869859583675,0.2157780677080154,0.0871526077389717,617,,0.0537400265587932,28,
591,roselia,Song I am.,242.56666666666663,0.0476221367716789,0.0064628706313669,0.1487154066562652,0.0621222108602523,484,,0.1022399252576675,16,
592,roselia,Sage der Rosen,244.96666666666667,0.0508038029074668,0.0077529228292405,0.1727943122386932,0.0730581507086753,488,,0.1445094447790988,33,
593,roselia,覚悟のLiberation,260.8333333333333,0.0579531788825988,0.006313226185739,0.20676289498806,0.0836636796593666,520,,0.1528945442660472,30,
594,roselia,Keep Heart,246.0,0.0562396310269832,0.0113816829398274,0.1838316023349762,0.0718237310647964,491,,0.1330081300813008,35,
595,roselia,Original Call,225.3333333333333,0.0475053377449512,0.0063414052128791,0.1777636408805847,0.0755645930767059,449,,0.1223076696916291,19,
596,roselia,Always recall.,252.3333333333333,0.0568614825606346,0.0064671519212424,0.2224141806364059,0.0880143120884895,503,,0.2108321976829265,23,
597,roselia,Floral Haven,281.93333333333334,0.0371817611157894,0.0041860793717205,0.1803685426712036,0.0796142667531967,562,,0.0715771944346782,37,
598,roselia,Sprechchor,310.0,0.0477769784629344,0.0029133537318557,0.1916211247444152,0.0768877044320106,619,,0.0863225806451613,30,
599,roselia,閃光,218.60231292517005,0.0680309236049652,0.0107066556811332,0.2374079674482345,0.09456417709589,436,,0.1479398805536422,37,
600,roselia,THE HISTORIC...,271.30231292517004,0.0558026134967803,0.0053114839829504,0.2209566086530685,0.0872640237212181,541,,0.0735710647508763,40,
601,roselia,ROZEN HORIZON,366.5689795918368,0.0536242425441741,0.0048462999984622,0.1996673643589019,0.0783155858516693,732,,0.1157762931399001,41,
602,roselia,廻廻奇譚,221.2356462585034,0.0719600245356559,0.0117854783311486,0.2453166246414184,0.0940821170806884,441,,0.4359153278320344,26,
603,roselia,鳥の詩,356.8022222222222,0.037420131266117,0.0029637536499649,0.203220933675766,0.0882896780967712,712,,0.1497187868069778,33,
604,roselia,Synchrogazer,266.73555555555555,0.0576476119458675,0.0052329725585877,0.2031527161598205,0.0830560848116874,532,,0.1091717944434199,38,
605,roselia,名前のない怪物,301.2689342403628,0.0450298525393009,0.0037205000407993,0.1902651786804199,0.0816056802868843,601,,0.0942015470811687,69,
606,roselia,Dazzle the Destiny,241.16666666666663,0.0524010546505451,0.007039207033813,0.216045081615448,0.0877357497811317,481,,0.1144436666859306,21,
607,roselia,Grateful Melting,217.26666666666668,0.0605922415852546,0.0063406629487872,0.2423874735832214,0.095454029738903,433,,0.2188094297704981,17,
608,roselia,Second to None,233.7333333333333,0.0468621402978897,0.0076248692348599,0.2044429183006286,0.0823601335287094,466,,0.0616942274504015,18,
609,roselia,Steadfast Spirits,224.8933333333333,0.0631365776062011,0.0106644434854388,0.245004653930664,0.0883088707923889,448,,0.1831089955406646,51,
610,roselia,紫炎,221.3733333333333,0.0691905915737152,0.0126642175018787,0.2313921451568603,0.0892209708690643,441,,0.1709329317493577,38,
611,roselia,XV,235.06666666666663,0.053858682513237,0.0063995374366641,0.1975220739841461,0.0813600718975067,469,,0.1511060558080991,20,
612,roselia,Blessing Chord,277.2,0.05689437687397,0.0091093834489583,0.19633349776268,0.0778911337256431,553,,0.0888167388167389,23,
613,roselia,Fear Nothing,228.96666666666667,0.051163762807846,0.0059442277997732,0.2021097838878631,0.0878408551216125,456,,0.0520599748817172,19,
614,roselia,PASSIONATE ANTHEM,242.96666666666667,0.0583695545792579,0.006438001524657,0.18366339802742,0.0729660391807556,484,,0.118370136646819,19,
615,roselia,Requiem for Fate,238.36666666666667,0.0806361213326454,0.0132349878549575,0.2405179291963577,0.0925280526280403,475,,0.1522863802015119,30,
616,roselia,Sanctuary,310.93333333333334,0.0447886064648628,0.0036456142552196,0.2047853320837021,0.0852329432964325,620,,0.0759005044087017,26,
617,roselia,Sunlit Musical,232.06666666666663,0.0669168159365654,0.0109922382980585,0.1979756355285644,0.0741600394248962,463,,0.2999137909442517,20,
618,roselia,Talk to My Tone,245.96666666666667,0.0517334677278995,0.0058180196210742,0.2006852030754089,0.0810904577374458,490,,0.1457107885798559,31,
619,roselia,一逢のFull Glory,232.4333333333333,0.0559289045631885,0.0066943704150617,0.2166933268308639,0.0849756821990013,463,,0.1504947385460457,26,
620,roselia,礎の花冠,246.9333333333333,0.0644632279872894,0.0073379282839596,0.22848641872406,0.0896856039762497,492,,0.0717602470706926,30,
621,roselia,FRONTIER FANTASIA,262.53333333333336,0.0689760744571685,0.0096226902678608,0.2037184834480285,0.0787007436156272,524,,0.2923818733522928,25,
622,roselia,Dear Gleam,253.46666666666667,0.0533616989850997,0.0043361131101846,0.197239264845848,0.0829192474484443,505,,0.1357180319800408,22,
623,roselia,Call the shots,265.3333333333333,0.0768042281270027,0.009320274926722,0.2363871932029724,0.093323640525341,529,,0.0762060181837283,52,
624,roselia,THRONE OF ROSE,312.3666666666667,0.048403225839138,0.0059246602468192,0.1743457615375518,0.070591501891613,623,,0.1133283458723492,51,
625,roselia,VIOLET LINE,290.7333333333333,0.038734808564186,0.0028792212251573,0.1580306589603424,0.0720603018999099,580,,0.0901857242911997,34,
626,roselia,Ringing Bloom,334.8689795918368,0.0598487108945846,0.0070972703397274,0.1959520429372787,0.0759529247879982,668,,0.0976501258701164,21,
627,roselia,ZEAL of proud,279.06666666666666,0.0626051127910614,0.0098955063149333,0.2085820287466049,0.0810771137475967,557,,0.1310081125322419,24,
628,roselia,Singing “OURS”,316.2,0.0613221302628517,0.0037732159253209,0.2166775315999984,0.0891401767730712,631,,0.0752055660974067,26,
629,roselia,競宴Red×Violet,263.46666666666664,0.0683031305670738,0.0096084494143724,0.2126657217741012,0.083847165107727,525,,0.1840839935409291,40,
630,roselia,overtuRe,244.13333333333333,0.0581512637436389,0.0078869815915822,0.218273788690567,0.0856740996241569,487,,0.1063353177335954,28,
631,roselia,Proud of oneself,235.76666666666668,0.0578423626720905,0.0069401618093252,0.1979085952043533,0.0796108394861221,470,,0.1032376552349024,14,
632,roselia,Sing Alive,315.4,0.0484902374446392,0.005692021921277,0.1961173713207245,0.0836228802800178,629,,0.2443880786303108,30,
633,roselia,Swear ～Night & Day～,304.0188662131519,0.0479240529239177,0.0030784129630774,0.2025573104619979,0.0899134054780006,607,,0.0851920789457562,34,
634,roselia,Reweave (Cover),238.13333333333333,0.076034590601921,0.0111922547221183,0.2234813719987869,0.0903818234801292,475,,0.3463605217034358,47,
635,roselia,ヒバナ -Reloaded- (Cover),205.26666666666668,0.0843061208724975,0.0156441442668437,0.2655528485774994,0.1055440306663513,409,,0.1938941017889228,34,
636,roselia,ファタール (Cover),220.84,0.1050155162811279,0.0219330359250307,0.297830194234848,0.1058192327618599,440,,0.2836442673428727,33,
637,roselia,HONEY (Cover),227.6,0.0607357397675514,0.0042509911581873,0.2103902250528335,0.0895335525274276,454,,0.1609841827768015,41,
638,roselia,悪魔の子 (Cover),227.16666666666663,0.0460946038365364,0.003231591777876,0.2051895707845688,0.0869069471955299,453,,0.202934684250304,15,
639,roselia,slash (Cover),241.13333333333333,0.0734476298093795,0.0077156387269496,0.2650646269321441,0.1112124025821685,481,,0.1783245475662587,39,
640,roselia,右肩の蝶 (Cover),276.5,0.0608454346656799,0.0096262944862246,0.1824672967195511,0.0704762190580368,552,,0.1198553345388788,30,
641,roselia,乙女解剖 (Cover),224.1,0.0870929732918739,0.0180229526013135,0.2482256740331649,0.096707634627819,447,,0.4365015618027668,31,
642,roselia,六兆年と一夜物語 (Cover),216.36666666666667,0.0674025192856788,0.0130225718021392,0.2076487839221954,0.0828217789530754,431,,0.4226158890563964,30,
643,roselia,残酷な天使のテーゼ (Cover),261.8,0.0679497867822647,0.0119828861206769,0.2147281169891357,0.0791486352682113,522,,0.2702826585179526,34,
644,roselia,海色 (Cover),256.8333333333333,0.08805613219738,0.0054925954900681,0.2946528196334839,0.1118545979261398,512,,0.0,27,
645,roselia,ETERNAL BLAZE (Cover),309.2,0.0542642287909984,0.0057283896021544,0.1946789175271988,0.0787583068013191,617,,0.1751617076326002,28,
646,roselia,魂のルフラン (Cover),269.53333333333336,0.0561362542212009,0.0047188652679324,0.2284209579229354,0.0984857454895973,538,,0.1147167767257023,46,
647,roselia,This game (Cover),283.6333333333333,0.0599901303648948,0.0057968883775174,0.2124929875135421,0.0868703424930572,566,,0.2181689654822885,29,
648,roselia,スカイクラッドの観測者 (Cover),273.8,0.0582592487335205,0.0073066810145974,0.2121017575263977,0.0878459215164184,546,,0.2381300219138057,40,
649,roselia,シャルル (Cover),232.63333333333333,0.0773640573024749,0.0093582402914762,0.2460063695907592,0.0924806073307991,464,,0.0339590138345368,35,
650,roselia,新時代 (Cover),226.63333333333333,0.0634114891290664,0.0088616432622075,0.2207722514867782,0.0853944197297096,452,,0.2886600440027865,35,
651,roselia,革命デュアリズム (Cover),237.4333333333333,0.0426940619945526,0.0042440383695065,0.1540542393922805,0.0662088170647621,473,,0.1775656012976271,25,
652,roselia,Red fraction (Cover),201.0,0.0421633049845695,0.005547952838242,0.1761393547058105,0.0740520656108856,401,,0.0212935323383084,17,
653,roselia,深愛 (Cover),273.2333333333333,0.0629891604185104,0.0063547436147928,0.2205358296632766,0.0867044925689697,545,,0.1699645952841597,26,
654,roselia,Paradisus‐Paradoxum (Cover),232.66666666666663,0.0745415017008781,0.0060955388471484,0.2150274813175201,0.0953220874071121,464,,0.1585100144600632,32,
655,roselia,Realize (Cover),246.13333333333333,0.0669246613979339,0.0075400425121188,0.2122682780027389,0.0817055776715278,491,,0.1817713668453131,43,
656,roselia,Preserved Roses (Cover),210.63333333333333,0.0434969775378704,0.0067862570285797,0.1664462387561798,0.074007973074913,420,,0.2017723924330605,19,
657,roselia,My Dearest (Cover),337.1333333333333,0.0412824675440788,0.0041386261582374,0.194785863161087,0.0856337770819664,673,,0.1517500306814772,56,
658,roselia,Shangri-La (Cover),239.0,0.0519918724894523,0.0075523857958614,0.190621942281723,0.0727269649505615,477,,0.1562343096234309,30,
659,roselia,KING (Cover),134.73333333333332,0.0656584799289703,0.0125298583880066,0.2355577498674392,0.0991529822349548,268,,0.3857989900423708,18,
660,mygo,素寄曲,238.7333333333333,0.0701386481523513,0.0101965330541133,0.2384206354618072,0.0976383537054061,476,,0.0675230264725239,35,
661,mygo,羅永線,233.64,0.0509531944990158,0.0036381634417921,0.2563478648662567,0.1025370061397552,466,,0.2099811676082862,18,
662,mygo,騒混出,227.30666666666667,0.0748251527547836,0.0091703105717897,0.278408944606781,0.1164907589554786,453,,0.405443416617472,23,
663,morfonica,深海少女 (Cover),218.13333333333333,0.0761414617300033,0.0097191119566559,0.2410808056592941,0.0906257256865501,435,,0.4937346245158494,26,
664,mugendai_mutype,等身大あんりみてっど,168.73333333333332,0.1035308241844177,0.0155269876122474,0.2998498380184173,0.114199161529541,336,,0.0640063058064238,33,
665,mugendai_mutype,好きになっちゃえ！,207.77337868480728,0.1015186309814453,0.0080264052376151,0.283500075340271,0.109249047935009,414,,0.0889430344049633,27,
666,mugendai_mutype,YoU kNOw the overture,174.0,0.1272101998329162,0.0307546071708202,0.2988615930080414,0.1035601869225502,347,,0.2445977011494252,46,
667,mugendai_mutype,唱 (Cover),194.60648526077097,0.0690934434533119,0.0066922958940267,0.2411688715219497,0.0889077112078666,388,,0.1775891349980601,36,
668,mugendai_mutype,インキャのキャキャキャ (Cover),220.6080272108844,0.0865619853138923,0.0151930637657642,0.2405266016721725,0.0986208692193031,440,,0.0404336990176865,32,
669,mugendai_mutype,デビルじゃないもん (Cover),164.0025396825397,0.0786882117390632,0.0145724881440401,0.2892611920833587,0.1133200079202652,327,,0.2170697790164102,29,
670,mugendai_mutype,エイリアンエイリアン (Cover),197.6320181405896,0.0682189911603927,0.0099246427416801,0.2126227170228958,0.0821124762296676,394,,0.0433128238341968,28,
671,mugendai_mutype,ぼくたちいつでも しゅわっしゅわ！ (Cover),184.61868480725624,0.0891123786568641,0.0126910107210278,0.2432995587587356,0.0942061841487884,368,,0.0381326511163719,15,
672,mugendai_mutype,回レ!雪月花 (Cover),234.5173242630385,0.0921380296349525,0.0193206798285245,0.2847436368465423,0.1057652607560157,468,,0.1241699042554949,42,
673,mugendai_mutype,ビッグマウス feat.りむる (Cover),173.76,0.0632709264755249,0.009915548376739,0.2371399700641632,0.0866991281509399,346,,0.3310313075506446,16,
674,mugendai_mutype,KiLLKiSS (Cover),207.65605442176872,0.0641560554504394,0.0044859792105853,0.266380101442337,0.1135741844773292,414,,0.0314943850965101,22,
675,mugendai_mutype,君が飛び降りるのならば (Cover),173.77814058956915,0.0858951285481453,0.0132922856137156,0.2524771094322204,0.0923447459936142,346,,0.1623909214728114,15,
676,mugendai_mutype,地球最後の告白を (Cover),267.1786848072562,0.0717731937766075,0.0083930557593703,0.2108647674322128,0.0906348228454589,533,,0.2733750984535395,35,
677,mugendai_mutype,パラレルラルラ (Cover),157.994693877551,0.0905353277921676,0.0139909088611602,0.244474172592163,0.0895620733499527,314,,0.2779840303174751,28,
678,mugendai_mutype,夜もすがら君想ふ (Cover),236.7680272108844,0.0787902176380157,0.0133277857676148,0.2130993753671646,0.0826462730765342,472,,0.3628867808131851,34,
679,mugendai_mutype,ジレンマ (Cover),167.26399092970522,0.0842792391777038,0.0190131142735481,0.2232399880886078,0.0855212584137916,333,,0.1204084560933613,37,
680,mugendai_mutype,glow (Cover),287.62666666666667,0.0329605378210544,0.0036265712697058,0.1544288098812103,0.0737140029668808,574,,0.0699517842898357,19,
681,mugendai_mutype,メンタルチェンソー (Cover),177.6,0.1058269962668418,0.0238539446145296,0.3259125053882599,0.1200267225503921,354,,0.1531531531531531,24,
682,mugendai_mutype,ホシアイ (Cover),286.6666666666667,0.0454083904623985,0.0053795017302036,0.186897337436676,0.0832414105534553,572,,0.163744174146499,27,
683,mugendai_mutype,フォニイ (Cover),189.5573242630385,0.1319555044174194,0.0342154055833816,0.3030833899974823,0.1046385690569877,378,,0.3018611119720348,33,
684,mugendai_mutype,ELECT (Cover),193.3990476190476,0.1083030253648758,0.0126733761280775,0.2538436353206634,0.0937229394912719,385,,0.501346794274145,18,
685,mugendai_mutype,ユキトキ (Cover),273.1131519274376,0.0779439061880111,0.0079782698303461,0.2678788602352142,0.102927841246128,545,,0.008934024835399,44,
686,mugendai_mutype,スイートマジック (Cover),216.56090702947847,0.1084838286042213,0.0119280200451612,0.3118618428707123,0.1243794783949852,432,,0.0,35,
687,mugendai_mutype,少年よ我に帰れ (Cover),390.0160090702948,0.0586894191801548,0.0071201669052243,0.2368022501468658,0.1022944450378418,779,,0.0732790332193049,59,
688,mugendai_mutype,One Last Kiss (Cover),259.56267573696147,0.0465567633509635,0.0057658483274281,0.2461084276437759,0.0961814373731613,518,,0.2156704437728555,17,
689,mugendai_mutype,ミルククラウン・オン・ソーネチカ (Cover),215.22575963718825,0.0742577537894249,0.0140370745211839,0.2524815201759338,0.1019465699791908,429,,0.3139957945332416,19,
690,mugendai_mutype,決戦スピリット (Cover),272.5558276643991,0.0540320985019207,0.0094511676579713,0.1944579929113388,0.0840570852160453,544,,0.2152219246787472,41,
691,mugendai_mutype,ティアドロップス (Cover),216.5493424036281,0.080997422337532,0.0159200429916381,0.2607223689556122,0.1027891710400581,432,,0.0287232415240173,33,
692,mugendai_mutype,ロウワー (Cover),230.9340589569161,0.0731470957398414,0.0142619665712118,0.2245810180902481,0.083122543990612,460,,0.3995945812454582,39,
693,mugendai_mutype,ハイドアンド・シーク (Cover),265.53179138322,0.0837329775094986,0.0174243096262216,0.2366562187671661,0.0896962061524391,530,,0.0539295079756215,30,
694,mugendai_mutype,不可解 (Cover),277.76,0.0975358933210372,0.0174300745129585,0.2623412907123565,0.0998796448111534,554,,0.4215149769585254,30,
695,mugendai_mutype,GURU (Cover),191.50657596371883,0.0917960852384567,0.0226589068770408,0.234270304441452,0.0864918604493141,382,,0.3834854277234535,22,
696,mugendai_mutype,経験値上昇中☆ (Cover),231.83963718820863,0.0783480703830719,0.0100049572065472,0.2518739700317383,0.0978398025035858,462,,0.1204280436238941,23,
697,mugendai_mutype,翼をください (Cover),218.98666666666668,0.0218190066516399,0.0010217323433607,0.173681765794754,0.0865898877382278,436,,0.0,18,
698,mugendai_mutype,元気を出して (Cover),290.00535147392293,0.0296601541340351,0.0023521224502474,0.2007507234811782,0.0925846099853515,579,,0.0276546598489769,21,
699,mugendai_mutype,ハッピー☆マテリアル (Cover),224.8736961451247,0.0721580237150192,0.0104918088763952,0.2526982426643371,0.0984883084893226,448,,0.2548986528270454,23,
700,mugendai_mutype,時をかける少女 (Cover),232.04267573696143,0.0494917035102844,0.0056175962090492,0.2048889100551605,0.0892071053385734,463,,0.0179277358180054,18,
701,mugendai_mutype,TOMORROW (Cover),289.367074829932,0.0903895124793052,0.0086105000227689,0.2295714914798736,0.0920192301273346,577,,0.2046535175687288,32,
702,mugendai_mutype,PARTY☆NIGHT（D-POP version） (Cover),320.3889342403628,0.0740652084350586,0.0148834129795432,0.2380762696266174,0.090123675763607,639,,0.0333969084060526,24,
703,mugendai_mutype,CH4NGE (Cover),139.4126530612245,0.0534628108143806,0.006168651394546,0.1925558298826217,0.0803637579083442,277,,0.3054241386746095,12,
704,mugendai_mutype,絶え間なく藍色 (Cover),221.1004081632653,0.0721542909741401,0.0115546500310301,0.2450055629014969,0.0957987904548645,441,,0.3143367818980457,22,
705,mugendai_mutype,撫でんな (Cover),187.45469387755105,0.110040433704853,0.0282299779355525,0.26796355843544,0.0961168184876442,373,,0.3345874137625214,30,
706,mugendai_mutype,なにやってもうまくいかない (Cover),151.04,0.0768557414412498,0.0130908945575356,0.242245078086853,0.1013344824314117,301,,0.3830773305084746,7,
707,mugendai_mutype,マーシャル・マキシマイザー (Cover),162.12172335600906,0.0807514563202858,0.0223776791244745,0.2218602746725082,0.08834870159626,323,,0.4388060207837627,16,
708,mugendai_mutype,ZEAL of proud (Cover),279.2320181405896,0.0607657879590988,0.0130357444286346,0.2523165941238403,0.0990201011300087,557,,0.1094430192807818,29,
709,mugendai_mutype,繰り返し一粒 (Cover),256.0,0.0790659263730049,0.0101585295051336,0.2376990467309951,0.09438107162714,511,,0.28828125,19,
710,poppin_party,乙女はサイコパス (Cover),256.8824036281179,0.0640597343444824,0.0068206959404051,0.2330577224493026,0.0920160114765167,512,,0.1633432024717532,49,
711,roselia,Neo-Aspect,310.3,0.0602535232901573,0.0084089776501059,0.2151581645011901,0.0893501937389373,619,,0.2246857879471479,25,
712,millsage,カーネーションの咲く日に,238.0,0.0533303506672382,0.0046917065046727,0.2138959467411041,0.0973045602440834,475,,0.0580672268907563,32,
713,mugendai_mutype,唱 (Cover),194.60648526077097,0.0678950548171997,0.0064108800143003,0.236665591597557,0.0888267233967781,388,,0.1789251643701521,37,
714,mugendai_mutype,インキャのキャキャキャ (Cover),220.6080272108844,0.0872303247451782,0.0137062352150678,0.2477892339229583,0.1006989479064941,440,,0.0438787227008079,29,
715,mugendai_mutype,デビルじゃないもん (Cover),164.0025396825397,0.0762882754206657,0.0139624066650867,0.2909384667873382,0.1159973368048667,327,,0.2220697008926308,29,
716,mugendai_mutype,エイリアンエイリアン (Cover),197.6320181405896,0.069288820028305,0.008758520707488,0.2195046693086624,0.0829387530684471,394,,0.0483727331606217,33,
717,mugendai_mutype,ぼくたちいつでも しゅわっしゅわ！ (Cover),184.61868480725624,0.0893009677529335,0.0128021510317921,0.2413066178560257,0.0937405228614807,368,,0.0451741918054747,21,
718,mugendai_mutype,回レ!雪月花 (Cover),234.5173242630385,0.0919256806373596,0.0197530332952737,0.2892879545688629,0.1069907918572425,468,,0.0648139610124836,45,
719,mugendai_mutype,ビッグマウス feat.りむる (Cover),173.76,0.0643422901630401,0.0095036830753088,0.2312880456447601,0.0880227386951446,346,,0.3310313075506446,16,
720,mugendai_mutype,KiLLKiSS (Cover),215.31863945578232,0.0688158720731735,0.0033159325830638,0.2697450816631317,0.1115520894527435,429,,0.0352965285748039,19,
721,mygo,二息歩行 (Reloaded) (Cover),198.0081632653061,0.0810574367642402,0.0085708228871226,0.2816723585128784,0.1128032803535461,395,,0.0384832571632927,28,
722,mygo,社会距離 (Cover),243.2522448979592,0.0919864699244499,0.0101108755916357,0.2810512781143188,0.1055003553628921,485,,0.4975082450419267,27,
723,mygo,君の神様になりたい。 (Cover),253.3333333333333,0.086242601275444,0.0174886137247085,0.2524779140949249,0.1005922555923461,505,,0.1148684021598023,21,
724,mygo,Henceforth (Cover),234.3039909297052,0.0611023679375648,0.009865135885775,0.2005803436040878,0.079261302947998,467,,0.2474562960939635,22,
725,mygo,ティアドロップス (Cover),215.05165532879812,0.0751977264881134,0.0096141500398516,0.2944754660129547,0.1133859977126121,429,,0.0651936293222531,26,
726,mygo,遠心力 (Cover),197.48267573696145,0.0895221158862114,0.0095100468024611,0.2627173662185669,0.1052681729197502,393,,0.1833072076254784,17,
727,mygo,ないばいたりてぃ (Cover),213.01986394557824,0.0712057501077652,0.0101631702855229,0.2225960493087768,0.09426199644804,425,,0.1561356657448042,30,
728,mygo,キリトリセン (Cover),237.2480272108844,0.0595148876309394,0.0080185132101178,0.2292701303958892,0.0928252562880516,473,,0.2785270374968815,20,
729,mygo,もしも命が描けたら (Cover),201.94136054421767,0.1032322719693183,0.0143407769501209,0.3327207863330841,0.1286550611257553,402,,0.5911616675879324,25,
730,mygo,TEENAGE RIOT (Cover),223.7653514739229,0.0698679164052009,0.0113904802128672,0.213396668434143,0.0782708674669265,446,,0.4148988644914343,38,
731,mygo,パメラ (Cover),194.60267573696143,0.0907088220119476,0.0194467399269342,0.2520195245742798,0.0952317342162132,388,,0.6015333164399386,15,
732,mygo,栞 (Cover),262.9660317460318,0.0844371914863586,0.0111188571900129,0.2933101654052734,0.1156343594193458,524,,0.5160361710173148,55,
733,mygo,シンデレラボーイ (Cover),231.64226757369613,0.0815716087818145,0.0065884590148925,0.2774414718151092,0.1232904717326164,462,,0.3520945682149499,24,
734,mygo,少女レイ (Cover),288.7981859410431,0.0560186579823493,0.0038514789193868,0.2023494243621826,0.0894036218523979,576,,0.2394751871495038,26,
735,mygo,正しくなれない (Cover),241.6501133786848,0.0959394723176956,0.0112996492534875,0.2794813811779022,0.1135379299521446,482,,0.2415889501402079,30,
736,mygo,恋してる自分すら愛せるんだ (Cover),223.59655328798183,0.0636118799448013,0.0042413854971528,0.3034996390342712,0.1227893084287643,446,,0.3371250396570832,30,
737,roselia,擬態ごっこ (Cover),147.55102040816325,0.1258297711610794,0.0299570020288229,0.2941550314426422,0.1006752923130989,294,,0.2752945272759387,13,
