threshold,n_songs,rms_bpm,accuracy_4pct,n_switched
0.01,573,89.03589134729636,17.10296684118674,66
0.02,573,90.52984187198649,16.230366492146597,128
0.05,573,94.35525506138106,10.820244328097731,320
0.08,573,96.95760671801249,6.282722513089005,435
0.1,573,97.62746288310801,4.013961605584642,494
0.15,573,99.43367348563356,1.7452006980802792,563
0.2,573,99.47045304847272,1.9197207678883073,570
