idx,band,song,m1-band,m1-beat_count,m1-beat_interval_median_sec,m1-bpm_autocorr,m1-bpm_madmom,m1-duration_sec,m1-error,m1-extract_sec,m1-halftime_flag,m1-song,m2-band,m2-duration_sec,m2-error,m2-key_essentia,m2-key_ks,m2-key_ks_confidence,m2-key_mismatch,m2-mode_essentia,m2-mode_ks,m2-mode_only_mismatch,m2-modulation_flag,m2-song,m3-band,m3-mode,m3-song,m4-band,m4-duration_sec,m4-error,m4-extract_sec,m4-lra,m4-lufs_integrated,m4-mastering_flag,m4-song,m4-st_median,m4-st_p10,m4-st_p90,m4-st_std,m5-arousal_median,m5-arousal_p10,m5-arousal_p90,m5-arousal_std,m5-band,m5-duration_sec,m5-error,m5-n_patches,m5-song,m6-band,m6-duration_sec,m6-error,m6-extract_sec,m6-n_patches,m6-song,m6-valence_median,m6-valence_p10,m6-valence_p90,m6-valence_std,m7-band,m7-danceability_clf_prob,m7-danceability_norm,m7-dfa_alpha,m7-dfa_alpha_native,m7-duration_sec,m7-error,m7-song,m8-acoustic_median,m8-acoustic_p10,m8-acoustic_p90,m8-acoustic_std,m8-band,m8-duration_sec,m8-error,m8-extract_sec,m8-n_patches,m8-song,m9-band,m9-duration_sec,m9-error,m9-instr_stem_ratio,m9-n_patches,m9-song,m9-voice_median,m9-voice_p10,m9-voice_p90,m9-voice_std,m10-band,m10-crowd_median,m10-crowd_p10,m10-crowd_p90,m10-crowd_std,m10-duration_sec,m10-error,m10-extract_sec,m10-n_patches,m10-noise_floor_db,m10-rt60_est_sec,m10-song,m11-band,m11-duration_sec,m11-error,m11-n_frames,m11-song,m11-speech_median,m11-speech_p10,m11-speech_p90,m11-speech_std,m11-vad_error,m11-vad_n_frames,m11-vad_speech_ratio,m1-tempo_category
0,afterglow,ON YOUR MARK,afterglow,745.0,0.32,143.5546875,187.49999999999568,241.35,,13.1,False,ON YOUR MARK,afterglow,241.63,,D,A,0.474,True,major,major,False,True,ON YOUR MARK,afterglow,major,ON YOUR MARK,afterglow,241.63,,1.69,3.770731925964356,-9.591000373770155,0,ON YOUR MARK,-9.728347778320312,-11.921172142028809,-8.150440216064453,1.825531244277954,7.325271129608154,6.49779224395752,8.076416015625,0.6909206509590149,afterglow,241.6333125,,161,ON YOUR MARK,afterglow,241.63,,17.93,161,ON YOUR MARK,6.1423,5.5068,6.7398,0.6049,afterglow,1.0605199337005615,0.0,0.9429338574409484,,241.63,,ON YOUR MARK,0.0001733602257445,1.2964103461854393e-06,0.009149762801826,0.0624382719397544,afterglow,241.63,,21.93,161,ON YOUR MARK,afterglow,241.63,,0.713039,161.0,ON YOUR MARK,0.9691150188446044,0.1544609367847442,0.999858856201172,0.3297912180423736,afterglow,0.0008027019794099,0.0005090372287668,0.001352141262032,0.0004828111850656,241.63,,4.71,121.0,-18.45,5.0,ON YOUR MARK,afterglow,241.63333333333333,,482,ON YOUR MARK,0.0608871728181839,0.0099115911871194,0.2614924311637878,0.1101464629173278,,29,0.2401158366471519,fast
1,afterglow,That Is How I Roll!,afterglow,720.0,0.33,112.34714673913044,181.8181818181749,239.31,,12.44,False,That Is How I Roll!,afterglow,239.6,,D,D,0.381,False,major,major,False,True,That Is How I Roll!,afterglow,major,That Is How I Roll!,afterglow,239.6,,1.67,2.0572166442871094,-10.898394386020712,0,That Is How I Roll!,-10.853206634521484,-12.100350379943848,-10.043133735656738,1.1296402215957642,7.308801651000977,6.512436866760254,7.94495964050293,0.6132108569145203,afterglow,239.6,,160,That Is How I Roll!,afterglow,239.6,,18.17,160,That Is How I Roll!,6.4818,5.5478,7.2729,0.6482,afterglow,1.2154747247695925,0.6667,0.8227238059043884,,239.6,,That Is How I Roll!,0.0001630216429475,6.873449365230044e-06,0.0018833868671208,0.0055492427200078,afterglow,239.6,,7.06,160,That Is How I Roll!,afterglow,239.6,,0.701748,160.0,That Is How I Roll!,0.9988173246383668,0.6336851119995117,0.9999505281448364,0.1923864036798477,afterglow,0.0006780719850212,0.0003526122891344,0.0010961616644635,0.0002851936442311,239.6,,4.38,120.0,-18.52,5.0,That Is How I Roll!,afterglow,239.6,,478,That Is How I Roll!,0.0636275708675384,0.0077929538674652,0.2171059399843216,0.0874715000391006,,36,0.3168614357262104,fast
2,afterglow,SENSENFUKOKU,afterglow,821.0,0.3,129.19921875,200.0000000000007,246.27,,13.01,False,SENSENFUKOKU,afterglow,246.53,,D,F,0.438,False,minor,major,False,True,SENSENFUKOKU,afterglow,major,SENSENFUKOKU,afterglow,246.53,,1.7,3.447940826416016,-11.858243332506898,0,SENSENFUKOKU,-11.784549713134766,-14.052518844604492,-10.604578018188477,1.728872776031494,7.046791076660156,6.1222920417785645,7.738588809967041,0.6915765404701233,afterglow,246.5333125,,164,SENSENFUKOKU,afterglow,246.44,,19.61,164,SENSENFUKOKU,6.2307,5.2323,7.0977,0.8705,afterglow,1.121791124343872,0.3333,0.8914315700531006,,246.53,,SENSENFUKOKU,6.412989750970155e-05,1.540904349894845e-06,0.0024007100146263,0.1139436513185501,afterglow,246.53,,7.35,164,SENSENFUKOKU,afterglow,246.53,,0.5638,164.0,SENSENFUKOKU,0.9764816761016846,0.2007189393043518,0.999940037727356,0.3112026154994964,afterglow,0.0011175198014825,0.000513068283908,0.0021553949918597,0.0006264750263653,246.53,,4.56,124.0,-20.69,5.0,SENSENFUKOKU,afterglow,246.53333333333333,,492,SENSENFUKOKU,0.0791971608996391,0.0141922198235988,0.2310066521167755,0.0923694968223571,,22,0.0764196734012179,fast
3,afterglow,I knew it!,afterglow,970.0,0.3,80.74951171875,199.99999999999952,291.03,,23.38,False,I knew it!,afterglow,291.3,,A,A,0.552,False,major,major,False,True,I knew it!,afterglow,major,I knew it!,afterglow,291.3,,1.87,2.1129579544067383,-10.215912777307643,0,I knew it!,-10.286911964416504,-11.31188678741455,-9.198928833007812,4.940456390380859,7.406019687652588,6.443349838256836,8.165283203125,0.6970048546791077,afterglow,291.3,,194,I knew it!,afterglow,291.3,,3.75,194,I knew it!,6.1642,5.3251,7.1088,0.713,afterglow,1.0962086915969849,0.4757,0.9122349619865416,,291.3,,I knew it!,6.205514364410192e-05,1.364185891361558e-06,0.002452652901411,0.0100848339498043,afterglow,291.3,,3.61,194,I knew it!,afterglow,291.3,,0.760132,194.0,I knew it!,0.9169033765792848,0.3202983736991882,0.9986507296562196,0.2784841954708099,afterglow,0.0007414923748001,0.0004705059691332,0.0013996239285916,0.0004133586771786,291.3,,2.7,146.0,-17.26,5.0,I knew it!,afterglow,291.3,,581,I knew it!,0.0668896362185478,0.009658976458013,0.2257406413555145,0.0865757390856742,,40,0.1877102643323034,fast
4,afterglow,ツナグ、ソラモヨウ,afterglow,796.0,0.31,75.99954044117646,193.5483870967728,248.73,,19.84,False,ツナグ、ソラモヨウ,afterglow,248.93,,E,E,0.919,False,major,major,False,False,ツナグ、ソラモヨウ,afterglow,major,ツナグ、ソラモヨウ,afterglow,248.93,,1.68,2.944875717163086,-10.65753512695398,0,ツナグ、ソラモヨウ,-10.655477523803713,-12.550858497619627,-9.605982780456545,1.88161051273346,7.201624870300293,6.266544818878174,7.936986923217773,0.8949064612388611,afterglow,248.9333125,,166,ツナグ、ソラモヨウ,afterglow,248.93,,3.26,166,ツナグ、ソラモヨウ,6.6935,5.5541,7.3958,0.808,afterglow,1.0597883462905884,0.3222,0.943584680557251,,248.93,,ツナグ、ソラモヨウ,0.0007397577282972,5.767243783338927e-05,0.0349831469357013,0.1058616340160369,afterglow,248.93,,3.12,166,ツナグ、ソラモヨウ,afterglow,248.93,,0.572178,166.0,ツナグ、ソラモヨウ,0.9921858310699464,0.5798048377037048,0.999730944633484,0.2335809916257858,afterglow,0.0009775747312232,0.0004846279043704,0.0016489244299009,0.0008492688066326,248.93,,2.35,125.0,-19.54,5.0,ツナグ、ソラモヨウ,afterglow,248.9333333333333,,496,ツナグ、ソラモヨウ,0.0633150860667228,0.0068842628970742,0.2471375912427902,0.0982225090265274,,52,0.0976164807149703,fast
5,afterglow,Hey-day狂騒曲(カプリチオ),afterglow,616.0,0.38,129.19921875,157.89473684210716,233.42,,18.63,False,Hey-day狂騒曲(カプリチオ),afterglow,233.7,,D,A,0.229,True,minor,minor,False,False,Hey-day狂騒曲(カプリチオ),afterglow,minor,Hey-day狂騒曲(カプリチオ),afterglow,233.7,,1.67,3.506649971008301,-10.498236108310564,0,Hey-day狂騒曲(カプリチオ),-10.360638618469238,-12.698678970336914,-9.192028999328612,3.97688627243042,7.102724552154541,6.224211692810059,7.78797721862793,0.6719373464584351,afterglow,233.70225,,156,Hey-day狂騒曲(カプリチオ),afterglow,233.7,,17.08,156,Hey-day狂騒曲(カプリチオ),6.1304,4.787,7.1036,0.8822,afterglow,1.0809528827667236,0.4043,0.9251096248626708,,233.7,,Hey-day狂騒曲(カプリチオ),9.36821015784517e-06,1.3767318307600362e-07,0.0006643407978117,0.006947330199182,afterglow,233.7,,6.83,156,Hey-day狂騒曲(カプリチオ),afterglow,233.7,,0.67718,31.0,Hey-day狂騒曲(カプリチオ),0.9980377554893494,0.3061592578887939,0.9999171495437622,0.2785700261592865,afterglow,0.000760949391406,0.0003556350420694,0.0013675648951902,0.0004150353197474,233.7,,1.12,117.0,-19.97,5.0,Hey-day狂騒曲(カプリチオ),afterglow,233.70231292517008,,466,Hey-day狂騒曲(カプリチオ),0.066951222717762,0.0091573884710669,0.2450006604194641,0.0890735685825347,,27,0.2823249769939697,medium
6,afterglow,"Easy come, Easy go!",afterglow,677.0,0.44,287.109375,136.36363636363706,243.39,,19.27,True,"Easy come, Easy go!",afterglow,243.4,,D,D,0.843,False,major,major,False,False,"Easy come, Easy go!",afterglow,major,"Easy come, Easy go!",afterglow,243.4,,1.68,3.662099838256836,-10.725571232273822,0,"Easy come, Easy go!",-10.556795120239258,-13.198540687561035,-9.5364408493042,4.031495094299316,7.088780403137207,6.0282883644104,7.887293338775635,0.7742687463760376,afterglow,243.4,,162,"Easy come, Easy go!",afterglow,243.4,,6.68,162,"Easy come, Easy go!",5.9753,5.1945,6.9011,0.7261,afterglow,1.059688687324524,0.3207,0.9436734914779664,,243.4,,"Easy come, Easy go!",7.615111826453358e-05,9.029653824654816e-07,0.0046526775695383,0.0094420090317726,afterglow,243.4,,7.26,162,"Easy come, Easy go!",afterglow,243.4,,0.782983,162.0,"Easy come, Easy go!",0.8604950904846191,0.1164560690522193,0.998023509979248,0.3489455878734588,afterglow,0.0008764129015617,0.000510327052325,0.0014615508262068,0.0006031571538187,243.4,,1.18,122.0,-18.24,5.0,"Easy come, Easy go!",afterglow,243.4,,485,"Easy come, Easy go!",0.0526451803743839,0.0057698283344507,0.2430542111396789,0.1026999950408935,,37,0.1984387838948233,medium
7,afterglow,Sasanqua,afterglow,781.0,0.3,129.19921875,199.9999999999924,236.61,,18.98,False,Sasanqua,afterglow,236.8,,C#,C#,0.838,False,major,major,False,False,Sasanqua,afterglow,major,Sasanqua,afterglow,236.8,,1.65,2.5839624404907227,-11.008043906449016,0,Sasanqua,-11.01579475402832,-12.633615493774414,-10.049653053283691,1.783783793449402,6.81696891784668,5.770893573760986,7.460564136505127,0.7110052108764648,afterglow,236.80225,,158,Sasanqua,afterglow,236.8,,6.75,158,Sasanqua,5.8882,5.0872,6.4118,0.5024,afterglow,1.0360339879989624,0.2386,0.9652191996574402,,236.8,,Sasanqua,0.0015151342377066,6.0505619330797344e-05,0.0756116956472396,0.1256214827299118,afterglow,236.8,,7.1,158,Sasanqua,afterglow,236.8,,0.62186,158.0,Sasanqua,0.9925254583358764,0.8106396794319153,0.9997988343238832,0.149957463145256,afterglow,0.0007180208922363,0.0004488005652092,0.001245486899279,0.0003230463189538,236.8,,1.15,119.0,-18.67,5.0,Sasanqua,afterglow,236.80231292517007,,472,Sasanqua,0.0505071282386779,0.0047523351386189,0.2213507443666458,0.0913327783346176,,34,0.0913842427108899,fast
8,afterglow,RED RED RED,afterglow,703.0,0.32,117.45383522727272,187.500000000004,224.08,,17.85,False,RED RED RED,afterglow,224.37,,C#,C#,0.576,False,major,major,False,True,RED RED RED,afterglow,major,RED RED RED,afterglow,224.37,,1.05,2.318887710571289,-11.489530755418162,0,RED RED RED,-11.391728401184082,-12.86651611328125,-10.54762840270996,1.579951286315918,7.0161213874816895,5.54720401763916,7.715632915496826,0.8447364568710327,afterglow,224.366625,,149,RED RED RED,afterglow,224.37,,5.79,149,RED RED RED,5.8574,4.9632,6.4013,0.5575,afterglow,1.049700379371643,0.2842,0.952652871608734,,224.37,,RED RED RED,0.001173423603177,6.412679795175791e-05,0.1247309669852256,0.1705064624547958,afterglow,224.37,,6.59,149,RED RED RED,afterglow,224.37,,0.652337,149.0,RED RED RED,0.9853048920631408,0.5730205774307251,0.999821126461029,0.2037840038537979,afterglow,0.0010693370131775,0.0006195426103658,0.0020277919247746,0.0007434001890942,224.37,,1.1,113.0,-20.1,5.0,RED RED RED,afterglow,224.36666666666667,,447,RED RED RED,0.0684771537780761,0.0072309980168938,0.2165960967540741,0.0869705751538276,,29,0.0664982853125199,fast
9,afterglow,ONE OF US,afterglow,986.0,0.29,135.99917763157896,206.8965517241436,282.0,,22.99,False,ONE OF US,afterglow,282.3,,F,G,0.895,True,major,minor,False,False,ONE OF US,afterglow,minor,ONE OF US,afterglow,282.3,,1.39,3.240138053894043,-12.419653435622395,0,ONE OF US,-12.158843994140623,-14.548295974731444,-11.308157920837402,4.059150218963623,7.335694313049316,6.143275737762451,7.98610782623291,0.8535047173500061,afterglow,282.3,,188,ONE OF US,afterglow,282.3,,7.71,188,ONE OF US,6.3318,5.3412,7.0215,0.671,afterglow,1.0770437717437744,0.386,0.9284672141075134,,282.3,,ONE OF US,0.0001166679285233,2.5756626200745814e-06,0.0182935930788517,0.2266314625740051,afterglow,282.3,,7.55,188,ONE OF US,afterglow,282.3,,0.641721,188.0,ONE OF US,0.9236913919448853,0.0286115165799856,0.9998875260353088,0.3880769610404968,afterglow,,,,,,,1.43,,-22.42,5.0,ONE OF US,afterglow,282.3,,563,ONE OF US,0.0940331071615219,0.0243847891688346,0.2623534500598907,0.1020921841263771,,25,0.0783563584838823,fast
10,afterglow,Y.O.L.O!!!!!,afterglow,935.0,0.29,129.19921875,206.8965517241436,270.64,,22.21,False,Y.O.L.O!!!!!,afterglow,270.93,,F,F,0.505,False,major,major,False,False,Y.O.L.O!!!!!,afterglow,major,Y.O.L.O!!!!!,afterglow,270.93,,1.35,3.1506805419921875,-10.480882062961497,0,Y.O.L.O!!!!!,-10.437004089355469,-12.532994270324709,-9.38231372833252,5.817262172698975,7.229061126708984,6.510036945343018,7.956342697143555,0.727998673915863,afterglow,270.9305,,181,Y.O.L.O!!!!!,afterglow,270.93,,7.59,181,Y.O.L.O!!!!!,6.3371,5.5923,7.1453,0.6798,afterglow,1.0551151037216189,0.304,0.9477639198303224,,270.93,,Y.O.L.O!!!!!,4.241117858327925e-05,3.737423412530916e-06,0.001082366798073,0.0732204839587211,afterglow,270.93,,7.43,181,Y.O.L.O!!!!!,afterglow,270.93,,0.702245,181.0,Y.O.L.O!!!!!,0.977929949760437,0.2491034567356109,0.9996892213821412,0.2945404052734375,afterglow,0.0009792989585548,0.0005541424034163,0.0019015679135918,0.001018896815367,270.93,,1.39,136.0,-19.56,5.0,Y.O.L.O!!!!!,afterglow,270.93333333333334,,540,Y.O.L.O!!!!!,0.0937601998448371,0.0131432097405195,0.271421879529953,0.1095784157514572,,43,0.1620324553960913,fast
11,afterglow,Scarlet Sky,afterglow,688.0,0.33,73.828125,181.8181818181749,228.85,,17.91,False,Scarlet Sky,afterglow,229.0,,A,A,0.966,False,major,major,False,False,Scarlet Sky,afterglow,major,Scarlet Sky,afterglow,229.0,,1.05,2.0726518630981445,-9.531600545755769,0,Scarlet Sky,-9.67026138305664,-10.614051818847656,-8.541399955749512,1.219780206680298,7.190240859985352,6.039979934692383,7.968536853790283,0.7007022500038147,afterglow,229.0,,152,Scarlet Sky,afterglow,229.0,,6.68,152,Scarlet Sky,6.4851,5.7001,7.0898,0.5564,afterglow,1.2211817502975464,0.8815,0.8188788890838623,,229.0,,Scarlet Sky,0.000402465899242,3.673306127893738e-05,0.0088916709646582,0.0141422059386968,afterglow,229.0,,6.15,152,Scarlet Sky,afterglow,229.0,,0.775197,152.0,Scarlet Sky,0.9987683296203612,0.8459821343421936,0.9999400973320008,0.1194133758544921,afterglow,0.000633536837995,0.0004438255564309,0.0009739641100168,0.0002264764625579,229.0,,1.07,115.0,-16.9,5.0,Scarlet Sky,afterglow,229.0,,457,Scarlet Sky,0.0545439980924129,0.0076396209187805,0.1848679780960083,0.0786767154932022,,17,0.4863755458515282,fast
12,afterglow,Off we go.,afterglow,757.0,0.33,151.99908088235293,181.8181818181749,251.64,,19.63,False,Off we go.,afterglow,251.83,,C,C,0.609,False,major,major,False,False,Off we go.,afterglow,major,Off we go.,afterglow,251.83,,1.24,3.150228500366211,-10.842505750790862,0,Off we go.,-10.812969207763672,-12.785823822021484,-9.635595321655272,1.451179265975952,6.71071720123291,5.925046920776367,7.412260055541992,0.6321516633033752,afterglow,251.8333125,,168,Off we go.,afterglow,251.83,,6.48,168,Off we go.,5.8907,5.2446,6.6649,0.6226,afterglow,1.0396196842193604,0.2538,0.9618902206420898,,251.83,,Off we go.,0.001809271518141,6.211318395799026e-05,0.233266144990921,0.1946131438016891,afterglow,251.83,,6.54,168,Off we go.,afterglow,251.83,,0.674506,168.0,Off we go.,0.9932888150215148,0.1953978836536407,0.9999346733093262,0.301977276802063,afterglow,0.0007473917794413,0.0005062023410573,0.0013065125094726,0.000379788398277,251.83,,1.14,126.0,-19.41,5.0,Off we go.,afterglow,251.8333333333333,,502,Off we go.,0.0631847977638244,0.0084910178557038,0.2248644232749939,0.0905740186572074,,27,0.3079814182691234,fast
13,afterglow,いつも通りのBrand new days,afterglow,759.0,0.31,95.703125,193.5483870967728,237.08,,18.41,False,いつも通りのBrand new days,afterglow,237.33,,F#,C#,0.356,True,minor,major,False,True,いつも通りのBrand new days,afterglow,major,いつも通りのBrand new days,afterglow,237.33,,1.17,3.809497833251953,-10.298623854194645,0,いつも通りのBrand new days,-10.063515663146973,-12.75379753112793,-8.944299697875977,4.544125080108643,6.971593856811523,5.90209436416626,7.616895198822021,0.6636264324188232,afterglow,237.3333125,,158,いつも通りのBrand new days,afterglow,237.33,,5.98,158,いつも通りのBrand new days,6.1814,5.5229,6.7435,0.5226,afterglow,1.0944222211837769,0.465,0.9137240648269652,,237.33,,いつも通りのBrand new days,0.0015823281137272,5.69087133044377e-05,0.0272655673325061,0.1807866692543029,afterglow,237.33,,6.73,158,いつも通りのBrand new days,afterglow,237.33,,0.682194,158.0,いつも通りのBrand new days,0.976909875869751,0.049500111490488,0.9994199872016908,0.3709368705749511,afterglow,0.0009997593006119,0.0005422994145192,0.0020291695836931,0.0007796913268975,237.33,,1.07,119.0,-19.67,5.0,いつも通りのBrand new days,afterglow,237.3333333333333,,473,いつも通りのBrand new days,0.0779084339737892,0.0141214421018958,0.2398562282323837,0.0875071287155151,,23,0.1431741321674627,fast
14,afterglow,SWITCH ON NOW,afterglow,688.0,0.3,143.5546875,200.0000000000007,207.03,,16.57,False,SWITCH ON NOW,afterglow,207.33,,Ab,G#,0.447,True,minor,minor,False,True,SWITCH ON NOW,afterglow,minor,SWITCH ON NOW,afterglow,207.33,,0.98,2.3815603256225586,-9.82112338185104,0,SWITCH ON NOW,-9.892780303955078,-11.204800605773926,-8.823240280151367,6.399014949798584,7.222578525543213,6.658228397369385,7.932908535003662,0.6258032321929932,afterglow,207.3333125,,138,SWITCH ON NOW,afterglow,207.33,,4.18,138,SWITCH ON NOW,6.19,5.4395,6.931,0.6502,afterglow,1.0254218578338623,0.1945,0.9752084016799928,,207.33,,SWITCH ON NOW,0.0001530437439214,4.822572918783408e-06,0.0045965514145791,0.0223363060504198,afterglow,207.33,,5.48,138,SWITCH ON NOW,afterglow,207.33,,0.69744,138.0,SWITCH ON NOW,0.9825958013534546,0.2843225598335266,0.9996771812438964,0.2798206210136413,afterglow,0.000723554752767,0.0004425812803674,0.0014190240763127,0.0008014498744159,207.33,,0.98,104.0,-17.65,5.0,SWITCH ON NOW,afterglow,207.3333333333333,,413,SWITCH ON NOW,0.0663212239742279,0.0063804714009165,0.2443675547838211,0.0974414050579071,,33,0.226398668328242,fast
15,afterglow,ランブリングメモリー,afterglow,682.0,0.48,71.77734375,125.0000000000008,324.56,,24.5,False,ランブリングメモリー,afterglow,325.03,,E,E,1.0,False,major,major,False,False,ランブリングメモリー,afterglow,major,ランブリングメモリー,afterglow,325.03,,1.55,3.829249382019043,-10.84272592111089,0,ランブリングメモリー,-10.69773292541504,-13.551671028137209,-9.722421646118164,2.3698294162750244,7.179149150848389,5.745713710784912,7.640794277191162,0.833821177482605,afterglow,325.0333125,,217,ランブリングメモリー,afterglow,325.03,,8.37,217,ランブリングメモリー,5.8561,5.2961,6.4446,0.5054,afterglow,1.169970154762268,0.7675,0.8547226190567017,,325.03,,ランブリングメモリー,0.0089277680963277,0.0002211384417023,0.4916377961635589,0.2375532686710357,afterglow,325.03,,8.41,217,ランブリングメモリー,afterglow,325.03,,0.674616,217.0,ランブリングメモリー,0.9883676171302797,0.580003023147583,0.9998401999473572,0.2060779482126236,afterglow,0.0008271105471067,0.0004981209058314,0.0015706077683717,0.0004131512541789,325.03,,1.47,163.0,-20.4,5.0,ランブリングメモリー,afterglow,325.03333333333336,,649,ランブリングメモリー,0.0561996586620807,0.0063150832429528,0.2125010192394256,0.0938416570425033,,28,0.0223976999285074,medium
16,afterglow,COMIC PANIC!!!,afterglow,980.0,0.29,103.359375,206.8965517241436,280.31,,21.78,False,COMIC PANIC!!!,afterglow,280.5,,F,F,0.918,False,major,major,False,False,COMIC PANIC!!!,afterglow,major,COMIC PANIC!!!,afterglow,280.5,,1.22,4.092350006103516,-9.711785426460896,0,COMIC PANIC!!!,-9.668529510498049,-12.54318618774414,-8.450836181640625,4.720065593719482,7.407463073730469,6.55515193939209,8.120832443237305,0.6253589987754822,afterglow,280.5,,187,COMIC PANIC!!!,afterglow,280.5,,7.44,187,COMIC PANIC!!!,6.5549,5.5755,7.4547,0.7478,afterglow,1.2102797031402588,0.8617,0.8262553811073303,,280.5,,COMIC PANIC!!!,5.756457903771661e-05,1.37163556246378e-06,0.0030095921829342,0.0413800403475761,afterglow,280.5,,6.77,187,COMIC PANIC!!!,afterglow,280.5,,0.711485,187.0,COMIC PANIC!!!,0.6734092831611633,0.0497514680027961,0.9902603030204772,0.3479016423225403,afterglow,0.0008307036478072,0.0004112794704269,0.0014265034114941,0.0004962799721397,280.5,,1.34,141.0,-19.04,5.0,COMIC PANIC!!!,afterglow,280.5,,560,COMIC PANIC!!!,0.1218415200710296,0.0161829926073551,0.321970671415329,0.122058592736721,,50,0.1047415329768272,fast
17,afterglow,Trouble Joyful!!,afterglow,769.0,0.31,161.4990234375,193.5483870967728,237.65,,18.28,False,Trouble Joyful!!,afterglow,237.93,,D,D,0.418,False,minor,major,True,True,Trouble Joyful!!,afterglow,major,Trouble Joyful!!,afterglow,237.93,,1.1,2.505599975585937,-10.325828795197095,0,Trouble Joyful!!,-10.280990600585938,-11.76179027557373,-9.256190299987791,1.213675618171692,7.075883865356445,6.130163192749023,7.796974182128906,0.6816125512123108,afterglow,237.9333125,,158,Trouble Joyful!!,afterglow,237.93,,6.46,158,Trouble Joyful!!,6.043,5.238,6.9751,0.7174,afterglow,1.1278899908065796,0.617,0.8866113424301147,,237.93,,Trouble Joyful!!,0.0035595679655671,4.623586210072972e-05,0.1455836147069931,0.1419272273778915,afterglow,237.93,,5.66,158,Trouble Joyful!!,afterglow,237.93,,0.6573,158.0,Trouble Joyful!!,0.9930086731910706,0.2697349190711975,0.999992847442627,0.2988833487033844,afterglow,0.0006927463691681,0.0003761515545193,0.0014798245392739,0.000565827882383,237.93,,1.05,119.0,-18.45,5.0,Trouble Joyful!!,afterglow,237.9333333333333,,474,Trouble Joyful!!,0.0854946672916412,0.0140068875625729,0.2906820774078369,0.1102174296975135,,33,0.2356121750469013,fast
18,afterglow,Jamboree!Journey!,afterglow,676.0,0.38,135.99917763157896,157.89473684209534,259.57,,18.74,False,Jamboree!Journey!,afterglow,259.8,,F#,F#,0.65,False,major,major,False,True,Jamboree!Journey!,afterglow,major,Jamboree!Journey!,afterglow,259.8,,1.18,2.809952735900879,-11.205538538178534,0,Jamboree!Journey!,-11.045948028564451,-13.111207962036133,-10.301255226135254,2.385771036148072,7.314810752868652,6.44894552230835,8.083337783813477,0.7602508664131165,afterglow,259.8,,173,Jamboree!Journey!,afterglow,259.8,,6.92,173,Jamboree!Journey!,6.3438,5.474,7.0377,0.722,afterglow,1.120234727859497,0.5821,0.8926702737808228,,259.8,,Jamboree!Journey!,0.0009532247204333,4.8704070650273934e-05,0.0263573974370956,0.0413252152502536,afterglow,259.8,,6.76,173,Jamboree!Journey!,afterglow,259.8,,0.734698,173.0,Jamboree!Journey!,0.9972544312477112,0.8897811770439148,0.9999266266822816,0.1239352524280548,afterglow,0.0008885950082913,0.0004929832066409,0.0014849612489342,0.0004685572057496,259.8,,1.08,130.0,-20.14,5.0,Jamboree!Journey!,afterglow,259.8,,518,Jamboree!Journey!,0.0821775943040847,0.0134691968560218,0.2375736981630325,0.0884703248739242,,37,0.1608929946112395,medium
19,afterglow,カナユメ,afterglow,641.0,0.48,123.046875,124.99999999999989,307.22,,22.96,False,カナユメ,afterglow,307.47,,D,D,0.778,False,major,major,False,False,カナユメ,afterglow,major,カナユメ,afterglow,307.47,,1.38,3.2256174087524414,-10.747677623134376,0,カナユメ,-10.688396453857422,-13.011073112487791,-9.785455703735352,4.004705905914307,6.886216640472412,5.5931572914123535,7.510343551635742,0.7963249087333679,afterglow,307.466625,,205,カナユメ,afterglow,307.47,,9.48,205,カナユメ,5.8623,4.9803,6.4538,0.5841,afterglow,1.0672811269760132,0.3571,0.9369601607322692,,307.47,,カナユメ,0.0063513442873954,0.0004601182590704,0.5518719553947449,0.2396710216999054,afterglow,307.47,,7.95,205,カナユメ,afterglow,307.47,,0.719142,205.0,カナユメ,0.9993637204170228,0.8401069641113281,0.999991536140442,0.1449745297431945,afterglow,0.0008973427466116,0.0004720692813862,0.0016343070892617,0.0005172426463104,307.47,,1.33,154.0,-18.33,5.0,カナユメ,afterglow,307.46666666666664,,613,カナユメ,0.0613674819469451,0.0093311453238129,0.2314750254154205,0.0943687036633491,,27,0.0511925377281725,medium
20,afterglow,独創収差,afterglow,582.0,0.48,184.5703125,125.00000000000269,276.29,,21.08,False,独創収差,afterglow,276.3,,Eb,F#,0.277,True,minor,major,False,False,独創収差,afterglow,major,独創収差,afterglow,276.3,,1.21,10.93198585510254,-8.709624522292605,0,独創収差,-8.52090072631836,-18.12153434753418,-7.189548492431641,6.237142086029053,6.745689392089844,4.6945624351501465,7.511527061462402,1.0524009466171265,afterglow,276.3,,184,独創収差,afterglow,276.3,,8.21,184,独創収差,4.423,3.1993,5.6819,0.9218,afterglow,0.915381669998169,0.0182,1.0924406051635742,,276.3,,独創収差,1.74795741259004e-06,3.6208209763799466e-08,0.4212411046028137,0.2369894087314605,afterglow,276.3,,7.45,184,独創収差,afterglow,276.3,,0.799104,184.0,独創収差,0.996928095817566,0.5403918027877808,0.999954879283905,0.2259686440229416,afterglow,,,,,,,1.18,,-22.97,5.0,独創収差,afterglow,276.3,,551,独創収差,0.0588974021375179,0.0103992857038974,0.2260024100542068,0.0969654768705368,,31,0.1773434672457471,medium
21,afterglow,極彩色,afterglow,735.0,0.32,99.38401442307692,187.49999999999568,238.29,,18.33,False,極彩色,afterglow,238.6,,G,D,0.258,True,major,major,False,False,極彩色,afterglow,major,極彩色,afterglow,238.6,,1.02,2.16023063659668,-10.871496597906877,0,極彩色,-10.844642639160156,-12.322134017944336,-10.161903381347656,5.360745429992676,7.00611686706543,6.289156913757324,7.7564167976379395,0.7265605926513672,afterglow,238.6,,159,極彩色,afterglow,238.6,,7.23,159,極彩色,6.0006,5.2871,6.6025,0.5608,afterglow,1.1167354583740234,0.5608,0.8954672813415527,,238.6,,極彩色,0.0004907699185423,3.3771164453355595e-05,0.0268411729484796,0.1243659928441047,afterglow,238.6,,6.15,159,極彩色,afterglow,238.6,,0.757314,159.0,極彩色,0.9969124794006348,0.1404618322849273,0.9998973608016968,0.3462072610855102,afterglow,0.0007322088931687,0.0004110732115805,0.0014155360404402,0.0010164239211007,238.6,,1.07,120.0,-19.14,5.0,極彩色,afterglow,238.6,,476,極彩色,0.0617326349020004,0.0078025991097092,0.219734251499176,0.0965078249573707,,22,0.5135792120704108,fast
22,afterglow,サクラゼンセン,afterglow,702.0,0.42,143.5546875,142.85714285714226,249.07,,18.9,True,サクラゼンセン,afterglow,249.33,,A,F#,0.643,False,major,minor,False,False,サクラゼンセン,afterglow,minor,サクラゼンセン,afterglow,249.33,,1.08,3.1908740997314453,-11.060568329293986,0,サクラゼンセン,-10.620019912719728,-13.166950225830078,-9.976076126098633,4.717440128326416,7.159527778625488,6.230849742889404,7.758603572845459,0.6515575647354126,afterglow,249.3333125,,166,サクラゼンセン,afterglow,249.33,,7.12,166,サクラゼンセン,5.8706,5.2894,6.4214,0.4528,afterglow,1.240552306175232,0.8967,0.8060925602912903,,249.33,,サクラゼンセン,0.0041192015632987,0.0002284421934746,0.4064451456069946,0.2563527822494507,afterglow,249.33,,6.99,166,サクラゼンセン,afterglow,249.33,,0.71639,166.0,サクラゼンセン,0.998309314250946,0.5146631002426147,0.9998825788497924,0.2430781573057174,afterglow,0.0008909890893846,0.0005370671860873,0.0018393222708255,0.0006780910189263,249.33,,1.1,125.0,-19.03,5.0,サクラゼンセン,afterglow,249.3333333333333,,497,サクラゼンセン,0.0766149759292602,0.0086208712309598,0.2323171496391296,0.0905498787760734,,27,0.4140641019277905,medium
23,afterglow,True color,afterglow,680.0,0.37,103.359375,162.16216216216017,253.03,,19.33,False,True color,afterglow,253.33,,G,B,0.425,True,major,minor,False,False,True color,afterglow,minor,True color,afterglow,253.33,,1.06,2.603649139404297,-9.980813018341072,0,True color,-9.93159294128418,-11.571789741516112,-8.968140602111816,5.617249011993408,7.05737829208374,6.0538177490234375,7.6522393226623535,0.7385700941085815,afterglow,253.3333125,,169,True color,afterglow,253.33,,7.3,169,True color,6.383,5.514,6.8177,0.6144,afterglow,1.0387320518493652,0.2462,0.962712287902832,,253.33,,True color,0.001459447434172,0.000165636112797,0.0846832543611526,0.079272024333477,afterglow,253.33,,7.45,169,True color,afterglow,253.33,,0.772762,169.0,True color,0.9987838864326476,0.454928308725357,0.9999598264694214,0.2594206035137176,afterglow,0.0006577569874934,0.0003573931462597,0.0011021376121789,0.0003238567442167,253.33,,1.12,127.0,-18.0,5.0,True color,afterglow,253.3333333333333,,505,True color,0.0563845187425613,0.0088623370975255,0.2110724002122879,0.0852878838777542,,33,0.2387368028393416,fast
24,afterglow,Crow Song,afterglow,710.0,0.35,172.265625,171.4285714285742,244.03,,19.16,False,Crow Song,afterglow,244.2,,Eb,D#,0.408,True,major,major,False,False,Crow Song,afterglow,major,Crow Song,afterglow,244.2,,1.03,2.9791622161865234,-10.766799235576013,0,Crow Song,-10.754067420959473,-12.51798152923584,-9.538819313049316,1.42222261428833,6.98244571685791,6.163245677947998,7.789640426635742,0.6392573118209839,afterglow,244.2,,163,Crow Song,afterglow,244.2,,6.65,163,Crow Song,6.0725,5.4463,7.1696,0.7081,afterglow,1.33065664768219,0.9726,0.7515085935592651,,244.2,,Crow Song,1.1354499292792752e-05,3.491538222988311e-07,0.0004960290971212,0.0012236888287588,afterglow,244.2,,7.12,163,Crow Song,afterglow,244.2,,0.773694,163.0,Crow Song,0.9767175316810608,0.3067485988140106,0.9999281764030457,0.277505874633789,afterglow,,,,,,,1.09,,-19.24,5.0,Crow Song,afterglow,244.2,,487,Crow Song,0.0448824800550937,0.0076280096545815,0.1778381317853927,0.0732450559735298,,32,0.0551187551187551,fast
25,afterglow,カサブタ,afterglow,565.0,0.35,234.90767045454547,171.4285714285742,196.59,,14.73,False,カサブタ,afterglow,196.67,,A,A,0.571,False,major,major,False,False,カサブタ,afterglow,major,カサブタ,afterglow,196.67,,0.85,2.463705062866211,-10.448468653713425,0,カサブタ,-10.171627044677734,-12.198183059692385,-9.734477996826172,1.1236751079559326,7.652812957763672,6.791083335876465,8.166153907775879,0.609244167804718,afterglow,196.666625,,131,カサブタ,afterglow,196.67,,5.68,131,カサブタ,6.4076,5.5771,7.0127,0.5469,afterglow,1.169558048248291,0.7644,0.8550238609313965,,196.67,,カサブタ,5.092556239105761e-05,2.5908559564413736e-06,0.0017217778367921,0.0145509531721472,afterglow,196.67,,5.87,131,カサブタ,afterglow,196.67,,0.722319,131.0,カサブタ,0.9499802589416504,0.2612301409244537,0.9986629486083984,0.2906408905982971,afterglow,0.0007701286231167,0.0004711881338153,0.0016892335843294,0.0007770603988319,196.67,,0.92,99.0,-18.19,5.0,カサブタ,afterglow,196.66666666666663,,392,カサブタ,0.065502144396305,0.0127888638526201,0.2174592018127441,0.0829976648092269,,31,0.0,fast
26,afterglow,アイのシナリオ,afterglow,780.0,0.33,172.265625,181.8181818181749,259.66,,19.81,False,アイのシナリオ,afterglow,259.83,,D,D,0.764,False,major,major,False,False,アイのシナリオ,afterglow,major,アイのシナリオ,afterglow,259.83,,1.06,3.273998260498047,-11.372673452700758,0,アイのシナリオ,-11.24895191192627,-13.46078109741211,-10.186782836914062,3.4613523483276367,7.085435390472412,6.125669002532959,7.598698139190674,0.6627352237701416,afterglow,259.8333125,,173,アイのシナリオ,afterglow,259.83,,6.62,173,アイのシナリオ,5.98,5.2701,6.5952,0.5309,afterglow,1.0307656526565552,0.2158,0.9701526165008544,,259.83,,アイのシナリオ,0.0006955084973014,3.10522154904902e-05,0.0566990822553634,0.1411037445068359,afterglow,259.83,,6.94,173,アイのシナリオ,afterglow,259.83,,0.75986,173.0,アイのシナリオ,0.996865451335907,0.5806543231010437,0.999916970729828,0.2108639627695083,afterglow,0.0009502605535089,0.0005755386664532,0.0018815300427377,0.0010085314279422,259.83,,1.13,130.0,-19.88,5.0,アイのシナリオ,afterglow,259.8333333333333,,518,アイのシナリオ,0.0770693570375442,0.0095509933307766,0.2448418140411377,0.0952658727765083,,47,0.3692366309755243,fast
27,afterglow,Northern lights,afterglow,470.0,0.44,161.4990234375,136.36363636363265,208.64,,17.1,False,Northern lights,afterglow,209.1,,A,A,0.889,False,minor,minor,False,False,Northern lights,afterglow,minor,Northern lights,afterglow,209.1,,0.85,2.6065454483032227,-10.554252361033194,0,Northern lights,-10.306978225708008,-12.26345920562744,-9.65691375732422,1.1812533140182495,7.095794677734375,6.075559139251709,7.800177097320557,0.7343118190765381,afterglow,209.1,,139,Northern lights,afterglow,209.1,,5.83,139,Northern lights,5.5132,4.8747,6.272,0.6434,afterglow,1.1604056358337402,0.731,0.8617677092552185,,209.1,,Northern lights,0.000104145379737,2.3884849724709056e-06,0.0071427077054977,0.0468554161489009,afterglow,209.1,,5.7,139,Northern lights,afterglow,209.1,,0.755352,139.0,Northern lights,0.967606008052826,0.1069394722580909,0.9995945692062378,0.3473893404006958,afterglow,0.0009405653108842,0.0005081366980448,0.0022246302105486,0.0006916234269738,209.1,,0.84,105.0,-17.99,5.0,Northern lights,afterglow,209.1,,417,Northern lights,0.0718007311224937,0.0128806820139288,0.2460430562496185,0.0991811752319336,,25,0.178861788617886,medium
28,afterglow,トーキョーワンダー。,afterglow,352.0,0.44,86.1328125,136.36363636363706,153.29,,12.45,False,トーキョーワンダー。,afterglow,153.77,,F,C,0.444,True,major,major,False,True,トーキョーワンダー。,afterglow,major,トーキョーワンダー。,afterglow,153.77,,0.66,3.719075202941896,-10.409524739959682,0,トーキョーワンダー。,-10.115164756774902,-13.13601779937744,-9.416942596435549,5.577238082885742,7.055652141571045,5.601112842559815,7.983900547027588,0.8717530369758606,afterglow,153.766625,,102,トーキョーワンダー。,afterglow,153.77,,4.29,102,トーキョーワンダー。,5.9526,4.665,6.4676,0.7559,afterglow,1.125173807144165,0.6049,0.8887515664100647,,153.77,,トーキョーワンダー。,0.0003852018853649,1.0009500329033472e-05,0.0107760485261678,0.1067446991801261,afterglow,153.77,,4.11,102,トーキョーワンダー。,afterglow,153.77,,0.675927,102.0,トーキョーワンダー。,0.9925267696380616,0.1740060001611709,0.9999744296073914,0.321892648935318,afterglow,0.0017212830716744,0.0006674418109469,0.0045460499823093,0.0027315460611134,153.77,,0.67,77.0,-21.57,5.0,トーキョーワンダー。,afterglow,153.76666666666668,,306,トーキョーワンダー。,0.0754400044679641,0.0140763819217681,0.2325249910354614,0.0874196663498878,,20,0.2178625328063986,medium
29,afterglow,Reach Out To The Truth,afterglow,486.0,0.35,172.265625,171.4285714285707,171.18,,13.87,False,Reach Out To The Truth,afterglow,171.47,,D,B,0.455,False,major,minor,False,True,Reach Out To The Truth,afterglow,minor,Reach Out To The Truth,afterglow,171.47,,0.72,2.4117469787597656,-10.145127086939766,0,Reach Out To The Truth,-10.004999160766602,-11.830384254455566,-9.4186372756958,0.8259223699569702,7.196823120117188,6.619765281677246,7.823343276977539,0.485893964767456,afterglow,171.466625,,114,Reach Out To The Truth,afterglow,171.47,,4.97,114,Reach Out To The Truth,5.9946,5.3235,6.9637,0.6367,afterglow,1.3856855630874634,0.9878,0.721664309501648,,171.47,,Reach Out To The Truth,1.4447996363742275e-05,1.2232851531734925e-06,0.0003351006889715,0.0028000506572425,afterglow,171.47,,4.19,114,Reach Out To The Truth,afterglow,171.47,,0.836679,114.0,Reach Out To The Truth,0.996367871761322,0.8721320033073425,0.9999690055847168,0.0853978022933006,afterglow,0.0006980524631217,0.0003757986123673,0.001374244573526,0.0005683057243004,171.47,,0.94,86.0,-17.85,5.0,Reach Out To The Truth,afterglow,171.46666666666667,,341,Reach Out To The Truth,0.0886909663677215,0.0217120945453643,0.2531043589115143,0.0893139019608497,,14,0.2631414921338584,fast
30,afterglow,Listen!!,afterglow,665.0,0.34,135.99917763157896,176.47058823529235,227.32,,18.12,False,Listen!!,afterglow,227.47,,A,A,0.562,False,minor,major,True,True,Listen!!,afterglow,major,Listen!!,afterglow,227.47,,1.92,3.230853080749512,-10.867349930247023,0,Listen!!,-10.64625358581543,-12.98669719696045,-9.755844116210938,3.807582378387451,7.204256534576416,6.548276424407959,8.077770233154297,0.6164554953575134,afterglow,227.466625,,151,Listen!!,afterglow,227.47,,5.69,151,Listen!!,6.0513,5.452,6.7215,0.5228,afterglow,1.1154487133026123,0.5517,0.8965002298355103,,227.47,,Listen!!,0.0002542608999647,2.984929551530513e-06,0.0148517489433288,0.0783183202147483,afterglow,227.47,,5.56,151,Listen!!,afterglow,227.47,,0.724387,151.0,Listen!!,0.9877501130104064,0.2700676023960113,0.9996846914291382,0.2836365103721618,afterglow,0.0009478022111579,0.0004994306946173,0.0019217629451304,0.0006904386682435,227.47,,1.07,114.0,-19.13,5.0,Listen!!,afterglow,227.46666666666667,,453,Listen!!,0.0620610602200031,0.0115273892879486,0.2327258586883545,0.0922682136297226,,30,0.2457502705753342,fast
31,afterglow,青い栞,afterglow,740.0,0.45,123.046875,133.33333333332828,336.32,,26.63,False,青い栞,afterglow,336.8,,B,B,0.686,False,major,major,False,False,青い栞,afterglow,major,青い栞,afterglow,336.8,,2.27,5.463316917419434,-11.87947644343549,0,青い栞,-12.098248481750488,-15.507683753967283,-10.044366836547852,5.317088603973389,6.3585052490234375,4.967586517333984,7.132709980010986,0.8760249614715576,afterglow,336.8,,225,青い栞,afterglow,336.8,,8.41,225,青い栞,5.5186,4.8104,6.1581,0.52,afterglow,1.0294121503829956,0.2143,0.971428155899048,,336.8,,青い栞,0.19259974360466,0.0119942855089902,0.82667475938797,0.3023065328598022,afterglow,336.8,,8.51,225,青い栞,afterglow,336.8,,0.628103,225.0,青い栞,0.9996455907821656,0.6816069483757019,0.9999971389770508,0.2127383798360824,afterglow,0.0007224933360703,0.0004078671045135,0.0014571911888197,0.000785723037552,336.8,,1.29,169.0,-21.5,5.0,青い栞,afterglow,336.8,,672,青い栞,0.0769842118024826,0.0083296438679099,0.2522822022438049,0.0985315665602684,,67,0.234857482185273,medium
32,afterglow,イマジネーション,afterglow,606.0,0.29,129.19921875,206.89655172413347,177.7,,14.14,False,イマジネーション,afterglow,177.97,,Ab,G#,0.349,True,minor,major,False,True,イマジネーション,afterglow,major,イマジネーション,afterglow,177.97,,1.58,3.995331764221192,-11.159949489699532,0,イマジネーション,-11.29399585723877,-13.729452133178713,-9.73412036895752,5.233871936798096,7.137579917907715,5.806947708129883,7.717939376831055,0.7585042715072632,afterglow,177.966625,,118,イマジネーション,afterglow,177.97,,3.73,118,イマジネーション,6.3372,5.1599,7.1682,0.7268,afterglow,1.0711920261383057,0.3678,0.9335392713546752,,177.97,,イマジネーション,0.0008574113016948,8.816990884952247e-06,0.0407983437180519,0.1122760251164436,afterglow,177.97,,4.36,118,イマジネーション,afterglow,177.97,,0.689159,118.0,イマジネーション,0.9943966269493104,0.4811927378177643,0.999880850315094,0.2641562223434448,afterglow,0.0008671417017467,0.0005404837429523,0.0016143842367455,0.0006551106926053,177.97,,0.83,89.0,-20.67,5.0,イマジネーション,afterglow,177.96666666666667,,354,イマジネーション,0.1045858412981033,0.0157421771436929,0.3355844914913177,0.129653200507164,,21,0.2460010950083003,fast
33,afterglow,Butter-Fly,afterglow,714.0,0.35,86.1328125,171.4285714285742,250.03,,19.92,False,Butter-Fly,afterglow,250.2,,Ab,G#,0.458,True,major,major,False,False,Butter-Fly,afterglow,major,Butter-Fly,afterglow,250.2,,1.94,2.6741323471069336,-9.60994503188599,0,Butter-Fly,-9.529170036315918,-11.293684005737305,-8.619551658630371,3.626802444458008,6.967366218566895,6.398518562316895,7.655381202697754,0.5806037783622742,afterglow,250.2,,167,Butter-Fly,afterglow,250.2,,6.16,167,Butter-Fly,6.3708,5.648,7.0762,0.5577,afterglow,1.0513440370559692,0.2903,0.9511634707450868,,250.2,,Butter-Fly,8.235607674578205e-05,5.394960226112744e-06,0.0018513890681788,0.0062315259128808,afterglow,250.2,,6.78,167,Butter-Fly,afterglow,250.2,,0.748116,167.0,Butter-Fly,0.999624490737915,0.6155244708061218,0.9999850988388062,0.2109138816595077,afterglow,,,,,,,1.1,,-17.09,5.0,Butter-Fly,afterglow,250.2,,499,Butter-Fly,0.0450482480227947,0.0062656346708536,0.168037012219429,0.0681099370121955,,24,0.2019184652278177,fast
34,afterglow,燦々,afterglow,636.0,0.31,143.5546875,193.548387096775,194.62,,16.06,False,燦々,afterglow,194.9,,E,E,0.804,False,major,major,False,False,燦々,afterglow,major,燦々,afterglow,194.9,,1.67,2.1378326416015625,-10.744673081036142,0,燦々,-10.46982479095459,-12.239633560180664,-10.101800918579102,1.226018309593201,6.6930832862854,5.897799015045166,7.411642074584961,0.5932053327560425,afterglow,194.9,,129,燦々,afterglow,194.9,,4.41,129,燦々,5.6659,4.5625,6.6784,0.8096,afterglow,1.1330845355987549,0.6353,0.8825467824935913,,194.9,,燦々,2.7829826194647467e-06,9.189744964999136e-09,0.0001582837721798,0.0003839887504,afterglow,194.9,,5.12,129,燦々,afterglow,194.9,,0.759381,129.0,燦々,0.9996979236602784,0.6606940627098083,0.9999969005584716,0.1837311685085296,afterglow,0.0008511382038705,0.0004844522045459,0.0016271955100819,0.0004927580594085,194.9,,0.88,98.0,-18.46,5.0,燦々,afterglow,194.9,,388,燦々,0.0556374192237854,0.0113259628415107,0.2068896442651748,0.0907312408089637,,20,0.2448435094920472,fast
35,afterglow,That's why I'm here.,afterglow,807.0,0.32,135.99917763157896,187.49999999999568,261.59,,20.28,False,That's why I'm here.,afterglow,261.87,,Ab,B,0.536,True,major,major,False,True,That's why I'm here.,afterglow,major,That's why I'm here.,afterglow,261.87,,2.02,3.833123207092285,-10.273894402834582,0,That's why I'm here.,-10.181473731994627,-12.929679870605469,-9.096556663513184,1.7610411643981934,6.846534729003906,5.64634895324707,7.481852054595947,0.7323170900344849,afterglow,261.866625,,174,That's why I'm here.,afterglow,261.87,,6.83,174,That's why I'm here.,6.0183,5.2096,6.7367,0.6291,afterglow,1.102332353591919,0.503,0.9071673154830932,,261.87,,That's why I'm here.,0.0015753617044538,1.454821631341474e-05,0.3452827334403991,0.2115292847156524,afterglow,261.87,,7.15,174,That's why I'm here.,afterglow,261.87,,0.6122,174.0,That's why I'm here.,0.9964622259140016,0.4717760682106018,0.9999327063560486,0.2509195804595947,afterglow,0.0009357833769172,0.0004809687088709,0.0020481878891587,0.0006391168572008,261.87,,1.2,131.0,-19.25,5.0,That's why I'm here.,afterglow,261.8666666666667,,522,That's why I'm here.,0.0645667612552642,0.0091133872047066,0.2048002481460571,0.0874286368489265,,49,0.4254836728707619,fast
36,afterglow,IGNITE GLOW,afterglow,588.0,0.45,143.5546875,133.33333333332828,267.1,,21.04,False,IGNITE GLOW,afterglow,267.37,,C,E,0.656,True,major,minor,False,False,IGNITE GLOW,afterglow,minor,IGNITE GLOW,afterglow,267.37,,2.04,2.4737625122070312,-10.165351548730614,0,IGNITE GLOW,-10.100004196166992,-11.742962837219238,-9.269200325012209,1.7643965482711792,6.900792598724365,5.981845855712891,7.540884494781494,0.6550936102867126,afterglow,267.366625,,178,IGNITE GLOW,afterglow,267.37,,7.23,178,IGNITE GLOW,5.8365,4.9056,6.5369,0.6959,afterglow,1.0850980281829834,0.4347,0.9215757250785828,,267.37,,IGNITE GLOW,0.0019084932282567,5.791799594589975e-06,0.0812166258692741,0.1322099417448043,afterglow,267.37,,6.97,178,IGNITE GLOW,afterglow,267.37,,0.684178,178.0,IGNITE GLOW,0.979447305202484,0.0085562178865075,0.9999425411224364,0.4040184020996094,afterglow,0.0010980273364111,0.0005307167302817,0.0020404923707246,0.0006003202288411,267.37,,1.26,134.0,-18.97,5.0,IGNITE GLOW,afterglow,267.3666666666667,,533,IGNITE GLOW,0.0717904716730117,0.0106037547811865,0.2182157784700393,0.0881995782256126,,40,0.1336740950571862,medium
37,afterglow,ペトリコール・オベーション,afterglow,676.0,0.32,123.046875,187.49999999999568,218.95,,17.17,False,ペトリコール・オベーション,afterglow,219.13,,F,F,0.511,False,major,major,False,True,ペトリコール・オベーション,afterglow,major,ペトリコール・オベーション,afterglow,219.13,,1.87,2.982621192932129,-10.274189730696651,0,ペトリコール・オベーション,-10.180452346801758,-12.331259727478027,-9.348638534545898,5.86303186416626,7.153072357177734,5.983415126800537,8.063652038574219,0.9149132370948792,afterglow,219.1333125,,146,ペトリコール・オベーション,afterglow,219.13,,6.44,146,ペトリコール・オベーション,6.1197,5.2314,6.7417,0.6095,afterglow,1.2053557634353638,0.8556,0.8296307325363159,,219.13,,ペトリコール・オベーション,0.0027806032449007,5.316468741511926e-05,0.0537371560931205,0.0951093062758445,afterglow,219.13,,6.06,146,ペトリコール・オベーション,afterglow,219.13,,0.660852,146.0,ペトリコール・オベーション,0.9703495502471924,0.1232979297637939,0.9997084140777588,0.3526582717895508,afterglow,0.0010192431509494,0.0005476115038618,0.0017874983604997,0.0005071785417385,219.13,,1.01,110.0,-18.09,5.0,ペトリコール・オベーション,afterglow,219.13333333333333,,437,ペトリコール・オベーション,0.0681823343038559,0.013374944217503,0.1993033587932586,0.0825315490365028,,15,0.2843930095084785,fast
38,afterglow,Made My Day,afterglow,703.0,0.32,123.046875,187.500000000004,243.91,,19.21,False,Made My Day,afterglow,243.97,,F,F,0.843,False,major,major,False,False,Made My Day,afterglow,major,Made My Day,afterglow,243.97,,0.89,1.8701658248901367,-9.662747138901995,0,Made My Day,-9.58469581604004,-10.73374843597412,-8.863582611083984,1.1078386306762695,6.833186149597168,6.119282245635986,7.492385387420654,0.5162732601165771,afterglow,243.966625,,162,Made My Day,afterglow,243.97,,6.32,162,Made My Day,5.7316,5.0339,6.4676,0.5774,afterglow,1.1656612157821655,0.7523,0.8578822612762451,,243.97,,Made My Day,0.0019811107777059,5.26032381458208e-05,0.0509293861687183,0.1290274560451507,afterglow,243.97,,6.46,162,Made My Day,afterglow,243.97,,0.679684,162.0,Made My Day,0.9938360452651978,0.1930378377437591,0.9998396635055542,0.3232520818710327,afterglow,0.0009582974016666,0.0005031926557421,0.0017097821692004,0.0005415800842456,243.97,,1.04,122.0,-16.51,5.0,Made My Day,afterglow,243.96666666666667,,486,Made My Day,0.0501341968774795,0.006457494571805,0.1843975484371185,0.0806155428290367,,21,0.0573848837456548,fast
39,afterglow,Glowing After,afterglow,839.0,0.3,198.76802884615384,199.9999999999924,254.3,,19.35,False,Glowing After,afterglow,254.49,,B,F#,0.388,True,major,minor,False,True,Glowing After,afterglow,minor,Glowing After,afterglow,254.49,,0.88,3.877474784851074,-9.483970137900164,0,Glowing After,-9.424972534179688,-11.969320297241213,-8.091845512390137,3.25459098815918,6.885965824127197,5.541101455688477,7.507885456085205,0.784569501876831,afterglow,254.4933125,,170,Glowing After,afterglow,254.49,,6.39,170,Glowing After,5.8709,5.236,6.4945,0.5493,afterglow,1.079317331314087,0.3967,0.9265115857124328,,254.49,,Glowing After,0.0005310917622409,6.032363216945669e-06,0.2218373119831085,0.1784391850233078,afterglow,254.49,,6.8,170,Glowing After,afterglow,254.49,,0.576187,170.0,Glowing After,0.9999085664749146,0.95145845413208,0.999997615814209,0.1373954266309738,afterglow,0.0011519941035658,0.0005477746017277,0.0024483897723257,0.001071881619282,254.49,,1.1,128.0,-20.05,5.0,Glowing After,afterglow,254.4933333333333,,507,Glowing After,0.0776608511805534,0.0117688793689012,0.2425700575113296,0.097753144800663,,31,0.2913238900619713,fast
40,afterglow,A Sunset So Bright,afterglow,732.0,0.32,151.99908088235293,187.500000000004,231.1,,18.05,False,A Sunset So Bright,afterglow,231.11,,A,E,0.334,True,minor,minor,False,True,A Sunset So Bright,afterglow,minor,A Sunset So Bright,afterglow,231.11,,2.24,2.642207145690918,-9.281351023594398,0,A Sunset So Bright,-9.015908241271973,-10.961740493774414,-8.319533348083496,4.452558994293213,6.64708137512207,5.813372611999512,7.233846187591553,0.5617335438728333,afterglow,231.106625,,154,A Sunset So Bright,afterglow,231.11,,6.2,154,A Sunset So Bright,4.8741,3.6698,5.7315,0.802,afterglow,1.028225660324097,0.2112,0.9725492000579834,,231.11,,A Sunset So Bright,2.17999786400469e-06,3.2180196285480633e-08,0.0001826632505981,0.0271787494421005,afterglow,231.11,,6.16,154,A Sunset So Bright,afterglow,231.11,,0.820051,154.0,A Sunset So Bright,0.990556299686432,0.3029192984104156,0.9997596144676208,0.2667424082756042,afterglow,0.0008479033131152,0.0004042189102619,0.0014912968035787,0.0004979658988304,231.11,,1.07,116.0,-15.97,5.0,A Sunset So Bright,afterglow,231.10666666666663,,461,A Sunset So Bright,0.0309243891388177,0.0059134121984243,0.1720247417688369,0.0756286457180976,,17,0.1435700557129053,fast
41,afterglow,Start as Usual,afterglow,824.0,0.33,78.30255681818181,181.8181818181749,275.96,,21.73,False,Start as Usual,afterglow,276.27,,G,D,0.556,True,major,major,False,True,Start as Usual,afterglow,major,Start as Usual,afterglow,276.27,,2.48,2.5784950256347656,-9.98906242135778,0,Start as Usual,-9.826653480529783,-11.67825698852539,-9.099761962890623,4.273762702941895,6.692793846130371,5.833326816558838,7.320736885070801,0.6473026871681213,afterglow,276.266625,,184,Start as Usual,afterglow,276.27,,7.41,184,Start as Usual,5.1904,4.5616,5.9108,0.5399,afterglow,1.1326967477798462,0.6337,0.8828487992286682,,276.27,,Start as Usual,2.012628101510927e-05,8.1318844991074e-08,0.005164195317775,0.1011756286025047,afterglow,276.27,,7.18,184,Start as Usual,afterglow,276.27,,0.621262,184.0,Start as Usual,0.999528467655182,0.4838418364524841,0.9999971985816956,0.2295614629983902,afterglow,,,,,,,1.29,,-17.49,5.0,Start as Usual,afterglow,276.26666666666665,,551,Start as Usual,0.0625992566347122,0.0101511999964714,0.2168141603469848,0.094804510474205,,27,0.6255549721317741,fast
42,afterglow,“Say cheese!!!!!”,afterglow,523.0,0.5,129.19921875,120.0,260.59,,19.9,False,“Say cheese!!!!!”,afterglow,261.07,,A,A,0.412,False,major,major,False,True,“Say cheese!!!!!”,afterglow,major,“Say cheese!!!!!”,afterglow,261.07,,2.41,1.4896478652954102,-9.474491772849625,0,“Say cheese!!!!!”,-9.403491020202637,-10.366243362426758,-8.876595497131348,5.103694915771484,7.090773582458496,6.389397621154785,7.644211769104004,0.5429658889770508,afterglow,261.066625,,174,“Say cheese!!!!!”,afterglow,261.07,,7.57,174,“Say cheese!!!!!”,5.874,4.4993,6.5549,0.8089,afterglow,1.1820803880691528,0.7994,0.8459660410881042,,261.07,,“Say cheese!!!!!”,2.190259147027973e-05,1.6255620494121106e-07,0.000675888499245,0.0085579277947545,afterglow,261.07,,6.97,174,“Say cheese!!!!!”,afterglow,261.07,,0.72551,174.0,“Say cheese!!!!!”,0.9995967149734496,0.8249529004096985,0.9999883770942688,0.1532262414693832,afterglow,0.0009906094055622,0.0004910149145871,0.0018895389512181,0.0006842386792413,261.07,,1.28,131.0,-16.54,5.0,“Say cheese!!!!!”,afterglow,261.06666666666666,,521,“Say cheese!!!!!”,0.0620506443083286,0.0086559178307652,0.2584419250488281,0.0983937680721283,,30,0.1355975376981025,medium
43,afterglow,花笑みのデュオ,afterglow,834.0,0.3,161.4990234375,200.0000000000007,250.1,,19.66,False,花笑みのデュオ,afterglow,250.31,,G,G,0.542,False,major,major,False,False,花笑みのデュオ,afterglow,major,花笑みのデュオ,afterglow,250.31,,2.31,3.4912567138671875,-9.14375258734692,0,花笑みのデュオ,-8.935758590698242,-11.751587867736816,-8.260331153869629,6.294183731079102,6.675547122955322,5.58455228805542,7.331472396850586,0.7725667357444763,afterglow,250.306625,,167,花笑みのデュオ,afterglow,250.31,,7.15,167,花笑みのデュオ,5.7468,4.7662,6.3472,0.6104,afterglow,1.0969583988189695,0.4802,0.911611557006836,,250.31,,花笑みのデュオ,0.0001169233655673,1.9224858078814577e-06,0.0160316564142704,0.077118270099163,afterglow,250.31,,7.21,167,花笑みのデュオ,afterglow,250.31,,0.623604,167.0,花笑みのデュオ,0.9998788833618164,0.7293403744697571,0.9999980926513672,0.1855643838644027,afterglow,,,,,,,1.12,,-17.68,5.0,花笑みのデュオ,afterglow,250.30666666666667,,499,花笑みのデュオ,0.065578743815422,0.0045906146988272,0.2379526644945144,0.0988043546676635,,40,0.1610823921753986,fast
44,afterglow,READY STEADY GO (Cover),afterglow,529.0,0.42,258.3984375,142.85714285714468,220.86,,17.67,False,READY STEADY GO (Cover),afterglow,221.33,,A,E,0.66,True,major,major,False,True,READY STEADY GO (Cover),afterglow,major,READY STEADY GO (Cover),afterglow,221.33,,2.19,3.181570053100586,-10.393187903357065,0,READY STEADY GO (Cover),-10.173257827758787,-12.362332344055176,-9.18076229095459,3.348768711090088,7.210546493530273,6.294865608215332,7.93162727355957,0.73469078540802,afterglow,221.3333125,,147,READY STEADY GO (Cover),afterglow,221.33,,6.71,147,READY STEADY GO (Cover),5.9411,4.9045,6.7307,0.7618,afterglow,1.0847320556640625,0.4301,0.921886682510376,,221.33,,READY STEADY GO (Cover),2.499617721696268e-06,6.351509540536426e-08,7.536474004155025e-05,0.0227846764028072,afterglow,221.33,,6.48,147,READY STEADY GO (Cover),afterglow,221.33,,0.75303,147.0,READY STEADY GO (Cover),0.9239169359207152,0.1619048714637756,0.9991014003753662,0.3199696540832519,afterglow,0.0009339177631773,0.0004863748035859,0.0016095446189865,0.0012686779955402,221.33,,1.06,111.0,-18.19,5.0,READY STEADY GO (Cover),afterglow,221.3333333333333,,441,READY STEADY GO (Cover),0.0481807775795459,0.0060352701693773,0.1746184229850769,0.0793989151716232,,19,0.0,medium
45,afterglow,abnormalize (Cover),afterglow,640.0,0.34,161.4990234375,176.47058823529235,219.03,,17.64,False,abnormalize (Cover),afterglow,219.03,,F,F,0.628,False,major,major,False,True,abnormalize (Cover),afterglow,major,abnormalize (Cover),afterglow,219.03,,2.16,3.786113739013672,-10.330948514370494,0,abnormalize (Cover),-10.251218795776367,-12.745166778564451,-8.959053039550781,4.8254923820495605,7.159338474273682,6.111516952514648,7.875424385070801,0.7458539605140686,afterglow,219.0333125,,146,abnormalize (Cover),afterglow,219.03,,6.15,146,abnormalize (Cover),5.7597,4.7725,6.5231,0.6342,afterglow,1.0191296339035034,0.1717,0.981229305267334,,219.03,,abnormalize (Cover),4.308958887122572e-05,2.1583355191978626e-06,0.0974091589450836,0.084756001830101,afterglow,219.03,,6.2,146,abnormalize (Cover),afterglow,219.03,,0.740614,146.0,abnormalize (Cover),0.8896579742431641,0.2335951626300811,0.9997443556785583,0.3075276911258697,afterglow,0.0009820320410653,0.0004341465537436,0.0023736637085676,0.0013644286664202,219.03,,0.95,110.0,-19.21,5.0,abnormalize (Cover),afterglow,219.03333333333333,,437,abnormalize (Cover),0.0746541246771812,0.0114760370925068,0.2511289417743683,0.0957852005958557,,62,0.0887535974825753,fast
46,afterglow,メンタルチェンソー (Cover),afterglow,556.0,0.32,103.359375,187.5,177.1,,13.96,False,メンタルチェンソー (Cover),afterglow,177.4,,C,D,0.481,True,minor,minor,False,False,メンタルチェンソー (Cover),afterglow,minor,メンタルチェンソー (Cover),afterglow,177.4,,1.93,2.793766975402832,-10.644164276537738,0,メンタルチェンソー (Cover),-10.545374870300291,-12.442008972167969,-9.648241996765137,1.0218474864959717,7.2289533615112305,6.68510103225708,7.658771514892578,0.4571548104286194,afterglow,177.3975625,,118,メンタルチェンソー (Cover),afterglow,177.4,,5.06,118,メンタルチェンソー (Cover),6.2415,5.6893,6.7306,0.426,afterglow,1.4539610147476196,0.9924,0.6877763867378235,,177.4,,メンタルチェンソー (Cover),0.0002977974945679,2.528257391531952e-05,0.0138278407976031,0.0682875663042068,afterglow,177.4,,5.43,118,メンタルチェンソー (Cover),afterglow,177.4,,0.747949,118.0,メンタルチェンソー (Cover),0.9907850027084352,0.3721693456172943,0.9996570348739624,0.2530101537704468,afterglow,0.0008844587136991,0.0003997232124675,0.0016657619271427,0.0005898395902477,177.4,,0.84,89.0,-19.15,5.0,メンタルチェンソー (Cover),afterglow,177.39755102040817,,353,メンタルチェンソー (Cover),0.076689712703228,0.0175583362579345,0.2749256491661072,0.1143388152122497,,35,0.1689989398811498,fast
47,afterglow,Bunny Girl (Cover),afterglow,580.0,0.37,143.5546875,162.16216216216017,216.92,,16.94,False,Bunny Girl (Cover),afterglow,217.23,,A,G#,0.596,True,major,minor,False,False,Bunny Girl (Cover),afterglow,minor,Bunny Girl (Cover),afterglow,217.23,,2.15,3.412005424499512,-11.611832379935164,0,Bunny Girl (Cover),-11.586645126342772,-13.91704559326172,-10.505040168762209,1.26787531375885,6.961411952972412,6.316645622253418,7.626616477966309,0.5396432876586914,afterglow,217.226625,,144,Bunny Girl (Cover),afterglow,217.23,,5.29,144,Bunny Girl (Cover),6.1581,5.4455,6.6976,0.5033,afterglow,1.2652437686920166,0.9271,0.7903614044189453,,217.23,,Bunny Girl (Cover),0.0002066613815259,2.254955404623616e-07,0.0057901460677385,0.0597666278481483,afterglow,217.23,,5.3,144,Bunny Girl (Cover),afterglow,217.23,,0.724083,144.0,Bunny Girl (Cover),0.999927818775177,0.84581458568573,0.9999976754188538,0.0774872452020645,afterglow,0.0007194171193987,0.0004119547083973,0.0014903061091899,0.0005030785105191,217.23,,1.0,109.0,-21.8,5.0,Bunny Girl (Cover),afterglow,217.22666666666663,,433,Bunny Girl (Cover),0.0799342468380928,0.0136132184416055,0.2453483492136001,0.0911745727062225,,39,0.576724717583331,fast
48,afterglow,オレンジ (Cover),afterglow,627.0,0.3,198.76802884615384,199.9999999999924,235.31,,18.4,True,オレンジ (Cover),afterglow,235.6,,G,G,0.813,False,major,major,False,False,オレンジ (Cover),afterglow,major,オレンジ (Cover),afterglow,235.6,,1.3,4.58387565612793,-10.75403056194376,0,オレンジ (Cover),-10.968990325927734,-13.833423614501951,-9.249547958374023,6.18212366104126,6.504333972930908,4.861983299255371,7.209959506988525,0.9454838633537292,afterglow,235.6,,157,オレンジ (Cover),afterglow,235.6,,5.86,157,オレンジ (Cover),5.5096,4.5709,6.33,0.6942,afterglow,1.0614842176437378,0.3298,0.9420772194862366,,235.6,,オレンジ (Cover),2.207091893069446e-05,3.889194744033375e-08,0.065516784787178,0.1016514152288436,afterglow,235.6,,6.25,157,オレンジ (Cover),afterglow,235.6,,0.67899,157.0,オレンジ (Cover),0.9995290040969848,0.773966372013092,0.9999980330467224,0.1632459759712219,afterglow,0.0008961411076597,0.0004087808192707,0.0018970938399434,0.0008053927449509,235.6,,1.03,118.0,-19.96,5.0,オレンジ (Cover),afterglow,235.6,,470,オレンジ (Cover),0.0613279119133949,0.0065141036175191,0.2289423793554306,0.0964278727769851,,17,0.1241086587436333,fast
49,afterglow,カゲロウデイズ (Cover),afterglow,779.0,0.3,135.99917763157896,200.00000000000043,233.48,,18.48,False,カゲロウデイズ (Cover),afterglow,233.71,,F,G,0.359,True,major,minor,False,True,カゲロウデイズ (Cover),afterglow,minor,カゲロウデイズ (Cover),afterglow,233.71,,1.29,3.772036552429199,-11.369588711675483,0,カゲロウデイズ (Cover),-11.880983352661133,-13.4772367477417,-9.7052001953125,2.4924986362457275,6.269518852233887,5.276607513427734,7.416271209716797,0.8021324276924133,afterglow,233.706625,,156,カゲロウデイズ (Cover),afterglow,233.71,,6.17,156,カゲロウデイズ (Cover),5.4546,4.3164,6.4879,0.8375,afterglow,1.15521502494812,0.7158,0.865639865398407,,233.71,,カゲロウデイズ (Cover),2.7366160793462768e-05,2.394826736917821e-08,0.046653214842081,0.1296316385269165,afterglow,233.71,,6.36,156,カゲロウデイズ (Cover),afterglow,233.71,,0.771303,156.0,カゲロウデイズ (Cover),0.9926530122756958,0.3974749445915222,0.999943196773529,0.2524356544017792,afterglow,0.0007435553707182,0.00040843692841,0.0015769677702337,0.0008893255144357,233.71,,0.99,117.0,-21.21,5.0,カゲロウデイズ (Cover),afterglow,233.70666666666668,,466,カゲロウデイズ (Cover),0.054078783839941,0.0079614277929067,0.2023341655731201,0.0879576578736305,,36,0.4284002356586396,fast
50,afterglow,DAY×DAY (Cover),afterglow,704.0,0.31,95.703125,193.5483870967728,218.77,,17.15,False,DAY×DAY (Cover),afterglow,219.07,,C,G,0.384,True,major,major,False,False,DAY×DAY (Cover),afterglow,major,DAY×DAY (Cover),afterglow,219.07,,1.28,3.85344123840332,-9.426798170737518,0,DAY×DAY (Cover),-9.174654006958008,-12.220072746276855,-8.366631507873535,5.875433921813965,7.128175735473633,6.261132717132568,7.836445331573486,0.6861692070960999,afterglow,219.066625,,146,DAY×DAY (Cover),afterglow,219.07,,5.9,146,DAY×DAY (Cover),5.9461,4.4695,6.7329,0.9027,afterglow,1.1623650789260864,0.7416,0.8603149056434631,,219.07,,DAY×DAY (Cover),1.3317896446096713e-05,6.625840853757836e-08,0.0004105666885152,0.0103302290663123,afterglow,219.07,,6.28,146,DAY×DAY (Cover),afterglow,219.07,,0.638362,146.0,DAY×DAY (Cover),0.9996256828308104,0.9416074156761168,0.999991536140442,0.1161919236183166,afterglow,0.0010377323487773,0.0004741059965454,0.0025636239442974,0.0016412037657573,219.07,,0.96,110.0,-18.22,5.0,DAY×DAY (Cover),afterglow,219.06666666666663,,437,DAY×DAY (Cover),0.0850098207592964,0.0115424497053027,0.2392498403787613,0.0973789095878601,,28,0.3306755619792717,fast
51,afterglow,ロキ (Cover),afterglow,572.0,0.4,161.4990234375,149.99999999999787,229.61,,18.1,False,ロキ (Cover),afterglow,230.03,,E,E,0.636,False,minor,minor,False,True,ロキ (Cover),afterglow,minor,ロキ (Cover),afterglow,230.03,,1.26,2.46970272064209,-11.178045624985106,0,ロキ (Cover),-11.228471755981444,-12.48044776916504,-10.01074504852295,1.0598989725112915,7.172277450561523,6.491291999816895,7.777588844299316,0.5838069319725037,afterglow,230.0333125,,153,ロキ (Cover),afterglow,230.03,,6.29,153,ロキ (Cover),5.6201,4.862,6.1393,0.5171,afterglow,1.1614477634429932,0.7371,0.8609943389892578,,230.03,,ロキ (Cover),4.7638288378948346e-05,1.9094663912255783e-06,0.015604268759489,0.0300733260810375,afterglow,230.03,,6.53,153,ロキ (Cover),afterglow,230.03,,0.741849,153.0,ロキ (Cover),0.9946946501731871,0.4417745172977447,0.9999314546585084,0.2406028807163238,afterglow,,,,,,,1.08,,-19.23,5.0,ロキ (Cover),afterglow,230.03333333333333,,459,ロキ (Cover),0.0721908882260322,0.0124818058684468,0.2255207151174545,0.087860882282257,,44,0.1473699196910013,medium
52,afterglow,CHAINSAW BLOOD (Cover),afterglow,497.0,0.41,184.5703125,146.34146341463537,202.68,,16.02,False,CHAINSAW BLOOD (Cover),afterglow,203.12,,A,A,0.699,False,minor,minor,False,False,CHAINSAW BLOOD (Cover),afterglow,minor,CHAINSAW BLOOD (Cover),afterglow,203.12,,1.17,3.417177200317383,-11.053990864504357,0,CHAINSAW BLOOD (Cover),-11.022113800048828,-13.169078826904297,-9.751901626586914,1.4367130994796753,7.113705635070801,6.355970859527588,7.613489627838135,0.5109006762504578,afterglow,203.12,,135,CHAINSAW BLOOD (Cover),afterglow,203.12,,5.71,135,CHAINSAW BLOOD (Cover),5.7521,4.9286,6.5742,0.6428,afterglow,1.2797340154647827,0.9407,0.7814123630523682,,203.12,,CHAINSAW BLOOD (Cover),0.0005586625775322,1.8276568880537525e-05,0.0086782379075884,0.0203397888690233,afterglow,203.12,,6.14,135,CHAINSAW BLOOD (Cover),afterglow,203.12,,0.731216,135.0,CHAINSAW BLOOD (Cover),0.9960615038871764,0.9021397233009338,0.9999156594276428,0.0704885944724083,afterglow,0.0009367763996124,0.0006368487956933,0.0014787600375711,0.0003408680204302,203.12,,0.98,102.0,-19.26,5.0,CHAINSAW BLOOD (Cover),afterglow,203.12,,405,CHAINSAW BLOOD (Cover),0.0983046740293502,0.0127128604799509,0.2856744825839996,0.1044939085841178,,24,0.0721740842851516,medium
53,afterglow,チルドレンレコード (Re:boot) (Cover),afterglow,584.0,0.29,143.5546875,206.89655172413347,189.42,,14.66,False,チルドレンレコード (Re:boot) (Cover),afterglow,189.71,,C,A#,0.243,True,minor,major,False,False,チルドレンレコード (Re:boot) (Cover),afterglow,major,チルドレンレコード (Re:boot) (Cover),afterglow,189.71,,1.02,4.022705078125,-10.818795287532726,0,チルドレンレコード (Re:boot) (Cover),-10.615596771240234,-13.582265853881836,-9.559560775756836,4.4015326499938965,7.009706020355225,5.920229911804199,7.520723342895508,0.6306207180023193,afterglow,189.706625,,126,チルドレンレコード (Re:boot) (Cover),afterglow,189.71,,5.27,126,チルドレンレコード (Re:boot) (Cover),5.9682,5.113,6.857,0.6484,afterglow,1.0966070890426636,0.4787,0.91190367937088,,189.71,,チルドレンレコード (Re:boot) (Cover),0.0072026192210614,0.0001311779196839,0.1779649257659912,0.1197406575083732,afterglow,189.71,,5.26,126,チルドレンレコード (Re:boot) (Cover),afterglow,189.71,,0.662413,126.0,チルドレンレコード (Re:boot) (Cover),0.998192012310028,0.6202733516693115,0.9999929070472716,0.1907451003789901,afterglow,0.0009240891668014,0.0005120894056744,0.0019819608423858,0.0008750200504437,189.71,,0.81,95.0,-19.69,5.0,チルドレンレコード (Re:boot) (Cover),afterglow,189.70666666666668,,378,チルドレンレコード (Re:boot) (Cover),0.0751443952322006,0.0112464670091867,0.243723452091217,0.0929529890418052,,21,0.5651882989101266,fast
54,afterglow,青のすみか (Cover),afterglow,503.0,0.39,99.38401442307692,153.846153846148,197.15,,15.36,False,青のすみか (Cover),afterglow,197.4,,F#,F#,0.545,False,major,major,False,False,青のすみか (Cover),afterglow,major,青のすみか (Cover),afterglow,197.4,,1.07,5.735533714294434,-9.512378234870193,0,青のすみか (Cover),-9.784990310668944,-13.536672592163086,-7.801138877868652,3.67878794670105,6.595925331115723,5.135636329650879,7.576257228851318,0.9578777551651,afterglow,197.4,,131,青のすみか (Cover),afterglow,197.4,,4.74,131,青のすみか (Cover),5.3114,4.5653,6.2028,0.6724,afterglow,0.9465145468711852,0.041,1.0565077066421509,,197.4,,青のすみか (Cover),4.046656613354571e-05,3.108694670572732e-07,0.0860612541437149,0.1282415241003036,afterglow,197.4,,4.74,131,青のすみか (Cover),afterglow,197.4,,0.624873,131.0,青のすみか (Cover),0.9998226761817932,0.8312409520149231,0.9999955892562866,0.1774232685565948,afterglow,0.0008539172704331,0.000457951973658,0.0018270679283887,0.0005896175862289,197.4,,0.83,99.0,-22.15,5.0,青のすみか (Cover),afterglow,197.4,,393,青のすみか (Cover),0.061123851686716,0.0076952534727752,0.2264794409275055,0.0916236639022827,,22,0.3012158054711247,medium
55,afterglow,GO!!! (Cover),afterglow,535.0,0.45,123.046875,133.3333333333367,239.34,,18.92,False,GO!!! (Cover),afterglow,239.67,,F,F,0.937,False,major,major,False,False,GO!!! (Cover),afterglow,major,GO!!! (Cover),afterglow,239.67,,1.39,2.0809059143066406,-10.18721708163003,0,GO!!! (Cover),-10.05177402496338,-11.50845432281494,-9.4275484085083,1.1524773836135864,7.474613189697266,6.650914669036865,8.184037208557129,0.7337479591369629,afterglow,239.666625,,160,GO!!! (Cover),afterglow,239.67,,6.03,160,GO!!! (Cover),5.9499,5.3015,6.6514,0.5363,afterglow,1.3133916854858398,0.962,0.7613875269889832,,239.67,,GO!!! (Cover),0.0002498531830497,4.132282811042387e-06,0.0035132267512381,0.0370474196970462,afterglow,239.67,,6.55,160,GO!!! (Cover),afterglow,239.67,,0.708464,160.0,GO!!! (Cover),0.9954745173454284,0.2802059054374695,0.9999773502349854,0.2665413022041321,afterglow,0.0010871798731386,0.0005207335343584,0.0032327759545296,0.0020997822284698,239.67,,1.09,120.0,-17.89,5.0,GO!!! (Cover),afterglow,239.66666666666663,,478,GO!!! (Cover),0.1125637590885162,0.0171684082597494,0.2663852274417877,0.0985117256641388,,26,0.0459805245149057,medium
56,afterglow,天ノ弱 (Cover),afterglow,625.0,0.3,184.5703125,200.0000000000019,187.52,,15.42,False,天ノ弱 (Cover),afterglow,187.77,,C#,C#,0.489,False,major,major,False,False,天ノ弱 (Cover),afterglow,major,天ノ弱 (Cover),afterglow,187.77,,0.99,3.304037094116211,-9.807370367842111,0,天ノ弱 (Cover),-9.789968490600586,-11.80905532836914,-8.50501823425293,1.684543490409851,7.115947246551514,5.856202125549316,7.695520401000977,0.7108752727508545,afterglow,187.766625,,125,天ノ弱 (Cover),afterglow,187.77,,4.62,125,天ノ弱 (Cover),5.9893,5.262,6.6935,0.5589,afterglow,1.1095131635665894,0.5304,0.9012961983680724,,187.77,,天ノ弱 (Cover),0.0018269341671839,1.4866542187519372e-05,0.3092085421085357,0.1533985882997512,afterglow,187.77,,5.06,125,天ノ弱 (Cover),afterglow,187.77,,0.660481,125.0,天ノ弱 (Cover),0.9926014542579652,0.1832291632890701,0.9999657273292542,0.3175852596759796,afterglow,0.0013349078362807,0.0006057669525034,0.0045050047338008,0.004390173126012,187.77,,0.95,94.0,-18.5,5.0,天ノ弱 (Cover),afterglow,187.76666666666668,,374,天ノ弱 (Cover),0.0707379952073097,0.0077711082994937,0.2260403484106063,0.088467851281166,,21,0.4027338448946115,fast
57,afterglow,アスノヨゾラ哨戒班 (Cover),afterglow,592.0,0.32,123.046875,187.49999999999568,191.76,,15.38,False,アスノヨゾラ哨戒班 (Cover),afterglow,192.03,,A,A,0.718,False,major,major,False,True,アスノヨゾラ哨戒班 (Cover),afterglow,major,アスノヨゾラ哨戒班 (Cover),afterglow,192.03,,1.01,4.120265960693359,-10.016413655887884,0,アスノヨゾラ哨戒班 (Cover),-9.963376998901367,-12.85301399230957,-8.732748031616211,2.401129484176636,7.090052604675293,5.891254425048828,7.824629783630371,0.8051310777664185,afterglow,192.0333125,,128,アスノヨゾラ哨戒班 (Cover),afterglow,192.03,,4.87,128,アスノヨゾラ哨戒班 (Cover),5.7625,4.9657,6.4207,0.598,afterglow,0.9378303289413452,0.0319,1.0662909746170044,,192.03,,アスノヨゾラ哨戒班 (Cover),0.0001870357082225,9.215978025167716e-06,0.0210050381720066,0.0962444990873336,afterglow,192.03,,5.27,128,アスノヨゾラ哨戒班 (Cover),afterglow,192.03,,0.774162,128.0,アスノヨゾラ哨戒班 (Cover),0.9981759190559388,0.7113640904426575,0.999961256980896,0.1486208885908126,afterglow,,,,,,,0.83,,-18.78,5.0,アスノヨゾラ哨戒班 (Cover),afterglow,192.03333333333333,,383,アスノヨゾラ哨戒班 (Cover),0.0601432509720325,0.0061729438602924,0.2466964125633239,0.0994118601083755,,12,0.2564137614099633,fast
58,afterglow,瞬間センチメンタル (Cover),afterglow,648.0,0.36,107.666015625,166.66666666666694,230.69,,18.52,False,瞬間センチメンタル (Cover),afterglow,230.93,,F#,A,0.401,False,minor,major,False,True,瞬間センチメンタル (Cover),afterglow,major,瞬間センチメンタル (Cover),afterglow,230.93,,1.2,2.1607351303100586,-10.54456114435566,0,瞬間センチメンタル (Cover),-10.480583190917969,-11.837260246276855,-9.676525115966797,1.000936508178711,7.269939422607422,6.648057460784912,7.92051362991333,0.6805545687675476,afterglow,230.9333125,,154,瞬間センチメンタル (Cover),afterglow,230.93,,5.94,154,瞬間センチメンタル (Cover),5.8459,5.226,6.5271,0.5928,afterglow,1.1690521240234375,0.7629,0.8553938865661621,,230.93,,瞬間センチメンタル (Cover),0.0001159524908871,3.431974391787662e-06,0.0035810968838632,0.1427143365144729,afterglow,230.93,,6.04,154,瞬間センチメンタル (Cover),afterglow,230.93,,0.739362,154.0,瞬間センチメンタル (Cover),0.997795343399048,0.538213312625885,0.9999573826789856,0.2129692435264587,afterglow,0.0008260434260591,0.0003812532813753,0.0015844332519918,0.0004865953233093,230.93,,1.01,116.0,-18.83,5.0,瞬間センチメンタル (Cover),afterglow,230.9333333333333,,460,瞬間センチメンタル (Cover),0.0724614560604095,0.0079016089439392,0.2499005794525146,0.0972668156027793,,34,0.0976039084865928,fast
59,afterglow,プライド革命 (Cover),afterglow,735.0,0.32,135.99917763157896,187.49999999999568,238.25,,18.54,False,プライド革命 (Cover),afterglow,238.53,,E,E,1.0,False,major,major,False,False,プライド革命 (Cover),afterglow,major,プライド革命 (Cover),afterglow,238.53,,1.24,4.428055763244629,-12.00071404283671,0,プライド革命 (Cover),-12.201193809509276,-14.85095500946045,-10.42289924621582,2.1993331909179688,7.200177192687988,6.012678623199463,7.937114715576172,0.750511646270752,afterglow,238.5333125,,159,プライド革命 (Cover),afterglow,238.53,,5.84,159,プライド革命 (Cover),6.3367,5.2675,6.9583,0.7468,afterglow,1.0766263008117676,0.383,0.9288273453712464,,238.53,,プライド革命 (Cover),0.0004929915885441,5.149863227416063e-06,0.0142731005325913,0.1142327263951301,afterglow,238.53,,6.19,159,プライド革命 (Cover),afterglow,238.53,,0.691156,159.0,プライド革命 (Cover),0.9982761144638062,0.0995264947414398,0.9999942779541016,0.3731896579265594,afterglow,0.0009846215834841,0.0005999197019264,0.0016033585416153,0.0006878767162561,238.53,,1.09,120.0,-22.31,5.0,プライド革命 (Cover),afterglow,238.53333333333333,,476,プライド革命 (Cover),0.0850421637296676,0.00918919313699,0.2749692797660827,0.1064822450280189,,26,0.2606763099712986,fast
60,afterglow,命に嫌われている。 (Cover),afterglow,821.0,0.3,198.76802884615384,199.99999999999952,273.82,,21.67,False,命に嫌われている。 (Cover),afterglow,274.1,,C,C,0.921,False,major,major,False,False,命に嫌われている。 (Cover),afterglow,major,命に嫌われている。 (Cover),afterglow,274.1,,1.44,7.896788597106934,-11.812615422973238,0,命に嫌われている。 (Cover),-12.426000595092772,-17.245162963867188,-9.348374366760254,4.227819919586182,5.94578218460083,5.163591384887695,7.342583656311035,0.8822374939918518,afterglow,274.1,,183,命に嫌われている。 (Cover),afterglow,274.1,,8.48,183,命に嫌われている。 (Cover),5.4714,4.8728,6.4044,0.6247,afterglow,1.133134365081787,0.6368,0.8825079202651978,,274.1,,命に嫌われている。 (Cover),0.0608417801558971,0.0002880987012758,0.73459392786026,0.2981443405151367,afterglow,274.1,,7.07,183,命に嫌われている。 (Cover),afterglow,274.1,,0.727035,183.0,命に嫌われている。 (Cover),0.8787497282028198,0.1831055134534835,0.998971939086914,0.3209040462970733,afterglow,,,,,,,1.22,,-29.02,5.0,命に嫌われている。 (Cover),afterglow,274.1,,547,命に嫌われている。 (Cover),0.0741012468934059,0.0153539320454001,0.2438331097364425,0.0993857011198997,,17,0.334184604159066,fast
61,afterglow,Redo (Cover),afterglow,755.0,0.32,123.046875,187.500000000004,261.28,,20.57,False,Redo (Cover),afterglow,261.57,,C,C,0.559,False,minor,minor,False,False,Redo (Cover),afterglow,minor,Redo (Cover),afterglow,261.57,,1.46,3.711757659912109,-11.025557472240878,0,Redo (Cover),-10.924501419067385,-13.374397277832031,-9.662639617919922,3.170363187789917,6.891557693481445,5.759390830993652,7.682368755340576,0.7846507430076599,afterglow,261.566625,,174,Redo (Cover),afterglow,261.57,,8.09,174,Redo (Cover),6.3599,5.1562,7.2241,0.7862,afterglow,0.9825100302696228,0.0988,1.017801284790039,,261.57,,Redo (Cover),1.086216616386082e-05,3.5117054153488425e-07,0.0053860787302255,0.2074193060398101,afterglow,261.57,,7.87,174,Redo (Cover),afterglow,261.57,,0.719159,174.0,Redo (Cover),0.802942156791687,0.060676023364067,0.9964880347251892,0.3543903529644012,afterglow,0.0009855730459094,0.0005106453900225,0.0019004339119419,0.0006930998642928,261.57,,1.2,131.0,-21.75,5.0,Redo (Cover),afterglow,261.56666666666666,,522,Redo (Cover),0.0769049003720283,0.0072094993665814,0.2103853821754455,0.082009918987751,,41,0.1141582679560447,fast
62,afterglow,インフェルノ (Cover),afterglow,661.0,0.32,184.5703125,187.49999999999568,214.04,,16.52,False,インフェルノ (Cover),afterglow,214.17,,A,A,0.641,False,major,major,False,True,インフェルノ (Cover),afterglow,major,インフェルノ (Cover),afterglow,214.17,,1.16,2.526413917541504,-11.09963671712552,0,インフェルノ (Cover),-11.07064151763916,-12.594820976257324,-10.06840705871582,1.0047017335891724,7.359781265258789,6.337876319885254,8.129487991333008,0.7662265300750732,afterglow,214.166625,,142,インフェルノ (Cover),afterglow,214.17,,7.21,142,インフェルノ (Cover),6.4783,5.5874,7.2974,0.6944,afterglow,1.1397881507873535,0.6626,0.8773559331893921,,214.17,,インフェルノ (Cover),0.0002420834643999,4.186642854620004e-06,0.2196421921253204,0.1672371476888656,afterglow,214.17,,6.52,142,インフェルノ (Cover),afterglow,214.17,,0.728964,142.0,インフェルノ (Cover),0.9600429534912108,0.2935692965984344,0.99990314245224,0.2740411162376404,afterglow,,,,,,,0.91,,-18.52,5.0,インフェルノ (Cover),afterglow,214.16666666666663,,427,インフェルノ (Cover),0.077574498951435,0.0133597757667303,0.2104733884334564,0.0852264761924743,,19,0.3944591055973631,fast
63,afterglow,ドラマツルギー (Cover),afterglow,704.0,0.4,184.5703125,150.0000000000032,238.23,,18.72,True,ドラマツルギー (Cover),afterglow,238.6,,F#,F#,0.58,False,minor,minor,False,True,ドラマツルギー (Cover),afterglow,minor,ドラマツルギー (Cover),afterglow,238.6,,1.23,2.107213020324707,-9.96917031656199,0,ドラマツルギー (Cover),-9.931873321533203,-11.355339050292969,-9.248126029968262,3.1437792778015137,7.028141021728516,5.973104000091553,7.722140789031982,0.6787303686141968,afterglow,238.6,,159,ドラマツルギー (Cover),afterglow,238.6,,7.57,159,ドラマツルギー (Cover),5.6724,4.9429,6.5395,0.5989,afterglow,1.1390255689620972,0.6565,0.8779433965682983,,238.6,,ドラマツルギー (Cover),0.0012595867738127,4.044071101816371e-05,0.0607815384864807,0.0615822486579418,afterglow,238.6,,6.96,159,ドラマツルギー (Cover),afterglow,238.6,,0.654367,159.0,ドラマツルギー (Cover),0.9954400062561036,0.5006904006004333,0.999937891960144,0.2534020245075226,afterglow,0.001201432547532,0.0005394634790718,0.0027939423453062,0.0009560894686728,238.6,,1.07,120.0,-17.92,5.0,ドラマツルギー (Cover),afterglow,238.6,,476,ドラマツルギー (Cover),0.0970053672790527,0.0158951543271541,0.2537527680397033,0.0919370278716087,,36,0.3888516345347863,medium
64,afterglow,COLORS (Cover),afterglow,495.0,0.44,129.19921875,136.36363636363706,218.32,,17.15,False,COLORS (Cover),afterglow,218.8,,Bb,C#,0.699,True,minor,major,False,False,COLORS (Cover),afterglow,major,COLORS (Cover),afterglow,218.8,,1.11,2.919656753540039,-11.352808858321248,0,COLORS (Cover),-11.296916961669922,-13.329405784606934,-10.409749031066896,4.189991474151611,6.736730575561523,5.75841760635376,7.078083515167236,0.7100114822387695,afterglow,218.8,,146,COLORS (Cover),afterglow,218.8,,6.91,146,COLORS (Cover),5.4801,4.7612,6.1229,0.5662,afterglow,1.182807445526123,0.804,0.8454462885856628,,218.8,,COLORS (Cover),9.986262739403172e-05,2.1327186914277263e-06,0.0998522043228149,0.2108498066663742,afterglow,218.8,,6.37,146,COLORS (Cover),afterglow,218.8,,0.695908,146.0,COLORS (Cover),0.99482661485672,0.0911383405327797,0.9999088048934937,0.352103590965271,afterglow,0.0009312041802331,0.0004250396159477,0.0016079902416095,0.0006009777425788,218.8,,0.98,110.0,-19.52,5.0,COLORS (Cover),afterglow,218.8,,436,COLORS (Cover),0.0721894949674606,0.0107612153515219,0.2147481739521026,0.0821609795093536,,24,0.2795246800731262,medium
65,afterglow,午夜の待ち合わせ (Cover),afterglow,542.0,0.32,129.19921875,187.500000000004,171.24,,13.34,False,午夜の待ち合わせ (Cover),afterglow,171.53,,C#,G#,0.41,True,minor,major,False,True,午夜の待ち合わせ (Cover),afterglow,major,午夜の待ち合わせ (Cover),afterglow,171.53,,0.87,3.847484588623047,-10.794489017970273,0,午夜の待ち合わせ (Cover),-10.946946144104004,-13.329608917236328,-9.48212432861328,5.503796577453613,7.294283866882324,6.321238517761231,7.954638957977295,0.880280613899231,afterglow,171.5333125,,114,午夜の待ち合わせ (Cover),afterglow,171.53,,6.32,114,午夜の待ち合わせ (Cover),6.0773,4.8118,6.9697,0.8631,afterglow,1.09955096244812,0.4894,0.9094620943069458,,171.53,,午夜の待ち合わせ (Cover),0.000107875544927,1.9477438399917446e-06,0.0101962788030505,0.0937144234776496,afterglow,171.53,,5.44,114,午夜の待ち合わせ (Cover),afterglow,171.53,,0.717063,114.0,午夜の待ち合わせ (Cover),0.9947770237922668,0.2146815210580825,0.9998704195022584,0.31870898604393,afterglow,0.0013809649972245,0.0007074497407302,0.0025305966846644,0.0020168211776763,171.53,,0.87,86.0,-20.11,5.0,午夜の待ち合わせ (Cover),afterglow,171.53333333333333,,342,午夜の待ち合わせ (Cover),0.0710512921214103,0.0103814154863357,0.2407155781984329,0.1003689542412757,,19,0.2201320879974523,fast
66,afterglow,サムライハート（Some Like It Hot!!） (Cover),afterglow,360.0,0.53,107.666015625,113.20754716981108,190.43,,15.06,False,サムライハート（Some Like It Hot!!） (Cover),afterglow,190.63,,G,G,0.879,False,major,major,False,False,サムライハート（Some Like It Hot!!） (Cover),afterglow,major,サムライハート（Some Like It Hot!!） (Cover),afterglow,190.63,,0.98,2.387384414672852,-10.872837491836624,0,サムライハート（Some Like It Hot!!） (Cover),-10.823471069335938,-12.346464157104492,-9.95907974243164,1.16648268699646,7.209578990936279,6.040152072906494,7.963230609893799,0.7417876720428467,afterglow,190.6333125,,127,サムライハート（Some Like It Hot!!） (Cover),afterglow,190.63,,4.06,127,サムライハート（Some Like It Hot!!） (Cover),6.0663,5.4613,6.8625,0.5795,afterglow,1.274764060974121,0.9362,0.7844589352607727,,190.63,,サムライハート（Some Like It Hot!!） (Cover),0.0001455595484003,1.6060506595749755e-06,0.0964294895529747,0.1396170258522033,afterglow,190.63,,4.95,127,サムライハート（Some Like It Hot!!） (Cover),afterglow,190.63,,0.700879,127.0,サムライハート（Some Like It Hot!!） (Cover),0.9700803756713868,0.2036142200231552,0.9997826218605042,0.3042151033878326,afterglow,0.0010981985833495,0.0006153705762699,0.0020980592817068,0.0059475055895745,190.63,,0.99,96.0,-18.73,5.0,サムライハート（Some Like It Hot!!） (Cover),afterglow,190.63333333333333,,380,サムライハート（Some Like It Hot!!） (Cover),0.1268771588802337,0.0233070757240057,0.3174912333488464,0.1138675734400749,,28,0.1884245085625746,medium
67,afterglow,ベノム (Cover),afterglow,502.0,0.39,135.99917763157896,153.846153846148,198.07,,15.67,False,ベノム (Cover),afterglow,198.5,,F,F,0.466,False,minor,minor,False,True,ベノム (Cover),afterglow,minor,ベノム (Cover),afterglow,198.5,,1.01,2.410364151000977,-10.960536071304713,0,ベノム (Cover),-10.888038635253906,-12.303885459899902,-9.893521308898926,1.6426832675933838,7.727442741394043,6.936158657073975,8.282319068908691,0.5764027833938599,afterglow,198.5,,132,ベノム (Cover),afterglow,198.5,,4.35,132,ベノム (Cover),6.3943,5.6928,7.084,0.5241,afterglow,1.2505121231079102,0.9073,0.7996723055839539,,198.5,,ベノム (Cover),1.46723386933445e-05,1.6237316913247929e-07,0.0014713418204337,0.0083194663748145,afterglow,198.5,,3.85,132,ベノム (Cover),afterglow,198.5,,0.76868,132.0,ベノム (Cover),0.9625173807144164,0.2855349481105804,0.9997242093086244,0.2720746397972107,afterglow,0.0008413044270128,0.0004884060472249,0.0018275745678693,0.000533084210474,198.5,,0.83,100.0,-19.48,5.0,ベノム (Cover),afterglow,198.5,,396,ベノム (Cover),0.071797639131546,0.0121413208544254,0.2047707438468933,0.0834468305110931,,30,0.2546095717884131,medium
68,afterglow,Don't say “lazy” (Cover),afterglow,833.0,0.33,89.10290948275862,181.81818181818275,275.52,,21.33,False,Don't say “lazy” (Cover),afterglow,275.67,,E,E,0.388,False,minor,major,True,True,Don't say “lazy” (Cover),afterglow,major,Don't say “lazy” (Cover),afterglow,275.67,,1.39,2.726565361022949,-10.856190186158718,0,Don't say “lazy” (Cover),-10.669839859008787,-12.49450969696045,-9.7679443359375,3.4020438194274902,7.461879730224609,6.6444525718688965,8.0587158203125,0.8418999314308167,afterglow,275.666625,,184,Don't say “lazy” (Cover),afterglow,275.67,,6.61,184,Don't say “lazy” (Cover),6.7159,6.0553,7.2781,0.6633,afterglow,1.2620049715042114,0.921,0.7923898696899414,,275.67,,Don't say “lazy” (Cover),0.0002854538033716,2.5579342036508024e-05,0.0334892161190509,0.0722484141588211,afterglow,275.67,,7.32,184,Don't say “lazy” (Cover),afterglow,275.67,,0.749632,184.0,Don't say “lazy” (Cover),0.9984116554260254,0.3344418704509735,0.9999845623970032,0.2733453810214996,afterglow,0.000721207819879,0.0004274859675206,0.0012390943011268,0.0002975420793518,275.67,,1.26,138.0,-19.74,5.0,Don't say “lazy” (Cover),afterglow,275.6666666666667,,550,Don't say “lazy” (Cover),0.0614631213247776,0.0117008192464709,0.184700921177864,0.0712809711694717,,28,0.1366868095006944,fast
69,afterglow,Part of the Life,afterglow,273.0,0.32,184.5703125,187.49999999999983,88.46,,7.04,False,Part of the Life,afterglow,88.66,,B,B,0.458,False,major,major,False,True,Part of the Life,afterglow,major,Part of the Life,afterglow,88.66,,0.46,2.78839111328125,-9.620688634893796,0,Part of the Life,-9.357372283935549,-11.457559585571287,-8.669168472290039,1.0581886768341064,7.015749931335449,6.139400959014893,7.600093364715576,0.5249879956245422,afterglow,88.663875,,58,Part of the Life,afterglow,88.66,,1.53,58,Part of the Life,5.4827,4.8956,6.4592,0.6528,afterglow,1.1251132488250732,0.6033,0.8887994885444641,,88.66,,Part of the Life,2.937006138381548e-05,5.342686790754669e-07,0.0002364195825066,0.0005219327867962,afterglow,88.66,,1.63,58,Part of the Life,afterglow,88.66,,0.652968,58.0,Part of the Life,0.9990256428718568,0.6772913336753845,0.9999693632125854,0.1868370473384857,afterglow,0.0007839759346097,0.0004390486574266,0.0019139352953061,0.0014897608198225,88.66,,0.42,45.0,-16.86,5.0,Part of the Life,afterglow,88.66390022675736,,176,Part of the Life,0.0517095699906349,0.0088562639430165,0.2401350140571594,0.0970863625407219,,11,0.321889607034427,fast
70,afterglow,Punchline Halloween!!!,afterglow,702.0,0.33,184.5703125,181.8181818181749,233.89,,17.91,False,Punchline Halloween!!!,afterglow,234.17,,C,C,0.489,False,minor,major,True,True,Punchline Halloween!!!,afterglow,major,Punchline Halloween!!!,afterglow,234.17,,1.19,2.309232711791992,-11.358380316924274,0,Punchline Halloween!!!,-11.20654296875,-12.839207649230955,-10.529974937438965,2.100747346878052,6.747406005859375,6.1433305740356445,7.335608005523682,0.59649658203125,afterglow,234.166625,,156,Punchline Halloween!!!,afterglow,234.17,,5.79,156,Punchline Halloween!!!,5.5762,4.7611,6.4055,0.6475,afterglow,1.1021045446395874,0.5015,0.9073548913002014,,234.17,,Punchline Halloween!!!,0.0081939669325947,0.0006147972890175,0.0790355131030082,0.0983862727880477,afterglow,234.17,,5.67,156,Punchline Halloween!!!,afterglow,234.17,,0.684802,156.0,Punchline Halloween!!!,0.9913315773010254,0.0715941339731216,0.999930739402771,0.371396005153656,afterglow,,,,,,,0.99,,-19.08,5.0,Punchline Halloween!!!,afterglow,234.16666666666663,,467,Punchline Halloween!!!,0.0431589446961879,0.004749622195959,0.2070615142583847,0.0801011845469474,,24,0.1524555024505782,fast
71,afterglow,I love your way！,afterglow,1117.0,0.23,129.19921875,260.8695652173868,263.4,,19.99,False,I love your way！,afterglow,263.7,,D,F#,0.462,True,major,minor,False,False,I love your way！,afterglow,minor,I love your way！,afterglow,263.7,,1.32,1.5819664001464844,-9.914402857674924,0,I love your way！,-9.868066787719728,-10.753398895263672,-9.171432495117188,1.048369526863098,7.310246467590332,6.433707237243652,7.979002952575684,0.63422691822052,afterglow,263.7,,176,I love your way！,afterglow,263.7,,7.11,176,I love your way！,6.0788,5.3968,6.7843,0.5493,afterglow,1.1788599491119385,0.7903,0.84827721118927,,263.7,,I love your way！,5.972496001049876e-05,2.1126522824488347e-06,0.001527467276901,0.0203297920525074,afterglow,263.7,,6.6,176,I love your way！,afterglow,263.7,,0.753041,176.0,I love your way！,0.9408673048019408,0.2357470393180847,0.999515414237976,0.3013273477554321,afterglow,0.0009149486431851,0.0004987684078514,0.0016204582061618,0.0006151719135232,263.7,,1.19,132.0,-17.3,5.0,I love your way！,afterglow,263.7,,526,I love your way！,0.0748577564954757,0.0133791910484433,0.2457657158374786,0.0928164049983024,,41,0.0792567311338642,boost
72,ave_mujica,KiLLKiSS,ave_mujica,663.0,0.3,161.4990234375,199.9999999999972,208.53,,15.79,False,KiLLKiSS,ave_mujica,208.77,,E,E,0.889,False,minor,minor,False,False,KiLLKiSS,ave_mujica,minor,KiLLKiSS,ave_mujica,208.77,,1.08,17.370628833770752,-8.59538436083928,0,KiLLKiSS,-8.582440376281738,-24.880102157592773,-7.509473323822021,7.925603866577148,6.630990982055664,4.228590488433838,7.324847221374512,1.063533902168274,ave_mujica,208.7724375,,139,KiLLKiSS,ave_mujica,208.77,,6.21,139,KiLLKiSS,5.0509,4.2877,5.9018,0.5715,ave_mujica,0.910675585269928,0.0137,1.0980859994888306,,208.77,,KiLLKiSS,5.0156253564637154e-05,1.484176436861162e-06,0.0705641657114029,0.0718887075781822,ave_mujica,208.77,,6.45,139,KiLLKiSS,ave_mujica,208.77,,0.635171,139.0,KiLLKiSS,0.9873873591423036,0.2704451084136963,0.9999409914016724,0.2953914999961853,ave_mujica,0.0005596955306828,0.0003235891635995,0.0011050496250391,0.000355260213837,208.77,,0.86,105.0,-29.87,5.0,KiLLKiSS,ave_mujica,208.77242630385487,,416,KiLLKiSS,0.0338799618184566,0.0034179887734353,0.1577692478895187,0.0704199075698852,,11,0.0,fast
73,ave_mujica,"Georgette Me, Georgette You",ave_mujica,554.0,0.42,117.45383522727272,142.85714285714226,234.22,,17.82,False,"Georgette Me, Georgette You",ave_mujica,234.68,,C#,C#,0.358,False,minor,minor,False,True,"Georgette Me, Georgette You",ave_mujica,minor,"Georgette Me, Georgette You",ave_mujica,234.68,,1.29,11.029388427734377,-10.651965362506385,0,"Georgette Me, Georgette You",-10.587749481201172,-19.212263107299805,-8.18287467956543,4.563849925994873,5.5088653564453125,3.7958884239196777,7.197881698608398,1.3002464771270752,ave_mujica,234.6790625,,156,"Georgette Me, Georgette You",ave_mujica,234.68,,6.36,156,"Georgette Me, Georgette You",4.5989,4.003,5.2502,0.5167,ave_mujica,0.8666774034500122,0.0076,1.1538317203521729,,234.68,,"Georgette Me, Georgette You",0.0512901321053504,8.89741542664524e-08,0.9633679389953612,0.4149823784828186,ave_mujica,234.68,,6.83,156,"Georgette Me, Georgette You",ave_mujica,234.68,,0.468271,156.0,"Georgette Me, Georgette You",0.9961637258529664,0.6324855089187622,0.9999396204948424,0.2535018026828766,ave_mujica,0.0006182480137795,0.0003169813717249,0.0012188042746856,0.0011343553196638,234.68,,1.0,118.0,-26.09,5.0,"Georgette Me, Georgette You",ave_mujica,234.6790929705216,,468,"Georgette Me, Georgette You",0.0482551455497741,0.0061934269033372,0.2172823548316955,0.0950076878070831,,38,0.1009037339814525,medium
74,ave_mujica,Imprisoned XII,ave_mujica,335.0,0.57,161.4990234375,105.2631578947368,191.57,,14.43,False,Imprisoned XII,ave_mujica,192.17,,C,C,0.437,False,major,major,False,True,Imprisoned XII,ave_mujica,major,Imprisoned XII,ave_mujica,192.17,,1.02,11.777116775512695,-13.271724878648264,0,Imprisoned XII,-15.574273109436035,-22.07466125488281,-10.297544479370115,7.21806001663208,5.270883560180664,3.7826223373413086,6.8329854011535645,1.2025316953659058,ave_mujica,192.1683125,,128,Imprisoned XII,ave_mujica,192.17,,5.68,128,Imprisoned XII,4.8049,4.2877,5.543,0.4659,ave_mujica,0.8647199869155884,0.0046,1.15644371509552,,192.17,,Imprisoned XII,0.7733258008956909,0.0001349285739706,0.9988292455673218,0.4513817131519317,ave_mujica,192.17,,5.76,128,Imprisoned XII,ave_mujica,192.17,,0.626194,128.0,Imprisoned XII,0.9991077184677124,0.0445732325315475,0.9999586939811708,0.3554648160934448,ave_mujica,,,,,,,0.76,,-32.73,5.0,Imprisoned XII,ave_mujica,192.16834467120185,,383,Imprisoned XII,0.0359325036406517,0.0047799600288271,0.1892130225896835,0.0839525088667869,,33,0.0774320956817166,medium
75,ave_mujica,Crucifix X,ave_mujica,504.0,0.58,143.5546875,103.44827586206674,298.51,,23.21,False,Crucifix X,ave_mujica,299.0,,D,D,0.231,False,minor,minor,False,False,Crucifix X,ave_mujica,minor,Crucifix X,ave_mujica,299.0,,1.6,7.929794311523437,-11.24426276052275,0,Crucifix X,-11.030651092529297,-17.8060302734375,-9.876235961914062,2.954054832458496,6.470942974090576,3.986438751220703,6.97833251953125,1.0599777698516846,ave_mujica,299.003375,,199,Crucifix X,ave_mujica,299.0,,8.09,199,Crucifix X,4.5579,3.6826,5.181,0.777,ave_mujica,0.960618495941162,0.0669,1.040995955467224,,299.0,,Crucifix X,8.362013431906234e-06,5.690896998089556e-08,0.0785855129361152,0.2197998464107513,ave_mujica,299.0,,8.22,199,Crucifix X,ave_mujica,299.0,,0.804841,199.0,Crucifix X,0.997331976890564,0.3986635208129883,0.9999618530273438,0.2813242971897125,ave_mujica,0.0006312357727438,0.0002805541444104,0.0014540575211867,0.0005933574284426,299.0,,1.31,150.0,-22.94,5.0,Crucifix X,ave_mujica,299.0034013605442,,597,Crucifix X,0.0371214114129543,0.0055795712396502,0.1635058522224426,0.0686497166752815,,36,0.1024737382826912,medium
76,ave_mujica,八芒星ダンス,ave_mujica,455.0,0.52,135.99917763157896,115.38461538461311,231.17,,17.75,False,八芒星ダンス,ave_mujica,231.55,,C#,C#,0.467,False,minor,major,True,True,八芒星ダンス,ave_mujica,major,八芒星ダンス,ave_mujica,231.55,,1.26,9.368267059326172,-9.607776714752474,0,八芒星ダンス,-9.50746726989746,-18.27786445617676,-8.909597396850586,5.98412561416626,6.731789588928223,4.882342338562012,7.591721057891846,0.9837894439697266,ave_mujica,231.549375,,154,八芒星ダンス,ave_mujica,231.55,,5.46,154,八芒星ダンス,4.4783,3.4926,5.3722,0.7847,ave_mujica,0.9728235602378844,0.0866,1.0279356241226196,,231.55,,八芒星ダンス,9.163654368649077e-08,3.029932749143427e-09,0.0023570915218442,0.0596840418875217,ave_mujica,231.55,,5.12,154,八芒星ダンス,ave_mujica,231.55,,0.796263,154.0,八芒星ダンス,0.9980449676513672,0.2446964681148529,0.99992698431015,0.3058960735797882,ave_mujica,0.0006240596994757,0.0003056847199331,0.0012990159448236,0.0007786135538481,231.55,,1.02,116.0,-24.28,5.0,八芒星ダンス,ave_mujica,231.54938775510203,,462,八芒星ダンス,0.0364139154553413,0.0059425546787679,0.1663880348205566,0.0683777928352356,,37,0.2827905811690862,medium
77,ave_mujica,顔,ave_mujica,565.0,0.43,56.17357336956522,139.53488372093034,241.73,,18.76,False,顔,ave_mujica,242.17,,B,F#,0.558,True,minor,minor,False,True,顔,ave_mujica,minor,顔,ave_mujica,242.17,,1.24,1.6558513641357422,-9.189775266580217,0,顔,-9.086739540100098,-10.222814559936523,-8.566963195800781,3.7499825954437256,7.121429443359375,6.324765205383301,7.613382816314697,0.5896893739700317,ave_mujica,242.1725,,161,顔,ave_mujica,242.17,,6.01,161,顔,4.7224,3.7542,5.5844,0.764,ave_mujica,1.1170086860656738,0.5653,0.895248293876648,,242.17,,顔,3.125877583443071e-07,1.2394503201562657e-08,3.203058440703899e-05,0.0423271395266056,ave_mujica,242.17,,6.49,161,顔,ave_mujica,242.17,,0.786544,161.0,顔,0.9996324777603148,0.9449750781059264,0.9999884366989136,0.0956740751862526,ave_mujica,,,,,,,1.19,,-15.58,5.0,顔,ave_mujica,242.1725170068028,,483,顔,0.0576894879341125,0.0103651406243443,0.1955271065235138,0.0831184685230255,,35,0.1809453537908532,medium
78,ave_mujica,天球のMúsica,ave_mujica,455.0,0.61,135.99917763157896,98.36065573770271,279.9,,21.68,False,天球のMúsica,ave_mujica,280.33,,F,F,0.544,False,major,major,False,False,天球のMúsica,ave_mujica,major,天球のMúsica,ave_mujica,280.33,,1.38,5.779750823974609,-8.666050702639591,0,天球のMúsica,-8.396254539489746,-13.408699035644531,-7.628948211669922,5.312971115112305,6.758284091949463,4.410477638244629,7.399069309234619,1.138784408569336,ave_mujica,280.3345,,187,天球のMúsica,ave_mujica,280.33,,7.91,187,天球のMúsica,5.1673,4.3671,5.8334,0.593,ave_mujica,0.9358350038528442,0.0304,1.0685644149780271,,280.33,,天球のMúsica,1.3946669241704512e-05,5.309307198331226e-07,0.6431425213813782,0.279387503862381,ave_mujica,280.33,,7.19,187,天球のMúsica,ave_mujica,280.33,,0.721646,187.0,天球のMúsica,0.9981448650360109,0.5211374163627625,0.999955713748932,0.2169249057769775,ave_mujica,0.0006484225741587,0.0003872460220009,0.0011821491643786,0.0003249198780395,280.33,,1.33,141.0,-21.26,5.0,天球のMúsica,ave_mujica,280.33451247165533,,559,天球のMúsica,0.0372650921344757,0.0080010760575532,0.181874081492424,0.0759897157549858,,27,0.0998093126672527,medium
79,ave_mujica,黒のバースデイ,ave_mujica,751.0,0.3,135.99917763157896,199.9999999999924,233.96,,17.87,False,黒のバースデイ,ave_mujica,234.26,,Eb,D#,0.783,True,minor,minor,False,False,黒のバースデイ,ave_mujica,minor,黒のバースデイ,ave_mujica,234.26,,1.19,13.09752607345581,-7.884065370147881,0,黒のバースデイ,-7.962608814239502,-19.9173526763916,-6.819826602935791,7.333366394042969,6.886259078979492,4.268876075744629,7.722164154052734,1.4071732759475708,ave_mujica,234.2613125,,156,黒のバースデイ,ave_mujica,234.26,,6.46,156,黒のバースデイ,5.2213,3.9302,6.0343,0.7341,ave_mujica,0.9057923555374146,0.0122,1.1040058135986328,,234.26,,黒のバースデイ,3.367781800989178e-06,5.6940926640436373e-08,0.0473112426698207,0.040353175252676,ave_mujica,234.26,,6.41,156,黒のバースデイ,ave_mujica,234.26,,0.687522,156.0,黒のバースデイ,0.982797920703888,0.0799900442361831,0.999608039855957,0.3430714309215545,ave_mujica,,,,,,,1.03,,-30.59,5.0,黒のバースデイ,ave_mujica,234.2613605442177,,467,黒のバースデイ,0.0398861467838287,0.0033425949513912,0.1799328476190567,0.0862372517585754,,17,0.1252447186395964,fast
80,ave_mujica,ふたつの月 ~Deep Into The Forest~,ave_mujica,916.0,0.33,172.265625,181.8181818181749,304.68,,23.2,False,ふたつの月 ~Deep Into The Forest~,ave_mujica,304.92,,E,E,0.877,False,minor,minor,False,False,ふたつの月 ~Deep Into The Forest~,ave_mujica,minor,ふたつの月 ~Deep Into The Forest~,ave_mujica,304.92,,1.59,6.108948707580566,-9.231712565294876,0,ふたつの月 ~Deep Into The Forest~,-9.501917839050291,-13.75015640258789,-7.641207695007324,6.316075325012207,6.02911376953125,4.864478588104248,6.951143741607666,0.816606879234314,ave_mujica,304.9244375,,203,ふたつの月 ~Deep Into The Forest~,ave_mujica,304.92,,7.27,203,ふたつの月 ~Deep Into The Forest~,4.4253,3.0677,5.2505,0.7998,ave_mujica,0.9150918126106262,0.0152,1.092786431312561,,304.92,,ふたつの月 ~Deep Into The Forest~,2.474745315339533e-07,2.663536502467423e-09,0.0075081596150994,0.0517277829349041,ave_mujica,304.92,,7.35,203,ふたつの月 ~Deep Into The Forest~,ave_mujica,304.92,,0.801904,203.0,ふたつの月 ~Deep Into The Forest~,0.9095091223716736,0.2917884886264801,0.9978464245796204,0.2714898288249969,ave_mujica,0.0004272479563951,0.0002513948711566,0.0007883504149504,0.0002595950791146,304.92,,1.3,153.0,-25.62,5.0,ふたつの月 ~Deep Into The Forest~,ave_mujica,304.9244897959184,,608,ふたつの月 ~Deep Into The Forest~,0.0483462810516357,0.0040483316406607,0.2131446748971939,0.0920242965221405,,38,0.0812660183094504,fast
81,ave_mujica,Choir ‘S’ Choir,ave_mujica,733.0,0.4,135.99917763157896,149.99999999999787,287.66,,22.34,False,Choir ‘S’ Choir,ave_mujica,288.14,,G,G,0.927,False,minor,minor,False,False,Choir ‘S’ Choir,ave_mujica,minor,Choir ‘S’ Choir,ave_mujica,288.14,,1.49,7.613003730773926,-8.872043648789122,0,Choir ‘S’ Choir,-8.812175750732422,-15.13231372833252,-7.519309997558594,5.675406455993652,6.7715044021606445,4.937726020812988,7.423851490020752,0.9363752007484436,ave_mujica,288.1364375,,192,Choir ‘S’ Choir,ave_mujica,288.14,,7.33,192,Choir ‘S’ Choir,4.9296,4.0507,5.75,0.6663,ave_mujica,0.9528726935386658,0.0562,1.049458146095276,,288.14,,Choir ‘S’ Choir,1.6721230622351868e-06,6.165988963857671e-08,0.0205885097384452,0.0740902796387672,ave_mujica,288.14,,7.99,192,Choir ‘S’ Choir,ave_mujica,288.14,,0.7646,192.0,Choir ‘S’ Choir,0.9887585639953612,0.2627854347229004,0.9999452829360962,0.2802090346813202,ave_mujica,,,,,,,1.39,,-26.21,5.0,Choir ‘S’ Choir,ave_mujica,288.136462585034,,575,Choir ‘S’ Choir,0.0597886741161346,0.0089792925864458,0.2086037397384643,0.0869275107979774,,40,0.3072155037629735,medium
82,ave_mujica,神さま、バカ,ave_mujica,672.0,0.33,123.046875,181.8181818181749,223.67,,17.23,False,神さま、バカ,ave_mujica,223.98,,F,D,0.621,False,major,minor,False,False,神さま、バカ,ave_mujica,minor,神さま、バカ,ave_mujica,223.98,,1.1,7.110873699188232,-8.69257441635681,0,神さま、バカ,-8.390848159790039,-14.203203201293944,-7.092329502105713,2.7621419429779053,6.979496479034424,4.670662879943848,7.745484828948975,1.1215265989303589,ave_mujica,223.978625,,149,神さま、バカ,ave_mujica,223.98,,5.59,149,神さま、バカ,5.2699,4.4888,5.9568,0.5865,ave_mujica,0.8314594030380249,0.0,1.2027044296264648,,223.98,,神さま、バカ,0.0001600637187948,1.2058704896844574e-06,0.512467086315155,0.2484182715415954,ave_mujica,223.98,,5.77,149,神さま、バカ,ave_mujica,223.98,,0.750042,149.0,神さま、バカ,0.994671642780304,0.566758394241333,0.9999661445617676,0.2232311069965362,ave_mujica,0.0006426516920328,0.000380411511287,0.0011346280807629,0.0012861987343057,223.98,,1.09,112.0,-22.55,5.0,神さま、バカ,ave_mujica,223.97868480725623,,446,神さま、バカ,0.0421348959207534,0.0050158356316387,0.173461377620697,0.0784855335950851,,28,0.1860891340387017,fast
83,ave_mujica,Mas?uerade Rhapsody Re?uest,ave_mujica,744.0,0.32,123.046875,187.500000000004,249.65,,18.99,False,Mas?uerade Rhapsody Re?uest,ave_mujica,249.79,,C#,G#,0.428,True,minor,minor,False,False,Mas?uerade Rhapsody Re?uest,ave_mujica,minor,Mas?uerade Rhapsody Re?uest,ave_mujica,249.79,,1.26,4.904573917388916,-9.000896514866726,0,Mas?uerade Rhapsody Re?uest,-8.607278823852539,-12.721786499023438,-7.8172125816345215,6.169887542724609,6.650956153869629,5.26413631439209,7.557967185974121,0.9206990599632264,ave_mujica,249.792,,166,Mas?uerade Rhapsody Re?uest,ave_mujica,249.79,,6.44,166,Mas?uerade Rhapsody Re?uest,4.9715,3.6576,5.8395,1.079,ave_mujica,0.9346351027488708,0.0274,1.0699362754821775,,249.79,,Mas?uerade Rhapsody Re?uest,5.918286660744343e-07,3.1405589240307563e-09,0.18670254945755,0.2035441994667053,ave_mujica,249.79,,6.67,166,Mas?uerade Rhapsody Re?uest,ave_mujica,249.79,,0.790957,166.0,Mas?uerade Rhapsody Re?uest,0.9844191670417786,0.0600445345044136,0.9999411702156068,0.3983908891677856,ave_mujica,0.0005508655449375,0.0003232469898648,0.0010451901471242,0.000361733167665,249.79,,1.06,125.0,-20.67,5.0,Mas?uerade Rhapsody Re?uest,ave_mujica,249.7920181405896,,498,Mas?uerade Rhapsody Re?uest,0.0419594570994377,0.0063968081958591,0.2084748148918151,0.0897940695285797,,32,0.3409236484755317,fast
84,ave_mujica,Ave Mujica,ave_mujica,644.0,0.53,107.666015625,113.2075471698126,277.68,,21.26,True,Ave Mujica,ave_mujica,277.99,,G,G,0.465,False,minor,minor,False,True,Ave Mujica,ave_mujica,minor,Ave Mujica,ave_mujica,277.99,,1.43,4.491092681884766,-18.68404468940468,0,Ave Mujica,-18.99513053894043,-21.35317039489746,-16.862077713012695,4.85053014755249,5.897695541381836,4.269099712371826,6.850521087646484,0.9363974332809448,ave_mujica,277.9893125,,185,Ave Mujica,ave_mujica,277.99,,7.33,185,Ave Mujica,4.8709,4.1333,5.7419,0.6621,ave_mujica,0.9868950843811036,0.1094,1.0132789611816406,,277.99,,Ave Mujica,6.669801223324612e-05,2.378963159799241e-07,0.6378593444824219,0.2816294133663177,ave_mujica,277.99,,7.24,185,Ave Mujica,ave_mujica,277.99,,0.707251,185.0,Ave Mujica,0.9687376022338868,0.2627854347229004,0.9998009204864502,0.3053497672080993,ave_mujica,0.0008015923085622,0.0004485551617108,0.0014241077005863,0.0010260384296998,277.99,,1.15,139.0,-69.25,5.0,Ave Mujica,ave_mujica,277.98934240362814,,554,Ave Mujica,0.0477572232484817,0.0016668563475832,0.1906307637691497,0.0797772482037544,,23,0.1936045217555527,medium
85,ave_mujica,Symbol I : △,ave_mujica,614.0,0.51,151.99908088235293,117.64705882353152,311.71,,23.49,False,Symbol I : △,ave_mujica,312.18,,B,F#,0.587,True,minor,minor,False,False,Symbol I : △,ave_mujica,minor,Symbol I : △,ave_mujica,312.18,,1.62,2.717318534851074,-7.813208068525772,0,Symbol I : △,-7.563204765319824,-9.593161582946776,-6.875843048095703,3.021665573120117,6.5234575271606445,5.611764430999756,7.125455379486084,0.603923499584198,ave_mujica,312.1806875,,208,Symbol I : △,ave_mujica,312.18,,7.71,208,Symbol I : △,4.582,3.3125,5.6694,0.8979,ave_mujica,0.9513368010520936,0.0486,1.0511527061462402,,312.18,,Symbol I : △,4.676589469454484e-06,4.954293419956457e-09,0.0012675722828134,0.0872538462281227,ave_mujica,312.18,,7.71,208,Symbol I : △,ave_mujica,312.18,,0.644959,208.0,Symbol I : △,0.9958196878433228,0.4356856048107147,0.9999179840087892,0.2575700581073761,ave_mujica,,,,,,,1.41,,-14.7,5.0,Symbol I : △,ave_mujica,312.1806802721088,,623,Symbol I : △,0.0317609049379825,0.0054631326347589,0.1559040546417236,0.0718892440199852,,30,0.0572104576456223,medium
86,ave_mujica,Symbol II : Air,ave_mujica,699.0,0.3,117.45383522727272,199.9999999999924,212.59,,16.34,False,Symbol II : Air,ave_mujica,212.81,,B,F#,0.423,True,minor,minor,False,True,Symbol II : Air,ave_mujica,minor,Symbol II : Air,ave_mujica,212.81,,1.13,2.5899782180786133,-7.766906553460189,0,Symbol II : Air,-7.704740524291992,-9.302618026733398,-6.712639808654785,1.1239166259765625,7.331499099731445,6.561181545257568,7.868865013122559,0.5703535079956055,ave_mujica,212.810875,,142,Symbol II : Air,ave_mujica,212.81,,6.21,142,Symbol II : Air,5.4833,4.5049,6.4061,0.7456,ave_mujica,0.9666987657546996,0.0729,1.034448504447937,,212.81,,Symbol II : Air,1.239026687471778e-06,2.589055547730368e-08,0.0004874379665125,0.0144946295768022,ave_mujica,212.81,,6.02,142,Symbol II : Air,ave_mujica,212.81,,0.744751,142.0,Symbol II : Air,0.9987109899520874,0.7575933337211609,0.9999405741691588,0.1570977717638015,ave_mujica,0.0005471658078022,0.0002965915773529,0.0009879730641841,0.0004805992357432,212.81,,1.07,107.0,-14.21,5.0,Symbol II : Air,ave_mujica,212.8109297052154,,424,Symbol II : Air,0.0466199070215225,0.0084528978914022,0.1670762151479721,0.0741393864154815,,29,0.2237666943222785,fast
87,ave_mujica,Symbol III : ▽,ave_mujica,406.0,0.63,184.5703125,95.23809523809592,256.43,,19.54,False,Symbol III : ▽,ave_mujica,256.93,,G,G,0.584,False,major,major,False,True,Symbol III : ▽,ave_mujica,major,Symbol III : ▽,ave_mujica,256.93,,1.38,6.883316040039063,-12.46701333718072,0,Symbol III : ▽,-12.320196151733398,-17.649927139282227,-10.766611099243164,3.3602023124694824,4.865678787231445,3.670290946960449,5.63995361328125,0.7492761611938477,ave_mujica,256.9288125,,171,Symbol III : ▽,ave_mujica,256.93,,6.95,171,Symbol III : ▽,4.7197,4.1357,5.6167,0.6096,ave_mujica,0.9717968702316284,0.0851,1.0290217399597168,,256.93,,Symbol III : ▽,0.9156514406204224,0.5486816763877869,0.9865743517875672,0.1939331591129303,ave_mujica,256.93,,6.91,171,Symbol III : ▽,ave_mujica,256.93,,0.563194,171.0,Symbol III : ▽,0.9994778037071228,0.131561279296875,0.9999924898147584,0.3164750337600708,ave_mujica,0.0007476573809981,0.0004003993817605,0.0013917018659412,0.0004012552672065,256.93,,1.15,129.0,-22.82,5.0,Symbol III : ▽,ave_mujica,256.928843537415,,512,Symbol III : ▽,0.0378248281776905,0.0049849520437419,0.2090438455343246,0.0928798243403434,,21,0.0162690939272591,medium
88,ave_mujica,Symbol IV : Earth,ave_mujica,588.0,0.41,143.5546875,146.34146341463537,238.85,,18.29,False,Symbol IV : Earth,ave_mujica,239.14,,C,D#,0.484,True,minor,major,False,True,Symbol IV : Earth,ave_mujica,major,Symbol IV : Earth,ave_mujica,239.14,,1.26,3.342340469360352,-8.486549721575615,0,Symbol IV : Earth,-8.46379280090332,-10.523274421691896,-7.180933952331543,4.6270246505737305,6.342686176300049,5.3340744972229,7.167140960693359,0.7459592223167419,ave_mujica,239.1423125,,159,Symbol IV : Earth,ave_mujica,239.14,,6.5,159,Symbol IV : Earth,4.8192,3.4267,5.685,0.847,ave_mujica,0.8628174662590027,0.003,1.1589934825897217,,239.14,,Symbol IV : Earth,4.048732807859778e-05,2.4964629474766298e-08,0.1381301432847976,0.193869411945343,ave_mujica,239.14,,5.91,159,Symbol IV : Earth,ave_mujica,239.14,,0.656543,159.0,Symbol IV : Earth,0.9961585402488708,0.4997453093528747,0.9999408721923828,0.2343159765005111,ave_mujica,0.0006321627879515,0.000290446303552,0.0014762916835024,0.0006462636520154,239.14,,1.13,120.0,-17.19,5.0,Symbol IV : Earth,ave_mujica,239.142358276644,,477,Symbol IV : Earth,0.0313982665538787,0.0039662634953856,0.1348128467798233,0.073921337723732,,29,0.1062128784160482,medium
89,ave_mujica,Ether,ave_mujica,858.0,0.32,123.046875,187.49999999999983,285.32,,21.84,False,Ether,ave_mujica,285.69,,E,G#,0.239,True,major,minor,False,False,Ether,ave_mujica,minor,Ether,ave_mujica,285.69,,1.52,7.55201244354248,-7.77098092481323,0,Ether,-7.828178882598877,-14.089821815490724,-6.537809371948242,6.532409191131592,6.494139194488525,4.790719032287598,7.119600296020508,0.8878620266914368,ave_mujica,285.6866875,,191,Ether,ave_mujica,285.69,,7.62,191,Ether,4.7165,3.8709,5.664,0.6967,ave_mujica,0.8664209842681885,0.0061,1.1541733741760254,,285.69,,Ether,7.811468822183087e-05,1.013784753922664e-06,0.1124275773763656,0.1945971250534057,ave_mujica,285.69,,7.89,191,Ether,ave_mujica,285.69,,0.633125,191.0,Ether,0.9960314631462096,0.2749879360198974,0.999968647956848,0.2936501204967499,ave_mujica,0.0006274514598771,0.0002938835532404,0.0013660098193213,0.0008443589322268,285.69,,1.35,143.0,-19.82,5.0,Ether,ave_mujica,285.6867573696145,,570,Ether,0.0255679972469806,0.0040910099633038,0.1563138365745544,0.0686377808451652,,16,0.0879984808535921,fast
90,ave_mujica,The Whole Blue World,ave_mujica,856.0,0.3,92.28515625,200.0000000000001,257.0,,19.75,False,The Whole Blue World,ave_mujica,257.3,,C#,C#,0.356,False,major,major,False,True,The Whole Blue World,ave_mujica,major,The Whole Blue World,ave_mujica,257.3,,1.38,4.0221710205078125,-9.953489622407396,0,The Whole Blue World,-10.361372947692873,-12.300397872924805,-8.278226852416992,6.1703691482543945,6.356808185577393,5.360357284545898,6.986624717712402,0.7308927774429321,ave_mujica,257.3013125,,171,The Whole Blue World,ave_mujica,257.3,,7.05,171,The Whole Blue World,5.2102,4.2519,5.9614,0.6655,ave_mujica,0.9703667163848876,0.0821,1.0305380821228027,,257.3,,The Whole Blue World,8.24590097181499e-05,8.965051279119507e-07,0.049857709556818,0.1664474904537201,ave_mujica,257.3,,6.96,171,The Whole Blue World,ave_mujica,257.3,,0.807008,171.0,The Whole Blue World,0.9871681928634644,0.2944358885288238,0.99983012676239,0.298086941242218,ave_mujica,0.0005139257409609,0.0003226121480111,0.0013496521860361,0.0010255470406264,257.3,,1.23,129.0,-18.62,5.0,The Whole Blue World,ave_mujica,257.3013605442177,,513,The Whole Blue World,0.0567180104553699,0.0056394003331661,0.1981482356786728,0.0843993052840232,,53,0.1444220809158133,fast
91,ave_mujica,in your blue eyes,ave_mujica,528.0,0.41,71.77734375,146.34146341463028,222.29,,16.97,False,in your blue eyes,ave_mujica,222.77,,D,D,0.342,False,minor,minor,False,False,in your blue eyes,ave_mujica,minor,in your blue eyes,ave_mujica,222.77,,1.14,16.499769687652588,-9.223369874849814,0,in your blue eyes,-10.181941986083984,-23.65485382080078,-7.155084133148193,8.977519035339355,6.291816711425781,3.942643880844116,7.140738010406494,1.2258726358413696,ave_mujica,222.7724375,,148,in your blue eyes,ave_mujica,222.77,,6.06,148,in your blue eyes,4.7095,4.0407,5.4139,0.5259,ave_mujica,0.8530550599098206,0.0015,1.1722573041915894,,222.77,,in your blue eyes,0.0004676671815104,8.23213611056417e-07,0.9060158133506776,0.3479197323322296,ave_mujica,222.77,,5.88,148,in your blue eyes,ave_mujica,222.77,,0.744181,148.0,in your blue eyes,0.989344358444214,0.3089690506458282,0.9999196529388428,0.2726250290870666,ave_mujica,0.0006103693740442,0.0003189308918081,0.001403029426001,0.0006910257507115,222.77,,1.06,112.0,-32.12,5.0,in your blue eyes,ave_mujica,222.77242630385487,,444,in your blue eyes,0.0641675367951393,0.0104314135387539,0.2453185617923736,0.0956585928797721,,32,0.0804408310161799,medium
92,ave_mujica,素晴らしき世界 でも どこにもない場所,ave_mujica,449.0,0.6,161.4990234375,100.00000000000097,269.02,,20.61,False,素晴らしき世界 でも どこにもない場所,ave_mujica,269.5,,C,C,0.31,False,minor,major,True,True,素晴らしき世界 でも どこにもない場所,ave_mujica,major,素晴らしき世界 でも どこにもない場所,ave_mujica,269.5,,1.41,4.408465385437012,-10.04060837037725,0,素晴らしき世界 でも どこにもない場所,-9.954058647155762,-12.933135032653809,-8.524669647216797,3.32671856880188,6.537311553955078,5.420893669128418,7.263540267944336,0.6912043690681458,ave_mujica,269.502375,,180,素晴らしき世界 でも どこにもない場所,ave_mujica,269.5,,7.1,180,素晴らしき世界 でも どこにもない場所,4.4028,3.5879,5.2723,0.6632,ave_mujica,0.9689467549324036,0.0775,1.0320484638214111,,269.5,,素晴らしき世界 でも どこにもない場所,2.093670264002867e-05,2.2799724774813512e-08,0.0029384612571448,0.0604722797870636,ave_mujica,269.5,,6.81,180,素晴らしき世界 でも どこにもない場所,ave_mujica,269.5,,0.735486,180.0,素晴らしき世界 でも どこにもない場所,0.9851311445236206,0.4280451238155365,0.9997131824493408,0.2584745585918426,ave_mujica,0.0006937583093531,0.0002536128740757,0.001274523907341,0.0005587887135334,269.5,,1.25,135.0,-19.72,5.0,素晴らしき世界 でも どこにもない場所,ave_mujica,269.50244897959186,,538,素晴らしき世界 でも どこにもない場所,0.0366248860955238,0.0056959385983645,0.1664206385612487,0.0739646255970001,,28,0.1038951642134961,medium
93,ave_mujica,Angles,ave_mujica,442.0,0.61,135.99917763157896,98.36065573770271,274.19,,20.75,False,Angles,ave_mujica,275.08,,Ab,B,0.334,True,minor,major,False,True,Angles,ave_mujica,major,Angles,ave_mujica,275.08,,1.41,9.959223747253418,-11.145775402945452,0,Angles,-11.938335418701172,-18.56398200988769,-8.604758262634277,6.371791362762451,5.693749904632568,3.924980401992798,7.1465044021606445,1.2374006509780884,ave_mujica,275.08,,183,Angles,ave_mujica,275.08,,7.57,183,Angles,4.7815,4.1848,5.4894,0.4808,ave_mujica,0.9324924349784852,0.0258,1.072394609451294,,275.08,,Angles,0.0272530037909746,5.067538040748332e-06,0.9810950756072998,0.4309830665588379,ave_mujica,275.08,,7.94,183,Angles,ave_mujica,275.08,,0.713142,183.0,Angles,0.9997765421867372,0.1023233160376548,0.999993085861206,0.3345025777816772,ave_mujica,0.0006060417508706,0.000331119983457,0.0010955439647659,0.0003558228490874,275.08,,1.35,138.0,-25.34,5.0,Angles,ave_mujica,275.08,,549,Angles,0.0453383065760135,0.0039608706720173,0.2148892730474472,0.0963303819298744,,27,0.0491493383742912,medium
94,ave_mujica,DIVINE,ave_mujica,811.0,0.26,172.265625,230.7692307692325,257.21,,19.96,False,DIVINE,ave_mujica,257.63,,G,F,0.415,True,major,major,False,True,DIVINE,ave_mujica,major,DIVINE,ave_mujica,257.63,,1.33,2.996811866760254,-8.30074836114903,0,DIVINE,-8.387195587158203,-10.101468086242676,-7.104656219482422,1.1231507062911987,6.800978183746338,5.5373616218566895,7.282938003540039,0.7078282833099365,ave_mujica,257.62575,,172,DIVINE,ave_mujica,257.63,,7.5,172,DIVINE,4.991,3.7857,5.9369,0.8049,ave_mujica,0.9806374311447144,0.0912,1.0197447538375854,,257.63,,DIVINE,6.821425813541282e-06,1.520366197382828e-07,0.0196744166314601,0.1034858897328376,ave_mujica,257.63,,7.5,172,DIVINE,ave_mujica,257.63,,0.688624,172.0,DIVINE,0.9994133710861206,0.9290494918823242,0.9999691843986512,0.1817357391119003,ave_mujica,0.0008411930757574,0.000285511923721,0.0018367348238825,0.0008229892118833,257.63,,1.22,129.0,-14.31,5.0,DIVINE,ave_mujica,257.6257596371882,,514,DIVINE,0.0395423211157321,0.0076657319441437,0.1615859866142273,0.0729268342256546,,36,0.1726535069151892,boost
95,ave_mujica,Sophie,ave_mujica,565.0,0.3,184.5703125,199.99999999999952,196.74,,15.33,False,Sophie,ave_mujica,197.01,,B,B,0.74,False,minor,minor,False,False,Sophie,ave_mujica,minor,Sophie,ave_mujica,197.01,,1.01,4.2645416259765625,-11.514205140719817,0,Sophie,-11.627464294433594,-14.136165618896484,-9.871623992919922,3.0903282165527344,6.449047565460205,5.410820960998535,7.143917083740234,0.7071271538734436,ave_mujica,197.0096875,,131,Sophie,ave_mujica,197.01,,5.38,131,Sophie,5.0473,3.9963,6.1186,0.9187,ave_mujica,0.9856233596801758,0.1049,1.014586329460144,,197.01,,Sophie,9.217376828019042e-06,6.65587478465568e-08,0.0143202478066086,0.2083761990070343,ave_mujica,197.01,,5.65,131,Sophie,ave_mujica,197.01,,0.728708,131.0,Sophie,0.990400731563568,0.6193975210189819,0.9998868703842164,0.2242244333028793,ave_mujica,0.0005659656017087,0.0003543400671333,0.00112425617408,0.0005076645174995,197.01,,0.87,99.0,-21.35,5.0,Sophie,ave_mujica,197.0097052154195,,393,Sophie,0.0600078776478767,0.0065338416025042,0.2525928616523742,0.103713646531105,,22,0.0815188080792955,fast
96,ave_mujica,‘S/’ The Way,ave_mujica,666.0,0.38,287.109375,157.89473684210716,227.15,,16.8,False,‘S/’ The Way,ave_mujica,227.45,,E,E,0.505,False,minor,minor,False,False,‘S/’ The Way,ave_mujica,minor,‘S/’ The Way,ave_mujica,227.45,,1.15,2.141876697540283,-7.762845058482683,0,‘S/’ The Way,-7.737611770629883,-9.061994552612305,-6.9201178550720215,1.7710394859313965,7.101995944976807,6.28066873550415,7.680693626403809,0.6482478380203247,ave_mujica,227.4524375,,151,‘S/’ The Way,ave_mujica,227.45,,6.36,151,‘S/’ The Way,4.9848,3.8801,5.7782,0.7632,ave_mujica,0.9321622252464294,0.0243,1.0727747678756714,,227.45,,‘S/’ The Way,4.847515242545342e-07,2.9527662093187252e-08,7.140021625673398e-05,0.1123934984207153,ave_mujica,227.45,,6.49,151,‘S/’ The Way,ave_mujica,227.45,,0.813383,151.0,‘S/’ The Way,0.9944349527359008,0.4881080389022827,0.999832272529602,0.224747285246849,ave_mujica,0.0006228289566934,0.0003463038301561,0.0010866705561056,0.0045344661921262,227.45,,1.03,114.0,-15.45,5.0,‘S/’ The Way,ave_mujica,227.45242630385488,,453,‘S/’ The Way,0.0624066703021526,0.0103388773277401,0.2429957091808319,0.0982262194156646,,37,0.1030545122208241,medium
97,ave_mujica,碧い瞳の中に,ave_mujica,536.0,0.41,71.77734375,146.34146341462522,223.61,,17.36,False,碧い瞳の中に,ave_mujica,223.96,,D,D,0.344,False,minor,minor,False,False,碧い瞳の中に,ave_mujica,minor,碧い瞳の中に,ave_mujica,223.96,,1.17,15.152460098266602,-11.089828000742049,0,碧い瞳の中に,-11.872515678405762,-24.256404876708984,-9.103944778442385,8.575268745422363,5.985641002655029,3.7765212059021,6.815374374389648,1.1174226999282837,ave_mujica,223.96,,149,碧い瞳の中に,ave_mujica,223.96,,6.1,149,碧い瞳の中に,4.6104,4.0166,5.4107,0.5046,ave_mujica,0.8746302723884583,0.0091,1.1433403491973877,,223.96,,碧い瞳の中に,0.0023186975158751,6.657011908828281e-06,0.9202266335487366,0.3514943420886993,ave_mujica,223.96,,6.73,149,碧い瞳の中に,ave_mujica,223.96,,0.754422,149.0,碧い瞳の中に,0.9841046929359436,0.2559478282928467,0.9998883605003356,0.2916539907455444,ave_mujica,0.000628825626336,0.0003173016011714,0.0013943939702585,0.0004886130336672,223.96,,1.04,112.0,-33.28,5.0,碧い瞳の中に,ave_mujica,223.96,,446,碧い瞳の中に,0.0620059370994567,0.0058130212128162,0.2487200498580932,0.0968409776687622,,33,0.0625111627076263,medium
98,ave_mujica,堕天 (Cover),ave_mujica,510.0,0.29,129.19921875,206.89655172413347,183.15,,14.02,False,堕天 (Cover),ave_mujica,183.79,,Ab,F#,0.201,True,minor,minor,False,False,堕天 (Cover),ave_mujica,minor,堕天 (Cover),ave_mujica,183.79,,0.98,2.7830066680908203,-9.307645971025316,0,堕天 (Cover),-9.1605806350708,-11.234896659851074,-8.451889991760254,5.820954322814941,7.17982292175293,6.14882755279541,7.771696090698242,0.697176992893219,ave_mujica,183.786625,,122,堕天 (Cover),ave_mujica,183.79,,5.37,122,堕天 (Cover),5.8166,4.5819,6.5159,0.728,ave_mujica,1.0696066617965698,0.3632,0.9349231123924256,,183.79,,堕天 (Cover),8.326205716002733e-06,1.8642209909103258e-07,0.0001895417226478,0.0151782464236021,ave_mujica,183.79,,5.94,122,堕天 (Cover),ave_mujica,183.79,,0.703606,122.0,堕天 (Cover),0.9996623992919922,0.5573819279670715,0.9999858736991882,0.2036379277706146,ave_mujica,0.0006957746809348,0.0004044101806357,0.001163046224974,0.0004164808779023,183.79,,0.89,92.0,-16.86,5.0,堕天 (Cover),ave_mujica,183.78666666666663,,366,堕天 (Cover),0.0663644522428512,0.01345831528306,0.2187704145908355,0.0854631960391998,,19,0.3211331615082295,fast
99,ave_mujica,KINGS (Cover),ave_mujica,933.0,0.34,198.76802884615384,176.47058823529235,317.34,,24.32,False,KINGS (Cover),ave_mujica,317.63,,Ab,B,0.288,True,minor,major,False,False,KINGS (Cover),ave_mujica,major,KINGS (Cover),ave_mujica,317.63,,1.6,3.0127720832824707,-8.898797611402165,0,KINGS (Cover),-8.671940803527832,-10.806323051452637,-7.793550968170166,1.4647094011306765,6.717981815338135,5.857753753662109,7.327720642089844,0.6191521883010864,ave_mujica,317.626625,,212,KINGS (Cover),ave_mujica,317.63,,8.46,212,KINGS (Cover),5.3937,4.3437,5.9858,0.609,ave_mujica,1.1191142797470093,0.576,0.8935638070106506,,317.63,,KINGS (Cover),2.569611751823686e-05,4.472393868582003e-07,0.0007530949660576,0.1452201604843139,ave_mujica,317.63,,8.44,212,KINGS (Cover),ave_mujica,317.63,,0.680516,212.0,KINGS (Cover),0.9988664388656616,0.9029707312583924,0.9999240636825562,0.1552289873361587,ave_mujica,0.0007480198983103,0.0003371637139935,0.001389846438542,0.0004257457621861,317.63,,1.48,159.0,-16.5,5.0,KINGS (Cover),ave_mujica,317.62666666666667,,634,KINGS (Cover),0.057330384850502,0.0092473020777106,0.1847546100616455,0.0715906620025634,,38,0.1181890611757866,fast
100,ave_mujica,暗黒天国 (Cover),ave_mujica,419.0,0.63,123.046875,95.23809523809592,264.71,,20.71,False,暗黒天国 (Cover),ave_mujica,265.32,,Bb,F,0.403,True,minor,minor,False,True,暗黒天国 (Cover),ave_mujica,minor,暗黒天国 (Cover),ave_mujica,265.32,,1.39,3.5814437866210938,-9.762705548722456,0,暗黒天国 (Cover),-9.42956829071045,-12.174962997436523,-8.59351921081543,3.1101491451263428,7.040952682495117,6.002400875091553,7.892278671264648,0.7635585069656372,ave_mujica,265.32,,177,暗黒天国 (Cover),ave_mujica,265.32,,6.81,177,暗黒天国 (Cover),5.524,4.3396,6.9473,1.0115,ave_mujica,1.062305569648743,0.3359,0.9413487315177916,,265.32,,暗黒天国 (Cover),4.09853964811191e-06,3.4767385415079843e-08,0.0005287698586471,0.0473985560238361,ave_mujica,265.32,,7.12,177,暗黒天国 (Cover),ave_mujica,265.32,,0.68,177.0,暗黒天国 (Cover),0.9998114705085754,0.6754253506660461,0.999990940093994,0.1620692759752273,ave_mujica,0.0006561008631251,0.0003449426149018,0.0011274627177044,0.0003681369416881,265.32,,1.29,133.0,-19.03,5.0,暗黒天国 (Cover),ave_mujica,265.32,,529,暗黒天国 (Cover),0.0527759343385696,0.0095794750377535,0.152057483792305,0.0637872293591499,,33,0.0195989748228554,medium
101,various_artists,Don't be afraid!,various_artists,721.0,0.33,117.45383522727272,181.81818181818176,238.52,,17.91,False,Don't be afraid!,various_artists,238.8,,Eb,A#,0.258,True,minor,minor,False,False,Don't be afraid!,various_artists,minor,Don't be afraid!,various_artists,238.8,,1.73,2.826668739318848,-11.303702340274976,0,Don't be afraid!,-11.190884590148926,-13.151074409484863,-10.324405670166016,4.526421546936035,7.058892250061035,6.032611846923828,7.621289730072021,0.7633593082427979,various_artists,238.8,,159,Don't be afraid!,various_artists,238.8,,6.38,159,Don't be afraid!,6.261,5.182,6.9642,0.7649,various_artists,1.0872563123703003,0.4438,0.919746160507202,,238.8,,Don't be afraid!,0.0021474857348948,1.9147348211845383e-05,0.0655369088053703,0.1449883133172989,various_artists,238.8,,5.74,159,Don't be afraid!,various_artists,238.8,,0.716972,159.0,Don't be afraid!,0.9821667671203612,0.3912433981895447,0.9995962381362916,0.2587971985340118,various_artists,0.0007046362152323,0.0004005347145721,0.0011767789255827,0.0003725877031683,238.8,,1.14,120.0,-19.13,5.0,Don't be afraid!,various_artists,238.8,,476,Don't be afraid!,0.0596468746662139,0.0084601631388068,0.2243136465549469,0.0944249406456947,,31,0.234505862646566,fast
102,various_artists,Glee! Glee! Glee!,various_artists,636.0,0.33,117.45383522727272,181.8181818181749,211.68,,16.42,False,Glee! Glee! Glee!,various_artists,211.83,,G,G,0.723,False,major,major,False,False,Glee! Glee! Glee!,various_artists,major,Glee! Glee! Glee!,various_artists,211.83,,1.14,4.078926086425781,-11.37451842642044,0,Glee! Glee! Glee!,-11.192527770996094,-14.40788459777832,-10.32895851135254,3.8373849391937256,7.0434160232543945,5.669797420501709,7.735275268554687,0.9272155165672302,various_artists,211.8333125,,141,Glee! Glee! Glee!,various_artists,211.83,,5.71,141,Glee! Glee! Glee!,6.3682,5.3359,7.2452,0.7998,various_artists,1.1098405122756958,0.5319,0.9010303616523744,,211.83,,Glee! Glee! Glee!,0.0014619338326156,6.191266584210098e-05,0.1525354534387588,0.1910826414823532,various_artists,211.83,,5.83,141,Glee! Glee! Glee!,various_artists,211.83,,0.687028,141.0,Glee! Glee! Glee!,0.9890570044517516,0.2171516567468643,0.9997934699058532,0.3009756803512573,various_artists,0.0007321907323785,0.0003872948000207,0.0011873212642967,0.0003247639397159,211.83,,1.03,106.0,-20.63,5.0,Glee! Glee! Glee!,various_artists,211.8333333333333,,422,Glee! Glee! Glee!,0.0660644397139549,0.0072250477969646,0.203392818570137,0.0826563090085983,,13,0.1490794356649418,fast
103,various_artists,"Be shine, shining!",various_artists,187.0,0.52,123.046875,115.38461538461628,95.86,,7.69,False,"Be shine, shining!",various_artists,96.33,,E,E,0.586,False,major,major,False,True,"Be shine, shining!",various_artists,major,"Be shine, shining!",various_artists,96.33,,0.54,4.72923755645752,-11.600929206942022,0,"Be shine, shining!",-11.43264389038086,-15.218023300170898,-10.48878574371338,5.773405075073242,6.5449700355529785,5.542564392089844,7.225827693939209,0.7372878193855286,various_artists,96.3333125,,63,"Be shine, shining!",various_artists,96.33,,1.73,63,"Be shine, shining!",6.5006,5.1919,7.2391,0.8213,various_artists,1.0810658931732178,0.4058,0.9250130653381348,,96.33,,"Be shine, shining!",0.0007349790539592,2.8213768018758856e-05,0.390520691871643,0.2142908573150634,various_artists,96.33,,1.23,63,"Be shine, shining!",various_artists,96.33,,0.660205,63.0,"Be shine, shining!",0.9995105266571044,0.8763677477836609,0.9999799728393556,0.1519826203584671,various_artists,0.0006931987591087,0.0003517001750878,0.001137118670158,0.0003014098037965,96.33,,0.39,49.0,-20.96,5.0,"Be shine, shining!",various_artists,96.33333333333331,,191,"Be shine, shining!",0.064853049814701,0.0080421715974807,0.2983558475971222,0.1114077717065811,,10,0.2499652898074005,medium
104,various_artists,"Here, the world",various_artists,540.0,0.49,123.046875,122.448979591838,262.97,,20.61,False,"Here, the world",various_artists,263.24,,Ab,G#,0.682,True,major,major,False,True,"Here, the world",various_artists,major,"Here, the world",various_artists,263.24,,1.38,3.709371566772461,-9.600561276661104,0,"Here, the world",-9.459714889526367,-12.173514366149902,-8.464142799377441,1.9926804304122925,6.297852516174316,5.468578338623047,6.978701114654541,0.6999091506004333,various_artists,263.24,,175,"Here, the world",various_artists,263.24,,6.3,175,"Here, the world",6.2395,5.4443,6.9424,0.671,various_artists,1.217024803161621,0.8708,0.8216759562492371,,263.24,,"Here, the world",0.0006593170110136,2.7205120204598643e-05,0.0106022795662283,0.0751662477850914,various_artists,263.24,,6.45,175,"Here, the world",various_artists,263.24,,0.575778,175.0,"Here, the world",0.9999996423721312,0.9998222589492798,1.0,0.0014860468218103,various_artists,0.0009748915908858,0.0005953667568974,0.0018203846411779,0.0005579722346737,263.24,,1.06,132.0,-19.66,5.0,"Here, the world",various_artists,263.24,,525,"Here, the world",0.1000709682703018,0.0118630360811948,0.2772497832775116,0.1108074337244033,,26,0.0704300258319404,medium
105,various_artists,CiRCLE THANKS MUSiC♪,various_artists,643.0,0.49,215.33203125,122.448979591838,313.36,,24.06,False,CiRCLE THANKS MUSiC♪,various_artists,313.7,,G,G,0.878,False,major,major,False,False,CiRCLE THANKS MUSiC♪,various_artists,major,CiRCLE THANKS MUSiC♪,various_artists,313.7,,1.61,3.095036506652832,-11.452374995669716,0,CiRCLE THANKS MUSiC♪,-11.343305587768556,-13.34680461883545,-10.251768112182615,4.242328643798828,6.5801615715026855,5.767850875854492,7.284887313842773,0.6054498553276062,various_artists,313.70225,,209,CiRCLE THANKS MUSiC♪,various_artists,313.7,,8.51,209,CiRCLE THANKS MUSiC♪,5.7133,4.6692,6.657,0.7881,various_artists,1.141419768333435,0.6687,0.8761019110679626,,313.7,,CiRCLE THANKS MUSiC♪,1.2057503226969857e-05,3.3513271091578645e-07,0.0010425072396174,0.0085093332454562,various_artists,313.7,,7.84,209,CiRCLE THANKS MUSiC♪,various_artists,313.7,,0.732362,209.0,CiRCLE THANKS MUSiC♪,0.9982337951660156,0.9333457946777344,0.9999739527702332,0.1045651733875274,various_artists,0.0012736797798424,0.0005930985207669,0.0038074236363172,0.0018358604284003,313.7,,1.34,157.0,-18.86,5.0,CiRCLE THANKS MUSiC♪,various_artists,313.70226757369613,,626,CiRCLE THANKS MUSiC♪,0.0462892279028892,0.0090212514623999,0.193090558052063,0.0821160674095153,,54,0.0881090093972449,medium
106,hello_happy_world,キミがいなくちゃっ！,hello_happy_world,504.0,0.48,151.99908088235293,124.99999999999896,243.55,,18.53,False,キミがいなくちゃっ！,hello_happy_world,243.77,,D,D,0.874,False,major,major,False,False,キミがいなくちゃっ！,hello_happy_world,major,キミがいなくちゃっ！,hello_happy_world,243.77,,1.78,1.955766677856445,-11.259269587468625,0,キミがいなくちゃっ！,-11.243684768676758,-12.44189453125,-10.486127853393556,2.7699549198150635,6.517139434814453,5.502075672149658,7.175584316253662,0.7007938623428345,hello_happy_world,243.7689375,,162,キミがいなくちゃっ！,hello_happy_world,243.77,,6.71,162,キミがいなくちゃっ！,6.4535,5.634,7.1869,0.6295,hello_happy_world,1.133482575416565,0.6383,0.8822367787361145,,243.77,,キミがいなくちゃっ！,0.0052773053757846,0.0003211751754861,0.3197988867759704,0.198999747633934,hello_happy_world,243.77,,6.25,162,キミがいなくちゃっ！,hello_happy_world,243.77,,0.637394,162.0,キミがいなくちゃっ！,0.9989940524101256,0.8064526319503784,0.999985933303833,0.1593279689550399,hello_happy_world,0.000737854570616,0.0003697605861816,0.0011882977560162,0.0003704860282596,243.77,,0.97,122.0,-19.58,5.0,キミがいなくちゃっ！,hello_happy_world,243.7689795918368,,486,キミがいなくちゃっ！,0.0819533839821815,0.0083799054846167,0.2755844593048095,0.1068106964230537,,26,0.1451374046740972,medium
107,hello_happy_world,ハイファイブ∞あどべんちゃっ,hello_happy_world,899.0,0.3,129.19921875,199.9999999999924,272.28,,21.83,False,ハイファイブ∞あどべんちゃっ,hello_happy_world,272.43,,Eb,D#,0.832,True,major,major,False,False,ハイファイブ∞あどべんちゃっ,hello_happy_world,major,ハイファイブ∞あどべんちゃっ,hello_happy_world,272.43,,1.84,1.3180828094482422,-10.932498608223568,0,ハイファイブ∞あどべんちゃっ,-10.892595291137695,-11.62987995147705,-10.311797142028809,2.6870710849761963,6.787994861602783,6.139711856842041,7.730771064758301,0.6656859517097473,hello_happy_world,272.4333125,,182,ハイファイブ∞あどべんちゃっ,hello_happy_world,272.43,,7.37,182,ハイファイブ∞あどべんちゃっ,6.7588,5.7583,7.4432,0.6392,hello_happy_world,1.2793413400650024,0.9392,0.7816522717475891,,272.43,,ハイファイブ∞あどべんちゃっ,2.6161314963246696e-05,1.046679130922712e-06,0.0012274056207388,0.0537796691060066,hello_happy_world,272.43,,8.08,182,ハイファイブ∞あどべんちゃっ,hello_happy_world,272.43,,0.726013,182.0,ハイファイブ∞あどべんちゃっ,0.997739553451538,0.6784345507621765,0.9999957084655762,0.1909519284963607,hello_happy_world,0.0007455871091224,0.0004040313069708,0.0012515626149252,0.0003499326703604,272.43,,1.6,137.0,-19.83,5.0,ハイファイブ∞あどべんちゃっ,hello_happy_world,272.43333333333334,,543,ハイファイブ∞あどべんちゃっ,0.0737478733062744,0.0090401703491806,0.3019281923770904,0.1227165162563324,,31,0.0809005137494626,fast
108,hello_happy_world,スマイルブーケで た〜まや〜！,hello_happy_world,682.0,0.4,143.5546875,150.00000000000054,271.96,,20.86,False,スマイルブーケで た〜まや〜！,hello_happy_world,271.97,,C#,G,0.252,True,minor,major,False,False,スマイルブーケで た〜まや〜！,hello_happy_world,major,スマイルブーケで た〜まや〜！,hello_happy_world,271.97,,1.45,2.6875219345092773,-11.735987069226116,0,スマイルブーケで た〜まや〜！,-11.67621898651123,-13.382030487060549,-10.69450855255127,2.24037766456604,6.360153198242188,5.555293560028076,7.225478172302246,0.7185338735580444,hello_happy_world,271.966625,,181,スマイルブーケで た〜まや〜！,hello_happy_world,271.97,,7.52,181,スマイルブーケで た〜まや〜！,5.9816,4.9936,6.8912,0.7146,hello_happy_world,1.1465849876403809,0.6884,0.8721551299095154,,271.97,,スマイルブーケで た〜まや〜！,0.0080115962773561,0.000339860911481,0.1226408332586288,0.1063145473599433,hello_happy_world,271.97,,7.88,181,スマイルブーケで た〜まや〜！,hello_happy_world,271.97,,0.747566,181.0,スマイルブーケで た〜まや〜！,0.9979645013809204,0.7862509489059448,0.9999632835388184,0.1898775100708007,hello_happy_world,0.0007042210781946,0.0003397649852558,0.0011784126982092,0.0003880235017277,271.97,,1.33,136.0,-19.01,5.0,スマイルブーケで た〜まや〜！,hello_happy_world,271.96666666666664,,542,スマイルブーケで た〜まや〜！,0.0554701089859008,0.0068041370250284,0.212566003203392,0.0845777168869972,,40,0.2002451127401402,medium
109,hello_happy_world,えがお･シング･あ･ソング,hello_happy_world,620.0,0.4,151.99908088235293,149.99999999999787,248.72,,19.01,False,えがお･シング･あ･ソング,hello_happy_world,249.2,,E,E,0.571,False,major,major,False,True,えがお･シング･あ･ソング,hello_happy_world,major,えがお･シング･あ･ソング,hello_happy_world,249.2,,1.3,4.045218467712402,-11.100688323796518,0,えがお･シング･あ･ソング,-11.079339981079102,-13.694069862365724,-9.64885139465332,3.571274280548096,7.042596817016602,5.938446044921875,7.753366947174072,0.8160650134086609,hello_happy_world,249.2,,166,えがお･シング･あ･ソング,hello_happy_world,249.2,,7.2,166,えがお･シング･あ･ソング,6.4682,5.2734,7.0946,0.6739,hello_happy_world,1.066503643989563,0.3526,0.9376434087753296,,249.2,,えがお･シング･あ･ソング,0.0040741236880421,0.0001197675883304,0.1039187908172607,0.1376796215772628,hello_happy_world,249.2,,7.03,166,えがお･シング･あ･ソング,hello_happy_world,249.2,,0.620568,166.0,えがお･シング･あ･ソング,0.9995434284210204,0.7793996334075928,0.9999917149543762,0.2033096104860305,hello_happy_world,0.001007339451462,0.000460620096419,0.0021107413340359,0.0012418066617101,249.2,,1.38,125.0,-20.95,5.0,えがお･シング･あ･ソング,hello_happy_world,249.2,,497,えがお･シング･あ･ソング,0.0820619463920593,0.0095564601942896,0.2293090373277664,0.0863072574138641,,42,0.0750401284109149,medium
110,hello_happy_world,YAPPY! SCHOOL CARNIVAL☆彡,hello_happy_world,675.0,0.35,161.4990234375,171.4285714285742,235.02,,18.03,False,YAPPY! SCHOOL CARNIVAL☆彡,hello_happy_world,235.2,,E,B,0.284,True,major,major,False,True,YAPPY! SCHOOL CARNIVAL☆彡,hello_happy_world,major,YAPPY! SCHOOL CARNIVAL☆彡,hello_happy_world,235.2,,1.21,2.1809329986572266,-11.972288966314167,0,YAPPY! SCHOOL CARNIVAL☆彡,-12.21712875366211,-13.089150428771973,-10.908217430114746,3.326324939727783,6.551336288452148,5.948052883148193,7.193004608154297,0.5267812609672546,hello_happy_world,235.2,,157,YAPPY! SCHOOL CARNIVAL☆彡,hello_happy_world,235.2,,6.69,157,YAPPY! SCHOOL CARNIVAL☆彡,6.3622,5.5291,6.9165,0.5308,hello_happy_world,1.204314947128296,0.8541,0.8303475975990295,,235.2,,YAPPY! SCHOOL CARNIVAL☆彡,0.0020915681961923,0.0002078421384794,0.0246777590364217,0.0329270809888839,hello_happy_world,235.2,,6.81,157,YAPPY! SCHOOL CARNIVAL☆彡,hello_happy_world,235.2,,0.64996,157.0,YAPPY! SCHOOL CARNIVAL☆彡,0.997978150844574,0.911919891834259,0.9999625086784364,0.1039593517780304,hello_happy_world,0.0008225329220294,0.0004897664184682,0.0013221587287262,0.0005656324210576,235.2,,1.51,118.0,-20.18,5.0,YAPPY! SCHOOL CARNIVAL☆彡,hello_happy_world,235.2,,469,YAPPY! SCHOOL CARNIVAL☆彡,0.0775451883673667,0.0090494668111205,0.2493144273757934,0.1000796407461166,,35,0.1445578231292517,fast
111,hello_happy_world,にこ×にこ=ハイパースマイルパワー！,hello_happy_world,738.0,0.32,184.5703125,187.500000000004,233.06,,18.06,False,にこ×にこ=ハイパースマイルパワー！,hello_happy_world,233.3,,F#,F#,0.412,False,minor,minor,False,True,にこ×にこ=ハイパースマイルパワー！,hello_happy_world,minor,にこ×にこ=ハイパースマイルパワー！,hello_happy_world,233.3,,1.21,2.246150016784668,-10.676509104735082,0,にこ×にこ=ハイパースマイルパワー！,-10.511664390563965,-12.17314624786377,-9.926996231079102,2.803213119506836,6.796095371246338,6.057811737060547,7.385040760040283,0.5316482782363892,hello_happy_world,233.3,,155,にこ×にこ=ハイパースマイルパワー！,hello_happy_world,233.3,,5.34,155,にこ×にこ=ハイパースマイルパワー！,5.8816,4.8157,6.7626,0.7592,hello_happy_world,1.107494235038757,0.5182,0.9029392600059508,,233.3,,にこ×にこ=ハイパースマイルパワー！,4.045703826704994e-05,6.964143040022464e-07,0.0023716341238468,0.0100263776257634,hello_happy_world,233.3,,5.95,155,にこ×にこ=ハイパースマイルパワー！,hello_happy_world,233.3,,0.750073,155.0,にこ×にこ=ハイパースマイルパワー！,0.9991337656974792,0.8233152031898499,0.9999792575836182,0.1152272894978523,hello_happy_world,0.000867330294568,0.0005158805288374,0.0016469109104946,0.0042750076390802,233.3,,1.02,117.0,-18.68,5.0,にこ×にこ=ハイパースマイルパワー！,hello_happy_world,233.3,,465,にこ×にこ=ハイパースマイルパワー！,0.0750857070088386,0.0100968461483716,0.2946361005306244,0.1126665621995925,,30,0.0805829404200599,fast
112,hello_happy_world,ないすみちゅっ！,hello_happy_world,748.0,0.34,92.28515625,176.47058823529235,256.89,,19.9,False,ないすみちゅっ！,hello_happy_world,257.2,,Eb,G#,0.237,True,minor,major,False,False,ないすみちゅっ！,hello_happy_world,major,ないすみちゅっ！,hello_happy_world,257.2,,1.3,2.4346160888671875,-11.856520567833403,0,ないすみちゅっ！,-11.829595565795898,-13.325106620788574,-10.890490531921388,4.294839859008789,6.484677314758301,5.663136005401611,7.185678958892822,0.6404320001602173,hello_happy_world,257.2,,171,ないすみちゅっ！,hello_happy_world,257.2,,6.48,171,ないすみちゅっ！,6.0238,4.8241,6.8535,0.7824,hello_happy_world,1.1866320371627808,0.8161,0.8427212238311768,,257.2,,ないすみちゅっ！,9.338125528302044e-05,3.291909024483175e-06,0.0066280299797654,0.0469501838088035,hello_happy_world,257.2,,6.72,171,ないすみちゅっ！,hello_happy_world,257.2,,0.681525,171.0,ないすみちゅっ！,0.9992490410804749,0.937172830104828,0.9999892711639404,0.1574585288763046,hello_happy_world,0.0009300223900936,0.000467541947728,0.0017541424604132,0.0013232519850134,257.2,,1.16,129.0,-20.03,5.0,ないすみちゅっ！,hello_happy_world,257.2,,513,ないすみちゅっ！,0.075625941157341,0.0092464517802,0.2235574424266815,0.0875453650951385,,46,0.2106531881804042,fast
113,hello_happy_world,ゴーカ！ごーかい！？ファントムシーフ！,hello_happy_world,758.0,0.28,103.359375,214.28571428571345,219.36,,16.85,False,ゴーカ！ごーかい！？ファントムシーフ！,hello_happy_world,219.84,,Ab,G#,0.652,True,minor,minor,False,False,ゴーカ！ごーかい！？ファントムシーフ！,hello_happy_world,minor,ゴーカ！ごーかい！？ファントムシーフ！,hello_happy_world,219.84,,1.11,2.657562255859375,-10.686717504306769,0,ゴーカ！ごーかい！？ファントムシーフ！,-10.720075607299805,-12.225424766540527,-9.567862510681152,2.636350154876709,6.9056901931762695,5.999973297119141,7.630138397216797,0.7015389800071716,hello_happy_world,219.835625,,146,ゴーカ！ごーかい！？ファントムシーフ！,hello_happy_world,219.84,,5.41,146,ゴーカ！ごーかい！？ファントムシーフ！,6.1566,5.2099,6.6773,0.5964,hello_happy_world,1.250741720199585,0.9088,0.7995256185531616,,219.84,,ゴーカ！ごーかい！？ファントムシーフ！,0.0009208465926349,6.333126657409593e-05,0.0203107744455337,0.1026730686426162,hello_happy_world,219.84,,5.74,146,ゴーカ！ごーかい！？ファントムシーフ！,hello_happy_world,219.84,,0.638887,146.0,ゴーカ！ごーかい！？ファントムシーフ！,0.9935479760169984,0.1536933481693267,0.9999192357063292,0.3191933631896972,hello_happy_world,0.0008882426191121,0.0004466407990548,0.0020139552652835,0.0070369415916502,219.84,,0.96,110.0,-19.4,5.0,ゴーカ！ごーかい！？ファントムシーフ！,hello_happy_world,219.8356462585034,,438,ゴーカ！ごーかい！？ファントムシーフ！,0.0932651832699775,0.0118500860407948,0.2527414560317993,0.0984052941203117,,30,0.0943432166647239,boost
114,hello_happy_world,うぃーきゃん☆フレフレっ！,hello_happy_world,717.0,0.33,129.19921875,181.8181818181749,239.36,,18.48,False,うぃーきゃん☆フレフレっ！,hello_happy_world,239.64,,A,D,0.381,True,major,major,False,True,うぃーきゃん☆フレフレっ！,hello_happy_world,major,うぃーきゃん☆フレフレっ！,hello_happy_world,239.64,,1.16,2.5329790115356445,-11.684815319656751,0,うぃーきゃん☆フレフレっ！,-11.756336212158203,-12.843836784362791,-10.310857772827148,2.119954824447632,6.4077558517456055,5.641617774963379,7.117982864379883,0.5894083976745605,hello_happy_world,239.635625,,160,うぃーきゃん☆フレフレっ！,hello_happy_world,239.64,,6.33,160,うぃーきゃん☆フレフレっ！,6.3103,5.5535,7.0036,0.595,hello_happy_world,1.190137505531311,0.8222,0.8402390480041504,,239.64,,うぃーきゃん☆フレフレっ！,0.0001193723874166,6.208417289599311e-06,0.0149175217375159,0.1392382085323333,hello_happy_world,239.64,,6.61,160,うぃーきゃん☆フレフレっ！,hello_happy_world,239.64,,0.744421,160.0,うぃーきゃん☆フレフレっ！,0.995152711868286,0.6640107035636902,0.9999015927314758,0.1883487850427627,hello_happy_world,0.0006397831020876,0.0004271082580089,0.0010766413761302,0.0003378120600245,239.64,,1.08,120.0,-19.87,5.0,うぃーきゃん☆フレフレっ！,hello_happy_world,239.6356462585034,,478,うぃーきゃん☆フレフレっ！,0.0796648263931274,0.0088131232187151,0.2594754993915558,0.0995795801281929,,26,0.2301828035793927,fast
115,hello_happy_world,えがおのオーケストラっ！,hello_happy_world,529.0,0.43,135.99917763157896,139.534883720928,229.75,,17.79,False,えがおのオーケストラっ！,hello_happy_world,230.2,,Bb,A#,0.9,True,major,major,False,False,えがおのオーケストラっ！,hello_happy_world,major,えがおのオーケストラっ！,hello_happy_world,230.2,,1.17,5.681584358215332,-12.975827892468102,0,えがおのオーケストラっ！,-13.48847484588623,-16.506412506103516,-10.824828147888184,3.9989230632781982,6.611704349517822,5.130794525146484,7.555220603942871,0.945179522037506,hello_happy_world,230.2,,153,えがおのオーケストラっ！,hello_happy_world,230.2,,6.05,153,えがおのオーケストラっ！,6.0164,4.902,6.9747,0.7715,hello_happy_world,1.1506060361862185,0.7006,0.8691070675849915,,230.2,,えがおのオーケストラっ！,0.0066966339945793,0.00025454905699,0.2502767741680145,0.1650578528642654,hello_happy_world,230.2,,6.28,153,えがおのオーケストラっ！,hello_happy_world,230.2,,0.643436,153.0,えがおのオーケストラっ！,0.999247670173645,0.808613121509552,0.9999979734420776,0.1872416287660598,hello_happy_world,,,,,,,1.11,,-24.2,5.0,えがおのオーケストラっ！,hello_happy_world,230.2,,459,えがおのオーケストラっ！,0.0870973393321037,0.0099711744114756,0.2579264640808105,0.0982884913682937,,39,0.2634231103388357,medium
116,hello_happy_world,にこにこねくと！,hello_happy_world,700.0,0.36,151.99908088235293,166.66666666666694,250.46,,19.21,False,にこにこねくと！,hello_happy_world,250.64,,D,D,0.878,False,major,major,False,False,にこにこねくと！,hello_happy_world,major,にこにこねくと！,hello_happy_world,250.64,,1.24,3.0499067306518555,-12.868810073882845,0,にこにこねくと！,-12.711088180541992,-14.764634132385254,-11.714727401733398,5.192893981933594,6.091732978820801,5.095468044281006,6.810808181762695,0.6737850904464722,hello_happy_world,250.6355625,,167,にこにこねくと！,hello_happy_world,250.64,,6.4,167,にこにこねくと！,5.9328,5.0776,6.5596,0.569,hello_happy_world,1.1229627132415771,0.5881,0.8905014395713806,,250.64,,にこにこねくと！,0.0450276248157024,0.0027800472453236,0.883406937122345,0.3199327290058136,hello_happy_world,250.64,,6.69,167,にこにこねくと！,hello_happy_world,250.64,,0.650732,167.0,にこにこねくと！,0.9994556307792664,0.5350186228752136,0.9999994039535522,0.2257530391216278,hello_happy_world,0.0010108125861734,0.0003706773277372,0.0018388464814051,0.0011572093935683,250.64,,1.18,126.0,-22.0,5.0,にこにこねくと！,hello_happy_world,250.63560090702947,,500,にこにこねくと！,0.0515126511454582,0.0065985573455691,0.2118837237358093,0.086428701877594,,47,0.0100544365949572,fast
117,hello_happy_world,ふぁいぶスマイル◯オールインっ！,hello_happy_world,513.0,0.48,83.35433467741936,125.00000000000269,246.03,,20.05,False,ふぁいぶスマイル◯オールインっ！,hello_happy_world,246.3,,A,A,0.374,False,major,major,False,True,ふぁいぶスマイル◯オールインっ！,hello_happy_world,major,ふぁいぶスマイル◯オールインっ！,hello_happy_world,246.3,,1.24,4.198756217956543,-10.776420679803628,0,ふぁいぶスマイル◯オールインっ！,-10.596324920654297,-13.619768142700195,-9.421011924743652,4.598998546600342,6.403980255126953,5.404111862182617,7.195766925811768,0.774458110332489,hello_happy_world,246.3,,164,ふぁいぶスマイル◯オールインっ！,hello_happy_world,246.3,,6.65,164,ふぁいぶスマイル◯オールインっ！,5.991,5.0278,6.9206,0.7653,hello_happy_world,1.1220005750656128,0.5851,0.8912650346755981,,246.3,,ふぁいぶスマイル◯オールインっ！,0.0180431120097637,0.001253631315194,0.3612258732318878,0.2105155289173126,hello_happy_world,246.3,,6.62,164,ふぁいぶスマイル◯オールインっ！,hello_happy_world,246.3,,0.605389,164.0,ふぁいぶスマイル◯オールインっ！,0.9993857145309448,0.6818598508834839,0.9999962449073792,0.162341371178627,hello_happy_world,,,,,,,1.08,,-20.42,5.0,ふぁいぶスマイル◯オールインっ！,hello_happy_world,246.3,,491,ふぁいぶスマイル◯オールインっ！,0.0750518515706062,0.0076588471420109,0.2398286014795303,0.0909930542111396,,33,0.063256191636216,medium
118,hello_happy_world,せかいのっびのびトレジャー！,hello_happy_world,656.0,0.31,172.265625,193.5483870967728,212.44,,16.47,False,せかいのっびのびトレジャー！,hello_happy_world,212.7,,D,D,0.469,False,major,major,False,False,せかいのっびのびトレジャー！,hello_happy_world,major,せかいのっびのびトレジャー！,hello_happy_world,212.7,,1.07,2.8613052368164062,-10.317159792507322,0,せかいのっびのびトレジャー！,-10.406610488891602,-11.946115493774414,-9.084810256958008,3.602634191513061,6.95409631729126,6.035598278045654,7.50607442855835,0.6032488346099854,hello_happy_world,212.7,,141,せかいのっびのびトレジャー！,hello_happy_world,212.7,,5.46,141,せかいのっびのびトレジャー！,5.7139,4.6672,6.5828,0.7358,hello_happy_world,1.1944851875305176,0.8374,0.8371807932853699,,212.7,,せかいのっびのびトレジャー！,0.0002584564790595,1.5136724869080354e-05,0.0038800139445811,0.030402073636651,hello_happy_world,212.7,,5.23,141,せかいのっびのびトレジャー！,hello_happy_world,212.7,,0.653771,141.0,せかいのっびのびトレジャー！,0.9855349063873292,0.7788981199264526,0.999671459197998,0.1408309042453766,hello_happy_world,0.0008617506246082,0.0004537286004051,0.0025674214120954,0.0044468850828707,212.7,,0.95,107.0,-19.17,5.0,せかいのっびのびトレジャー！,hello_happy_world,212.7,,424,せかいのっびのびトレジャー！,0.0893094316124916,0.0161700379103422,0.2719463109970093,0.1142733916640281,,30,0.2747531734837799,fast
119,hello_happy_world,きらっ☆と キミフェス！,hello_happy_world,493.0,0.47,123.046875,127.6595744680854,230.75,,17.71,False,きらっ☆と キミフェス！,hello_happy_world,231.07,,Ab,G#,0.933,True,minor,minor,False,False,きらっ☆と キミフェス！,hello_happy_world,minor,きらっ☆と キミフェス！,hello_happy_world,231.07,,1.15,3.3999414443969727,-11.958181530412167,0,きらっ☆と キミフェス！,-12.193840026855469,-14.333364486694336,-10.933423042297363,4.185818195343018,7.225236892700195,6.108092308044434,7.693233489990234,0.6666948795318604,hello_happy_world,231.066625,,154,きらっ☆と キミフェス！,hello_happy_world,231.07,,6.25,154,きらっ☆と キミフェス！,6.8534,5.9197,7.4805,0.6434,hello_happy_world,1.2020585536956787,0.848,0.8319061398506165,,231.07,,きらっ☆と キミフェス！,0.0002706144587136,5.595781203737715e-06,0.0185570251196622,0.0623660832643508,hello_happy_world,231.07,,5.72,154,きらっ☆と キミフェス！,hello_happy_world,231.07,,0.704505,154.0,きらっ☆と キミフェス！,0.9999563694000244,0.985318958759308,0.9999995827674866,0.1027196049690246,hello_happy_world,0.0008026891155168,0.0003995646256953,0.0012293779291212,0.0003726168069988,231.07,,1.11,116.0,-25.23,5.0,きらっ☆と キミフェス！,hello_happy_world,231.06666666666663,,461,きらっ☆と キミフェス！,0.0829584077000618,0.0148360477760434,0.2493145763874054,0.0935695022344589,,57,0.1855741321431286,medium
120,hello_happy_world,うちゃパ！で ぱっぴかポーんっ！,hello_happy_world,695.0,0.31,143.5546875,193.5483870967728,217.46,,17.31,False,うちゃパ！で ぱっぴかポーんっ！,hello_happy_world,217.77,,C,C,0.965,False,major,major,False,False,うちゃパ！で ぱっぴかポーんっ！,hello_happy_world,major,うちゃパ！で ぱっぴかポーんっ！,hello_happy_world,217.77,,1.12,2.91861343383789,-10.484551827330316,0,うちゃパ！で ぱっぴかポーんっ！,-10.402170181274414,-12.39405345916748,-9.47544002532959,4.778605937957764,6.723336219787598,5.850359916687012,7.199788093566895,0.5717248320579529,hello_happy_world,217.766625,,145,うちゃパ！で ぱっぴかポーんっ！,hello_happy_world,217.77,,5.56,145,うちゃパ！で ぱっぴかポーんっ！,6.4527,5.4831,7.0444,0.6067,hello_happy_world,1.1231110095977783,0.5912,0.8903837203979492,,217.77,,うちゃパ！で ぱっぴかポーんっ！,0.0022596074268221,0.0001898131449706,0.211259976029396,0.1768014132976532,hello_happy_world,217.77,,5.55,145,うちゃパ！で ぱっぴかポーんっ！,hello_happy_world,217.77,,0.683532,145.0,うちゃパ！で ぱっぴかポーんっ！,0.999519944190979,0.7952366471290588,0.9999943375587464,0.1606299430131912,hello_happy_world,0.0007605635910294,0.0004376583383418,0.0012239031493663,0.0003478211001493,217.77,,0.97,109.0,-19.69,5.0,うちゃパ！で ぱっぴかポーんっ！,hello_happy_world,217.76666666666668,,434,うちゃパ！で ぱっぴかポーんっ！,0.0760425776243209,0.0089907804504036,0.2587240040302276,0.101556584239006,,36,0.1564977655271539,fast
121,hello_happy_world,はれやか すこやか ぴかりんりん♪,hello_happy_world,489.0,0.52,234.90767045454547,115.38461538461311,255.87,,20.28,False,はれやか すこやか ぴかりんりん♪,hello_happy_world,256.37,,C,C,0.673,False,major,major,False,False,はれやか すこやか ぴかりんりん♪,hello_happy_world,major,はれやか すこやか ぴかりんりん♪,hello_happy_world,256.37,,1.29,3.120288848876953,-10.633299766758965,0,はれやか すこやか ぴかりんりん♪,-10.579526901245115,-12.655488967895508,-9.535200119018556,1.4140735864639282,7.048923015594482,6.168745040893555,7.78903865814209,0.6487185955047607,hello_happy_world,256.366625,,171,はれやか すこやか ぴかりんりん♪,hello_happy_world,256.37,,6.23,171,はれやか すこやか ぴかりんりん♪,6.5406,5.5448,7.3563,0.7314,hello_happy_world,1.1490401029586792,0.6976,0.8702915906906128,,256.37,,はれやか すこやか ぴかりんりん♪,0.0035933258477598,0.0001084714822354,0.0993947237730026,0.1082902774214744,hello_happy_world,256.37,,6.08,171,はれやか すこやか ぴかりんりん♪,hello_happy_world,256.37,,0.691004,171.0,はれやか すこやか ぴかりんりん♪,0.9998997449874878,0.880923867225647,0.9999994039535522,0.1910950690507888,hello_happy_world,0.0010810462990775,0.0004426390514709,0.0024991543032228,0.0018732249736785,256.37,,1.17,129.0,-19.68,5.0,はれやか すこやか ぴかりんりん♪,hello_happy_world,256.3666666666667,,511,はれやか すこやか ぴかりんりん♪,0.0988587588071823,0.0150839304551482,0.3048394918441772,0.1119168177247047,,28,0.1532960478728344,medium
122,hello_happy_world,ふわふわ☆ゆめいろサンドイッチ,hello_happy_world,632.0,0.46,112.34714673913044,130.43478260869338,291.53,,22.06,False,ふわふわ☆ゆめいろサンドイッチ,hello_happy_world,292.0,,F,F,0.857,False,major,major,False,False,ふわふわ☆ゆめいろサンドイッチ,hello_happy_world,major,ふわふわ☆ゆめいろサンドイッチ,hello_happy_world,292.0,,1.47,2.044286727905273,-12.337480757071525,0,ふわふわ☆ゆめいろサンドイッチ,-12.409008026123049,-13.400020599365234,-11.35573387145996,3.421358585357666,6.244818210601807,5.238973617553711,6.903654098510742,0.6437169909477234,hello_happy_world,292.0,,195,ふわふわ☆ゆめいろサンドイッチ,hello_happy_world,292.0,,7.52,195,ふわふわ☆ゆめいろサンドイッチ,6.1404,5.2664,6.8643,0.6304,hello_happy_world,1.2792856693267822,0.9377,0.7816861867904663,,292.0,,ふわふわ☆ゆめいろサンドイッチ,0.1822635382413864,0.0088014816865324,0.8513112664222717,0.3213261663913727,hello_happy_world,292.0,,7.92,195,ふわふわ☆ゆめいろサンドイッチ,hello_happy_world,292.0,,0.533473,195.0,ふわふわ☆ゆめいろサンドイッチ,0.9998340606689452,0.5143665671348572,0.9999997615814208,0.2479564547538757,hello_happy_world,0.0008431353489868,0.0003804001025855,0.0024577244184911,0.0015622618375346,292.0,,1.27,146.0,-21.24,5.0,ふわふわ☆ゆめいろサンドイッチ,hello_happy_world,292.0,,583,ふわふわ☆ゆめいろサンドイッチ,0.0906058773398399,0.0138812689110636,0.2729826867580414,0.1044915616512298,,44,0.0128082191780821,medium
123,hello_happy_world,Happy! Happier! Happiest!,hello_happy_world,697.0,0.35,86.1328125,171.4285714285742,242.61,,19.0,False,Happy! Happier! Happiest!,hello_happy_world,242.9,,F,F,0.473,False,major,major,False,False,Happy! Happier! Happiest!,hello_happy_world,major,Happy! Happier! Happiest!,hello_happy_world,242.9,,1.26,3.243148803710937,-10.544637397844252,0,Happy! Happier! Happiest!,-10.536237716674805,-12.62960720062256,-9.38645839691162,4.044670581817627,7.098966598510742,5.9440107345581055,7.8332133293151855,0.739669680595398,hello_happy_world,242.9,,162,Happy! Happier! Happiest!,hello_happy_world,242.9,,6.85,162,Happy! Happier! Happiest!,6.226,5.3156,7.0351,0.7254,hello_happy_world,1.0984690189361572,0.4833,0.91035795211792,,242.9,,Happy! Happier! Happiest!,0.0003332230262458,8.620278094895184e-06,0.0079407701268792,0.127715915441513,hello_happy_world,242.9,,6.74,162,Happy! Happier! Happiest!,hello_happy_world,242.9,,0.673758,162.0,Happy! Happier! Happiest!,0.9954695105552672,0.6975021362304688,0.9998775720596312,0.1956377625465393,hello_happy_world,0.0007990874582901,0.0004133387992624,0.0019919690676033,0.0015838112449273,242.9,,1.06,122.0,-21.5,5.0,Happy! Happier! Happiest!,hello_happy_world,242.9,,484,Happy! Happier! Happiest!,0.0964103192090988,0.0150864608585834,0.2801874577999115,0.1039057150483131,,50,0.0257719226018938,fast
124,hello_happy_world,現るっ！大怪盗ハロハッピー！,hello_happy_world,687.0,0.33,172.265625,181.8181818181906,223.79,,17.3,False,現るっ！大怪盗ハロハッピー！,hello_happy_world,224.1,,A,A,0.69,False,minor,minor,False,False,現るっ！大怪盗ハロハッピー！,hello_happy_world,minor,現るっ！大怪盗ハロハッピー！,hello_happy_world,224.1,,1.2,2.5330286026000977,-10.341046974773596,0,現るっ！大怪盗ハロハッピー！,-10.301328659057615,-11.94286060333252,-9.409832000732422,4.6350579261779785,6.82764196395874,5.96728515625,7.738245010375977,0.6752884387969971,hello_happy_world,224.1,,149,現るっ！大怪盗ハロハッピー！,hello_happy_world,224.1,,6.08,149,現るっ！大怪盗ハロハッピー！,6.1619,5.4361,6.8777,0.5678,hello_happy_world,1.243466019630432,0.9027,0.8042036890983582,,224.1,,現るっ！大怪盗ハロハッピー！,0.0002079500991385,2.688015456442372e-06,0.0573069714009761,0.0962632894515991,hello_happy_world,224.1,,6.24,149,現るっ！大怪盗ハロハッピー！,hello_happy_world,224.1,,0.711418,149.0,現るっ！大怪盗ハロハッピー！,0.978675901889801,0.5042152404785156,0.9990209341049194,0.2373133897781372,hello_happy_world,,,,,,,0.91,,-19.13,5.0,現るっ！大怪盗ハロハッピー！,hello_happy_world,224.1,,447,現るっ！大怪盗ハロハッピー！,0.0698908865451812,0.0092307897284626,0.2341396510601043,0.0904408171772956,,41,0.4623828647925033,fast
125,hello_happy_world,わちゃ・もちゃ・ぺったん行進曲,hello_happy_world,623.0,0.37,161.4990234375,162.16216216216017,232.9,,18.11,False,わちゃ・もちゃ・ぺったん行進曲,hello_happy_world,233.2,,Eb,D#,0.686,True,major,major,False,False,わちゃ・もちゃ・ぺったん行進曲,hello_happy_world,major,わちゃ・もちゃ・ぺったん行進曲,hello_happy_world,233.2,,1.25,3.1432485580444336,-10.68992385085964,0,わちゃ・もちゃ・ぺったん行進曲,-11.025127410888672,-12.424328804016112,-9.28108024597168,3.8506927490234375,7.025927543640137,6.151503562927246,7.634819507598877,0.6407840847969055,hello_happy_world,233.2,,155,わちゃ・もちゃ・ぺったん行進曲,hello_happy_world,233.2,,6.59,155,わちゃ・もちゃ・ぺったん行進曲,6.165,5.4782,6.8881,0.6104,hello_happy_world,1.321757435798645,0.965,0.7565685510635376,,233.2,,わちゃ・もちゃ・ぺったん行進曲,0.0010903400834649,7.65918375691399e-05,0.1279211342334747,0.1227922812104225,hello_happy_world,233.2,,6.12,155,わちゃ・もちゃ・ぺったん行進曲,hello_happy_world,233.2,,0.735239,155.0,わちゃ・もちゃ・ぺったん行進曲,0.9961084723472596,0.8646886348724365,0.9997668862342834,0.1468415856361389,hello_happy_world,0.0006888901698403,0.0004405713116284,0.0013882996281608,0.0041428585536777,233.2,,0.95,117.0,-18.91,5.0,わちゃ・もちゃ・ぺったん行進曲,hello_happy_world,233.2,,465,わちゃ・もちゃ・ぺったん行進曲,0.0882245749235153,0.0102819493040442,0.2463497221469879,0.1005576029419899,,37,0.131303602058319,fast
126,hello_happy_world,おもいでイルミネーション,hello_happy_world,696.0,0.36,161.4990234375,166.66666666666035,252.41,,19.91,False,おもいでイルミネーション,hello_happy_world,252.7,,Bb,A#,0.426,True,major,major,False,False,おもいでイルミネーション,hello_happy_world,major,おもいでイルミネーション,hello_happy_world,252.7,,1.34,1.9765644073486328,-10.347848483145436,0,おもいでイルミネーション,-10.32284164428711,-11.510899543762209,-9.534335136413574,5.070178985595703,6.627265930175781,5.586725234985352,7.270491600036621,0.7040537595748901,hello_happy_world,252.7,,168,おもいでイルミネーション,hello_happy_world,252.7,,6.85,168,おもいでイルミネーション,6.5508,5.6577,7.2064,0.6136,hello_happy_world,1.2174617052078247,0.8739,0.8213809728622437,,252.7,,おもいでイルミネーション,7.144473784137517e-05,6.060550731490366e-06,0.0022350882645696,0.0167588870972394,hello_happy_world,252.7,,6.61,168,おもいでイルミネーション,hello_happy_world,252.7,,0.689414,168.0,おもいでイルミネーション,0.9986097812652588,0.7658889293670654,0.9999791979789734,0.1580095142126083,hello_happy_world,0.0010806372156366,0.0004215855733491,0.0019133408786728,0.0006683446117676,252.7,,0.99,127.0,-19.63,5.0,おもいでイルミネーション,hello_happy_world,252.7,,504,おもいでイルミネーション,0.0679490119218826,0.0116157131269574,0.2209844142198562,0.0882014110684394,,32,0.0480411555203799,fast
127,hello_happy_world,おもいやりハーモニー,hello_happy_world,519.0,0.44,135.99917763157896,136.36363636363046,231.03,,17.98,False,おもいやりハーモニー,hello_happy_world,231.5,,F#,F#,0.434,False,major,major,False,False,おもいやりハーモニー,hello_happy_world,major,おもいやりハーモニー,hello_happy_world,231.5,,1.27,4.995428085327148,-11.550184942157395,0,おもいやりハーモニー,-11.38350772857666,-14.985236167907717,-9.989808082580566,5.531323432922363,6.084179878234863,5.177280426025391,6.973690032958984,0.7800409197807312,hello_happy_world,231.5,,154,おもいやりハーモニー,hello_happy_world,231.5,,6.37,154,おもいやりハーモニー,5.6553,4.9419,6.4986,0.6284,hello_happy_world,1.1321680545806885,0.6307,0.8832610845565796,,231.5,,おもいやりハーモニー,0.04476248472929,0.001482767984271,0.5584367513656616,0.2519999146461487,hello_happy_world,231.5,,6.34,154,おもいやりハーモニー,hello_happy_world,231.5,,0.688237,154.0,おもいやりハーモニー,0.9549925327301024,0.2024464607238769,0.9999167323112488,0.307408720254898,hello_happy_world,0.0006559283938258,0.0003057837020605,0.0013389290543273,0.0004684220184572,231.5,,1.06,116.0,-22.9,5.0,おもいやりハーモニー,hello_happy_world,231.5,,462,おもいやりハーモニー,0.059508629143238,0.0100396266207098,0.2268311083316803,0.0879342406988143,,28,0.0879481641468682,medium
128,hello_happy_world,ハピネスっ！ハピィーマジカルっ♪,hello_happy_world,646.0,0.33,184.5703125,181.8181818181906,210.42,,16.06,False,ハピネスっ！ハピィーマジカルっ♪,hello_happy_world,210.6,,A,A,0.798,False,major,major,False,False,ハピネスっ！ハピィーマジカルっ♪,hello_happy_world,major,ハピネスっ！ハピィーマジカルっ♪,hello_happy_world,210.6,,1.06,2.9396867752075195,-9.88764638460066,0,ハピネスっ！ハピィーマジカルっ♪,-9.728992462158203,-11.706218719482422,-8.766531944274902,5.620991230010986,7.038331985473633,5.991029739379883,7.89610481262207,0.7331092953681946,hello_happy_world,210.6,,140,ハピネスっ！ハピィーマジカルっ♪,hello_happy_world,210.6,,5.56,140,ハピネスっ！ハピィーマジカルっ♪,6.6729,5.8855,7.4933,0.6188,hello_happy_world,1.1685690879821775,0.7599,0.855747401714325,,210.6,,ハピネスっ！ハピィーマジカルっ♪,0.0011386192636564,5.651958053931594e-05,0.0375331416726112,0.1495016068220138,hello_happy_world,210.6,,5.51,140,ハピネスっ！ハピィーマジカルっ♪,hello_happy_world,210.6,,0.53524,140.0,ハピネスっ！ハピィーマジカルっ♪,0.9970980882644652,0.7690378427505493,0.9999758005142212,0.1740021109580993,hello_happy_world,0.0008569557685405,0.0004272783698979,0.0014590243808925,0.0010572393657639,210.6,,0.98,106.0,-20.23,5.0,ハピネスっ！ハピィーマジカルっ♪,hello_happy_world,210.6,,420,ハピネスっ！ハピィーマジカルっ♪,0.0771498382091522,0.0089920628815889,0.2670305967330932,0.1076885610818862,,22,0.0114909781576448,fast
129,hello_happy_world,えがお、あーゆーれでぃ???,hello_happy_world,520.0,0.43,143.5546875,139.534883720928,225.84,,17.6,False,えがお、あーゆーれでぃ???,hello_happy_world,226.3,,D,D,0.528,False,major,major,False,True,えがお、あーゆーれでぃ???,hello_happy_world,major,えがお、あーゆーれでぃ???,hello_happy_world,226.3,,1.21,3.990090370178223,-10.76282645482609,0,えがお、あーゆーれでぃ???,-10.721445083618164,-13.478299140930176,-9.488208770751951,4.613725662231445,7.256368160247803,5.6964216232299805,7.807987213134766,0.8355458378791809,hello_happy_world,226.3,,151,えがお、あーゆーれでぃ???,hello_happy_world,226.3,,5.07,151,えがお、あーゆーれでぃ???,6.2665,5.4149,6.8843,0.5755,hello_happy_world,1.054843544960022,0.3009,0.948007881641388,,226.3,,えがお、あーゆーれでぃ???,0.000387887499528,1.1920702490897384e-05,0.0182608552277088,0.0307993087917566,hello_happy_world,226.3,,6.03,151,えがお、あーゆーれでぃ???,hello_happy_world,226.3,,0.686192,151.0,えがお、あーゆーれでぃ???,0.999992847442627,0.8691121339797974,0.9999998807907104,0.1772235780954361,hello_happy_world,,,,,,,0.91,,-20.86,5.0,えがお、あーゆーれでぃ???,hello_happy_world,226.3,,451,えがお、あーゆーれでぃ???,0.0736491978168487,0.0110949901863932,0.2252791821956634,0.0873070582747459,,31,0.0463985859478568,medium
130,hello_happy_world,ハッピーサマーウェディング,hello_happy_world,607.0,0.47,172.265625,127.6595744680854,284.19,,22.41,False,ハッピーサマーウェディング,hello_happy_world,284.67,,D,C,0.24,True,minor,major,False,False,ハッピーサマーウェディング,hello_happy_world,major,ハッピーサマーウェディング,hello_happy_world,284.67,,1.58,2.560610771179199,-10.318369895232324,0,ハッピーサマーウェディング,-10.361242294311523,-11.874127388000488,-9.313516616821287,2.5735881328582764,7.172789573669434,6.721159934997559,7.769046783447266,0.5246120691299438,hello_happy_world,284.666625,,190,ハッピーサマーウェディング,hello_happy_world,284.67,,7.23,190,ハッピーサマーウェディング,6.6296,5.8053,7.4784,0.6544,hello_happy_world,1.455302596092224,0.9954,0.6871422529220581,,284.67,,ハッピーサマーウェディング,0.0001182229752885,7.195467787823873e-06,0.0046078735031187,0.0061826966702938,hello_happy_world,284.67,,6.82,190,ハッピーサマーウェディング,hello_happy_world,284.67,,0.723626,190.0,ハッピーサマーウェディング,0.9994460344314576,0.9324327111244202,0.9999990463256836,0.0737165808677673,hello_happy_world,0.0008085651206783,0.0003613699227571,0.001550193876028,0.0008309062686748,284.67,,1.12,143.0,-19.78,5.0,ハッピーサマーウェディング,hello_happy_world,284.6666666666667,,568,ハッピーサマーウェディング,0.1128021776676178,0.0122864553704857,0.3100433647632599,0.1166879683732986,,45,0.1091100622723901,medium
131,hello_happy_world,ひまわりの約束,hello_happy_world,483.0,0.76,103.359375,78.94736842105358,307.01,,23.65,True,ひまわりの約束,hello_happy_world,307.3,,D,D,0.531,False,major,major,False,True,ひまわりの約束,hello_happy_world,major,ひまわりの約束,hello_happy_world,307.3,,1.66,8.408624649047852,-11.829096133340864,0,ひまわりの約束,-11.35154628753662,-18.859281539916992,-10.45065689086914,5.032730579376221,5.958752632141113,4.356321811676025,6.587925434112549,0.8718760013580322,hello_happy_world,307.3,,205,ひまわりの約束,hello_happy_world,307.3,,8.76,205,ひまわりの約束,5.5871,4.6721,6.5081,0.6997,hello_happy_world,1.091866374015808,0.4559,0.9158631563186646,,307.3,,ひまわりの約束,0.0938213095068931,0.00913215149194,0.6494277715682983,0.2473272234201431,hello_happy_world,307.3,,8.45,205,ひまわりの約束,hello_happy_world,307.3,,0.595273,205.0,ひまわりの約束,0.9965399503707886,0.2747444212436676,0.9999078512191772,0.2938654124736786,hello_happy_world,0.0007013353751972,0.0003670890291687,0.0011136205866932,0.0003616731555666,307.3,,1.24,154.0,-27.0,5.0,ひまわりの約束,hello_happy_world,307.3,,613,ひまわりの約束,0.042872104793787,0.0045959679409861,0.1806260198354721,0.0794939026236534,,44,0.165636186137325,slow
132,hello_happy_world,ハッピー☆マテリアル,hello_happy_world,613.0,0.37,107.666015625,162.16216216216228,224.76,,17.58,False,ハッピー☆マテリアル,hello_happy_world,225.03,,Eb,C#,0.372,True,minor,major,False,True,ハッピー☆マテリアル,hello_happy_world,major,ハッピー☆マテリアル,hello_happy_world,225.03,,1.22,2.584965705871582,-10.913903718047264,0,ハッピー☆マテリアル,-10.919943809509276,-12.401504516601562,-9.81653881072998,2.432492733001709,6.896321296691895,6.051452159881592,7.377041339874268,0.5581493377685547,hello_happy_world,225.0333125,,150,ハッピー☆マテリアル,hello_happy_world,225.03,,6.36,150,ハッピー☆マテリアル,6.4359,5.278,7.1046,0.7421,hello_happy_world,1.2933220863342283,0.9498,0.773202657699585,,225.03,,ハッピー☆マテリアル,3.9332546293735504e-05,9.895658195091528e-07,0.0009672272135503,0.097969077527523,hello_happy_world,225.03,,5.94,150,ハッピー☆マテリアル,hello_happy_world,225.03,,0.743147,150.0,ハッピー☆マテリアル,0.99932861328125,0.780863881111145,0.999987781047821,0.1699042916297912,hello_happy_world,0.0006735030910931,0.0003262475365772,0.0011296924203634,0.0003430562501307,225.03,,0.95,113.0,-20.36,5.0,ハッピー☆マテリアル,hello_happy_world,225.03333333333333,,449,ハッピー☆マテリアル,0.08395367115736,0.0102268643677234,0.2370120286941528,0.0898988619446754,,24,0.2723151621398382,fast
133,hello_happy_world,太陽曰く燃えよカオス,hello_happy_world,567.0,0.42,99.38401442307692,142.85714285714226,238.72,,17.61,False,太陽曰く燃えよカオス,hello_happy_world,239.2,,C,A,0.484,False,major,minor,False,True,太陽曰く燃えよカオス,hello_happy_world,minor,太陽曰く燃えよカオス,hello_happy_world,239.2,,1.26,2.301325798034668,-11.24654563854585,0,太陽曰く燃えよカオス,-11.379152297973633,-12.580989837646484,-10.279664039611816,3.6895580291748047,6.930548667907715,5.982168197631836,7.569347858428955,0.6906095743179321,hello_happy_world,239.2,,159,太陽曰く燃えよカオス,hello_happy_world,239.2,,6.5,159,太陽曰く燃えよカオス,6.3775,5.1561,7.0303,0.7064,hello_happy_world,1.2989310026168823,0.9529,0.7698638439178467,,239.2,,太陽曰く燃えよカオス,0.0001267917978111,2.887809841922717e-06,0.0061886734329164,0.0238997265696525,hello_happy_world,239.2,,6.58,159,太陽曰く燃えよカオス,hello_happy_world,239.2,,0.7169,159.0,太陽曰く燃えよカオス,0.9994389414787292,0.9544097781181335,0.999989092350006,0.1914058327674865,hello_happy_world,0.001019018352963,0.0006015608669258,0.002839806722477,0.0024847781751304,239.2,,1.02,120.0,-19.96,5.0,太陽曰く燃えよカオス,hello_happy_world,239.2,,477,太陽曰く燃えよカオス,0.0830998569726944,0.0144968600943684,0.2382115423679351,0.0947258174419403,,34,0.225418060200669,medium
134,hello_happy_world,エクストラ・マジック・アワー,hello_happy_world,767.0,0.33,60.09265988372093,181.8181818181749,255.02,,19.41,False,エクストラ・マジック・アワー,hello_happy_world,255.3,,Eb,D#,0.523,True,major,major,False,False,エクストラ・マジック・アワー,hello_happy_world,major,エクストラ・マジック・アワー,hello_happy_world,255.3,,1.41,2.473340034484864,-11.34962854952005,0,エクストラ・マジック・アワー,-11.198674201965332,-12.929566383361816,-10.456226348876951,2.574536323547364,6.439837455749512,5.4202399253845215,7.156650066375732,0.771253764629364,hello_happy_world,255.3,,170,エクストラ・マジック・アワー,hello_happy_world,255.3,,6.99,170,エクストラ・マジック・アワー,5.7568,4.3958,6.2724,0.7069,hello_happy_world,1.0884758234024048,0.4498,0.9187158942222596,,255.3,,エクストラ・マジック・アワー,0.0004144845588598,8.409372640016954e-06,0.0672937780618667,0.1491708159446716,hello_happy_world,255.3,,7.18,170,エクストラ・マジック・アワー,hello_happy_world,255.3,,0.636226,170.0,エクストラ・マジック・アワー,0.9982298016548156,0.5300028920173645,0.99996817111969,0.2297683954238891,hello_happy_world,0.0008248894009739,0.0004541043308563,0.0016859405441209,0.0008165219333022,255.3,,1.07,128.0,-19.38,5.0,エクストラ・マジック・アワー,hello_happy_world,255.3,,509,エクストラ・マジック・アワー,0.0540836229920387,0.0037904458586126,0.2027047872543335,0.0810129046440124,,53,0.143360752056404,fast
135,hello_happy_world,コレカラ,hello_happy_world,582.0,0.37,161.4990234375,162.16216216216017,214.65,,16.52,False,コレカラ,hello_happy_world,214.93,,A,A,0.502,False,major,major,False,True,コレカラ,hello_happy_world,major,コレカラ,hello_happy_world,214.93,,1.09,2.606901168823242,-11.349575890483791,0,コレカラ,-11.32522678375244,-12.983968734741213,-10.377067565917969,1.2414140701293943,6.59713077545166,5.608119010925293,7.264382362365723,0.6680545806884766,hello_happy_world,214.9333125,,143,コレカラ,hello_happy_world,214.93,,6.1,143,コレカラ,6.1625,4.923,6.8927,0.7508,hello_happy_world,1.2085596323013306,0.8587,0.8274312019348145,,214.93,,コレカラ,8.835868356982246e-05,3.489275286483462e-06,0.003607795573771,0.0757720842957496,hello_happy_world,214.93,,6.38,143,コレカラ,hello_happy_world,214.93,,0.750739,143.0,コレカラ,0.9996180534362792,0.9786155223846436,0.9999748468399048,0.099315732717514,hello_happy_world,0.0007428221870213,0.0004254815285094,0.0011217379942536,0.0002689920947887,214.93,,0.85,108.0,-20.44,5.0,コレカラ,hello_happy_world,214.9333333333333,,428,コレカラ,0.0657538324594497,0.0084225917235016,0.2063484936952591,0.0794761180877685,,20,0.2492865521699455,fast
136,hello_happy_world,全力少年,hello_happy_world,539.0,0.45,89.10290948275862,133.3333333333367,241.33,,18.01,False,全力少年,hello_happy_world,241.8,,G,G,0.59,False,major,major,False,True,全力少年,hello_happy_world,major,全力少年,hello_happy_world,241.8,,1.25,2.938216209411621,-12.268032106228478,0,全力少年,-12.12255859375,-14.071148872375488,-11.132932662963867,2.336052894592285,6.834650039672852,5.955276012420654,7.775922298431396,0.8039149045944214,hello_happy_world,241.8,,161,全力少年,hello_happy_world,241.8,,6.15,161,全力少年,6.1275,5.3262,7.0681,0.6447,hello_happy_world,1.3012524843215942,0.9544,0.7684904336929321,,241.8,,全力少年,0.0002363342500757,1.39252715598559e-05,0.0286841932684183,0.1172394379973411,hello_happy_world,241.8,,6.62,161,全力少年,hello_happy_world,241.8,,0.769024,161.0,全力少年,0.9996426105499268,0.9634857773780824,0.9999816417694092,0.2079440206289291,hello_happy_world,0.0007008440443314,0.0003736560174729,0.0011944853467866,0.0003291000030003,241.8,,1.0,121.0,-20.86,5.0,全力少年,hello_happy_world,241.8,,482,全力少年,0.0746012926101684,0.0100195007398724,0.2272536009550094,0.0914506390690803,,22,0.2504549214226634,medium
137,hello_happy_world,オレンジ,hello_happy_world,648.0,0.43,135.99917763157896,139.53488372093034,277.92,,20.9,False,オレンジ,hello_happy_world,278.4,,F,F,0.983,False,major,major,False,False,オレンジ,hello_happy_world,major,オレンジ,hello_happy_world,278.4,,1.42,5.445706367492676,-12.337283878333158,0,オレンジ,-12.225139617919922,-16.374408721923828,-10.928702354431152,4.742941856384277,6.907629013061523,5.520075798034668,7.376602649688721,0.7641336917877197,hello_happy_world,278.4,,186,オレンジ,hello_happy_world,278.4,,7.79,186,オレンジ,6.4182,5.4839,7.0313,0.6177,hello_happy_world,1.2278766632080078,0.886,0.8144140839576721,,278.4,,オレンジ,0.0005549698835238,2.2759020794183016e-05,0.0907379239797592,0.1248254254460334,hello_happy_world,278.4,,7.81,186,オレンジ,hello_happy_world,278.4,,0.679143,186.0,オレンジ,0.9989871978759766,0.7977098226547241,0.9999907612800598,0.1849578469991684,hello_happy_world,0.0007736631669104,0.0004278876876924,0.0014004235854372,0.0004167917650192,278.4,,1.26,140.0,-24.97,5.0,オレンジ,hello_happy_world,278.4,,555,オレンジ,0.0757891610264778,0.0065560191869735,0.2707472145557403,0.1080795302987098,,73,0.0396551724137931,medium
138,hello_happy_world,Happy Girl,hello_happy_world,575.0,0.41,95.703125,146.3414634146341,237.71,,19.03,False,Happy Girl,hello_happy_world,238.13,,D,D,0.679,False,major,major,False,False,Happy Girl,hello_happy_world,major,Happy Girl,hello_happy_world,238.13,,1.24,2.7773876190185547,-11.933541440765085,0,Happy Girl,-11.667988777160645,-13.727680206298828,-10.950292587280272,4.029718399047852,6.87756872177124,6.00530481338501,7.5987868309021,0.7274543642997742,hello_happy_world,238.1333125,,159,Happy Girl,hello_happy_world,238.13,,6.24,159,Happy Girl,6.6719,5.8863,7.2734,0.5995,hello_happy_world,1.3549182415008545,0.9802,0.7380519509315491,,238.13,,Happy Girl,0.0007662533898837,3.38979261869099e-05,0.0208695642650127,0.0624554567039012,hello_happy_world,238.13,,6.68,159,Happy Girl,hello_happy_world,238.13,,0.775622,159.0,Happy Girl,0.9997637867927552,0.936905324459076,0.9999940991401672,0.1746037602424621,hello_happy_world,,,,,,,1.19,,-23.45,5.0,Happy Girl,hello_happy_world,238.13333333333333,,475,Happy Girl,0.0736454427242279,0.0109726283699274,0.21132892370224,0.0817572250962257,,34,0.2823627725429075,medium
139,hello_happy_world,ン・パカマーチ,hello_happy_world,305.0,0.51,117.45383522727272,117.64705882352824,155.68,,11.95,False,ン・パカマーチ,hello_happy_world,156.0,,D,D,0.799,False,major,major,False,False,ン・パカマーチ,hello_happy_world,major,ン・パカマーチ,hello_happy_world,156.0,,0.88,4.069149971008301,-10.918524019898216,0,ン・パカマーチ,-10.80714225769043,-13.815960884094238,-9.746810913085938,5.733060359954834,7.021909713745117,6.19374942779541,7.623098850250244,0.6934140920639038,hello_happy_world,156.0,,103,ン・パカマーチ,hello_happy_world,156.0,,3.71,103,ン・パカマーチ,6.6375,5.56,7.2325,0.65,hello_happy_world,1.1621754169464111,0.7401,0.8604553937911987,,156.0,,ン・パカマーチ,0.0007407222874462,1.847571911639534e-05,0.0114443907514214,0.0170527417212724,hello_happy_world,156.0,,3.69,103,ン・パカマーチ,hello_happy_world,156.0,,0.648264,103.0,ン・パカマーチ,0.9998838901519777,0.8202989101409912,0.9999983906745912,0.1277782320976257,hello_happy_world,0.0007811062969267,0.0003770356124732,0.0012995410943403,0.000374336290406,156.0,,0.71,78.0,-24.42,5.0,ン・パカマーチ,hello_happy_world,156.0,,311,ン・パカマーチ,0.121697761118412,0.0224792342633008,0.3984787166118622,0.1457672119140625,,27,0.1525641025641026,medium
140,hello_happy_world,サンバロハッピ〜！,hello_happy_world,465.0,0.47,161.4990234375,127.65957446808638,216.02,,16.67,False,サンバロハッピ〜！,hello_happy_world,216.5,,F,C,0.357,True,major,major,False,True,サンバロハッピ〜！,hello_happy_world,major,サンバロハッピ〜！,hello_happy_world,216.5,,1.15,2.8935585021972656,-11.44924410663585,0,サンバロハッピ〜！,-11.567747116088867,-13.140729904174805,-10.24717140197754,4.309270858764648,7.120375156402588,6.403730392456055,7.707997798919678,0.5919286608695984,hello_happy_world,216.5,,144,サンバロハッピ〜！,hello_happy_world,216.5,,6.16,144,サンバロハッピ〜！,6.7645,5.8978,7.3049,0.5957,hello_happy_world,1.1477880477905271,0.6915,0.8712409734725952,,216.5,,サンバロハッピ〜！,0.0017937977099791,4.062209336552769e-05,0.0844596028327941,0.0778108015656471,hello_happy_world,216.5,,5.77,144,サンバロハッピ〜！,hello_happy_world,216.5,,0.657722,144.0,サンバロハッピ〜！,0.9996421337127686,0.8456777930259705,0.9999970197677612,0.1563462167978286,hello_happy_world,0.0010447626700624,0.0004023556248284,0.0030511955264955,0.0233722124248743,216.5,,1.06,109.0,-20.74,5.0,サンバロハッピ〜！,hello_happy_world,216.5,,432,サンバロハッピ〜！,0.0941443890333175,0.0141401290893554,0.2391187399625778,0.0972799733281135,,29,0.0093302540415704,medium
141,hello_happy_world,ボクらの夏's☆ショーたいむっ！！,hello_happy_world,614.0,0.34,161.4990234375,176.4705882352942,206.49,,15.78,False,ボクらの夏's☆ショーたいむっ！！,hello_happy_world,206.8,,F,D,0.298,False,major,minor,False,True,ボクらの夏's☆ショーたいむっ！！,hello_happy_world,minor,ボクらの夏's☆ショーたいむっ！！,hello_happy_world,206.8,,1.09,3.179536819458008,-10.981520535531304,0,ボクらの夏's☆ショーたいむっ！！,-11.184473991394045,-12.855223655700684,-9.675686836242676,3.702664613723755,6.404392719268799,5.459439754486084,7.093980312347412,0.627630889415741,hello_happy_world,206.8,,137,ボクらの夏's☆ショーたいむっ！！,hello_happy_world,206.8,,5.51,137,ボクらの夏's☆ショーたいむっ！！,5.8596,4.878,6.7126,0.6869,hello_happy_world,1.1120201349258425,0.5395,0.8992642164230347,,206.8,,ボクらの夏's☆ショーたいむっ！！,0.0002926973102148,8.483279088977724e-06,0.0791045799851417,0.1499125212430954,hello_happy_world,206.8,,5.99,137,ボクらの夏's☆ショーたいむっ！！,hello_happy_world,206.8,,0.727903,137.0,ボクらの夏's☆ショーたいむっ！！,0.9981461763381958,0.7508810758590698,0.9999970197677612,0.1646030098199844,hello_happy_world,0.0007744067115709,0.0003644477110356,0.0013154468033462,0.0003609255945775,206.8,,0.89,104.0,-19.78,5.0,ボクらの夏's☆ショーたいむっ！！,hello_happy_world,206.8,,412,ボクらの夏's☆ショーたいむっ！！,0.0634418874979019,0.0067120851017534,0.2270524352788925,0.0904651507735252,,37,0.03568665377176,fast
142,hello_happy_world,むすんでわらって,hello_happy_world,524.0,0.46,86.1328125,130.43478260869338,241.5,,19.01,False,むすんでわらって,hello_happy_world,241.97,,F,C,0.473,True,major,major,False,True,むすんでわらって,hello_happy_world,major,むすんでわらって,hello_happy_world,241.97,,1.28,4.757108688354492,-11.94319984712548,0,むすんでわらって,-11.731916427612305,-15.502967834472656,-10.745859146118164,4.984442710876465,7.091716766357422,6.0722432136535645,7.542511463165283,0.7592361569404602,hello_happy_world,241.966625,,161,むすんでわらって,hello_happy_world,241.97,,5.9,161,むすんでわらって,6.2628,5.0858,7.0791,0.758,hello_happy_world,1.1271827220916748,0.614,0.887167751789093,,241.97,,むすんでわらって,0.0002148244529962,9.232412594428752e-06,0.0255538336932659,0.1752672344446182,hello_happy_world,241.97,,6.2,161,むすんでわらって,hello_happy_world,241.97,,0.641637,161.0,むすんでわらって,0.99996018409729,0.9844516515731812,0.9999997615814208,0.0808487460017204,hello_happy_world,0.0007521391380578,0.000413822941482,0.0014228308573365,0.0004280798020772,241.97,,1.02,121.0,-22.42,5.0,むすんでわらって,hello_happy_world,241.96666666666667,,482,むすんでわらって,0.0623971000313758,0.0078232008963823,0.2600208520889282,0.1055252104997634,,48,0.2108554715822192,medium
143,hello_happy_world,キミを れっつ・はぶ・ふぁん♪,hello_happy_world,616.0,0.38,103.359375,157.89473684210716,234.57,,18.48,False,キミを れっつ・はぶ・ふぁん♪,hello_happy_world,235.0,,E,E,0.488,False,major,major,False,True,キミを れっつ・はぶ・ふぁん♪,hello_happy_world,major,キミを れっつ・はぶ・ふぁん♪,hello_happy_world,235.0,,1.26,2.438282012939453,-10.20300627451224,0,キミを れっつ・はぶ・ふぁん♪,-10.129382133483888,-11.620073318481444,-9.181791305541992,2.046472311019897,6.986294746398926,6.077437400817871,7.628726005554199,0.7251080870628357,hello_happy_world,235.0,,156,キミを れっつ・はぶ・ふぁん♪,hello_happy_world,235.0,,5.82,156,キミを れっつ・はぶ・ふぁん♪,6.3487,5.5147,7.0182,0.644,hello_happy_world,1.3483681678771973,0.9787,0.7416372299194336,,235.0,,キミを れっつ・はぶ・ふぁん♪,0.0001275680988328,6.397916877176613e-06,0.0067760124802589,0.0400980524718761,hello_happy_world,235.0,,6.04,156,キミを れっつ・はぶ・ふぁん♪,hello_happy_world,235.0,,0.713228,156.0,キミを れっつ・はぶ・ふぁん♪,0.99992436170578,0.9913907051086426,0.9999982714653016,0.121308259665966,hello_happy_world,0.0007771974778734,0.0003840478311758,0.0013327236520126,0.0003677982022054,235.0,,0.89,118.0,-18.51,5.0,キミを れっつ・はぶ・ふぁん♪,hello_happy_world,235.0,,469,キミを れっつ・はぶ・ふぁん♪,0.0645472258329391,0.007137217093259,0.2140510380268097,0.0856392756104469,,27,0.2321702127659575,medium
144,hello_happy_world,らいふ・いず・みゅーじかるっ♪♪♪,hello_happy_world,554.0,0.43,86.1328125,139.53488372093034,237.23,,18.03,False,らいふ・いず・みゅーじかるっ♪♪♪,hello_happy_world,237.7,,A,A,0.482,False,major,major,False,True,らいふ・いず・みゅーじかるっ♪♪♪,hello_happy_world,major,らいふ・いず・みゅーじかるっ♪♪♪,hello_happy_world,237.7,,1.18,3.1788854598999023,-11.315595812219136,0,らいふ・いず・みゅーじかるっ♪♪♪,-11.15504264831543,-13.379133224487305,-10.200247764587402,5.3682942390441895,6.481428146362305,5.441199779510498,7.205233573913574,0.6735788583755493,hello_happy_world,237.7,,158,らいふ・いず・みゅーじかるっ♪♪♪,hello_happy_world,237.7,,6.85,158,らいふ・いず・みゅーじかるっ♪♪♪,6.2275,5.2054,7.0025,0.6951,hello_happy_world,1.0488097667694092,0.2736,0.953461766242981,,237.7,,らいふ・いず・みゅーじかるっ♪♪♪,0.0007547630229964,3.835933239315637e-05,0.1910164505243301,0.2390362620353698,hello_happy_world,237.7,,6.63,158,らいふ・いず・みゅーじかるっ♪♪♪,hello_happy_world,237.7,,0.622307,158.0,らいふ・いず・みゅーじかるっ♪♪♪,0.9983762502670288,0.6324515342712402,0.999991238117218,0.2109923362731933,hello_happy_world,0.000984564772807,0.0004408480599522,0.002400953322649,0.0010438115568831,237.7,,0.83,119.0,-19.67,5.0,らいふ・いず・みゅーじかるっ♪♪♪,hello_happy_world,237.7,,474,らいふ・いず・みゅーじかるっ♪♪♪,0.0544462874531745,0.0058984030038118,0.2046399265527725,0.079058438539505,,21,0.0263357172907025,medium
145,hello_happy_world,れっつ・スマイル・すとり〜みんぐっ♪,hello_happy_world,558.0,0.4,95.703125,149.99999999999787,227.18,,17.7,False,れっつ・スマイル・すとり〜みんぐっ♪,hello_happy_world,227.63,,F#,F#,0.327,False,major,major,False,False,れっつ・スマイル・すとり〜みんぐっ♪,hello_happy_world,major,れっつ・スマイル・すとり〜みんぐっ♪,hello_happy_world,227.63,,1.09,5.511170387268066,-9.83617927001358,0,れっつ・スマイル・すとり〜みんぐっ♪,-9.678548812866213,-14.195627212524414,-8.684456825256348,2.211731672286988,6.789683818817139,5.337128639221191,7.506405353546143,0.7867497205734253,hello_happy_world,227.6333125,,151,れっつ・スマイル・すとり〜みんぐっ♪,hello_happy_world,227.63,,6.28,151,れっつ・スマイル・すとり〜みんぐっ♪,5.879,5.0989,6.4999,0.571,hello_happy_world,1.02800190448761,0.2067,0.972760796546936,,227.63,,れっつ・スマイル・すとり〜みんぐっ♪,0.0002652973344083,1.2022207556583451e-05,0.0121456598863005,0.1481942236423492,hello_happy_world,227.63,,6.64,151,れっつ・スマイル・すとり〜みんぐっ♪,hello_happy_world,227.63,,0.727278,151.0,れっつ・スマイル・すとり〜みんぐっ♪,0.9996248483657836,0.9618415832519532,0.9999924898147584,0.116608589887619,hello_happy_world,0.000771542196162,0.0004413175629451,0.0012500064913183,0.0006189469131641,227.63,,0.97,114.0,-19.5,5.0,れっつ・スマイル・すとり〜みんぐっ♪,hello_happy_world,227.63333333333333,,454,れっつ・スマイル・すとり〜みんぐっ♪,0.0822929292917251,0.009949741885066,0.2123890668153762,0.0864467546343803,,44,0.2578707977246305,medium
146,hello_happy_world,やっほー！いっぽ！わんだふぉー！,hello_happy_world,825.0,0.19,151.99908088235293,315.7894736842025,212.03,,16.53,True,やっほー！いっぽ！わんだふぉー！,hello_happy_world,212.33,,Ab,G#,0.469,True,major,major,False,True,やっほー！いっぽ！わんだふぉー！,hello_happy_world,major,やっほー！いっぽ！わんだふぉー！,hello_happy_world,212.33,,1.01,1.9128303527832031,-10.160987353119951,0,やっほー！いっぽ！わんだふぉー！,-10.15481185913086,-11.257610321044922,-9.34477996826172,3.5895378589630127,7.1805500984191895,6.609193325042725,7.682258605957031,0.5550538301467896,hello_happy_world,212.3333125,,141,やっほー！いっぽ！わんだふぉー！,hello_happy_world,212.33,,5.94,141,やっほー！いっぽ！わんだふぉー！,6.3832,5.4774,6.9377,0.6073,hello_happy_world,1.268511414527893,0.9301,0.7883254885673523,,212.33,,やっほー！いっぽ！わんだふぉー！,0.0001469968992751,1.1426092896726914e-05,0.0072029349394142,0.0793518051505088,hello_happy_world,212.33,,5.83,141,やっほー！いっぽ！わんだふぉー！,hello_happy_world,212.33,,0.609459,141.0,やっほー！いっぽ！わんだふぉー！,0.9994303584098816,0.9897068738937378,0.9999774694442748,0.0720006823539733,hello_happy_world,0.0007830138201825,0.0004780637391377,0.0012448510387912,0.0011292228009551,212.33,,0.99,107.0,-18.77,5.0,やっほー！いっぽ！わんだふぉー！,hello_happy_world,212.3333333333333,,423,やっほー！いっぽ！わんだふぉー！,0.0778710916638374,0.0078181708231568,0.2169118225574493,0.0876712501049041,,35,0.1623861533779134,boost
147,hello_happy_world,とーくとぅみー・とーくとぅゆー,hello_happy_world,476.0,0.44,258.3984375,136.36363636363706,208.21,,15.94,False,とーくとぅみー・とーくとぅゆー,hello_happy_world,208.57,,C,G,0.629,True,minor,minor,False,True,とーくとぅみー・とーくとぅゆー,hello_happy_world,minor,とーくとぅみー・とーくとぅゆー,hello_happy_world,208.57,,0.96,1.8681764602661133,-9.26036450889673,0,とーくとぅみー・とーくとぅゆー,-9.256854057312012,-10.315313339233398,-8.447136878967285,1.5400290489196775,7.427093505859375,6.91575288772583,7.920018672943115,0.5167478322982788,hello_happy_world,208.566625,,139,とーくとぅみー・とーくとぅゆー,hello_happy_world,208.57,,5.88,139,とーくとぅみー・とーくとぅゆー,6.2078,5.6806,6.7892,0.4571,hello_happy_world,1.261480450630188,0.9195,0.7927192449569702,,208.57,,とーくとぅみー・とーくとぅゆー,3.2534047932131216e-05,1.5253672245307826e-06,0.0009659946663305,0.045447863638401,hello_happy_world,208.57,,5.76,139,とーくとぅみー・とーくとぅゆー,hello_happy_world,208.57,,0.750672,139.0,とーくとぅみー・とーくとぅゆー,0.9991521835327148,0.8149664402008057,0.9999679923057556,0.1036273911595344,hello_happy_world,0.0007009324617683,0.0003806054592132,0.001397656276822,0.0008611628436483,208.57,,0.96,105.0,-15.84,5.0,とーくとぅみー・とーくとぅゆー,hello_happy_world,208.56666666666663,,416,とーくとぅみー・とーくとぅゆー,0.0729160457849502,0.0092147849500179,0.2498537898063659,0.1004054844379425,,23,0.0593575136489618,medium
148,hello_happy_world,ハイタッチ／＼びりーばーず☆,hello_happy_world,702.0,0.36,151.99908088235293,166.66666666666035,254.11,,19.81,False,ハイタッチ／＼びりーばーず☆,hello_happy_world,254.37,,C,C,0.507,False,major,major,False,False,ハイタッチ／＼びりーばーず☆,hello_happy_world,major,ハイタッチ／＼びりーばーず☆,hello_happy_world,254.37,,1.15,3.3553504943847656,-10.165902020543903,0,ハイタッチ／＼びりーばーず☆,-9.981813430786133,-12.50196647644043,-9.146615982055664,4.455851078033447,6.621973991394043,5.433994293212891,7.166294097900391,0.7053061723709106,hello_happy_world,254.366625,,169,ハイタッチ／＼びりーばーず☆,hello_happy_world,254.37,,6.73,169,ハイタッチ／＼びりーばーず☆,6.3638,5.3513,7.1837,0.6637,hello_happy_world,1.142820954322815,0.6763,0.8750277757644653,,254.37,,ハイタッチ／＼びりーばーず☆,0.0013022088678553,5.563873128267005e-05,0.2038673013448715,0.2087084501981735,hello_happy_world,254.37,,6.45,169,ハイタッチ／＼びりーばーず☆,hello_happy_world,254.37,,0.672585,169.0,ハイタッチ／＼びりーばーず☆,0.9999295473098756,0.9891024827957152,0.9999990463256836,0.1134850233793258,hello_happy_world,0.0008810988510958,0.0005336811300367,0.0014419795479625,0.000787608209066,254.37,,1.2,128.0,-19.73,5.0,ハイタッチ／＼びりーばーず☆,hello_happy_world,254.36666666666667,,507,ハイタッチ／＼びりーばーず☆,0.0656342580914497,0.0096683176234364,0.2142047882080078,0.0864790827035904,,56,0.104337561890843,fast
149,hello_happy_world,Listen to Smile!,hello_happy_world,517.0,0.47,184.5703125,127.6595744680854,243.86,,18.79,False,Listen to Smile!,hello_happy_world,244.17,,G,G,0.466,False,major,major,False,True,Listen to Smile!,hello_happy_world,major,Listen to Smile!,hello_happy_world,244.17,,1.1,3.151286125183105,-10.066798878140778,0,Listen to Smile!,-10.18582248687744,-12.095369338989258,-8.944083213806152,4.3635573387146,6.17999792098999,5.314922332763672,7.049238204956055,0.6799042224884033,hello_happy_world,244.166625,,163,Listen to Smile!,hello_happy_world,244.17,,7.16,163,Listen to Smile!,6.003,5.0331,6.7601,0.6497,hello_happy_world,1.0235933065414429,0.19,0.9769505262374878,,244.17,,Listen to Smile!,0.0147538930177688,0.0008273057173937,0.3947641849517822,0.2081305980682373,hello_happy_world,244.17,,6.14,163,Listen to Smile!,hello_happy_world,244.17,,0.60487,163.0,Listen to Smile!,0.999668836593628,0.8989348411560059,0.999996304512024,0.1717456430196762,hello_happy_world,,,,,,,1.12,,-18.79,5.0,Listen to Smile!,hello_happy_world,244.16666666666663,,487,Listen to Smile!,0.0509666912257671,0.0069573139771819,0.1767734736204147,0.0712669342756271,,28,0.1014061346923093,medium
150,hello_happy_world,スマイリーキャロル,hello_happy_world,454.0,0.55,112.34714673913044,109.09090909091248,246.78,,19.46,False,スマイリーキャロル,hello_happy_world,247.07,,C,F,0.215,True,major,major,False,False,スマイリーキャロル,hello_happy_world,major,スマイリーキャロル,hello_happy_world,247.07,,1.23,3.708089828491211,-10.187615383396013,0,スマイリーキャロル,-10.00057601928711,-12.760663032531738,-9.052573204040527,3.9826159477233887,6.64365291595459,5.7636260986328125,7.215535640716553,0.6435126066207886,hello_happy_world,247.066625,,165,スマイリーキャロル,hello_happy_world,247.07,,6.41,165,スマイリーキャロル,6.2592,5.2742,7.1751,0.6949,hello_happy_world,1.0663732290267944,0.3495,0.9377578496932985,,247.07,,スマイリーキャロル,0.0457522571086883,0.0019941937644034,0.4440093338489532,0.2146284878253936,hello_happy_world,247.07,,6.39,165,スマイリーキャロル,hello_happy_world,247.07,,0.700684,165.0,スマイリーキャロル,0.9992584586143494,0.6490547060966492,0.9999920725822448,0.2281335145235061,hello_happy_world,0.0010752484668046,0.0005117910914123,0.0016073439037427,0.0004180530086159,247.07,,1.17,124.0,-19.56,5.0,スマイリーキャロル,hello_happy_world,247.06666666666663,,493,スマイリーキャロル,0.087482064962387,0.0129786431789398,0.2626375555992126,0.1067389994859695,,34,0.0727738740577886,medium
151,hello_happy_world,えがお、み〜っけた！,hello_happy_world,642.0,0.42,258.3984375,142.85714285714226,270.19,,21.16,False,えがお、み〜っけた！,hello_happy_world,270.2,,G,G,0.635,False,major,major,False,False,えがお、み〜っけた！,hello_happy_world,major,えがお、み〜っけた！,hello_happy_world,270.2,,1.36,4.671746253967285,-12.325010503759614,0,えがお、み〜っけた！,-12.169288635253906,-15.698891639709473,-11.027145385742188,3.632750988006592,6.86090898513794,5.468051910400391,7.529659271240234,0.8692783713340759,hello_happy_world,270.2,,180,えがお、み〜っけた！,hello_happy_world,270.2,,6.71,180,えがお、み〜っけた！,6.2529,5.2721,7.0275,0.7092,hello_happy_world,1.2320295572280884,0.8891,0.8116688132286072,,270.2,,えがお、み〜っけた！,7.824471686035395e-05,2.0143256733717863e-06,0.0080973608419299,0.0980037972331047,hello_happy_world,270.2,,6.89,180,えがお、み〜っけた！,hello_happy_world,270.2,,0.755403,180.0,えがお、み〜っけた！,0.999338448047638,0.4455644190311432,0.9999763369560242,0.2464656382799148,hello_happy_world,,,,,,,1.23,,-22.96,5.0,えがお、み〜っけた！,hello_happy_world,270.2,,539,えがお、み〜っけた！,0.0714641287922859,0.0112467417493462,0.2436365187168121,0.0960450395941734,,37,0.227683197631384,medium
152,hello_happy_world,上海ハニー (Cover),hello_happy_world,386.0,0.46,86.1328125,130.4347826086954,177.98,,14.21,False,上海ハニー (Cover),hello_happy_world,178.23,,A,D,0.393,True,minor,major,False,True,上海ハニー (Cover),hello_happy_world,major,上海ハニー (Cover),hello_happy_world,178.23,,0.85,2.7882137298583984,-12.05101000964998,0,上海ハニー (Cover),-12.01223850250244,-13.698962211608888,-10.910748481750488,4.615764141082764,7.480661392211914,6.661375999450684,7.987935543060303,0.644089937210083,hello_happy_world,178.2333125,,118,上海ハニー (Cover),hello_happy_world,178.23,,4.48,118,上海ハニー (Cover),6.7207,6.0619,7.2519,0.5427,hello_happy_world,1.1672857999801636,0.7553,0.8566883206367493,,178.23,,上海ハニー (Cover),0.0006199462804943,5.75051162741147e-05,0.0034779165871441,0.0110845742747187,hello_happy_world,178.23,,4.53,118,上海ハニー (Cover),hello_happy_world,178.23,,0.733695,118.0,上海ハニー (Cover),0.999573826789856,0.9550023674964904,0.9999962449073792,0.0916900709271431,hello_happy_world,,,,,,,0.76,,-23.88,5.0,上海ハニー (Cover),hello_happy_world,178.23333333333332,,355,上海ハニー (Cover),0.0852470099925994,0.0255208704620599,0.2437155842781067,0.0899059325456619,,14,0.1472227073072032,medium
153,hello_happy_world,シル・ヴ・プレジデント (Cover),hello_happy_world,569.0,0.34,184.5703125,176.47058823529235,193.34,,15.27,False,シル・ヴ・プレジデント (Cover),hello_happy_world,193.5,,Ab,G#,0.399,True,major,major,False,True,シル・ヴ・プレジデント (Cover),hello_happy_world,major,シル・ヴ・プレジデント (Cover),hello_happy_world,193.5,,0.95,2.9442243576049805,-11.701883068097354,0,シル・ヴ・プレジデント (Cover),-11.715010643005373,-13.433073043823242,-10.488848686218262,1.34187114238739,7.132492065429688,6.165035247802734,7.804888725280762,0.6853947639465332,hello_happy_world,193.5,,129,シル・ヴ・プレジデント (Cover),hello_happy_world,193.5,,5.35,129,シル・ヴ・プレジデント (Cover),6.1246,5.0989,7.0808,0.758,hello_happy_world,1.220963478088379,0.8799,0.8190252780914307,,193.5,,シル・ヴ・プレジデント (Cover),5.513011274160817e-05,1.007159653454437e-06,0.0025239293463528,0.1329566240310669,hello_happy_world,193.5,,5.39,129,シル・ヴ・プレジデント (Cover),hello_happy_world,193.5,,0.719251,129.0,シル・ヴ・プレジデント (Cover),0.9993082284927368,0.7081937789916992,0.9999891519546508,0.201340302824974,hello_happy_world,0.0010473849251866,0.0005092859501019,0.0015857502585276,0.0007775778649374,193.5,,0.83,97.0,-20.15,5.0,シル・ヴ・プレジデント (Cover),hello_happy_world,193.5,,386,シル・ヴ・プレジデント (Cover),0.0809707716107368,0.016085872426629,0.2463033497333526,0.089274376630783,,38,0.1102842377260982,fast
154,hello_happy_world,ヒャダインのじょーじょーゆーじょー (Cover),hello_happy_world,835.0,0.3,215.33203125,200.0000000000001,250.9,,19.76,False,ヒャダインのじょーじょーゆーじょー (Cover),hello_happy_world,251.1,,C,D,0.366,True,major,minor,False,True,ヒャダインのじょーじょーゆーじょー (Cover),hello_happy_world,minor,ヒャダインのじょーじょーゆーじょー (Cover),hello_happy_world,251.1,,1.25,2.536283493041992,-11.14834512793041,0,ヒャダインのじょーじょーゆーじょー (Cover),-11.128931045532228,-12.597627639770508,-10.061344146728516,4.257349491119385,7.038524627685547,6.026374340057373,7.839774131774902,0.7541804313659668,hello_happy_world,251.1,,167,ヒャダインのじょーじょーゆーじょー (Cover),hello_happy_world,251.1,,7.26,167,ヒャダインのじょーじょーゆーじょー (Cover),6.1115,4.9921,6.9992,0.7633,hello_happy_world,1.092888355255127,0.459,0.9150065779685974,,251.1,,ヒャダインのじょーじょーゆーじょー (Cover),0.000197012690478,4.365952918305993e-06,0.0052056876011192,0.0337767824530601,hello_happy_world,251.1,,6.71,167,ヒャダインのじょーじょーゆーじょー (Cover),hello_happy_world,251.1,,0.702371,167.0,ヒャダインのじょーじょーゆーじょー (Cover),0.998949944972992,0.6699116230010986,0.999943733215332,0.195784106850624,hello_happy_world,0.0007910317508503,0.0004435586743056,0.0012726059649139,0.0004672716313507,251.1,,1.22,126.0,-20.45,5.0,ヒャダインのじょーじょーゆーじょー (Cover),hello_happy_world,251.1,,501,ヒャダインのじょーじょーゆーじょー (Cover),0.0731401145458221,0.008888647891581,0.2699986696243286,0.1086484268307685,,39,0.2767821585025886,fast
155,hello_happy_world,はいよろこんで (Cover),hello_happy_world,395.0,0.41,161.4990234375,146.34146341463537,159.93,,12.26,False,はいよろこんで (Cover),hello_happy_world,160.23,,C#,C#,1.0,False,minor,minor,False,False,はいよろこんで (Cover),hello_happy_world,minor,はいよろこんで (Cover),hello_happy_world,160.23,,0.79,2.328843116760254,-11.872978393640642,0,はいよろこんで (Cover),-11.74415111541748,-13.338000297546388,-11.009157180786133,1.6372960805892944,7.051035404205322,5.371847152709961,7.607492446899414,0.9070457816123962,hello_happy_world,160.2333125,,106,はいよろこんで (Cover),hello_happy_world,160.23,,3.52,106,はいよろこんで (Cover),6.2302,4.8141,7.0665,0.885,hello_happy_world,1.302615761756897,0.9574,0.7676860690116882,,160.23,,はいよろこんで (Cover),0.0005361182847991,2.5983696104958653e-05,0.0863927155733108,0.1075334399938583,hello_happy_world,160.23,,4.72,106,はいよろこんで (Cover),hello_happy_world,160.23,,0.690484,106.0,はいよろこんで (Cover),0.9993679523468018,0.990537166595459,0.9999765753746032,0.0313080064952373,hello_happy_world,,,,,,,0.93,,-22.45,5.0,はいよろこんで (Cover),hello_happy_world,160.23333333333332,,319,はいよろこんで (Cover),0.0909705236554145,0.0200277138501405,0.2203775942325592,0.0837361887097358,,24,0.6365715007875233,medium
156,hello_happy_world,シカ色デイズ (Cover),hello_happy_world,616.0,0.33,184.5703125,181.81818181818275,201.9,,16.4,False,シカ色デイズ (Cover),hello_happy_world,202.17,,G,D,0.377,True,major,major,False,True,シカ色デイズ (Cover),hello_happy_world,major,シカ色デイズ (Cover),hello_happy_world,202.17,,1.08,3.776046752929688,-10.821796055536716,0,シカ色デイズ (Cover),-10.82927417755127,-13.08332633972168,-9.307279586791992,2.091859817504883,6.850709915161133,6.085052013397217,7.607781887054443,0.741933286190033,hello_happy_world,202.166625,,134,シカ色デイズ (Cover),hello_happy_world,202.17,,5.27,134,シカ色デイズ (Cover),6.5099,5.4427,7.2961,0.7097,hello_happy_world,1.1861287355422974,0.8146,0.8430787324905396,,202.17,,シカ色デイズ (Cover),0.0006468649953603,5.603110548690893e-05,0.0297892857342958,0.0623314008116722,hello_happy_world,202.17,,5.32,134,シカ色デイズ (Cover),hello_happy_world,202.17,,0.558974,134.0,シカ色デイズ (Cover),0.9995037317276,0.9089690446853638,0.999988853931427,0.1243568509817123,hello_happy_world,,,,,,,0.92,,-22.68,5.0,シカ色デイズ (Cover),hello_happy_world,202.16666666666663,,403,シカ色デイズ (Cover),0.0948670208454132,0.0157964490354061,0.2776716947555542,0.106210820376873,,34,0.1728276821076173,fast
157,hello_happy_world,強風オールバック (Cover),hello_happy_world,303.0,0.44,234.90767045454547,136.36363636363487,134.65,,11.14,False,強風オールバック (Cover),hello_happy_world,135.1,,E,G,0.798,False,minor,major,False,False,強風オールバック (Cover),hello_happy_world,major,強風オールバック (Cover),hello_happy_world,135.1,,0.75,1.995138168334961,-11.794797448264362,0,強風オールバック (Cover),-11.840962409973145,-13.05511474609375,-11.059976577758787,1.378621220588684,6.986270904541016,6.483205318450928,7.685331344604492,0.4893373847007751,hello_happy_world,135.1,,89,強風オールバック (Cover),hello_happy_world,135.1,,3.66,89,強風オールバック (Cover),6.3012,5.521,6.8628,0.4998,hello_happy_world,1.3692996501922607,0.9833,0.7303003668785095,,135.1,,強風オールバック (Cover),6.174450390972197e-05,6.022520665283082e-06,0.0003330203762743,0.0006093747797422,hello_happy_world,135.1,,3.62,89,強風オールバック (Cover),hello_happy_world,135.1,,0.788033,89.0,強風オールバック (Cover),0.9998860359191896,0.9760072231292723,0.9999992847442628,0.0242713168263435,hello_happy_world,0.000438410177594,0.0002182751049986,0.0007362122414633,0.0002716297167353,135.1,,0.7,68.0,-25.04,5.0,強風オールバック (Cover),hello_happy_world,135.1,,269,強風オールバック (Cover),0.1112049371004104,0.0235392451286315,0.2699466347694397,0.099650464951992,,25,0.4553663952627683,medium
158,hello_happy_world,最高到達点 (Cover),hello_happy_world,498.0,0.45,129.19921875,133.33333333332828,226.31,,17.65,False,最高到達点 (Cover),hello_happy_world,226.67,,F,F,0.764,False,major,major,False,False,最高到達点 (Cover),hello_happy_world,major,最高到達点 (Cover),hello_happy_world,226.67,,1.18,4.562474250793457,-11.517461940421024,0,最高到達点 (Cover),-11.63893222808838,-14.549481391906738,-9.98700714111328,4.459910392761231,6.48628044128418,5.0809526443481445,7.144399166107178,0.8231216073036194,hello_happy_world,226.666625,,151,最高到達点 (Cover),hello_happy_world,226.67,,5.62,151,最高到達点 (Cover),6.2696,5.0081,6.8758,0.694,hello_happy_world,1.1730819940567017,0.7766,0.8524552583694458,,226.67,,最高到達点 (Cover),0.0011108118342235,9.053859685081989e-05,0.1718167811632156,0.1310426890850067,hello_happy_world,226.67,,5.75,151,最高到達点 (Cover),hello_happy_world,226.67,,0.736424,151.0,最高到達点 (Cover),0.9999895095825196,0.7421316504478455,1.0,0.1960841864347458,hello_happy_world,0.0009581949561834,0.0004678382538259,0.0016412755940109,0.0019830877427011,226.67,,1.1,114.0,-21.61,5.0,最高到達点 (Cover),hello_happy_world,226.66666666666663,,452,最高到達点 (Cover),0.084584042429924,0.0118190683424472,0.2951635420322418,0.11223965883255,,22,0.1562646915197895,medium
159,hello_happy_world,許婚っきゅん (Cover),hello_happy_world,433.0,0.41,143.5546875,146.34146341463537,176.99,,13.89,False,許婚っきゅん (Cover),hello_happy_world,177.47,,B,B,0.481,False,minor,minor,False,True,許婚っきゅん (Cover),hello_happy_world,minor,許婚っきゅん (Cover),hello_happy_world,177.47,,0.87,2.0507078170776367,-11.82964400415266,0,許婚っきゅん (Cover),-11.940960884094238,-12.95691967010498,-10.906211853027344,5.968377590179443,6.87298583984375,6.065109729766846,7.482345104217529,0.6159467101097107,hello_happy_world,177.466625,,118,許婚っきゅん (Cover),hello_happy_world,177.47,,4.83,118,許婚っきゅん (Cover),6.5205,5.7403,7.2334,0.6534,hello_happy_world,1.2919381856918335,0.9483,0.7740309238433838,,177.47,,許婚っきゅん (Cover),0.0005713602295145,5.4770462156739086e-05,0.0128529099747538,0.0152091132476925,hello_happy_world,177.47,,4.35,118,許婚っきゅん (Cover),hello_happy_world,177.47,,0.767577,118.0,許婚っきゅん (Cover),0.9997249841690063,0.9091379046440125,0.9999967217445374,0.1296997517347335,hello_happy_world,0.0006192491855472,0.0003704253758769,0.0011737537570297,0.0004132488975301,177.47,,0.93,89.0,-21.09,5.0,許婚っきゅん (Cover),hello_happy_world,177.46666666666667,,353,許婚っきゅん (Cover),0.0846167132258415,0.0138608776032924,0.2317638248205185,0.0828291177749633,,24,0.3564612654417184,medium
160,hello_happy_world,新宝島 (Cover),hello_happy_world,662.0,0.38,287.109375,157.89473684210716,250.9,,19.46,False,新宝島 (Cover),hello_happy_world,251.2,,D,D,0.64,False,major,major,False,False,新宝島 (Cover),hello_happy_world,major,新宝島 (Cover),hello_happy_world,251.2,,1.35,4.294221878051758,-10.080196406770414,0,新宝島 (Cover),-9.929272651672363,-12.854330062866213,-8.560108184814453,3.325868844985962,6.744349479675293,5.5415940284729,7.398184299468994,0.7443020343780518,hello_happy_world,251.2,,167,新宝島 (Cover),hello_happy_world,251.2,,6.65,167,新宝島 (Cover),6.1833,4.8722,6.9794,0.7816,hello_happy_world,1.263696312904358,0.924,0.7913293242454529,,251.2,,新宝島 (Cover),0.0001403681671945,6.835257863713196e-06,0.0153320021927356,0.0982166081666946,hello_happy_world,251.2,,6.65,167,新宝島 (Cover),hello_happy_world,251.2,,0.848703,167.0,新宝島 (Cover),0.998625636100769,0.8874924182891846,0.9999802112579346,0.1244996488094329,hello_happy_world,0.0006177109898999,0.0003342639829497,0.0010176522191613,0.0002655634889379,251.2,,1.12,126.0,-23.55,5.0,新宝島 (Cover),hello_happy_world,251.2,,501,新宝島 (Cover),0.0510786026716232,0.0103787127882242,0.2026864141225814,0.0793506503105163,,56,0.0543789808917196,medium
161,hello_happy_world,ドレミファロンド (Cover),hello_happy_world,418.0,0.48,172.265625,124.99999999999989,200.16,,15.88,False,ドレミファロンド (Cover),hello_happy_world,200.63,,Eb,D#,0.849,True,major,major,False,False,ドレミファロンド (Cover),hello_happy_world,major,ドレミファロンド (Cover),hello_happy_world,200.63,,1.05,2.267436981201172,-12.469751936595182,0,ドレミファロンド (Cover),-12.57605266571045,-13.604124069213867,-11.336687088012695,4.253281116485596,6.501420021057129,5.59788179397583,7.276142597198486,0.6767317652702332,hello_happy_world,200.6333125,,133,ドレミファロンド (Cover),hello_happy_world,200.63,,5.3,133,ドレミファロンド (Cover),6.3824,5.4431,7.0199,0.6366,hello_happy_world,1.1804969310760498,0.7933,0.8471007347106934,,200.63,,ドレミファロンド (Cover),0.0030075111426413,0.0005909474566578,0.0501021929085254,0.0466070547699928,hello_happy_world,200.63,,5.01,133,ドレミファロンド (Cover),hello_happy_world,200.63,,0.769908,133.0,ドレミファロンド (Cover),0.9994823932647704,0.7378770112991333,0.9999772310256958,0.1419864296913147,hello_happy_world,0.0008521876879967,0.0003296263748779,0.0012606090167537,0.0003619235940277,200.63,,0.95,101.0,-23.38,5.0,ドレミファロンド (Cover),hello_happy_world,200.63333333333333,,400,ドレミファロンド (Cover),0.0940563604235649,0.0122544392943382,0.2630445659160614,0.0994558185338974,,38,0.3286591774673579,medium
162,hello_happy_world,きゅうくらりん (Cover),hello_happy_world,786.0,0.27,198.76802884615384,222.2222222222138,214.55,,16.59,False,きゅうくらりん (Cover),hello_happy_world,214.83,,C,D,0.646,True,major,minor,False,False,きゅうくらりん (Cover),hello_happy_world,minor,きゅうくらりん (Cover),hello_happy_world,214.83,,1.11,3.555692672729492,-10.283432411913502,0,きゅうくらりん (Cover),-9.916000366210938,-12.761436462402344,-9.205743789672852,1.3728647232055664,6.43797492980957,5.758107662200928,7.135292053222656,0.5159870386123657,hello_happy_world,214.8333125,,143,きゅうくらりん (Cover),hello_happy_world,214.83,,5.56,143,きゅうくらりん (Cover),5.6536,4.7246,6.2659,0.582,hello_happy_world,1.112997055053711,0.5441,0.8984750509262085,,214.83,,きゅうくらりん (Cover),6.442917947424576e-05,7.176444341894239e-06,0.464711844921112,0.2408599257469177,hello_happy_world,214.83,,5.62,143,きゅうくらりん (Cover),hello_happy_world,214.83,,0.738902,143.0,きゅうくらりん (Cover),0.9943085312843324,0.7299280166625977,0.9996909499168396,0.1862602233886718,hello_happy_world,0.0007801159517839,0.0004484609235078,0.0012285594129934,0.0004624346911441,214.83,,0.71,108.0,-18.18,5.0,きゅうくらりん (Cover),hello_happy_world,214.8333333333333,,428,きゅうくらりん (Cover),0.0633643120527267,0.0149917006492614,0.2192750573158264,0.0852207690477371,,43,0.4062683463405068,boost
163,hello_happy_world,ロメオ (Cover),hello_happy_world,746.0,0.43,143.5546875,139.534883720928,319.73,,24.55,False,ロメオ (Cover),hello_happy_world,320.2,,Ab,G#,0.451,True,major,major,False,True,ロメオ (Cover),hello_happy_world,major,ロメオ (Cover),hello_happy_world,320.2,,1.72,5.274652481079102,-11.145115502157276,0,ロメオ (Cover),-11.805055618286133,-14.76024341583252,-9.485590934753418,6.453822135925293,6.646007537841797,5.530203342437744,7.495331764221191,0.7965243458747864,hello_happy_world,320.2,,214,ロメオ (Cover),hello_happy_world,320.2,,8.23,214,ロメオ (Cover),6.3083,5.2867,7.0992,0.6983,hello_happy_world,1.141688108444214,0.6702,0.8758959174156189,,320.2,,ロメオ (Cover),0.0009407241595908,3.2707397622289136e-05,0.0718185380101203,0.132544457912445,hello_happy_world,320.2,,8.34,214,ロメオ (Cover),hello_happy_world,320.2,,0.622018,214.0,ロメオ (Cover),0.9997233152389526,0.7510457038879395,0.9999991059303284,0.1994977295398712,hello_happy_world,,,,,,,1.23,,-23.62,5.0,ロメオ (Cover),hello_happy_world,320.2,,639,ロメオ (Cover),0.0688515305519104,0.0115380622446537,0.204988032579422,0.0831155106425285,,38,0.1980012492192378,medium
164,hello_happy_world,エイリアンエイリアン (Cover),hello_happy_world,466.0,0.39,151.99908088235293,153.846153846148,182.83,,13.87,False,エイリアンエイリアン (Cover),hello_happy_world,183.13,,C#,C#,0.421,False,minor,minor,False,False,エイリアンエイリアン (Cover),hello_happy_world,minor,エイリアンエイリアン (Cover),hello_happy_world,183.13,,0.93,3.443338394165039,-12.758852030216278,0,エイリアンエイリアン (Cover),-12.881019592285156,-14.890413284301758,-11.44707489013672,5.322456359863281,6.52005672454834,5.697452545166016,7.450993537902832,0.7204462289810181,hello_happy_world,183.1333125,,122,エイリアンエイリアン (Cover),hello_happy_world,183.13,,4.84,122,エイリアンエイリアン (Cover),6.2967,5.3957,7.0828,0.615,hello_happy_world,1.1264435052871704,0.6094,0.8877496719360352,,183.13,,エイリアンエイリアン (Cover),6.86382336425595e-05,1.621050387257128e-06,0.0157901104539632,0.0161441601812839,hello_happy_world,183.13,,4.8,122,エイリアンエイリアン (Cover),hello_happy_world,183.13,,0.717119,122.0,エイリアンエイリアン (Cover),0.9996189475059508,0.9772457480430604,0.9999943971633912,0.1605606377124786,hello_happy_world,0.0008933423669077,0.0004292626690585,0.0014857655623927,0.0004470354469958,183.13,,0.74,92.0,-22.89,5.0,エイリアンエイリアン (Cover),hello_happy_world,183.13333333333333,,365,エイリアンエイリアン (Cover),0.0834812223911285,0.0096702892333269,0.2373869866132736,0.0911479517817497,,29,0.3117946141712288,medium
165,hello_happy_world,いーあるふぁんくらぶ (Cover),hello_happy_world,576.0,0.41,151.99908088235293,146.34146341463284,239.2,,18.52,False,いーあるふぁんくらぶ (Cover),hello_happy_world,239.67,,D,D,0.476,False,minor,minor,False,False,いーあるふぁんくらぶ (Cover),hello_happy_world,minor,いーあるふぁんくらぶ (Cover),hello_happy_world,239.67,,1.19,4.9710798263549805,-11.778792303082405,0,いーあるふぁんくらぶ (Cover),-12.01815128326416,-14.995805740356444,-10.024725914001465,4.354196071624756,6.983394622802734,6.370922565460205,7.669599056243896,0.6652742624282837,hello_happy_world,239.666625,,160,いーあるふぁんくらぶ (Cover),hello_happy_world,239.67,,5.7,160,いーあるふぁんくらぶ (Cover),6.4212,5.4162,7.1695,0.7977,hello_happy_world,1.3224372863769531,0.9681,0.7561795115470886,,239.67,,いーあるふぁんくらぶ (Cover),0.000197628774913,1.2626558600459248e-05,0.0137705747038126,0.037957701832056,hello_happy_world,239.67,,6.76,160,いーあるふぁんくらぶ (Cover),hello_happy_world,239.67,,0.756826,160.0,いーあるふぁんくらぶ (Cover),0.9986492395401,0.8098045587539673,0.9999701976776124,0.1889615505933761,hello_happy_world,0.0007876427844166,0.0004360556195024,0.0014501886907964,0.0004234713269397,239.67,,0.98,120.0,-22.51,5.0,いーあるふぁんくらぶ (Cover),hello_happy_world,239.66666666666663,,478,いーあるふぁんくらぶ (Cover),0.0917312204837799,0.0120658529922366,0.2629146575927734,0.0984183475375175,,38,0.2471766127280414,medium
166,hello_happy_world,回レ！雪月花 (Cover),hello_happy_world,627.0,0.38,151.99908088235293,157.89473684210716,234.54,,17.72,False,回レ！雪月花 (Cover),hello_happy_world,234.83,,C,C,0.87,False,minor,minor,False,False,回レ！雪月花 (Cover),hello_happy_world,minor,回レ！雪月花 (Cover),hello_happy_world,234.83,,1.21,3.813692092895508,-12.095257012634203,0,回レ！雪月花 (Cover),-12.311884880065918,-14.510215759277344,-10.696523666381836,4.1870598793029785,6.870583534240723,5.992102146148682,7.596099853515625,0.6694387197494507,hello_happy_world,234.8333125,,156,回レ！雪月花 (Cover),hello_happy_world,234.83,,5.77,156,回レ！雪月花 (Cover),6.2274,5.321,6.915,0.6708,hello_happy_world,1.1100130081176758,0.5334,0.9008903503417968,,234.83,,回レ！雪月花 (Cover),6.954486161703244e-05,3.4696081456786487e-06,0.0049236579798161,0.0226670634001493,hello_happy_world,234.83,,6.29,156,回レ！雪月花 (Cover),hello_happy_world,234.83,,0.672336,156.0,回レ！雪月花 (Cover),0.9983558654785156,0.9180598258972168,0.9999819397926332,0.1603814363479614,hello_happy_world,0.0009603903745301,0.0005086011369712,0.0018569913227111,0.0005515704979188,234.83,,1.04,118.0,-20.68,5.0,回レ！雪月花 (Cover),hello_happy_world,234.8333333333333,,468,回レ！雪月花 (Cover),0.0919496268033981,0.0206793397665023,0.2900666296482086,0.1080892086029052,,46,0.3466287532596249,medium
167,hello_happy_world,恋愛裁判 (Cover),hello_happy_world,498.0,0.45,89.10290948275862,133.3333333333346,222.69,,16.84,False,恋愛裁判 (Cover),hello_happy_world,223.13,,E,E,0.346,False,major,major,False,True,恋愛裁判 (Cover),hello_happy_world,major,恋愛裁判 (Cover),hello_happy_world,223.13,,1.18,2.8405885696411133,-11.792394096152192,0,恋愛裁判 (Cover),-11.846965789794922,-13.485848426818848,-10.645259857177734,3.734590530395508,7.334903240203857,6.068305969238281,7.913074016571045,0.7091191411018372,hello_happy_world,223.1333125,,148,恋愛裁判 (Cover),hello_happy_world,223.13,,5.83,148,恋愛裁判 (Cover),6.6072,5.7233,7.4081,0.6786,hello_happy_world,1.145891189575195,0.6854,0.8726832866668701,,223.13,,恋愛裁判 (Cover),0.0013056682655587,9.12287796381861e-05,0.0509183295071125,0.1221477314829826,hello_happy_world,223.13,,6.14,148,恋愛裁判 (Cover),hello_happy_world,223.13,,0.720674,148.0,恋愛裁判 (Cover),0.9998571276664734,0.6232776641845703,0.9999963641166688,0.211911916732788,hello_happy_world,0.0007804587949067,0.0003675016050692,0.0011621222365647,0.0003243700193706,223.13,,0.92,112.0,-21.12,5.0,恋愛裁判 (Cover),hello_happy_world,223.13333333333333,,445,恋愛裁判 (Cover),0.0667297840118408,0.0140302954241633,0.2333505600690841,0.0907664820551872,,25,0.4472661250249991,medium
168,hello_happy_world,TOMORROW (Cover),hello_happy_world,613.0,0.45,143.5546875,133.3333333333367,274.43,,21.37,False,TOMORROW (Cover),hello_happy_world,274.9,,F,F,0.638,False,major,major,False,True,TOMORROW (Cover),hello_happy_world,major,TOMORROW (Cover),hello_happy_world,274.9,,1.4,2.0533409118652344,-11.522934275135762,0,TOMORROW (Cover),-11.315961837768556,-12.786653518676758,-10.733312606811523,2.7863614559173584,6.805902004241943,6.006039142608643,7.768709659576416,0.6839983463287354,hello_happy_world,274.9,,183,TOMORROW (Cover),hello_happy_world,274.9,,7.56,183,TOMORROW (Cover),6.3841,5.5557,7.1969,0.7162,hello_happy_world,1.2635453939437866,0.9225,0.7914238572120667,,274.9,,TOMORROW (Cover),3.612428918131627e-05,2.2303556761471555e-06,0.0071118320338428,0.0692359209060669,hello_happy_world,274.9,,7.25,183,TOMORROW (Cover),hello_happy_world,274.9,,0.771445,183.0,TOMORROW (Cover),0.9976518750190736,0.6051806807518005,0.9999879002571106,0.2188758254051208,hello_happy_world,0.0006173987640067,0.000313950877171,0.001170597737655,0.0003226296103093,274.9,,1.13,138.0,-19.46,5.0,TOMORROW (Cover),hello_happy_world,274.9,,548,TOMORROW (Cover),0.0533155910670757,0.0046315607614815,0.2137913852930069,0.0883882865309715,,54,0.107384503455802,medium
169,hello_happy_world,GO! GO! MANIAC (Cover),hello_happy_world,519.0,0.48,151.99908088235293,124.99999999999989,248.63,,19.09,False,GO! GO! MANIAC (Cover),hello_happy_world,249.1,,B,B,0.459,False,major,minor,True,False,GO! GO! MANIAC (Cover),hello_happy_world,minor,GO! GO! MANIAC (Cover),hello_happy_world,249.1,,1.29,2.2769832611083984,-10.364241387081464,0,GO! GO! MANIAC (Cover),-10.111305236816406,-11.917811393737791,-9.640828132629396,3.663532972335816,7.479306221008301,6.551838874816895,8.120338439941406,0.6410354971885681,hello_happy_world,249.1,,166,GO! GO! MANIAC (Cover),hello_happy_world,249.1,,7.03,166,GO! GO! MANIAC (Cover),6.2548,5.1724,7.0829,0.7127,hello_happy_world,1.2417446374893188,0.8997,0.8053185939788818,,249.1,,GO! GO! MANIAC (Cover),1.180467734229751e-05,4.6326442770805443e-07,0.0003304935526102,0.0055270623415708,hello_happy_world,249.1,,7.11,166,GO! GO! MANIAC (Cover),hello_happy_world,249.1,,0.652014,166.0,GO! GO! MANIAC (Cover),0.9929760694503784,0.7776068449020386,0.9998925924301147,0.1367253065109253,hello_happy_world,0.0007588183507323,0.0004290146753191,0.0011163700837641,0.0002857443178072,249.1,,1.08,125.0,-18.45,5.0,GO! GO! MANIAC (Cover),hello_happy_world,249.1,,497,GO! GO! MANIAC (Cover),0.1147104129195213,0.0264550056308507,0.2632676959037781,0.0910858064889907,,35,0.0591730228823765,medium
170,hello_happy_world,Dragon Night (Cover),hello_happy_world,473.0,0.48,143.5546875,124.99999999999896,228.38,,17.78,False,Dragon Night (Cover),hello_happy_world,228.73,,Eb,D#,0.698,True,major,major,False,True,Dragon Night (Cover),hello_happy_world,major,Dragon Night (Cover),hello_happy_world,228.73,,1.2,6.02919864654541,-14.209117495036054,1,Dragon Night (Cover),-14.09173583984375,-18.67539405822754,-12.646195411682127,5.303607940673828,6.616673469543457,4.782680988311768,7.460883617401123,1.0013266801834106,hello_happy_world,228.7333125,,152,Dragon Night (Cover),hello_happy_world,228.73,,6.54,152,Dragon Night (Cover),5.9606,5.0393,6.7226,0.6577,hello_happy_world,1.0610452890396118,0.3267,0.9424669742584229,,228.73,,Dragon Night (Cover),0.0005956314853392,5.927098456481873e-08,0.1668559908866882,0.1688058227300644,hello_happy_world,228.73,,6.6,152,Dragon Night (Cover),hello_happy_world,228.73,,0.701451,152.0,Dragon Night (Cover),0.997734308242798,0.8614457845687866,0.9999857544898988,0.2025878876447677,hello_happy_world,0.0011087608290836,0.0005082080606371,0.0035863646771758,0.0015148397069424,228.73,,0.98,115.0,-27.95,5.0,Dragon Night (Cover),hello_happy_world,228.7333333333333,,456,Dragon Night (Cover),0.098349392414093,0.0200506709516048,0.2386283874511718,0.0912688449025154,,42,0.2582045580361852,medium
171,hello_happy_world,ようこそジャパリパークへ (Cover),hello_happy_world,587.0,0.35,198.76802884615384,171.4285714285707,205.94,,15.65,False,ようこそジャパリパークへ (Cover),hello_happy_world,206.23,,F,F,0.373,False,major,major,False,True,ようこそジャパリパークへ (Cover),hello_happy_world,major,ようこそジャパリパークへ (Cover),hello_happy_world,206.23,,1.09,2.865279197692871,-10.043406956568754,0,ようこそジャパリパークへ (Cover),-9.93662452697754,-11.9750394821167,-9.109760284423828,6.147014141082764,6.891428470611572,5.835916519165039,7.703242778778076,0.7820484042167664,hello_happy_world,206.2333125,,137,ようこそジャパリパークへ (Cover),hello_happy_world,206.23,,6.31,137,ようこそジャパリパークへ (Cover),6.2449,5.0022,6.9903,0.7777,hello_happy_world,1.114574313163757,0.5471,0.8972036242485046,,206.23,,ようこそジャパリパークへ (Cover),9.277079516323285e-05,7.254882802953944e-06,0.0067156148143112,0.0177622884511947,hello_happy_world,206.23,,6.2,137,ようこそジャパリパークへ (Cover),hello_happy_world,206.23,,0.603643,137.0,ようこそジャパリパークへ (Cover),0.99969220161438,0.9420369863510132,0.9999885559082032,0.1644538044929504,hello_happy_world,,,,,,,1.02,,-19.55,5.0,ようこそジャパリパークへ (Cover),hello_happy_world,206.2333333333333,,411,ようこそジャパリパークへ (Cover),0.0757957026362419,0.0103311520069837,0.2607654929161072,0.0977638587355613,,43,0.0636172491479616,fast
172,hello_happy_world,ウィーアー！ (Cover),hello_happy_world,675.0,0.36,161.4990234375,166.66666666666694,240.84,,19.22,False,ウィーアー！ (Cover),hello_happy_world,241.13,,G,G,0.684,False,major,major,False,False,ウィーアー！ (Cover),hello_happy_world,major,ウィーアー！ (Cover),hello_happy_world,241.13,,1.24,2.313199043273926,-11.097109322136475,0,ウィーアー！ (Cover),-10.877236366271973,-12.540782928466797,-10.227583885192873,1.2895787954330444,6.317073822021484,5.4349799156188965,6.845471382141113,0.5956919193267822,hello_happy_world,241.1333125,,161,ウィーアー！ (Cover),hello_happy_world,241.13,,6.34,161,ウィーアー！ (Cover),6.3651,5.2945,7.1932,0.7904,hello_happy_world,1.4404082298278809,0.9909,0.6942476034164429,,241.13,,ウィーアー！ (Cover),6.233535532373935e-05,3.790092932831613e-06,0.0008089676848612,0.0306300222873687,hello_happy_world,241.13,,6.28,161,ウィーアー！ (Cover),hello_happy_world,241.13,,0.835588,161.0,ウィーアー！ (Cover),0.9841662645339966,0.356358528137207,0.99951434135437,0.2603953182697296,hello_happy_world,0.0006751678301952,0.0003378801047801,0.0011077856179326,0.0004273548256605,241.13,,1.18,121.0,-19.91,5.0,ウィーアー！ (Cover),hello_happy_world,241.13333333333333,,481,ウィーアー！ (Cover),0.0613758862018585,0.0093866204842925,0.2195785492658615,0.0918977931141853,,45,0.2204589057819143,fast
173,hello_happy_world,おジャ魔女カーニバル!! (Cover),hello_happy_world,536.0,0.41,184.5703125,146.34146341463537,217.01,,16.76,False,おジャ魔女カーニバル!! (Cover),hello_happy_world,217.37,,C,C,0.421,False,minor,minor,False,True,おジャ魔女カーニバル!! (Cover),hello_happy_world,minor,おジャ魔女カーニバル!! (Cover),hello_happy_world,217.37,,1.15,2.4688453674316406,-11.995012689003646,0,おジャ魔女カーニバル!! (Cover),-11.954734802246094,-13.380940437316896,-10.912095069885254,3.3839056491851807,6.884625434875488,6.20977783203125,7.911764621734619,0.7410802841186523,hello_happy_world,217.366625,,145,おジャ魔女カーニバル!! (Cover),hello_happy_world,217.37,,5.49,145,おジャ魔女カーニバル!! (Cover),6.4866,5.4266,7.0379,0.6632,hello_happy_world,1.346444010734558,0.9772,0.7426971197128296,,217.37,,おジャ魔女カーニバル!! (Cover),5.1074632210657e-05,1.838141315602116e-06,0.006021115463227,0.0112099284306168,hello_happy_world,217.37,,5.73,145,おジャ魔女カーニバル!! (Cover),hello_happy_world,217.37,,0.74189,145.0,おジャ魔女カーニバル!! (Cover),0.9951217770576476,0.5816135406494141,0.9998645782470704,0.1986780315637588,hello_happy_world,0.0008137305849231,0.0003759359533432,0.001633537816815,0.0005744902882725,217.37,,1.02,109.0,-21.45,5.0,おジャ魔女カーニバル!! (Cover),hello_happy_world,217.36666666666667,,433,おジャ魔女カーニバル!! (Cover),0.0879862159490585,0.0143749639391899,0.2342097163200378,0.0839769542217254,,47,0.1188774613865336,medium
174,hello_happy_world,ダーリンダンス (Cover),hello_happy_world,527.0,0.39,151.99908088235293,153.8461538461536,207.17,,16.37,False,ダーリンダンス (Cover),hello_happy_world,207.63,,E,F#,0.554,True,major,minor,False,True,ダーリンダンス (Cover),hello_happy_world,minor,ダーリンダンス (Cover),hello_happy_world,207.63,,1.06,1.774188995361328,-11.176696119125122,0,ダーリンダンス (Cover),-11.149106979370115,-12.266069412231444,-10.491880416870115,4.37412691116333,7.440608978271484,6.8625264167785645,7.930824279785156,0.6137186884880066,hello_happy_world,207.6333125,,138,ダーリンダンス (Cover),hello_happy_world,207.63,,4.78,138,ダーリンダンス (Cover),5.8606,5.2781,6.4241,0.4963,hello_happy_world,1.220411777496338,0.8784,0.8193956017494202,,207.63,,ダーリンダンス (Cover),1.1429547157604247e-05,6.806532724112913e-07,0.000130555985379,0.0064307241700589,hello_happy_world,207.63,,5.71,138,ダーリンダンス (Cover),hello_happy_world,207.63,,0.805895,138.0,ダーリンダンス (Cover),0.9992330074310304,0.6186075210571289,0.9999874234199524,0.1692223250865936,hello_happy_world,0.0007522383821196,0.0004366385401226,0.0012187006650492,0.0003377141547389,207.63,,0.93,104.0,-19.03,5.0,ダーリンダンス (Cover),hello_happy_world,207.63333333333333,,414,ダーリンダンス (Cover),0.0871474891901016,0.0202863533049821,0.2404935210943222,0.0954563319683075,,26,0.1457376493543005,medium
175,hello_happy_world,ノーポイッ！ (Cover),hello_happy_world,643.0,0.38,151.99908088235293,157.89473684210716,242.76,,19.36,False,ノーポイッ！ (Cover),hello_happy_world,242.97,,E,B,0.378,True,major,major,False,False,ノーポイッ！ (Cover),hello_happy_world,major,ノーポイッ！ (Cover),hello_happy_world,242.97,,1.22,2.2493953704833984,-10.450688557601422,0,ノーポイッ！ (Cover),-10.434259414672852,-11.717904090881348,-9.46850872039795,1.257574439048767,7.307087421417236,6.560750484466553,7.786273956298828,0.6169664263725281,hello_happy_world,242.966625,,162,ノーポイッ！ (Cover),hello_happy_world,242.97,,6.68,162,ノーポイッ！ (Cover),6.6758,6.0474,7.2153,0.5475,hello_happy_world,1.303869366645813,0.9605,0.7669480443000793,,242.97,,ノーポイッ！ (Cover),0.0008712336421012,4.993385664420202e-05,0.0178314186632633,0.0320292338728904,hello_happy_world,242.97,,6.12,162,ノーポイッ！ (Cover),hello_happy_world,242.97,,0.590836,162.0,ノーポイッ！ (Cover),0.9999773502349854,0.9692862033843994,0.9999995231628418,0.098589576780796,hello_happy_world,0.000774122076109,0.0004339823208283,0.0011560369748622,0.0003111979167442,242.97,,1.28,122.0,-19.22,5.0,ノーポイッ！ (Cover),hello_happy_world,242.96666666666667,,484,ノーポイッ！ (Cover),0.0831345468759536,0.0139543823897838,0.236311137676239,0.0906409919261932,,33,0.1833173117611031,medium
176,hello_happy_world,SHINY DAYS (Cover),hello_happy_world,481.0,0.55,107.666015625,109.09090909091248,262.05,,21.46,False,SHINY DAYS (Cover),hello_happy_world,262.6,,F#,F#,0.595,False,major,major,False,False,SHINY DAYS (Cover),hello_happy_world,major,SHINY DAYS (Cover),hello_happy_world,262.6,,1.48,2.9401817321777344,-11.89361608251897,0,SHINY DAYS (Cover),-11.87977409362793,-13.79581069946289,-10.855628967285156,3.855986833572388,6.294921398162842,5.418715000152588,7.073845386505127,0.6636521816253662,hello_happy_world,262.6,,175,SHINY DAYS (Cover),hello_happy_world,262.6,,7.56,175,SHINY DAYS (Cover),6.5895,5.7021,7.3871,0.709,hello_happy_world,1.3205674886703491,0.9635,0.7572503089904785,,262.6,,SHINY DAYS (Cover),0.0021545742638409,0.0001226221065735,0.0806206241250038,0.1459841430187225,hello_happy_world,262.6,,7.09,175,SHINY DAYS (Cover),hello_happy_world,262.6,,0.800419,175.0,SHINY DAYS (Cover),0.995705783367157,0.3545166552066803,0.9999550580978394,0.2719456553459167,hello_happy_world,0.0007032575667835,0.0003913727414328,0.0012531809043139,0.0003879755386151,262.6,,1.38,132.0,-21.67,5.0,SHINY DAYS (Cover),hello_happy_world,262.6,,524,SHINY DAYS (Cover),0.0844942405819892,0.0119180604815483,0.2734959125518799,0.1061812564730644,,50,0.1807311500380806,medium
177,hello_happy_world,シルエット (Cover),hello_happy_world,735.0,0.33,172.265625,181.81818181818275,240.74,,19.48,False,シルエット (Cover),hello_happy_world,241.03,,Eb,G,0.462,True,major,minor,False,True,シルエット (Cover),hello_happy_world,minor,シルエット (Cover),hello_happy_world,241.03,,1.22,2.347810745239258,-10.324967464288235,0,シルエット (Cover),-10.230170249938965,-11.724209785461426,-9.376399040222168,5.069308757781982,7.146280288696289,6.634016036987305,7.731951236724853,0.5038909912109375,hello_happy_world,241.0333125,,160,シルエット (Cover),hello_happy_world,241.03,,6.28,160,シルエット (Cover),6.244,5.3534,6.9217,0.6163,hello_happy_world,1.1805570125579834,0.7948,0.8470578789710999,,241.03,,シルエット (Cover),4.1070336010307074e-05,2.248558303108439e-06,0.0007385261123999,0.0090307397767901,hello_happy_world,241.03,,6.4,160,シルエット (Cover),hello_happy_world,241.03,,0.733555,160.0,シルエット (Cover),0.9991655349731444,0.6694075465202332,0.999959409236908,0.1820281594991684,hello_happy_world,0.0007403918425552,0.0004409107204992,0.0011900695972144,0.0003602522192522,241.03,,1.5,121.0,-18.32,5.0,シルエット (Cover),hello_happy_world,241.03333333333333,,481,シルエット (Cover),0.0580089911818504,0.0107448631897568,0.2194104641675949,0.0833564549684524,,42,0.0340201849640117,fast
178,ikka_dumb_rock,ホーミー・タイッ！！,ikka_dumb_rock,459.0,0.47,117.45383522727272,127.6595744680854,215.03,,17.01,False,ホーミー・タイッ！！,ikka_dumb_rock,215.43,,D,D,0.355,False,minor,minor,False,True,ホーミー・タイッ！！,ikka_dumb_rock,minor,ホーミー・タイッ！！,ikka_dumb_rock,215.43,,1.63,2.0202932357788086,-8.723338585613183,0,ホーミー・タイッ！！,-8.674317359924316,-9.838922500610352,-7.818629264831543,1.1229817867279053,7.3885908126831055,6.733031749725342,7.857424259185791,0.4655073285102844,ikka_dumb_rock,215.4333125,,143,ホーミー・タイッ！！,ikka_dumb_rock,215.43,,6.05,143,ホーミー・タイッ！！,5.6803,4.4196,6.3289,0.7511,ikka_dumb_rock,1.1939834356307983,0.8343,0.8375324606895447,,215.43,,ホーミー・タイッ！！,1.4365368770086206e-05,6.419944611479877e-07,0.0003996084851678,0.0027750211302191,ikka_dumb_rock,215.43,,6.19,143,ホーミー・タイッ！！,ikka_dumb_rock,215.43,,0.677207,143.0,ホーミー・タイッ！！,0.999422550201416,0.9474389553070068,0.9999894499778748,0.1097697839140892,ikka_dumb_rock,0.0014154908712953,0.0007058905903249,0.0032435315661132,0.0082268798723816,215.43,,1.41,108.0,-16.76,5.0,ホーミー・タイッ！！,ikka_dumb_rock,215.4333333333333,,429,ホーミー・タイッ！！,0.1172139346599578,0.0232724882662296,0.3148409128189087,0.1134199276566505,,31,0.0323998080613089,medium
179,millsage,起死開戦,millsage,554.0,0.35,161.4990234375,171.4285714285707,195.05,,15.49,False,起死開戦,millsage,195.32,,E,E,0.235,False,major,major,False,False,起死開戦,millsage,major,起死開戦,millsage,195.32,,1.58,2.866635322570801,-9.835692190340191,0,起死開戦,-9.68634796142578,-11.599854469299316,-8.733219146728516,1.3499743938446045,6.65389347076416,5.537443161010742,7.487646102905273,0.9782103300094604,millsage,195.3248125,,130,起死開戦,millsage,195.32,,5.67,130,起死開戦,5.4707,4.6125,6.3453,0.7032,millsage,1.0985063314437866,0.4848,0.9103269577026368,,195.32,,起死開戦,0.0006763997953385,6.926904916326748e-06,0.4787492752075195,0.2726486921310425,millsage,195.32,,5.67,130,起死開戦,millsage,195.32,,0.686708,130.0,起死開戦,0.9982192516326904,0.3272735178470611,0.9999954104423524,0.278967410326004,millsage,0.0008532500360161,0.0004261833964847,0.0013234794605523,0.0003837926778942,195.32,,1.28,98.0,-17.11,5.0,起死開戦,millsage,195.3248526077097,,389,起死開戦,0.0731719434261322,0.0149862607941031,0.2321694493293762,0.0915042087435722,,36,0.2568029289664207,fast
180,morfonica,Daylight -デイライト-,morfonica,1095.0,0.32,143.5546875,187.49999999998727,357.01,,28.06,False,Daylight -デイライト-,morfonica,357.29,,G,G,0.446,False,minor,minor,False,False,Daylight -デイライト-,morfonica,minor,Daylight -デイライト-,morfonica,357.29,,2.11,1.5591144561767578,-10.313982618770622,0,Daylight -デイライト-,-10.21503734588623,-11.17186450958252,-9.612750053405762,0.9767268300056458,7.339647769927978,6.25142240524292,8.115087509155273,0.7172122597694397,morfonica,357.2854375,,239,Daylight -デイライト-,morfonica,357.29,,10.52,239,Daylight -デイライト-,5.4141,4.2679,6.4926,0.8731,morfonica,1.18903648853302,0.8191,0.8410171866416931,,357.29,,Daylight -デイライト-,4.6456457880594826e-07,1.5153176491367052e-08,0.0001077304186765,0.0019189947051927,morfonica,357.29,,10.05,239,Daylight -デイライト-,morfonica,357.29,,0.75687,239.0,Daylight -デイライト-,0.9974191188812256,0.5249456167221069,0.9999477863311768,0.2318702191114425,morfonica,0.0007707548211328,0.0004063645319547,0.0015113587724044,0.0189893301576375,357.29,,2.35,179.0,-17.39,5.0,Daylight -デイライト-,morfonica,357.2854875283447,,713,Daylight -デイライト-,0.0557526610791683,0.0088817346841096,0.2064274102449417,0.0875888094305992,,44,0.1794643219498131,fast
181,morfonica,メランコリックララバイ,morfonica,652.0,0.33,172.265625,181.81818181818275,215.91,,17.55,False,メランコリックララバイ,morfonica,216.07,,F,G,0.537,True,minor,minor,False,True,メランコリックララバイ,morfonica,minor,メランコリックララバイ,morfonica,216.07,,1.13,3.013346672058105,-10.565529799576993,0,メランコリックララバイ,-10.554490089416504,-12.528722763061523,-9.515376091003418,5.238626956939697,6.210109710693359,5.626186370849609,6.887831211090088,0.5250047445297241,morfonica,216.066625,,144,メランコリックララバイ,morfonica,216.07,,4.51,144,メランコリックララバイ,4.7949,3.6651,5.8285,0.9342,morfonica,1.1297484636306765,0.6216,0.8851528167724609,,216.07,,メランコリックララバイ,2.7161809157405514e-06,1.0030200314758988e-07,0.0073331482708454,0.0989305600523948,morfonica,216.07,,4.87,144,メランコリックララバイ,morfonica,216.07,,0.787005,144.0,メランコリックララバイ,0.9989866614341736,0.7890857458114624,0.999995231628418,0.1593157649040222,morfonica,,,,,,,1.41,,-18.62,5.0,メランコリックララバイ,morfonica,216.06666666666663,,431,メランコリックララバイ,0.0850066989660263,0.0151520380750298,0.2278848141431808,0.088960975408554,,43,0.2317802923692251,fast
182,morfonica,flame of hope,morfonica,801.0,0.32,129.19921875,187.500000000004,252.8,,20.22,False,flame of hope,morfonica,252.94,,A,A,0.97,False,minor,minor,False,False,flame of hope,morfonica,minor,flame of hope,morfonica,252.94,,1.42,3.060632705688477,-10.341588387021062,0,flame of hope,-10.126812934875488,-12.303340911865234,-9.242708206176758,4.341829299926758,6.981393814086914,6.247650623321533,7.541674613952637,0.5240429043769836,morfonica,252.935625,,168,flame of hope,morfonica,252.94,,6.96,168,flame of hope,5.6965,4.6329,6.6022,0.7362,morfonica,1.1655871868133545,0.7492,0.8579367995262146,,252.94,,flame of hope,3.753233841052861e-06,1.3245917784843186e-07,4.651239942177199e-05,0.0061296778731048,morfonica,252.94,,7.16,168,flame of hope,morfonica,252.94,,0.747682,168.0,flame of hope,0.9964697360992432,0.6906878352165222,0.999848246574402,0.2011550366878509,morfonica,0.0007695318199694,0.0004173380730208,0.0013775234110653,0.0004259961715433,252.94,,1.64,127.0,-19.15,5.0,flame of hope,morfonica,252.9356462585034,,504,flame of hope,0.0555448085069656,0.0101866265758872,0.1957779377698898,0.0740107297897338,,40,0.1499986409585443,fast
183,morfonica,ブルームブルーム,morfonica,832.0,0.33,215.33203125,181.8181818181749,276.71,,21.3,False,ブルームブルーム,morfonica,276.9,,F#,D,0.329,True,minor,major,False,False,ブルームブルーム,morfonica,major,ブルームブルーム,morfonica,276.9,,1.5,2.615687370300293,-10.481267623065497,0,ブルームブルーム,-10.411922454833984,-12.109538078308104,-9.493850708007812,1.7362533807754517,6.744934558868408,6.180075168609619,7.410403251647949,0.5776254534721375,morfonica,276.90225,,185,ブルームブルーム,morfonica,276.9,,7.15,185,ブルームブルーム,5.5511,4.4163,6.3928,0.7535,morfonica,1.0147144794464111,0.1611,0.9854989051818848,,276.9,,ブルームブルーム,1.6860000187080004e-06,6.596737733843838e-08,0.0001967591961147,0.0744348615407943,morfonica,276.9,,7.62,185,ブルームブルーム,morfonica,276.9,,0.797553,185.0,ブルームブルーム,0.9968295693397522,0.9250540733337402,0.99983012676239,0.1141854077577591,morfonica,0.0007104000542312,0.0004232460923958,0.0013974625617265,0.0004053285811096,276.9,,1.81,139.0,-18.16,5.0,ブルームブルーム,morfonica,276.90231292517007,,552,ブルームブルーム,0.0599349290132522,0.0057028057053685,0.2117041498422622,0.0826777964830398,,40,0.175296477525806,fast
184,morfonica,カラフルリバティー,morfonica,675.0,0.32,123.046875,187.49999999999568,218.55,,16.63,False,カラフルリバティー,morfonica,218.83,,E,G#,0.581,True,major,minor,False,True,カラフルリバティー,morfonica,minor,カラフルリバティー,morfonica,218.83,,1.17,3.3343944549560547,-10.970021652191903,0,カラフルリバティー,-11.208829879760742,-12.936426162719728,-9.602031707763672,2.2231695652008057,6.63593053817749,5.927818298339844,7.339474201202393,0.5589369535446167,morfonica,218.8333125,,146,カラフルリバティー,morfonica,218.83,,5.68,146,カラフルリバティー,5.5388,4.5964,6.4338,0.7028,morfonica,1.069182515144348,0.3617,0.9352939128875732,,218.83,,カラフルリバティー,6.827602919656783e-05,1.924251137097599e-06,0.0033590297680348,0.0131957400590181,morfonica,218.83,,6.46,146,カラフルリバティー,morfonica,218.83,,0.815873,146.0,カラフルリバティー,0.9965866804122924,0.6550713181495667,0.9999735355377196,0.1716137528419494,morfonica,0.0007005885709077,0.0003366339660715,0.0012672137236222,0.0003698978107422,218.83,,1.4,110.0,-19.64,5.0,カラフルリバティー,morfonica,218.8333333333333,,436,カラフルリバティー,0.0600046887993812,0.0103469742462039,0.2326397001743316,0.0930442363023758,,43,0.1961309603711042,fast
185,morfonica,fly with the night,morfonica,684.0,0.35,129.19921875,171.4285714285707,240.48,,18.13,False,fly with the night,morfonica,240.67,,A,A,0.538,False,major,major,False,False,fly with the night,morfonica,major,fly with the night,morfonica,240.67,,1.39,4.806859970092773,-11.59995073584946,0,fly with the night,-12.361221313476562,-14.397043228149414,-9.59018325805664,2.1590416431427,6.183224201202393,5.2345499992370605,6.664844989776611,0.5899546146392822,morfonica,240.6689375,,160,fly with the night,morfonica,240.67,,6.76,160,fly with the night,5.2365,4.3398,6.1584,0.7395,morfonica,1.0565496683120728,0.3116,0.946476936340332,,240.67,,fly with the night,0.0017687792424112,3.913276486855466e-06,0.1895572990179062,0.1965119391679763,morfonica,240.67,,6.69,160,fly with the night,morfonica,240.67,,0.695461,160.0,fly with the night,0.99519145488739,0.6851379871368408,0.9999710321426392,0.1907383948564529,morfonica,0.0007642729324288,0.0003991292032878,0.0020399976056069,0.001562587567605,240.67,,1.56,121.0,-20.37,5.0,fly with the night,morfonica,240.6689795918368,,480,fly with the night,0.0402613505721092,0.0039455741643905,0.1898024231195449,0.0798475593328476,,17,0.087672280185649,fast
186,morfonica,金色へのプレリュード,morfonica,792.0,0.34,184.5703125,176.47058823529235,270.97,,21.02,False,金色へのプレリュード,morfonica,271.23,,C,B,0.421,True,major,minor,False,True,金色へのプレリュード,morfonica,minor,金色へのプレリュード,morfonica,271.23,,1.53,3.668401718139648,-10.818927039997948,0,金色へのプレリュード,-10.684136390686035,-13.334198951721191,-9.665797233581545,4.754610061645508,6.675933837890625,5.807157516479492,7.279406547546387,0.6502785682678223,morfonica,271.2333125,,181,金色へのプレリュード,morfonica,271.23,,6.77,181,金色へのプレリュード,5.6784,4.6662,6.5346,0.7528,morfonica,1.1123548746109009,0.541,0.8989936709403992,,271.23,,金色へのプレリュード,1.2814783985959366e-05,4.794404162566934e-07,0.0022183877881616,0.0180538203567266,morfonica,271.23,,6.95,181,金色へのプレリュード,morfonica,271.23,,0.796257,181.0,金色へのプレリュード,0.9983311295509338,0.8532810211181641,0.9999237060546876,0.1662825644016266,morfonica,0.0007551783346571,0.0003477724967524,0.0014398547355085,0.0005282997153699,271.23,,1.77,136.0,-19.73,5.0,金色へのプレリュード,morfonica,271.2333333333333,,541,金色へのプレリュード,0.05651131644845,0.0064373598434031,0.2097330242395401,0.0841647386550903,,28,0.0157060317521764,fast
187,morfonica,The Circle Of Butterflies,morfonica,751.0,0.34,123.046875,176.47058823529235,258.46,,20.42,False,The Circle Of Butterflies,morfonica,258.77,,B,B,0.793,False,major,major,False,False,The Circle Of Butterflies,morfonica,major,The Circle Of Butterflies,morfonica,258.77,,1.54,3.7368106842041016,-11.0363534700011,0,The Circle Of Butterflies,-11.130742073059082,-13.50220775604248,-9.76539707183838,5.0301384925842285,6.52780818939209,5.671247959136963,7.12736177444458,0.8053475022315979,morfonica,258.766625,,172,The Circle Of Butterflies,morfonica,258.77,,7.22,172,The Circle Of Butterflies,5.8698,5.1479,6.5426,0.6078,morfonica,1.0491360425949097,0.2796,0.9531652331352234,,258.77,,The Circle Of Butterflies,0.0167970620095729,0.0001754730765242,0.2927194535732269,0.1914689540863037,morfonica,258.77,,7.59,172,The Circle Of Butterflies,morfonica,258.77,,0.690306,172.0,The Circle Of Butterflies,0.9971044659614564,0.8039827346801758,0.9999710321426392,0.1193599551916122,morfonica,0.0010895100422203,0.0005672420957125,0.0022095555905252,0.0012764740968123,258.77,,1.69,130.0,-19.5,5.0,The Circle Of Butterflies,morfonica,258.76666666666665,,516,The Circle Of Butterflies,0.0589323192834854,0.0089012626558542,0.2022722661495208,0.0791263356804847,,16,0.2020352793672485,fast
188,morfonica,ハーモニー・デイ,morfonica,666.0,0.33,172.265625,181.81818181818275,218.88,,17.09,False,ハーモニー・デイ,morfonica,219.17,,Eb,D#,0.698,True,major,major,False,False,ハーモニー・デイ,morfonica,major,ハーモニー・デイ,morfonica,219.17,,1.27,4.007015228271484,-11.992195668195231,0,ハーモニー・デイ,-11.825651168823242,-14.821778297424316,-10.814763069152832,2.424281597137451,6.312168121337891,5.620075702667236,6.954233169555664,0.6036164164543152,morfonica,219.166625,,146,ハーモニー・デイ,morfonica,219.17,,5.56,146,ハーモニー・デイ,5.5013,4.6001,6.4352,0.7946,morfonica,1.0260722637176514,0.196,0.9745901823043824,,219.17,,ハーモニー・デイ,7.373788685072213e-05,1.5323475963668898e-06,0.0839165821671485,0.1450736075639724,morfonica,219.17,,6.37,146,ハーモニー・デイ,morfonica,219.17,,0.797672,146.0,ハーモニー・デイ,0.9983490109443665,0.8727627992630005,0.9999898076057434,0.1397218555212021,morfonica,0.0007687416509725,0.000389867083868,0.0015136318979784,0.000468690006528,219.17,,1.35,110.0,-20.52,5.0,ハーモニー・デイ,morfonica,219.16666666666663,,437,ハーモニー・デイ,0.0492422431707382,0.0048221806064248,0.179636001586914,0.079230323433876,,35,0.1438174768234337,fast
189,morfonica,Sweet Cheers!,morfonica,410.0,0.55,143.5546875,109.09090909091248,223.75,,17.24,False,Sweet Cheers!,morfonica,224.33,,G,G,0.525,False,major,major,False,True,Sweet Cheers!,morfonica,major,Sweet Cheers!,morfonica,224.33,,1.38,2.8597307205200195,-11.552469700447745,0,Sweet Cheers!,-11.40426254272461,-13.385653495788574,-10.525922775268556,1.8861963748931885,6.292227268218994,5.17585563659668,6.874568462371826,0.6745094656944275,morfonica,224.3333125,,149,Sweet Cheers!,morfonica,224.33,,6.2,149,Sweet Cheers!,5.6904,4.7545,7.0337,0.8541,morfonica,1.1675708293914795,0.7568,0.8564791679382324,,224.33,,Sweet Cheers!,0.0024636983871459,0.0001071008373401,0.0532759800553321,0.1794246733188629,morfonica,224.33,,6.9,149,Sweet Cheers!,morfonica,224.33,,0.854994,149.0,Sweet Cheers!,0.9991464614868164,0.5502675771713257,0.9999824166297911,0.2156167924404144,morfonica,0.0007698507979512,0.0003598125185817,0.0012761052930727,0.0003968525852542,224.33,,1.3,113.0,-19.36,5.0,Sweet Cheers!,morfonica,224.3333333333333,,447,Sweet Cheers!,0.0746567323803901,0.0115152718499302,0.2481872737407684,0.0971091836690902,,31,0.0402971693355926,medium
190,morfonica,"寄る辺のSunny, Sunny",morfonica,662.0,0.33,172.265625,181.8181818181906,215.73,,16.64,False,"寄る辺のSunny, Sunny",morfonica,215.97,,F,A,0.535,True,major,minor,False,True,"寄る辺のSunny, Sunny",morfonica,minor,"寄る辺のSunny, Sunny",morfonica,215.97,,1.35,2.780817985534668,-11.041676140758652,0,"寄る辺のSunny, Sunny",-11.093178749084473,-12.686812400817873,-9.905994415283203,1.7941765785217283,6.528846263885498,5.786349773406982,7.093868732452393,0.5647579431533813,morfonica,215.9689375,,144,"寄る辺のSunny, Sunny",morfonica,215.97,,6.0,144,"寄る辺のSunny, Sunny",5.7268,4.6776,6.7731,0.7685,morfonica,1.124919295310974,0.6018,0.8889527320861816,,215.97,,"寄る辺のSunny, Sunny",0.0005274798022583,1.7761278741090791e-06,0.0399937443435192,0.1099777072668075,morfonica,215.97,,6.65,144,"寄る辺のSunny, Sunny",morfonica,215.97,,0.829937,144.0,"寄る辺のSunny, Sunny",0.9995523691177368,0.8247105479240417,0.9999938011169434,0.148992046713829,morfonica,0.0008554070955142,0.0003849255735985,0.0014809357235208,0.0004952978924848,215.97,,1.02,108.0,-19.01,5.0,"寄る辺のSunny, Sunny",morfonica,215.9689795918368,,430,"寄る辺のSunny, Sunny",0.0602362677454948,0.0118650933727622,0.1944329142570495,0.076659470796585,,17,0.0975139950641064,fast
191,morfonica,誓いのWingbeat,morfonica,851.0,0.29,80.74951171875,206.89655172413347,254.71,,19.96,False,誓いのWingbeat,morfonica,255.0,,A,A,0.97,False,minor,minor,False,False,誓いのWingbeat,morfonica,minor,誓いのWingbeat,morfonica,255.0,,1.59,3.827543258666992,-10.423983707062508,0,誓いのWingbeat,-10.642337799072266,-12.631057739257812,-8.80351448059082,3.773951768875122,6.444193840026856,5.57512903213501,7.221677780151367,0.6907381415367126,morfonica,255.0,,170,誓いのWingbeat,morfonica,255.0,,6.46,170,誓いのWingbeat,5.4536,4.4687,6.4786,0.7674,morfonica,1.1065940856933594,0.5167,0.9036737084388732,,255.0,,誓いのWingbeat,5.313075962476432e-05,9.767729807208525e-07,0.0085081551223993,0.0717086568474769,morfonica,255.0,,7.18,170,誓いのWingbeat,morfonica,255.0,,0.833124,170.0,誓いのWingbeat,0.996928095817566,0.4484579563140869,0.9999876022338868,0.2618822455406189,morfonica,0.0008363041561096,0.0004373567644506,0.0018326247809454,0.00078003766248,255.0,,1.2,128.0,-18.7,5.0,誓いのWingbeat,morfonica,255.0,,509,誓いのWingbeat,0.0699281468987464,0.0101682730019092,0.2483899146318435,0.0948517471551895,,44,0.2163921568627452,fast
192,morfonica,Ever Sky Blue,morfonica,648.0,0.31,129.19921875,193.5483870967728,240.93,,18.52,False,Ever Sky Blue,morfonica,241.13,,Ab,A#,0.443,True,minor,minor,False,True,Ever Sky Blue,morfonica,minor,Ever Sky Blue,morfonica,241.13,,1.44,6.750555992126465,-11.506011457292823,0,Ever Sky Blue,-11.2472562789917,-16.691455841064453,-9.940899848937988,3.9174513816833496,6.226849555969238,4.930239677429199,6.758813858032227,0.7369689345359802,morfonica,241.1333125,,161,Ever Sky Blue,morfonica,241.13,,5.79,161,Ever Sky Blue,5.071,4.2881,5.9056,0.6523,morfonica,1.0946754217147827,0.4666,0.9135128259658812,,241.13,,Ever Sky Blue,9.82308338279836e-05,3.593559995351825e-06,0.495923101902008,0.2611453235149383,morfonica,241.13,,6.66,161,Ever Sky Blue,morfonica,241.13,,0.775439,161.0,Ever Sky Blue,0.996351957321167,0.612970769405365,0.9999303817749025,0.2064611464738845,morfonica,0.0011064269347116,0.0005258282762952,0.002215186599642,0.0011638809228315,241.13,,1.5,121.0,-22.18,5.0,Ever Sky Blue,morfonica,241.13333333333333,,481,Ever Sky Blue,0.0529870726168155,0.0092976056039333,0.1698930114507675,0.0694637969136238,,15,0.2574508816956591,fast
193,morfonica,Polyphonyscape,morfonica,637.0,0.39,161.4990234375,153.8461538461536,250.98,,19.24,False,Polyphonyscape,morfonica,251.43,,F#,F#,0.787,False,major,major,False,False,Polyphonyscape,morfonica,major,Polyphonyscape,morfonica,251.43,,1.58,7.448657989501953,-10.360640215351427,0,Polyphonyscape,-10.296128273010254,-16.39764404296875,-8.948986053466797,6.4664306640625,6.705483913421631,5.250465393066406,7.561973571777344,0.867499053478241,morfonica,251.4256875,,167,Polyphonyscape,morfonica,251.43,,5.83,167,Polyphonyscape,6.3904,5.1225,7.2049,0.789,morfonica,1.0586004257202148,0.3146,0.9446436166763306,,251.43,,Polyphonyscape,1.2526293176051697e-05,2.836438284248288e-07,0.1607730388641357,0.1816080063581466,morfonica,251.43,,6.5,167,Polyphonyscape,morfonica,251.43,,0.647811,167.0,Polyphonyscape,0.9998207688331604,0.8545551896095276,0.9999967217445374,0.1922003924846649,morfonica,0.0009609548724256,0.0004630636540241,0.0017906217835843,0.0018643962685018,251.43,,1.46,126.0,-22.09,5.0,Polyphonyscape,morfonica,251.4257142857143,,501,Polyphonyscape,0.0553725361824035,0.0076952874660491,0.2032164186239242,0.0830440670251846,,28,0.0886941771079533,medium
194,morfonica,Wreath of Brave,morfonica,592.0,0.44,129.19921875,136.36363636363265,262.9,,20.09,False,Wreath of Brave,morfonica,263.23,,B,B,0.549,False,major,major,False,False,Wreath of Brave,morfonica,major,Wreath of Brave,morfonica,263.23,,1.56,4.594438552856445,-10.70489942259541,0,Wreath of Brave,-10.606219291687012,-13.797769546508787,-9.203330993652344,4.223927021026611,6.619060039520264,5.867482662200928,7.216792583465576,0.5683823227882385,morfonica,263.2333125,,175,Wreath of Brave,morfonica,263.23,,7.02,175,Wreath of Brave,5.8602,4.934,6.7256,0.6871,morfonica,0.9779319167137146,0.0881,1.0225661993026731,,263.23,,Wreath of Brave,0.0002759021008387,1.2174778930784669e-05,0.019109034910798,0.1480341851711273,morfonica,263.23,,7.6,175,Wreath of Brave,morfonica,263.23,,0.751066,175.0,Wreath of Brave,0.999414086341858,0.9216004610061646,0.9999902248382568,0.0923195853829383,morfonica,0.0012334671337157,0.0005955935921519,0.0023715132847428,0.000882469525095,263.23,,1.58,132.0,-18.96,5.0,Wreath of Brave,morfonica,263.2333333333333,,525,Wreath of Brave,0.0729041844606399,0.0096616521477699,0.2403303533792495,0.0923919230699539,,30,0.3180447768068922,medium
195,morfonica,Merry Merry Thanks!!,morfonica,614.0,0.41,107.666015625,146.34146341463028,257.26,,19.15,False,Merry Merry Thanks!!,morfonica,257.73,,E,B,0.445,True,major,major,False,False,Merry Merry Thanks!!,morfonica,major,Merry Merry Thanks!!,morfonica,257.73,,1.46,4.914472579956055,-10.754438030387362,0,Merry Merry Thanks!!,-10.666902542114258,-14.614230155944824,-9.69975757598877,5.219670295715332,6.635531902313232,5.0350422859191895,7.261931419372559,0.8628917932510376,morfonica,257.7333125,,172,Merry Merry Thanks!!,morfonica,257.73,,6.67,172,Merry Merry Thanks!!,5.8133,4.7839,6.3647,0.6354,morfonica,1.116972804069519,0.5638,0.8952770233154297,,257.73,,Merry Merry Thanks!!,0.000109811022412,4.748443132029934e-07,0.6511930227279663,0.2798291742801666,morfonica,257.73,,7.14,172,Merry Merry Thanks!!,morfonica,257.73,,0.770949,172.0,Merry Merry Thanks!!,0.997329592704773,0.7819421291351318,0.9999489188194276,0.2074590921401977,morfonica,0.0008899929816834,0.0004397561133373,0.0018883505836129,0.0008247124496847,257.73,,1.63,129.0,-20.07,5.0,Merry Merry Thanks!!,morfonica,257.7333333333333,,514,Merry Merry Thanks!!,0.0464185550808906,0.0078938705846667,0.1905951499938964,0.0828756690025329,,25,0.2818416512801261,medium
196,morfonica,Sonorous,morfonica,688.0,0.45,129.19921875,133.33333333332828,312.79,,23.37,False,Sonorous,morfonica,313.27,,G,G,0.733,False,major,major,False,False,Sonorous,morfonica,major,Sonorous,morfonica,313.27,,2.1,4.218987464904785,-12.549165454365012,0,Sonorous,-12.831587791442873,-15.008392333984377,-10.78940486907959,2.434720277786255,6.412883758544922,5.421595096588135,6.9442877769470215,0.7254992127418518,morfonica,313.266625,,209,Sonorous,morfonica,313.27,,7.82,209,Sonorous,5.7851,4.7455,6.5012,0.6557,morfonica,1.0899208784103394,0.4529,0.9174978137016296,,313.27,,Sonorous,0.0039293426088988,8.924187568482012e-05,0.1848713308572769,0.2313311249017715,morfonica,313.27,,8.69,209,Sonorous,morfonica,313.27,,0.813873,209.0,Sonorous,0.999032974243164,0.8289108276367188,0.9999910593032836,0.1536107808351516,morfonica,0.0009373698267154,0.0004949568537995,0.0024986781645566,0.0010206066071987,313.27,,2.03,157.0,-20.18,5.0,Sonorous,morfonica,313.26666666666665,,625,Sonorous,0.0814312398433685,0.007279944140464,0.2749387621879577,0.1085377633571624,,42,0.0983187846936326,medium
197,morfonica,両翼のBrilliance,morfonica,688.0,0.35,86.1328125,171.4285714285742,239.61,,18.14,False,両翼のBrilliance,morfonica,239.8,,D,A,0.983,True,minor,minor,False,False,両翼のBrilliance,morfonica,minor,両翼のBrilliance,morfonica,239.8,,1.42,2.7838029861450195,-9.957184543054872,0,両翼のBrilliance,-9.81230354309082,-11.776838302612305,-8.993035316467285,1.3377047777175903,6.656067848205566,5.969594478607178,7.198412895202637,0.5010077953338623,morfonica,239.8,,160,両翼のBrilliance,morfonica,239.8,,6.41,160,両翼のBrilliance,4.9049,4.1321,5.8902,0.6525,morfonica,1.086806058883667,0.4422,0.9201274514198304,,239.8,,両翼のBrilliance,1.6524563761777245e-05,6.316461735877965e-07,0.0022628381848335,0.0407523103058338,morfonica,239.8,,7.32,160,両翼のBrilliance,morfonica,239.8,,0.883514,160.0,両翼のBrilliance,0.9990415573120116,0.8915851712226868,0.9999231696128844,0.1464001834392547,morfonica,0.0009770679753273,0.0004138037911616,0.0018100761808454,0.000758460140787,239.8,,1.58,120.0,-17.47,5.0,両翼のBrilliance,morfonica,239.8,,478,両翼のBrilliance,0.0587459057569503,0.0106923831626772,0.1911995708942413,0.0763725936412811,,30,0.1117597998331943,fast
198,morfonica,Steer to Utopia,morfonica,703.0,0.31,112.34714673913044,193.5483870967728,216.26,,16.4,False,Steer to Utopia,morfonica,216.27,,B,G#,0.608,False,major,minor,False,True,Steer to Utopia,morfonica,minor,Steer to Utopia,morfonica,216.27,,1.33,2.9429845809936523,-9.041855506417052,0,Steer to Utopia,-9.017258644104004,-10.79840087890625,-7.855416297912598,5.258843898773193,7.063798427581787,6.436316013336182,7.637209892272949,0.6806415915489197,morfonica,216.266625,,144,Steer to Utopia,morfonica,216.27,,6.18,144,Steer to Utopia,5.3522,4.5898,5.9923,0.5785,morfonica,1.0326476097106934,0.2234,0.9683844447135924,,216.27,,Steer to Utopia,8.938728569773957e-06,5.721395268665219e-07,0.0001426452799933,0.0919011682271957,morfonica,216.27,,6.7,144,Steer to Utopia,morfonica,216.27,,0.791203,144.0,Steer to Utopia,0.9992462396621704,0.7282553315162659,0.9999598860740662,0.2004642635583877,morfonica,,,,,,,1.39,,-16.84,5.0,Steer to Utopia,morfonica,216.26666666666668,,431,Steer to Utopia,0.0596138015389442,0.0064678583294153,0.2198934555053711,0.088853009045124,,32,0.231380988808089,fast
199,morfonica,Fateful...,morfonica,631.0,0.45,129.19921875,133.33333333332828,286.83,,21.88,False,Fateful...,morfonica,286.83,,B,G,0.496,True,minor,major,False,True,Fateful...,morfonica,major,Fateful...,morfonica,286.83,,2.07,4.368697166442871,-11.277311324046115,0,Fateful...,-11.195448875427246,-14.06338882446289,-9.69469165802002,2.884617805480957,6.418974876403809,5.700152397155762,6.9151692390441895,0.5272564888000488,morfonica,286.8333125,,191,Fateful...,morfonica,286.83,,7.23,191,Fateful...,5.4844,4.5625,6.4178,0.7297,morfonica,1.0277295112609863,0.2021,0.9730184078216552,,286.83,,Fateful...,0.0002457159571349,4.836510470340727e-06,0.0648978948593139,0.1241884157061576,morfonica,286.83,,7.89,191,Fateful...,morfonica,286.83,,0.847889,191.0,Fateful...,0.995694637298584,0.8183913826942444,0.999935269355774,0.1341959983110427,morfonica,0.0007538592908531,0.0004293282981961,0.0015672458102926,0.0007566002896055,286.83,,1.83,144.0,-19.47,5.0,Fateful...,morfonica,286.8333333333333,,572,Fateful...,0.0577482432126998,0.0071163042448461,0.2342794686555862,0.0908950567245483,,58,0.1214642473178025,medium
200,morfonica,ティリカモニカリラ,morfonica,471.0,0.43,103.359375,139.53488372093034,203.62,,15.2,False,ティリカモニカリラ,morfonica,204.07,,B,B,0.625,False,minor,minor,False,False,ティリカモニカリラ,morfonica,minor,ティリカモニカリラ,morfonica,204.07,,1.25,4.678338050842285,-10.35718713117386,0,ティリカモニカリラ,-10.537361145019531,-13.683876991271973,-9.005538940429688,6.618842124938965,6.473453998565674,5.461175441741943,7.546869277954102,0.986794650554657,morfonica,204.066625,,136,ティリカモニカリラ,morfonica,204.07,,5.01,136,ティリカモニカリラ,5.4167,4.6957,6.5316,0.7624,morfonica,0.9151759743690492,0.0167,1.0926860570907593,,204.07,,ティリカモニカリラ,0.0004032404976896,3.050031182283419e-06,0.4122675061225891,0.2333203703165054,morfonica,204.07,,4.51,136,ティリカモニカリラ,morfonica,204.07,,0.761341,136.0,ティリカモニカリラ,0.9992414712905884,0.8228234052658081,0.999992847442627,0.1552212536334991,morfonica,,,,,,,1.31,,-20.11,5.0,ティリカモニカリラ,morfonica,204.06666666666663,,407,ティリカモニカリラ,0.0660050362348556,0.0091408109292387,0.208458736538887,0.082441359758377,,20,0.1150604260188228,medium
201,morfonica,Secret Dawn,morfonica,512.0,0.46,161.4990234375,130.4347826086954,238.15,,18.23,False,Secret Dawn,morfonica,238.44,,Bb,A#,0.418,True,major,major,False,False,Secret Dawn,morfonica,major,Secret Dawn,morfonica,238.44,,1.32,5.6986494064331055,-11.703442763475817,0,Secret Dawn,-11.321949005126951,-15.99394989013672,-10.295300483703612,3.0708937644958496,6.465451240539551,4.672024726867676,7.192861557006836,0.917589545249939,morfonica,238.435625,,159,Secret Dawn,morfonica,238.44,,6.52,159,Secret Dawn,5.5314,4.2008,6.4862,0.8288,morfonica,1.0651248693466189,0.3435,0.9388571381568908,,238.44,,Secret Dawn,0.0005013378686271,7.195249963842798e-06,0.3908972144126892,0.2465244382619857,morfonica,238.44,,6.39,159,Secret Dawn,morfonica,238.44,,0.841401,159.0,Secret Dawn,0.9974441528320312,0.7208746075630188,0.9999425411224364,0.2134103178977966,morfonica,0.0007308237254619,0.0004360267193987,0.0015458532143384,0.0006160882767289,238.44,,1.52,120.0,-22.44,5.0,Secret Dawn,morfonica,238.4356462585034,,475,Secret Dawn,0.0668767243623733,0.005874840542674,0.2514319121837616,0.0986055731773376,,41,0.0829574020241312,medium
202,morfonica,Angel's Ladder,morfonica,836.0,0.3,99.38401442307692,199.9999999999924,253.17,,19.13,False,Angel's Ladder,morfonica,253.4,,Bb,A#,0.545,True,major,major,False,True,Angel's Ladder,morfonica,major,Angel's Ladder,morfonica,253.4,,1.3,2.5645694732666016,-10.041820609758238,0,Angel's Ladder,-10.056702613830566,-11.46523666381836,-8.900667190551758,1.0571746826171875,6.566720008850098,5.976013660430908,7.20836067199707,0.463054358959198,morfonica,253.4,,169,Angel's Ladder,morfonica,253.4,,6.81,169,Angel's Ladder,5.5544,4.1436,6.3798,0.8413,morfonica,1.2190810441970823,0.8769,0.8202900290489197,,253.4,,Angel's Ladder,1.9225737560191192e-05,2.271037260470621e-07,0.0016455814475193,0.0058369077742099,morfonica,253.4,,6.56,169,Angel's Ladder,morfonica,253.4,,0.836423,169.0,Angel's Ladder,0.9993951320648192,0.7193154096603394,0.9999873042106628,0.1395679116249084,morfonica,0.0008155643008649,0.0004152589535806,0.0017336610471829,0.0007719781133346,253.4,,1.63,127.0,-17.27,5.0,Angel's Ladder,morfonica,253.4,,505,Angel's Ladder,0.0647595673799514,0.0124284503981471,0.2678746283054352,0.1009660214185714,,34,0.2295185477505921,fast
203,morfonica,One step at a time,morfonica,711.0,0.34,161.4990234375,176.47058823529235,263.13,,20.21,False,One step at a time,morfonica,263.74,,E,E,0.769,False,major,major,False,False,One step at a time,morfonica,major,One step at a time,morfonica,263.74,,2.39,5.371002197265625,-10.269170017758755,0,One step at a time,-10.48439598083496,-13.841036796569824,-8.4700345993042,3.117591619491577,6.5343828201293945,5.414684772491455,7.17746639251709,0.7212841510772705,morfonica,263.735625,,176,One step at a time,morfonica,263.74,,7.04,176,One step at a time,5.6719,4.7726,6.4854,0.6911,morfonica,1.024401068687439,0.1915,0.976180136203766,,263.74,,One step at a time,0.0004193044151179,1.03059719549492e-05,0.0719344094395637,0.0911546200513839,morfonica,263.74,,6.94,176,One step at a time,morfonica,263.74,,0.821565,176.0,One step at a time,0.9984031319618224,0.7263727188110352,0.999974489212036,0.1843300461769104,morfonica,0.0007353683467954,0.0003824395826086,0.0012215439928695,0.0003901189484167,263.74,,1.68,132.0,-21.72,5.0,One step at a time,morfonica,263.7356462585034,,526,One step at a time,0.047323539853096,0.0076140593737363,0.2029669433832168,0.0884644016623497,,27,0.2067980008389082,fast
204,morfonica,Tempest,morfonica,847.0,0.3,129.19921875,200.0000000000019,251.9,,18.62,False,Tempest,morfonica,252.2,,E,A,0.456,True,minor,minor,False,False,Tempest,morfonica,minor,Tempest,morfonica,252.2,,1.29,3.8552675247192383,-10.820577857633326,0,Tempest,-10.880463600158691,-13.41315746307373,-9.557889938354492,5.124987602233887,6.734606742858887,5.821669101715088,7.368237495422363,0.7232622504234314,morfonica,252.2,,168,Tempest,morfonica,252.2,,6.43,168,Tempest,5.3072,4.2033,6.188,0.8003,morfonica,0.9698547124862672,0.079,1.0310821533203125,,252.2,,Tempest,7.582725629617926e-06,4.664719881475321e-07,0.0029188315384089,0.0937768518924713,morfonica,252.2,,6.87,168,Tempest,morfonica,252.2,,0.841434,168.0,Tempest,0.9963843822479248,0.3102027177810669,0.9999143481254578,0.2794117331504822,morfonica,,,,,,,1.63,,-20.51,5.0,Tempest,morfonica,252.2,,503,Tempest,0.0538601316511631,0.0087640387937426,0.2055505663156509,0.0838526785373687,,23,0.1083267248215701,fast
205,morfonica,フレージング ミラージュ,morfonica,825.0,0.32,112.34714673913044,187.500000000004,263.35,,20.24,False,フレージング ミラージュ,morfonica,263.63,,E,E,0.375,False,minor,minor,False,True,フレージング ミラージュ,morfonica,minor,フレージング ミラージュ,morfonica,263.63,,1.33,5.917736053466797,-10.122715441975902,0,フレージング ミラージュ,-9.881805419921877,-15.138179779052734,-9.220443725585938,5.600011348724365,6.35985803604126,4.7038116455078125,7.034308433532715,0.7970265746116638,morfonica,263.62775,,176,フレージング ミラージュ,morfonica,263.63,,6.76,176,フレージング ミラージュ,4.711,3.9807,5.3901,0.5551,morfonica,0.9631425142288208,0.0684,1.0382682085037231,,263.63,,フレージング ミラージュ,3.220170765416697e-05,7.006796067798859e-07,0.0311473105102777,0.039234559983015,morfonica,263.63,,7.32,176,フレージング ミラージュ,morfonica,263.63,,0.8441,176.0,フレージング ミラージュ,0.9927705526351928,0.1955548226833343,0.9999085068702698,0.3054137825965881,morfonica,0.0007951103616505,0.0004398107703309,0.0013654913054779,0.0004079430946148,263.63,,1.7,132.0,-19.18,5.0,フレージング ミラージュ,morfonica,263.62780045351474,,526,フレージング ミラージュ,0.0591795742511749,0.0084053566679358,0.2024223804473877,0.0874157920479774,,40,0.1472530520655896,fast
206,morfonica,MUGEN Reverberate!,morfonica,722.0,0.32,123.046875,187.500000000004,230.15,,18.12,False,MUGEN Reverberate!,morfonica,230.33,,B,B,0.732,False,minor,minor,False,False,MUGEN Reverberate!,morfonica,minor,MUGEN Reverberate!,morfonica,230.33,,1.07,4.897787094116211,-12.251281152987184,0,MUGEN Reverberate!,-12.03652000427246,-15.786368370056152,-10.88858127593994,1.945967555046081,6.384815692901611,5.749084949493408,6.972333908081055,0.5202862620353699,morfonica,230.3333125,,153,MUGEN Reverberate!,morfonica,230.33,,5.52,153,MUGEN Reverberate!,5.1093,4.4524,6.0181,0.6287,morfonica,1.0512465238571167,0.2888,0.9512516856193542,,230.33,,MUGEN Reverberate!,2.26557967835106e-05,1.4446537761614309e-06,0.0022284951992332,0.067251019179821,morfonica,230.33,,5.8,153,MUGEN Reverberate!,morfonica,230.33,,0.868279,153.0,MUGEN Reverberate!,0.9980180263519288,0.7901157736778259,0.9999589920043944,0.1364236921072006,morfonica,0.000750005012378,0.0004062756488565,0.0013670404441654,0.0004025380767416,230.33,,1.48,116.0,-22.93,5.0,MUGEN Reverberate!,morfonica,230.3333333333333,,459,MUGEN Reverberate!,0.0421535149216651,0.0068215946666896,0.1900851130485534,0.0834953039884567,,43,0.2732561010752349,fast
207,morfonica,わたしまちがいさがし,morfonica,821.0,0.33,117.45383522727272,181.8181818181749,272.78,,21.48,False,わたしまちがいさがし,morfonica,273.01,,A,E,0.447,True,minor,minor,False,False,わたしまちがいさがし,morfonica,minor,わたしまちがいさがし,morfonica,273.01,,1.32,2.0464296340942383,-13.10580318141768,0,わたしまちがいさがし,-13.02475357055664,-14.320703506469728,-12.274273872375488,4.5063300132751465,6.282425880432129,5.504580974578857,6.8998188972473145,0.6277168393135071,morfonica,273.008625,,182,わたしまちがいさがし,morfonica,273.01,,7.72,182,わたしまちがいさがし,5.2778,4.4465,6.3839,0.7394,morfonica,1.041114330291748,0.2553,0.9605093002319336,,273.01,,わたしまちがいさがし,5.278866592561826e-05,1.521655690339685e-06,0.0140601964667439,0.0988423153758049,morfonica,273.01,,7.91,182,わたしまちがいさがし,morfonica,273.01,,0.775075,182.0,わたしまちがいさがし,0.9959976077079772,0.6899412870407104,0.9998996257781982,0.2131930291652679,morfonica,0.0006908558425493,0.0003568663960322,0.0011083879508078,0.0003577359602786,273.01,,1.52,137.0,-20.3,5.0,わたしまちがいさがし,morfonica,273.0086167800454,,545,わたしまちがいさがし,0.0433912351727485,0.005231384653598,0.1837991774082183,0.0785400718450546,,34,0.213985913448705,fast
208,morfonica,esora no clover,morfonica,528.0,0.37,107.666015625,162.16216216216017,193.6,,15.27,False,esora no clover,morfonica,193.87,,D,A,0.561,True,minor,minor,False,False,esora no clover,morfonica,minor,esora no clover,morfonica,193.87,,0.91,7.267658233642578,-11.679128258463654,0,esora no clover,-11.62917137145996,-17.169496536254883,-9.901838302612305,3.823684692382813,5.876579284667969,4.654855728149414,6.525972366333008,0.6591304540634155,morfonica,193.866625,,129,esora no clover,morfonica,193.87,,5.38,129,esora no clover,5.1191,4.3293,6.2663,0.7067,morfonica,1.056320071220398,0.3085,0.9466827511787416,,193.87,,esora no clover,0.0014599541900679,9.000179124996066e-05,0.7176279425621033,0.2982515394687652,morfonica,193.87,,5.48,129,esora no clover,morfonica,193.87,,0.853953,129.0,esora no clover,0.9984596967697144,0.6980043053627014,0.9999979138374328,0.1912350058555603,morfonica,0.0010082762455567,0.0005360272480174,0.0023941020481288,0.0008811256848275,193.87,,0.94,97.0,-22.94,5.0,esora no clover,morfonica,193.86666666666667,,386,esora no clover,0.0518746227025985,0.0075216311961412,0.1803836524486541,0.0793318524956703,,15,0.1313273586520634,fast
209,morfonica,きょうもMerry go rounD,morfonica,532.0,0.45,123.046875,133.3333333333367,237.6,,19.13,False,きょうもMerry go rounD,morfonica,238.04,,F#,F#,0.353,False,minor,minor,False,False,きょうもMerry go rounD,morfonica,minor,きょうもMerry go rounD,morfonica,238.04,,1.31,3.721503257751465,-9.573012927417482,0,きょうもMerry go rounD,-9.314335823059082,-12.263251304626465,-8.541748046875,6.303859233856201,6.283360481262207,5.342740535736084,7.031502723693848,0.6778407096862793,morfonica,238.039375,,158,きょうもMerry go rounD,morfonica,238.04,,6.29,158,きょうもMerry go rounD,5.0593,3.7165,5.9633,0.8852,morfonica,0.993902325630188,0.1201,1.0061349868774414,,238.04,,きょうもMerry go rounD,3.3918581721081864e-06,1.2187006959152312e-08,0.0622871667146682,0.1157237589359283,morfonica,238.04,,6.4,158,きょうもMerry go rounD,morfonica,238.04,,0.721126,158.0,きょうもMerry go rounD,0.999675989151001,0.866235077381134,0.9999985694885254,0.1709177792072296,morfonica,,,,,,,1.23,,-18.21,5.0,きょうもMerry go rounD,morfonica,238.03936507936507,,475,きょうもMerry go rounD,0.0542138405144214,0.004500804003328,0.2009647339582443,0.0863095894455909,,23,0.3439767055345361,medium
210,morfonica,Feathered Dreams,morfonica,661.0,0.34,172.265625,176.47058823529235,226.14,,17.87,False,Feathered Dreams,morfonica,226.37,,A,E,0.337,True,minor,major,False,True,Feathered Dreams,morfonica,major,Feathered Dreams,morfonica,226.37,,1.12,3.1641292572021484,-8.9274137690462,0,Feathered Dreams,-8.697778701782227,-10.907032012939451,-7.742902755737305,4.10162878036499,7.146453857421875,6.5758209228515625,7.608264446258545,0.5474966764450073,morfonica,226.366625,,151,Feathered Dreams,morfonica,226.37,,6.21,151,Feathered Dreams,5.8841,5.0047,6.5268,0.596,morfonica,1.1109737157821655,0.538,0.9001112580299377,,226.37,,Feathered Dreams,6.999327888479456e-05,2.1720752556575462e-06,0.0012232851004227,0.0069384765811264,morfonica,226.37,,6.48,151,Feathered Dreams,morfonica,226.37,,0.800842,151.0,Feathered Dreams,0.9992066025733948,0.9675787687301636,0.9999555349349976,0.1019526496529579,morfonica,0.0006643795641139,0.0003788614994846,0.0011043139966204,0.0003033091197721,226.37,,1.23,114.0,-16.51,5.0,Feathered Dreams,morfonica,226.36666666666667,,451,Feathered Dreams,0.0511769130825996,0.0073674172163009,0.2074284851551056,0.0819671899080276,,36,0.0137829467509436,fast
211,morfonica,Portray Empathy,morfonica,727.0,0.35,172.265625,171.4285714285742,253.29,,20.13,False,Portray Empathy,morfonica,253.3,,G,G,0.454,False,major,major,False,True,Portray Empathy,morfonica,major,Portray Empathy,morfonica,253.3,,1.62,4.08861255645752,-9.124650606320412,0,Portray Empathy,-9.119640350341797,-11.79847240447998,-7.709859848022461,1.7760376930236816,7.091423034667969,6.3038249015808105,7.577201843261719,0.5231355428695679,morfonica,253.3,,169,Portray Empathy,morfonica,253.3,,6.51,169,Portray Empathy,5.9608,5.0376,6.7,0.6937,morfonica,1.1303755044937134,0.6231,0.8846617341041565,,253.3,,Portray Empathy,3.220136204618029e-05,3.725965314060886e-07,0.0043906238861382,0.0070383180864155,morfonica,253.3,,7.41,169,Portray Empathy,morfonica,253.3,,0.796185,169.0,Portray Empathy,0.9994957447052002,0.9641514420509338,0.9999923706054688,0.0553879253566265,morfonica,0.0008222653996199,0.0003280311066191,0.0016974569298326,0.0007294196402654,253.3,,1.24,127.0,-17.9,5.0,Portray Empathy,morfonica,253.3,,505,Portray Empathy,0.0719242170453071,0.0117134097963571,0.2455441653728485,0.0936833992600441,,29,0.0508487958941966,fast
212,morfonica,ビューティ・フォー,morfonica,623.0,0.3,95.703125,199.9999999999924,189.03,,14.49,False,ビューティ・フォー,morfonica,189.33,,D,B,0.649,False,major,minor,False,False,ビューティ・フォー,morfonica,minor,ビューティ・フォー,morfonica,189.33,,0.92,3.036576271057129,-9.838441045715946,0,ビューティ・フォー,-9.711750030517578,-11.80183219909668,-8.76525592803955,2.318886995315552,7.218814849853516,6.155970573425293,7.837458610534668,0.7402213215827942,morfonica,189.3333125,,126,ビューティ・フォー,morfonica,189.33,,4.86,126,ビューティ・フォー,6.0527,4.9089,6.851,0.7604,morfonica,1.0377129316329956,0.2432,0.9636576771736144,,189.33,,ビューティ・フォー,0.0001188105234177,1.931224687723443e-06,0.0104823037981987,0.1124769449234008,morfonica,189.33,,4.57,126,ビューティ・フォー,morfonica,189.33,,0.730496,126.0,ビューティ・フォー,0.9999441504478456,0.8629352450370789,0.9999988675117492,0.1626720875501632,morfonica,0.0007879913900978,0.000338986137649,0.0015069205546751,0.0004774047993123,189.33,,0.98,95.0,-18.45,5.0,ビューティ・フォー,morfonica,189.3333333333333,,377,ビューティ・フォー,0.0581124685704708,0.0079108644276857,0.1961766183376312,0.0875745490193367,,15,0.1122887076829428,fast
213,morfonica,胡蝶翔る星月夜,morfonica,340.0,0.6,129.19921875,100.00000000000006,204.03,,16.42,False,胡蝶翔る星月夜,morfonica,204.67,,A,A,0.862,False,major,major,False,False,胡蝶翔る星月夜,morfonica,major,胡蝶翔る星月夜,morfonica,204.67,,1.04,2.392542839050293,-11.161005361557828,0,胡蝶翔る星月夜,-11.146327018737791,-12.612557411193848,-10.220014572143556,4.997445106506348,7.004413604736328,6.282329082489014,7.604907989501953,0.5784158706665039,morfonica,204.666625,,136,胡蝶翔る星月夜,morfonica,204.67,,5.01,136,胡蝶翔る星月夜,5.6457,4.719,6.4383,0.6547,morfonica,1.1606756448745728,0.7325,0.8615672588348389,,204.67,,胡蝶翔る星月夜,3.296099748695269e-05,1.272026395326975e-07,0.0019175126217305,0.0110340267419815,morfonica,204.67,,4.89,136,胡蝶翔る星月夜,morfonica,204.67,,0.857342,136.0,胡蝶翔る星月夜,0.9871564507484436,0.1741598844528198,0.9997397661209106,0.3542352616786957,morfonica,0.0009237099438905,0.0003688631113618,0.001621926901862,0.0005692171980626,204.67,,0.96,103.0,-17.91,5.0,胡蝶翔る星月夜,morfonica,204.66666666666663,,408,胡蝶翔る星月夜,0.0815089792013168,0.0101832933723926,0.2658115029335022,0.102752685546875,,21,0.1131595976018324,medium
214,morfonica,Color of Us,morfonica,756.0,0.31,123.046875,193.5483870967728,233.45,,18.42,False,Color of Us,morfonica,233.73,,Ab,G#,0.522,True,major,major,False,True,Color of Us,morfonica,major,Color of Us,morfonica,233.73,,1.21,4.56032657623291,-10.500771220092489,0,Color of Us,-10.238826751708984,-13.742521286010742,-9.182194709777832,4.976472854614258,6.786381721496582,5.598182201385498,7.430891990661621,0.7681582570075989,morfonica,233.7333125,,156,Color of Us,morfonica,233.73,,6.46,156,Color of Us,5.6415,4.8469,6.3144,0.5833,morfonica,1.0584317445755005,0.3131,0.9447939991950988,,233.73,,Color of Us,0.0001541418023407,2.071786639135098e-06,0.0286480821669101,0.0713749676942825,morfonica,233.73,,6.5,156,Color of Us,morfonica,233.73,,0.809355,156.0,Color of Us,0.9984787106513976,0.9189372062683104,0.999960958957672,0.111229233443737,morfonica,0.0007822625921107,0.0004101403756067,0.0015158822061493,0.0004310497897677,233.73,,1.06,117.0,-20.19,5.0,Color of Us,morfonica,233.7333333333333,,466,Color of Us,0.070495456457138,0.0067227007821202,0.2200574874877929,0.0864806026220321,,27,0.127923536807698,fast
215,morfonica,Resonant Strings,morfonica,781.0,0.31,161.4990234375,193.5483870967728,240.1,,18.8,False,Resonant Strings,morfonica,240.38,,A,A,0.887,False,minor,minor,False,False,Resonant Strings,morfonica,minor,Resonant Strings,morfonica,240.38,,1.19,1.4333276748657229,-10.209085913262538,0,Resonant Strings,-10.18263816833496,-11.028355598449709,-9.595027923583984,4.184271335601807,6.953351974487305,6.374655246734619,7.664372444152832,0.6030738353729248,morfonica,240.384125,,160,Resonant Strings,morfonica,240.38,,6.43,160,Resonant Strings,5.3615,4.4257,6.1125,0.6539,morfonica,1.1188926696777344,0.5729,0.893740713596344,,240.38,,Resonant Strings,3.3943062589969486e-05,9.535398248772253e-08,0.0016211190959438,0.0358031541109085,morfonica,240.38,,6.13,160,Resonant Strings,morfonica,240.38,,0.820112,160.0,Resonant Strings,0.9989290237426758,0.259685754776001,0.999994933605194,0.2883926033973694,morfonica,0.0008434113115072,0.0004003282811027,0.0015964274061843,0.0014127998147159,240.38,,1.14,121.0,-16.85,5.0,Resonant Strings,morfonica,240.3841723356009,,479,Resonant Strings,0.0392933525145053,0.0091172652319073,0.1497318744659423,0.0689326375722885,,16,0.212409978089761,fast
216,morfonica,Shining Leaves,morfonica,673.0,0.32,184.5703125,187.49999999999568,217.94,,17.2,False,Shining Leaves,morfonica,217.97,,D,A,0.455,True,major,major,False,True,Shining Leaves,morfonica,major,Shining Leaves,morfonica,217.97,,1.1,2.435640335083008,-9.800930802613152,0,Shining Leaves,-9.675614356994627,-11.386083602905272,-8.950443267822266,4.066087245941162,6.8819756507873535,6.147122383117676,7.325262069702148,0.5802309513092041,morfonica,217.9666875,,145,Shining Leaves,morfonica,217.97,,6.11,145,Shining Leaves,5.0993,4.1512,5.9725,0.7265,morfonica,1.0390669107437134,0.2477,0.9624019265174866,,217.97,,Shining Leaves,2.962702274089679e-05,5.669513711836771e-07,0.0035650278441607,0.0324489288032054,morfonica,217.97,,5.81,145,Shining Leaves,morfonica,217.97,,0.830011,145.0,Shining Leaves,0.9990960359573364,0.8645680546760559,0.9999900460243224,0.1151844263076782,morfonica,0.0006674253963865,0.0003735252830665,0.0012232911540195,0.0008460174431093,217.97,,0.98,109.0,-16.44,5.0,Shining Leaves,morfonica,217.96671201814056,,434,Shining Leaves,0.0539512783288955,0.0085160043090581,0.2151309102773666,0.0894416123628616,,25,0.1906712835788029,fast
217,morfonica,音がえしのセレナーデ,morfonica,823.0,0.33,86.1328125,181.8181818181906,301.47,,23.79,False,音がえしのセレナーデ,morfonica,301.77,,G,D,0.403,True,major,major,False,False,音がえしのセレナーデ,morfonica,major,音がえしのセレナーデ,morfonica,301.77,,1.6,6.496406555175781,-10.16894622333947,0,音がえしのセレナーデ,-9.885886192321776,-15.211135864257812,-8.714729309082031,4.667909622192383,6.639158248901367,5.721091270446777,7.241533756256103,0.7387898564338684,morfonica,301.766625,,201,音がえしのセレナーデ,morfonica,301.77,,6.98,201,音がえしのセレナーデ,5.8675,4.8546,6.7466,0.7039,morfonica,0.9900950193405152,0.114,1.010003924369812,,301.77,,音がえしのセレナーデ,0.0004944568499922,8.362675544049125e-06,0.0982072204351425,0.1554216295480728,morfonica,301.77,,7.36,201,音がえしのセレナーデ,morfonica,301.77,,0.826455,201.0,音がえしのセレナーデ,0.9990697503089904,0.9108821749687196,0.9999731779098512,0.1029208675026893,morfonica,0.0009539933525957,0.000539765402209,0.0019984480459243,0.0011682891054078,301.77,,1.39,151.0,-21.31,5.0,音がえしのセレナーデ,morfonica,301.76666666666665,,602,音がえしのセレナーデ,0.060520976781845,0.0085130725055933,0.2097694277763366,0.0788602009415626,,25,0.0432784682371542,fast
218,morfonica,蒼穹へのトレイル,morfonica,701.0,0.31,92.28515625,193.5483870967728,218.91,,17.24,False,蒼穹へのトレイル,morfonica,219.17,,G,G,0.523,False,minor,minor,False,True,蒼穹へのトレイル,morfonica,minor,蒼穹へのトレイル,morfonica,219.17,,1.74,3.5499515533447266,-9.857771004453122,0,蒼穹へのトレイル,-9.823565483093262,-12.259374618530272,-8.709423065185547,5.374300003051758,6.70677375793457,5.593311309814453,7.31217622756958,0.7817323207855225,morfonica,219.166625,,146,蒼穹へのトレイル,morfonica,219.17,,5.89,146,蒼穹へのトレイル,4.9399,3.9153,5.8419,0.7128,morfonica,1.0705169439315796,0.3663,0.9341281056404114,,219.17,,蒼穹へのトレイル,7.157660547818523e-06,2.2396829990611885e-07,0.0002445376303512,0.0206116754561662,morfonica,219.17,,5.86,146,蒼穹へのトレイル,morfonica,219.17,,0.843474,146.0,蒼穹へのトレイル,0.9935701489448548,0.3973106741905212,0.9998217821121216,0.2664010524749756,morfonica,0.0006866840994916,0.0004315835831221,0.0013265253510326,0.0006102191400714,219.17,,1.05,110.0,-21.07,5.0,蒼穹へのトレイル,morfonica,219.16666666666663,,437,蒼穹へのトレイル,0.0508774183690547,0.0040262988768517,0.1916079223155975,0.08356574177742,,41,0.2941140404834561,fast
219,morfonica,QUEEN (Cover),morfonica,414.0,0.35,151.99908088235293,171.4285714285707,145.5,,11.68,False,QUEEN (Cover),morfonica,145.77,,G,G,0.787,False,minor,minor,False,False,QUEEN (Cover),morfonica,minor,QUEEN (Cover),morfonica,145.77,,0.84,2.8108530044555664,-9.912512639353006,0,QUEEN (Cover),-10.042069435119627,-11.555484771728516,-8.74463176727295,3.6938514709472656,6.6898627281188965,5.400677680969238,7.159124374389648,0.7864588499069214,morfonica,145.766625,,96,QUEEN (Cover),morfonica,145.77,,3.87,96,QUEEN (Cover),5.7489,4.9026,6.3139,0.6143,morfonica,1.086423635482788,0.4362,0.9204512238502502,,145.77,,QUEEN (Cover),4.841885311179794e-05,3.313915840408299e-06,0.0155321303755044,0.0113636599853634,morfonica,145.77,,3.65,96,QUEEN (Cover),morfonica,145.77,,0.87643,96.0,QUEEN (Cover),0.9991436004638672,0.8673224449157715,0.9999869465827942,0.1400895416736602,morfonica,0.0008038373780436,0.0003932153922505,0.0016625723801553,0.0006123250350356,145.77,,0.66,73.0,-17.95,5.0,QUEEN (Cover),morfonica,145.76666666666668,,290,QUEEN (Cover),0.0542018637061119,0.011064157821238,0.2159170806407928,0.0937241613864898,,19,0.273587886807128,fast
220,morfonica,again (Cover),morfonica,584.0,0.43,143.5546875,139.53488372093034,250.79,,19.0,False,again (Cover),morfonica,250.8,,E,A,0.427,True,minor,minor,False,False,again (Cover),morfonica,minor,again (Cover),morfonica,250.8,,1.26,7.121525764465332,-10.117478883757729,0,again (Cover),-9.760913848876951,-15.603113174438477,-8.481587409973145,3.1163790225982666,6.855216979980469,5.928873062133789,7.529450416564941,0.6712061762809753,morfonica,250.8,,167,again (Cover),morfonica,250.8,,6.72,167,again (Cover),5.829,4.7249,6.6743,0.7642,morfonica,1.0484997034072876,0.272,0.9537437558174132,,250.8,,again (Cover),9.813534416025504e-05,3.241239028284326e-06,0.0148400571197271,0.0810566768050193,morfonica,250.8,,6.64,167,again (Cover),morfonica,250.8,,0.852026,167.0,again (Cover),0.9996022582054138,0.9255767464637756,0.9999936819076538,0.1208143904805183,morfonica,0.000792091130279,0.0003505861677695,0.0015168199315667,0.0004697480471804,250.8,,1.17,126.0,-21.44,5.0,again (Cover),morfonica,250.8,,500,again (Cover),0.0666838139295578,0.0107244569808244,0.2227741330862045,0.0888557508587837,,25,0.3135566188197766,medium
221,morfonica,輪舞-revolution (Cover),morfonica,583.0,0.47,258.3984375,127.6595744680854,273.15,,21.21,False,輪舞-revolution (Cover),morfonica,273.5,,D,A,0.81,True,minor,minor,False,False,輪舞-revolution (Cover),morfonica,minor,輪舞-revolution (Cover),morfonica,273.5,,1.38,3.162339210510254,-10.142081878491492,0,輪舞-revolution (Cover),-10.182004928588867,-12.1067533493042,-8.944414138793945,3.963683605194092,6.859628677368164,6.092835426330566,7.670346736907959,0.6142748594284058,morfonica,273.5,,182,輪舞-revolution (Cover),morfonica,273.5,,7.22,182,輪舞-revolution (Cover),6.0022,4.8104,6.7663,0.785,morfonica,1.1339682340621948,0.6398,0.8818588256835938,,273.5,,輪舞-revolution (Cover),0.0001126466304413,3.0722203518962488e-06,0.0066213854588568,0.0086344853043556,morfonica,273.5,,7.92,182,輪舞-revolution (Cover),morfonica,273.5,,0.824108,182.0,輪舞-revolution (Cover),0.9995379447937012,0.8327178955078125,0.99999737739563,0.1289269477128982,morfonica,0.0007208459428511,0.0003743085253518,0.0017237045103684,0.0005920931580476,273.5,,1.26,137.0,-18.52,5.0,輪舞-revolution (Cover),morfonica,273.5,,546,輪舞-revolution (Cover),0.0712679028511047,0.0104531412944197,0.2673781514167785,0.0982194691896438,,42,0.1387202925045703,medium
222,morfonica,メロウ (Cover),morfonica,601.0,0.41,95.703125,146.34146341463284,248.9,,18.75,False,メロウ (Cover),morfonica,249.2,,Ab,G#,0.449,True,major,major,False,False,メロウ (Cover),morfonica,major,メロウ (Cover),morfonica,249.2,,1.19,5.86586856842041,-10.949250068430551,0,メロウ (Cover),-11.08926773071289,-15.121073722839355,-9.255205154418944,3.0499048233032227,6.460662364959717,5.38126277923584,7.202522277832031,0.7352541089057922,morfonica,249.2,,166,メロウ (Cover),morfonica,249.2,,6.83,166,メロウ (Cover),6.0241,4.8942,6.84,0.7611,morfonica,1.0195151567459106,0.1763,0.9808582663536072,,249.2,,メロウ (Cover),0.0020501031540334,1.5623805666109547e-05,0.1802589893341064,0.1848014444112777,morfonica,249.2,,7.07,166,メロウ (Cover),morfonica,249.2,,0.768833,166.0,メロウ (Cover),0.9997386932373048,0.7663048505783081,0.9999923706054688,0.1496690064668655,morfonica,0.0008812480955384,0.0003429674252402,0.0016683634603396,0.0006173692527227,249.2,,1.16,125.0,-22.87,5.0,メロウ (Cover),morfonica,249.2,,497,メロウ (Cover),0.0722990185022354,0.0129556413739919,0.2295124232769012,0.0916684195399284,,51,0.1231139646869984,medium
223,morfonica,祝福 (Cover),morfonica,551.0,0.35,143.5546875,171.4285714285707,194.01,,14.66,False,祝福 (Cover),morfonica,194.27,,A,A,0.48,False,minor,minor,False,False,祝福 (Cover),morfonica,minor,祝福 (Cover),morfonica,194.27,,0.99,4.184300422668457,-11.328021251392668,0,祝福 (Cover),-11.18720245361328,-14.197993278503418,-10.01369285583496,1.5993287563323977,6.39293384552002,5.176717758178711,7.086122989654541,0.7211469411849976,morfonica,194.266625,,129,祝福 (Cover),morfonica,194.27,,4.8,129,祝福 (Cover),5.7336,4.7063,6.5069,0.7368,morfonica,1.174131989479065,0.7812,0.8516928553581238,,194.27,,祝福 (Cover),0.0009825152810662,1.72195395862218e-05,0.2898567616939544,0.2293891608715057,morfonica,194.27,,5.8,129,祝福 (Cover),morfonica,194.27,,0.843524,129.0,祝福 (Cover),0.9996371269226074,0.9060730934143066,0.9999938011169434,0.109311506152153,morfonica,,,,,,,0.9,,-20.18,5.0,祝福 (Cover),morfonica,194.26666666666668,,387,祝福 (Cover),0.0883244052529335,0.0170464906841516,0.2680967450141907,0.1035805568099021,,28,0.2981468451712805,fast
224,morfonica,Overdose (Cover),morfonica,382.0,0.51,112.34714673913044,117.64705882352987,193.7,,14.99,False,Overdose (Cover),morfonica,194.03,,A,A,0.8,False,minor,minor,False,False,Overdose (Cover),morfonica,minor,Overdose (Cover),morfonica,194.03,,0.95,3.517906188964844,-11.459878356248613,0,Overdose (Cover),-11.122336387634276,-13.90877628326416,-10.390870094299316,4.91948938369751,6.981286525726318,6.2252397537231445,7.477341175079346,0.5452446937561035,morfonica,194.026625,,129,Overdose (Cover),morfonica,194.03,,5.57,129,Overdose (Cover),6.0643,5.3938,6.7789,0.5277,morfonica,1.1017791032791138,0.5,0.9076229333877563,,194.03,,Overdose (Cover),0.0004288199124857,4.96399006806314e-05,0.0167202800512313,0.02675954811275,morfonica,194.03,,5.14,129,Overdose (Cover),morfonica,194.03,,0.872391,129.0,Overdose (Cover),0.998838484287262,0.6779061555862427,0.9999816417694092,0.1705415099859237,morfonica,,,,,,,0.89,,-20.54,5.0,Overdose (Cover),morfonica,194.02666666666667,,387,Overdose (Cover),0.0842074900865554,0.0135175622999668,0.2543523013591766,0.0972264483571052,,35,0.3052157451278448,medium
225,morfonica,かくれんぼ (Cover),morfonica,896.0,0.33,151.99908088235293,181.8181818181749,298.45,,22.87,False,かくれんぼ (Cover),morfonica,298.7,,B,A#,0.436,True,major,minor,False,False,かくれんぼ (Cover),morfonica,minor,かくれんぼ (Cover),morfonica,298.7,,1.79,4.019084930419922,-9.442781726318572,0,かくれんぼ (Cover),-9.206677436828612,-12.33307933807373,-8.313994407653809,5.776638031005859,6.82157564163208,5.453444004058838,7.523910999298096,0.8327741026878357,morfonica,298.7,,199,かくれんぼ (Cover),morfonica,298.7,,7.3,199,かくれんぼ (Cover),5.1335,4.4067,6.0832,0.6558,morfonica,0.9353244304656982,0.0289,1.0691478252410889,,298.7,,かくれんぼ (Cover),2.096793468808756e-05,4.828731334782788e-07,0.037617914378643,0.1427313834428787,morfonica,298.7,,7.4,199,かくれんぼ (Cover),morfonica,298.7,,0.841003,199.0,かくれんぼ (Cover),0.99895977973938,0.9138811826705932,0.9999698400497437,0.1365288496017456,morfonica,0.0010212338529527,0.0004859119071625,0.0018515359843149,0.0005992443184368,298.7,,1.37,150.0,-21.22,5.0,かくれんぼ (Cover),morfonica,298.7,,596,かくれんぼ (Cover),0.0660172700881958,0.0103746447712183,0.2183575928211212,0.0894081369042396,,46,0.351590224305323,fast
226,morfonica,chAngE (Cover),morfonica,688.0,0.36,107.666015625,166.66666666666035,249.29,,19.13,False,chAngE (Cover),morfonica,249.57,,D,B,0.306,True,minor,minor,False,False,chAngE (Cover),morfonica,minor,chAngE (Cover),morfonica,249.57,,1.44,3.542037010192871,-11.747979174877743,0,chAngE (Cover),-11.766027450561523,-13.89759349822998,-10.35555648803711,4.957019329071045,6.816376686096191,5.463805198669434,7.536343574523926,0.7841598391532898,morfonica,249.566625,,166,chAngE (Cover),morfonica,249.57,,6.51,166,chAngE (Cover),6.3513,4.8317,7.162,0.8503,morfonica,1.0089370012283323,0.1505,0.9911421537399292,,249.57,,chAngE (Cover),7.215316873043776e-05,9.026686029756092e-07,0.0833882465958595,0.1805964559316635,morfonica,249.57,,6.47,166,chAngE (Cover),morfonica,249.57,,0.763533,166.0,chAngE (Cover),0.9996787309646606,0.9244177341461182,0.9999980926513672,0.1664232313632965,morfonica,0.0007660664268769,0.0004269153287168,0.0013680427800863,0.00050655240193,249.57,,1.17,125.0,-19.5,5.0,chAngE (Cover),morfonica,249.56666666666663,,498,chAngE (Cover),0.0597702339291572,0.0100331893190741,0.1926118284463882,0.0797525346279144,,24,0.1961800290353255,fast
227,morfonica,ALIVE (Cover),morfonica,645.0,0.33,117.45383522727272,181.8181818181749,215.88,,16.32,False,ALIVE (Cover),morfonica,216.03,,B,G#,0.678,False,major,minor,False,True,ALIVE (Cover),morfonica,minor,ALIVE (Cover),morfonica,216.03,,1.15,3.4087705612182617,-9.776442469954578,0,ALIVE (Cover),-9.487728118896484,-12.133837699890137,-8.725067138671875,2.479982852935791,6.664876937866211,5.831247806549072,7.259950160980225,0.6577414870262146,morfonica,216.0333125,,144,ALIVE (Cover),morfonica,216.03,,5.71,144,ALIVE (Cover),5.3346,4.4603,6.1998,0.6747,morfonica,1.0171877145767212,0.1657,0.9831027388572692,,216.03,,ALIVE (Cover),3.27170237142127e-05,1.0716939868871125e-06,0.001953063881956,0.029706098139286,morfonica,216.03,,6.05,144,ALIVE (Cover),morfonica,216.03,,0.776914,144.0,ALIVE (Cover),0.9988327026367188,0.779853880405426,0.9999091029167176,0.1566688567399978,morfonica,,,,,,,1.0,,-18.59,5.0,ALIVE (Cover),morfonica,216.03333333333333,,431,ALIVE (Cover),0.063827596604824,0.0083376690745353,0.2160748392343521,0.0869435593485832,,19,0.1403486845493202,fast
228,morfonica,Nameless Story (Cover),morfonica,790.0,0.31,123.046875,193.5483870967728,242.85,,18.33,False,Nameless Story (Cover),morfonica,243.03,,A,A,0.968,False,minor,minor,False,False,Nameless Story (Cover),morfonica,minor,Nameless Story (Cover),morfonica,243.03,,1.97,4.1695404052734375,-10.022044875579097,0,Nameless Story (Cover),-10.078651428222656,-12.648193359375,-8.478652954101562,4.334441184997559,6.486701965332031,5.602757453918457,7.419104099273682,0.6779099702835083,morfonica,243.0333125,,162,Nameless Story (Cover),morfonica,243.03,,6.36,162,Nameless Story (Cover),5.8621,4.5001,6.9505,0.9347,morfonica,1.100398302078247,0.4954,0.908761978149414,,243.03,,Nameless Story (Cover),0.0001498681376688,2.9720420116063906e-06,0.0149102602154016,0.1448560506105423,morfonica,243.03,,6.72,162,Nameless Story (Cover),morfonica,243.03,,0.802234,162.0,Nameless Story (Cover),0.997189998626709,0.5673220157623291,0.9999964833259584,0.235717698931694,morfonica,0.0009532435797154,0.0004330010560806,0.0018555485876277,0.0010112941963598,243.03,,1.0,122.0,-18.91,5.0,Nameless Story (Cover),morfonica,243.03333333333333,,485,Nameless Story (Cover),0.0625199377536773,0.0091414656490087,0.2213346660137176,0.0936717167496681,,42,0.1086270558518969,fast
229,morfonica,青空のラプソディ (Cover),morfonica,625.0,0.44,151.99908088235293,136.3636363636354,277.13,,21.35,False,青空のラプソディ (Cover),morfonica,277.37,,F,A,0.876,True,major,minor,False,False,青空のラプソディ (Cover),morfonica,minor,青空のラプソディ (Cover),morfonica,277.37,,1.64,2.9022464752197266,-10.10164639213699,0,青空のラプソディ (Cover),-10.156072616577148,-11.774991989135742,-8.872745513916016,2.0541837215423584,6.729590892791748,6.089166164398193,7.3428955078125,0.6561970114707947,morfonica,277.366625,,185,青空のラプソディ (Cover),morfonica,277.37,,6.88,185,青空のラプソディ (Cover),5.6919,4.5647,6.5276,0.7226,morfonica,1.20847487449646,0.8571,0.8274892568588257,,277.37,,青空のラプソディ (Cover),9.43188788369298e-05,2.479073827998945e-06,0.0034886815119534,0.0688915699720382,morfonica,277.37,,7.42,185,青空のラプソディ (Cover),morfonica,277.37,,0.794089,185.0,青空のラプソディ (Cover),0.9978700876235962,0.8522784113883972,0.9999626874923706,0.1598454564809799,morfonica,0.0009050448425114,0.0005017237272113,0.00196427362971,0.0008063131826929,277.37,,0.8,139.0,-17.61,5.0,青空のラプソディ (Cover),morfonica,277.3666666666667,,553,青空のラプソディ (Cover),0.0714292898774147,0.0088720312342047,0.2100552022457122,0.083027683198452,,60,0.1447181720407573,medium
230,morfonica,Nevereverland (Cover),morfonica,739.0,0.3,143.5546875,200.0000000000019,286.91,,21.92,True,Nevereverland (Cover),morfonica,287.4,,A,A,0.636,False,minor,minor,False,False,Nevereverland (Cover),morfonica,minor,Nevereverland (Cover),morfonica,287.4,,1.45,9.80057144165039,-11.75998022892601,0,Nevereverland (Cover),-11.446870803833008,-20.19320678710937,-10.392635345458984,5.194573879241943,6.336228847503662,4.616294860839844,7.151731491088867,0.9363074898719788,morfonica,287.4,,192,Nevereverland (Cover),morfonica,287.4,,7.23,192,Nevereverland (Cover),5.6035,4.4652,6.3874,0.7264,morfonica,1.0469177961349487,0.266,0.955184817314148,,287.4,,Nevereverland (Cover),4.75895794807002e-05,2.537694399507018e-06,0.1845004260540008,0.2748801708221435,morfonica,287.4,,7.72,192,Nevereverland (Cover),morfonica,287.4,,0.886971,192.0,Nevereverland (Cover),0.9983189105987548,0.6563627123832703,0.9999772906303406,0.2065028101205825,morfonica,0.0007216991507448,0.0003649218706414,0.0013981013325974,0.0011775158345699,287.4,,0.8,144.0,-26.28,5.0,Nevereverland (Cover),morfonica,287.4,,573,Nevereverland (Cover),0.0645642951130867,0.0107211451977491,0.2235660552978515,0.0839232057332992,,36,0.4591510090466247,fast
231,morfonica,メリッサ (Cover),morfonica,729.0,0.35,161.4990234375,171.4285714285707,256.61,,19.02,False,メリッサ (Cover),morfonica,256.83,,C,F,0.208,True,minor,major,False,False,メリッサ (Cover),morfonica,major,メリッサ (Cover),morfonica,256.83,,1.3,2.919806480407715,-11.357220123382032,0,メリッサ (Cover),-11.55622100830078,-13.056231498718262,-10.136425018310549,4.508098602294922,6.561936855316162,5.808282852172852,7.307682037353516,0.5946761965751648,morfonica,256.8333125,,171,メリッサ (Cover),morfonica,256.83,,6.74,171,メリッサ (Cover),6.0556,5.1453,6.9195,0.6747,morfonica,1.2499771118164062,0.9058,0.8000147342681885,,256.83,,メリッサ (Cover),7.807692600181326e-05,2.1630830815411173e-06,0.0182552635669708,0.0503613613545894,morfonica,256.83,,7.27,171,メリッサ (Cover),morfonica,256.83,,0.776905,171.0,メリッサ (Cover),0.9850099682807922,0.4961824715137481,0.9999637603759766,0.2289280146360397,morfonica,0.0007852751296013,0.0004082571249455,0.001428555115126,0.0004341849707998,256.83,,0.77,129.0,-19.23,5.0,メリッサ (Cover),morfonica,256.8333333333333,,512,メリッサ (Cover),0.0438010729849338,0.004818660672754,0.1889260560274124,0.0774663686752319,,29,0.1007657201872613,fast
232,morfonica,COLORFUL BOX (Cover),morfonica,644.0,0.37,107.666015625,162.16216216216017,238.39,,18.23,False,COLORFUL BOX (Cover),morfonica,238.4,,F,A,0.549,True,major,minor,False,True,COLORFUL BOX (Cover),morfonica,minor,COLORFUL BOX (Cover),morfonica,238.4,,1.16,2.4629125595092773,-11.122579734410271,0,COLORFUL BOX (Cover),-11.030299186706545,-12.616952896118164,-10.154040336608888,3.470266103744507,6.616649150848389,6.044857978820801,7.198070049285889,0.5511048436164856,morfonica,238.4,,159,COLORFUL BOX (Cover),morfonica,238.4,,6.15,159,COLORFUL BOX (Cover),5.7675,4.6846,6.4923,0.6838,morfonica,1.147916316986084,0.693,0.8711436986923218,,238.4,,COLORFUL BOX (Cover),0.0002217259025201,1.2889139725302812e-05,0.0157157257199287,0.0190205462276935,morfonica,238.4,,7.16,159,COLORFUL BOX (Cover),morfonica,238.4,,0.829131,159.0,COLORFUL BOX (Cover),0.9978603720664978,0.8265944123268127,0.9999275207519532,0.1717007607221603,morfonica,0.0008403217652812,0.0004078320343978,0.0014163927407935,0.0004262702714186,238.4,,0.76,120.0,-18.68,5.0,COLORFUL BOX (Cover),morfonica,238.4,,475,COLORFUL BOX (Cover),0.0548639819025993,0.0094230342656373,0.1797286868095398,0.0697100088000297,,29,0.1845637583892615,fast
233,morfonica,unravel (Cover),morfonica,533.0,0.44,143.5546875,136.36363636362827,237.13,,18.52,False,unravel (Cover),morfonica,237.4,,Ab,G#,0.81,True,major,major,False,False,unravel (Cover),morfonica,major,unravel (Cover),morfonica,237.4,,1.16,9.050252914428713,-11.70947630338712,0,unravel (Cover),-10.87983512878418,-18.97105598449707,-9.92080307006836,5.715999126434326,6.40100622177124,4.805859088897705,7.098474979400635,0.9097962379455566,morfonica,237.4,,158,unravel (Cover),morfonica,237.4,,6.42,158,unravel (Cover),5.0744,3.9915,5.9611,0.8024,morfonica,1.019320726394653,0.1733,0.981045424938202,,237.4,,unravel (Cover),4.293094389140606e-05,3.544792548382248e-07,0.4431813657283783,0.216462567448616,morfonica,237.4,,7.02,158,unravel (Cover),morfonica,237.4,,0.857116,158.0,unravel (Cover),0.9991854429244996,0.4198772311210632,0.9999854564666748,0.2322524338960647,morfonica,0.0007730109500698,0.0003892834065482,0.0015162302879616,0.0005479789688251,237.4,,1.07,119.0,-25.4,5.0,unravel (Cover),morfonica,237.4,,473,unravel (Cover),0.0923510715365409,0.0110390270128846,0.2739031016826629,0.1060697957873344,,44,0.1276326874473461,medium
234,morfonica,アゲハ蝶 (Cover),morfonica,542.0,0.52,151.99908088235293,115.38461538461628,280.19,,21.59,False,アゲハ蝶 (Cover),morfonica,280.67,,D,A,0.435,True,minor,minor,False,False,アゲハ蝶 (Cover),morfonica,minor,アゲハ蝶 (Cover),morfonica,280.67,,2.41,2.7326765060424805,-11.692873957115696,0,アゲハ蝶 (Cover),-11.79476547241211,-13.30201816558838,-10.569341659545898,4.240002632141113,6.488266944885254,5.781562328338623,7.137858867645264,0.5508689880371094,morfonica,280.666625,,187,アゲハ蝶 (Cover),morfonica,280.67,,7.12,187,アゲハ蝶 (Cover),6.1454,4.7213,6.9886,0.852,morfonica,1.385464429855347,0.9863,0.7217795252799988,,280.67,,アゲハ蝶 (Cover),0.0002615439007058,1.7260585991607511e-06,0.0116197215393185,0.0205409526824951,morfonica,280.67,,7.87,187,アゲハ蝶 (Cover),morfonica,280.67,,0.845225,187.0,アゲハ蝶 (Cover),0.9988683462142944,0.6546753644943237,0.9999995231628418,0.1748327910900116,morfonica,0.0008314705337397,0.0003905335033778,0.0016946437535807,0.0005510334158316,280.67,,1.34,141.0,-19.72,5.0,アゲハ蝶 (Cover),morfonica,280.6666666666667,,560,アゲハ蝶 (Cover),0.0604372546076774,0.0068411147221922,0.2471170127391815,0.0957555398344993,,26,0.0929928672065865,medium
235,morfonica,V.I.P (Cover),morfonica,597.0,0.32,112.34714673913044,187.49999999999568,193.32,,15.0,False,V.I.P (Cover),morfonica,193.5,,F,A,0.321,True,minor,minor,False,False,V.I.P (Cover),morfonica,minor,V.I.P (Cover),morfonica,193.5,,1.03,1.7354497909545898,-11.10466560209088,0,V.I.P (Cover),-11.136404037475586,-11.959672927856444,-10.224223136901855,4.532532215118408,6.409543037414551,5.737522125244141,6.82013463973999,0.5042047500610352,morfonica,193.5,,129,V.I.P (Cover),morfonica,193.5,,5.88,129,V.I.P (Cover),5.307,4.7056,5.9344,0.5174,morfonica,1.123523831367493,0.5942,0.8900567889213562,,193.5,,V.I.P (Cover),0.0004346574132796,3.3985681511694565e-05,0.0070537896826863,0.0415264442563056,morfonica,193.5,,6.11,129,V.I.P (Cover),morfonica,193.5,,0.851804,129.0,V.I.P (Cover),0.9978188276290894,0.8178321719169617,0.999867022037506,0.1372700482606887,morfonica,0.0009533041156828,0.0005762822111137,0.0017656697891652,0.0007813487900421,193.5,,0.87,97.0,-17.39,5.0,V.I.P (Cover),morfonica,193.5,,386,V.I.P (Cover),0.0523941777646541,0.0051670945249497,0.2243711054325103,0.0939193293452262,,50,0.271937984496124,fast
236,morfonica,CQCQ (Cover),morfonica,530.0,0.42,86.1328125,142.85714285714712,221.29,,17.07,False,CQCQ (Cover),morfonica,221.77,,B,G#,0.965,True,minor,minor,False,False,CQCQ (Cover),morfonica,minor,CQCQ (Cover),morfonica,221.77,,1.16,3.968493461608887,-10.880582218888748,0,CQCQ (Cover),-10.898103713989258,-13.353872299194336,-9.38537883758545,4.256825923919678,6.837627410888672,6.111296653747559,7.585265636444092,0.6251391768455505,morfonica,221.766625,,148,CQCQ (Cover),morfonica,221.77,,6.52,148,CQCQ (Cover),5.8138,4.7261,6.5478,0.7721,morfonica,1.0760257244110107,0.3769,0.9293457865715028,,221.77,,CQCQ (Cover),8.349772542715073e-06,2.593041870113666e-07,0.0002404977567493,0.0778948739171028,morfonica,221.77,,6.12,148,CQCQ (Cover),morfonica,221.77,,0.846046,148.0,CQCQ (Cover),0.9989051222801208,0.9276427030563354,0.9999948740005492,0.1010248288512229,morfonica,0.0006455120164901,0.0004406524531077,0.0013631487963721,0.001243905397132,221.77,,1.04,111.0,-19.89,5.0,CQCQ (Cover),morfonica,221.76666666666668,,442,CQCQ (Cover),0.0700533986091613,0.0093859285116195,0.2199739217758178,0.0899067297577858,,25,0.324214609554467,medium
237,mugendai_mutype,アイの夢限,mugendai_mutype,487.0,0.49,123.046875,122.44897959183535,200.19,,15.55,True,アイの夢限,mugendai_mutype,200.5,,A,A,0.537,False,major,major,False,False,アイの夢限,mugendai_mutype,major,アイの夢限,mugendai_mutype,200.5,,1.6,7.2274932861328125,-10.846426913712486,0,アイの夢限,-10.87445831298828,-16.05908966064453,-8.831596374511719,6.04783296585083,6.3023223876953125,5.419987678527832,7.051610946655273,0.6957528591156006,mugendai_mutype,200.5,,133,アイの夢限,mugendai_mutype,200.5,,5.53,133,アイの夢限,5.4263,4.7565,6.0481,0.5059,mugendai_mutype,0.9463443160057068,0.038,1.0566977262496948,,200.5,,アイの夢限,0.0010985640110448,5.637525828205981e-05,0.1068125367164611,0.1138150319457054,mugendai_mutype,200.5,,5.04,133,アイの夢限,mugendai_mutype,200.5,,0.747817,133.0,アイの夢限,0.9989176988601683,0.4391738772392273,0.9999963641166688,0.2262969017028808,mugendai_mutype,0.0007527426350861,0.0004567748692352,0.0013747550547122,0.0006165437516756,200.5,,0.92,101.0,-24.74,5.0,アイの夢限,mugendai_mutype,200.5,,400,アイの夢限,0.0864392668008804,0.0112591246142983,0.3306372165679931,0.1299303621053695,,45,0.3339650872817955,medium
238,mugendai_mutype,どんがらがっしゃん,mugendai_mutype,432.0,0.45,129.19921875,133.33333333332828,196.08,,15.55,False,どんがらがっしゃん,mugendai_mutype,196.53,,A,E,0.351,True,minor,minor,False,False,どんがらがっしゃん,mugendai_mutype,minor,どんがらがっしゃん,mugendai_mutype,196.53,,1.56,2.236560821533203,-9.394475857335433,0,どんがらがっしゃん,-9.37590503692627,-10.674824714660645,-8.438263893127441,2.21402907371521,6.943277835845947,6.308499813079834,7.493341445922852,0.6217505931854248,mugendai_mutype,196.5333125,,131,どんがらがっしゃん,mugendai_mutype,196.53,,5.22,131,どんがらがっしゃん,6.0411,5.3198,6.773,0.5479,mugendai_mutype,1.2609416246414185,0.9164,0.7930581569671631,,196.53,,どんがらがっしゃん,0.0002459759125486,4.298071416997118e-06,0.0074726724997162,0.1055200695991516,mugendai_mutype,196.53,,4.8,131,どんがらがっしゃん,mugendai_mutype,196.53,,0.630861,131.0,どんがらがっしゃん,0.9998888969421388,0.8871864676475525,0.9999984502792358,0.1451502740383148,mugendai_mutype,0.0010498415213078,0.0004794757987838,0.002081302460283,0.0009136738954111,196.53,,0.91,99.0,-17.42,5.0,どんがらがっしゃん,mugendai_mutype,196.53333333333333,,392,どんがらがっしゃん,0.0974533408880233,0.0144138028845191,0.2644352614879608,0.1006272733211517,,24,0.0648235954834643,medium
239,mugendai_mutype,みゅーたんとミュータント,mugendai_mutype,550.0,0.4,151.99908088235293,149.99999999999787,219.85,,16.76,False,みゅーたんとミュータント,mugendai_mutype,220.27,,G,D,0.339,True,major,major,False,False,みゅーたんとミュータント,mugendai_mutype,major,みゅーたんとミュータント,mugendai_mutype,220.27,,1.1,3.513635635375977,-12.091700948734768,0,みゅーたんとミュータント,-11.739588737487791,-14.411670684814451,-10.898035049438477,4.527232646942139,6.8530449867248535,5.854463577270508,7.419052600860596,0.6420122385025024,mugendai_mutype,220.266625,,147,みゅーたんとミュータント,mugendai_mutype,220.27,,5.28,147,みゅーたんとミュータント,6.011,5.3256,6.6067,0.4872,mugendai_mutype,1.3022706508636477,0.9559,0.7678893804550171,,220.27,,みゅーたんとミュータント,1.846053964982275e-05,4.595982545652078e-07,0.0047094705514609,0.0456954054534435,mugendai_mutype,220.27,,5.03,147,みゅーたんとミュータント,mugendai_mutype,220.27,,0.792811,147.0,みゅーたんとミュータント,0.9941845536231996,0.6930332779884338,0.9999661445617676,0.1556561291217804,mugendai_mutype,,,,,,,1.02,,-23.63,5.0,みゅーたんとミュータント,mugendai_mutype,220.26666666666668,,439,みゅーたんとミュータント,0.1328879445791244,0.0276959091424942,0.3003836572170257,0.1025969162583351,,35,0.0683716642354281,medium
240,mugendai_mutype,チューニング,mugendai_mutype,319.0,0.62,129.19921875,96.7741935483886,195.77,,15.4,False,チューニング,mugendai_mutype,196.02,,C#,C#,0.609,False,major,major,False,False,チューニング,mugendai_mutype,major,チューニング,mugendai_mutype,196.02,,1.04,8.992670059204102,-11.989062857667657,0,チューニング,-11.805670738220217,-18.94539451599121,-9.95272445678711,3.438145875930786,5.654633522033691,4.600067138671875,6.610390186309815,0.7559393644332886,mugendai_mutype,196.0175,,130,チューニング,mugendai_mutype,196.02,,4.83,130,チューニング,4.9236,4.2244,5.4861,0.4809,mugendai_mutype,0.9820218086242676,0.0957,1.018307328224182,,196.02,,チューニング,0.00063794455491,5.26766507391585e-06,0.4894683361053467,0.247610718011856,mugendai_mutype,196.02,,5.01,130,チューニング,mugendai_mutype,196.02,,0.675428,130.0,チューニング,0.99978506565094,0.720116913318634,0.999998927116394,0.2077856510877609,mugendai_mutype,,,,,,,0.9,,-24.1,5.0,チューニング,mugendai_mutype,196.01750566893423,,391,チューニング,0.056023433804512,0.0087658539414405,0.2265360504388809,0.0972383394837379,,30,0.2418150669535033,medium
241,mugendai_mutype,Dream Voyage,mugendai_mutype,685.0,0.38,151.99908088235293,157.8947368421057,261.96,,20.63,False,Dream Voyage,mugendai_mutype,262.32,,C,E,0.376,True,major,minor,False,False,Dream Voyage,mugendai_mutype,minor,Dream Voyage,mugendai_mutype,262.32,,1.33,2.02127742767334,-10.222009979354938,0,Dream Voyage,-10.104300498962402,-11.481464385986328,-9.460186958312988,1.0235588550567627,7.041187286376953,5.892565727233887,7.700524806976318,0.78354811668396,mugendai_mutype,262.3155625,,175,Dream Voyage,mugendai_mutype,262.32,,6.92,175,Dream Voyage,5.6916,4.9227,6.4544,0.6417,mugendai_mutype,1.227847933769226,0.8845,0.8144329786300659,,262.32,,Dream Voyage,0.0001448847615392,7.180276497820159e-07,0.1118044629693031,0.1500452160835266,mugendai_mutype,262.32,,6.42,175,Dream Voyage,mugendai_mutype,262.32,,0.700228,175.0,Dream Voyage,0.9998929500579834,0.9747543334960938,0.999997615814209,0.068675085902214,mugendai_mutype,0.0009675894398242,0.000460992770968,0.0022177034988999,0.0007390006212517,262.32,,1.21,132.0,-17.62,5.0,Dream Voyage,mugendai_mutype,262.31555555555553,,523,Dream Voyage,0.063434213399887,0.0094981705769896,0.2250703126192093,0.0865443646907806,,40,0.0908829036782748,medium
242,mugendai_mutype,グラディエント,mugendai_mutype,403.0,0.5,123.046875,120.0,201.01,,15.87,False,グラディエント,mugendai_mutype,201.02,,G,G,0.769,False,major,major,False,False,グラディエント,mugendai_mutype,major,グラディエント,mugendai_mutype,201.02,,1.04,6.619233131408691,-13.715107000517742,1,グラディエント,-13.764073371887209,-18.73016357421875,-12.11093044281006,5.274644374847412,6.13566780090332,5.158951282501221,6.8045573234558105,0.6780530214309692,mugendai_mutype,201.0175,,134,グラディエント,mugendai_mutype,201.02,,5.08,134,グラディエント,5.8325,5.118,6.6196,0.58,mugendai_mutype,1.217342734336853,0.8723,0.8214613199234009,,201.02,,グラディエント,0.0195603966712951,0.0010203853016719,0.1803237199783325,0.1126984804868698,mugendai_mutype,201.02,,5.17,134,グラディエント,mugendai_mutype,201.02,,0.805149,134.0,グラディエント,0.999888002872467,0.7923075556755066,0.9999986886978148,0.1519064605236053,mugendai_mutype,0.0008592377998866,0.0004433861176948,0.0013223994756117,0.0003747163864318,201.02,,0.93,101.0,-26.98,5.0,グラディエント,mugendai_mutype,201.01750566893423,,401,グラディエント,0.0804321244359016,0.0078194141387939,0.296363353729248,0.1116445437073707,,27,0.1663536239526335,medium
243,mugendai_mutype,LET'Sあちあちトレーニング！,mugendai_mutype,595.0,0.34,112.34714673913044,176.47058823529605,206.29,,16.01,False,LET'Sあちあちトレーニング！,mugendai_mutype,206.5,,C#,C#,0.329,False,major,minor,True,True,LET'Sあちあちトレーニング！,mugendai_mutype,minor,LET'Sあちあちトレーニング！,mugendai_mutype,206.5,,1.12,5.953255653381348,-11.74089132993984,0,LET'Sあちあちトレーニング！,-11.512520790100098,-16.157318115234375,-10.204062461853027,2.4694042205810547,6.938374042510986,5.305151462554932,7.529828071594238,0.8515214920043945,mugendai_mutype,206.5,,137,LET'Sあちあちトレーニング！,mugendai_mutype,206.5,,5.31,137,LET'Sあちあちトレーニング！,5.3695,4.483,6.0714,0.6322,mugendai_mutype,1.104170322418213,0.5091,0.9056574106216432,,206.5,,LET'Sあちあちトレーニング！,5.429043994809035e-06,4.825636779060005e-08,0.0043375440873205,0.0764657333493232,mugendai_mutype,206.5,,5.47,137,LET'Sあちあちトレーニング！,mugendai_mutype,206.5,,0.777233,137.0,LET'Sあちあちトレーニング！,0.9976612329483032,0.7402686476707458,0.9999863505363464,0.1665723025798797,mugendai_mutype,0.0009396844543516,0.0004141439858358,0.0021735043264925,0.0135627062991261,206.5,,0.94,104.0,-24.64,5.0,LET'Sあちあちトレーニング！,mugendai_mutype,206.5,,412,LET'Sあちあちトレーニング！,0.0783492103219032,0.0101484647020697,0.2561144828796386,0.0959762036800384,,24,0.0800968523002421,fast
244,mugendai_mutype,真夜中遊園地,mugendai_mutype,747.0,0.31,123.046875,193.5483870967728,229.73,,17.75,False,真夜中遊園地,mugendai_mutype,230.0,,F,D,0.469,False,major,minor,False,True,真夜中遊園地,mugendai_mutype,minor,真夜中遊園地,mugendai_mutype,230.0,,1.16,3.6497802734375,-11.444248725734518,0,真夜中遊園地,-11.138484001159668,-14.153436660766602,-10.503656387329102,4.514036655426025,6.617563724517822,5.938890933990479,7.261292457580566,0.7144050598144531,mugendai_mutype,230.0,,153,真夜中遊園地,mugendai_mutype,230.0,,5.87,153,真夜中遊園地,5.1711,4.4383,5.9875,0.595,mugendai_mutype,1.033503532409668,0.231,0.9675824642181396,,230.0,,真夜中遊園地,7.485636615456315e-06,2.36810194564896e-07,0.0002906160079874,0.0261651743203401,mugendai_mutype,230.0,,5.61,153,真夜中遊園地,mugendai_mutype,230.0,,0.791853,153.0,真夜中遊園地,0.999841332435608,0.9003896117210388,0.9999984502792358,0.1233928501605987,mugendai_mutype,0.0008411442977376,0.0004192767082713,0.0013667922466993,0.0005192340468056,230.0,,1.06,115.0,-20.03,5.0,真夜中遊園地,mugendai_mutype,230.0,,459,真夜中遊園地,0.0597200654447078,0.0092399818822741,0.2163066565990448,0.0853413492441177,,27,0.0820869565217391,fast
245,mugendai_mutype,テレパシー,mugendai_mutype,755.0,0.34,89.10290948275862,176.4705882352942,253.7,,19.69,False,テレパシー,mugendai_mutype,254.0,,A,A,0.454,False,minor,major,True,True,テレパシー,mugendai_mutype,major,テレパシー,mugendai_mutype,254.0,,1.3,7.827018737792969,-13.966433738013226,1,テレパシー,-14.071819305419922,-19.93687629699707,-12.109857559204102,7.206003189086914,5.326847076416016,4.291102409362793,6.112860679626465,0.6750760078430176,mugendai_mutype,254.0,,169,テレパシー,mugendai_mutype,254.0,,6.98,169,テレパシー,5.1139,4.5613,5.6492,0.4416,mugendai_mutype,1.1939891576766968,0.8359,0.8375285267829895,,254.0,,テレパシー,0.0632744431495666,0.0023235105909407,0.5917648077011108,0.2514731884002685,mugendai_mutype,254.0,,7.2,169,テレパシー,mugendai_mutype,254.0,,0.696166,169.0,テレパシー,0.9993007183074952,0.5054294466972351,0.9999929070472716,0.2404135316610336,mugendai_mutype,0.0006995471194386,0.0003922427713405,0.0012151970295235,0.0003374752122908,254.0,,1.17,127.0,-30.74,5.0,テレパシー,mugendai_mutype,254.0,,507,テレパシー,0.074016734957695,0.0083839930593967,0.2734898924827575,0.1076392456889152,,72,0.1244094488188976,fast
246,mugendai_mutype,TRASH LIFE,mugendai_mutype,564.0,0.34,172.265625,176.47058823529972,212.74,,16.8,False,TRASH LIFE,mugendai_mutype,213.02,,Bb,A#,0.757,True,major,major,False,False,TRASH LIFE,mugendai_mutype,major,TRASH LIFE,mugendai_mutype,213.02,,1.18,17.33480453491211,-12.59933325663144,0,TRASH LIFE,-15.02509307861328,-28.145620346069336,-10.810815811157228,7.350372791290283,6.344496250152588,3.86781644821167,7.2153706550598145,1.2722965478897097,mugendai_mutype,213.0175,,142,TRASH LIFE,mugendai_mutype,213.02,,5.3,142,TRASH LIFE,5.3002,4.2767,6.1584,0.7459,mugendai_mutype,0.9955052137374878,0.1231,1.0045150518417358,,213.02,,TRASH LIFE,0.0001543918915558,1.9936601347581018e-06,0.956487774848938,0.3897457420825958,mugendai_mutype,213.02,,6.37,142,TRASH LIFE,mugendai_mutype,213.02,,0.736211,142.0,TRASH LIFE,0.999474823474884,0.3171294331550598,0.9999753832817078,0.2700384557247162,mugendai_mutype,0.0009260891820304,0.0003725613350979,0.0017192201921716,0.0007509441347792,213.02,,0.99,107.0,-35.14,5.0,TRASH LIFE,mugendai_mutype,213.01750566893423,,425,TRASH LIFE,0.067496083676815,0.0110453777015209,0.2420854270458221,0.0908445566892623,,42,0.1508795782976814,fast
247,mugendai_mutype,新人類は仮想世界の夢を見るか?,mugendai_mutype,702.0,0.33,117.45383522727272,181.8181818181749,233.86,,17.52,False,新人類は仮想世界の夢を見るか?,mugendai_mutype,234.02,,G,E,0.935,False,major,minor,False,False,新人類は仮想世界の夢を見るか?,mugendai_mutype,minor,新人類は仮想世界の夢を見るか?,mugendai_mutype,234.02,,1.14,2.934991836547852,-11.377733075737131,0,新人類は仮想世界の夢を見るか?,-11.244707107543944,-13.263131141662598,-10.328139305114746,1.169732689857483,6.905704498291016,6.183812141418457,7.598998546600342,0.5531733632087708,mugendai_mutype,234.0175,,156,新人類は仮想世界の夢を見るか?,mugendai_mutype,234.02,,6.41,156,新人類は仮想世界の夢を見るか?,5.4001,4.3531,6.3198,0.7123,mugendai_mutype,1.1736433506011963,0.7796,0.8520475625991821,,234.02,,新人類は仮想世界の夢を見るか?,4.219095899316017e-06,1.183983897590224e-07,6.285702693276107e-05,0.0002992725931107,mugendai_mutype,234.02,,6.61,156,新人類は仮想世界の夢を見るか?,mugendai_mutype,234.02,,0.711275,156.0,新人類は仮想世界の夢を見るか?,0.9992895126342772,0.9859673976898192,0.9999793767929076,0.0124307190999388,mugendai_mutype,,,,,,,1.09,,-20.32,5.0,新人類は仮想世界の夢を見るか?,mugendai_mutype,234.01750566893423,,467,新人類は仮想世界の夢を見るか?,0.0811555013060569,0.0187099166214466,0.2209920287132263,0.0811285078525543,,23,0.0,fast
248,mugendai_mutype,コミュ着火Fire!,mugendai_mutype,616.0,0.3,92.28515625,200.0000000000007,184.71,,14.7,False,コミュ着火Fire!,mugendai_mutype,185.02,,F,C,0.251,True,minor,minor,False,False,コミュ着火Fire!,mugendai_mutype,minor,コミュ着火Fire!,mugendai_mutype,185.02,,0.9,2.642263412475586,-11.848962331231233,0,コミュ着火Fire!,-11.85540008544922,-13.380478858947754,-10.738215446472168,1.0611369609832764,6.542242527008057,5.92003870010376,7.13047981262207,0.4564876556396484,mugendai_mutype,185.0175,,123,コミュ着火Fire!,mugendai_mutype,185.02,,4.67,123,コミュ着火Fire!,4.9916,3.7798,5.807,0.7675,mugendai_mutype,1.1434565782546997,0.6809,0.8745414614677429,,185.02,,コミュ着火Fire!,1.0187178531850805e-06,5.046034701194913e-08,4.180345422355458e-05,5.821475133416243e-05,mugendai_mutype,185.02,,5.62,123,コミュ着火Fire!,mugendai_mutype,185.02,,0.721969,123.0,コミュ着火Fire!,0.9989312291145324,0.9486360549926758,0.99998140335083,0.0705276280641555,mugendai_mutype,0.0012628691038116,0.0006170508568175,0.0056901993229985,0.0151323359459638,185.02,,0.86,93.0,-19.88,5.0,コミュ着火Fire!,mugendai_mutype,185.01750566893423,,369,コミュ着火Fire!,0.0753950029611587,0.0168067160993814,0.2372119426727295,0.0855676755309104,,30,0.0808571888952434,fast
249,mugendai_mutype,Calling,mugendai_mutype,532.0,0.34,112.34714673913044,176.47058823529235,182.22,,14.69,False,Calling,mugendai_mutype,182.22,,D,D,0.802,False,minor,minor,False,False,Calling,mugendai_mutype,minor,Calling,mugendai_mutype,182.22,,0.89,4.722809791564941,-10.595887467827364,0,Calling,-10.275371551513672,-13.990205764770508,-9.267395973205566,2.078073740005493,6.582883834838867,5.793839454650879,7.076941013336182,0.5434944033622742,mugendai_mutype,182.2218125,,121,Calling,mugendai_mutype,182.22,,5.28,121,Calling,5.0946,4.6261,5.6495,0.4181,mugendai_mutype,1.00704026222229,0.1429,0.9930088520050048,,182.22,,Calling,1.4376362287293889e-06,1.4629880240590865e-07,2.368088098592125e-05,0.0157568734139204,mugendai_mutype,182.22,,5.39,121,Calling,mugendai_mutype,182.22,,0.836927,121.0,Calling,0.9978929162025452,0.4329462051391601,0.9999858140945436,0.2386242896318435,mugendai_mutype,,,,,,,0.83,,-19.82,5.0,Calling,mugendai_mutype,182.22185941043085,,363,Calling,0.0872825980186462,0.018402837216854,0.2206802815198898,0.0841674730181694,,22,0.2130369913052426,fast
250,mugendai_mutype,Hi-Vision,mugendai_mutype,491.0,0.3,129.19921875,200.0000000000019,179.91,,14.57,False,Hi-Vision,mugendai_mutype,180.5,,F#,C#,0.255,True,minor,minor,False,False,Hi-Vision,mugendai_mutype,minor,Hi-Vision,mugendai_mutype,180.5,,1.82,4.52805233001709,-12.009341131327131,0,Hi-Vision,-11.918702125549316,-15.2008695602417,-10.67281723022461,4.220913410186768,6.277585029602051,5.5924458503723145,6.937950611114502,0.595305860042572,mugendai_mutype,180.5,,120,Hi-Vision,mugendai_mutype,180.5,,4.63,120,Hi-Vision,5.4435,4.7403,6.1516,0.5238,mugendai_mutype,1.0084906816482544,0.1474,0.9915807247161864,,180.5,,Hi-Vision,4.0168182749766856e-05,1.7370716705045195e-06,0.0085689835250377,0.0398299470543861,mugendai_mutype,180.5,,4.72,120,Hi-Vision,mugendai_mutype,180.5,,0.780421,120.0,Hi-Vision,0.9999769926071168,0.6515806317329407,0.9999997615814208,0.1955325901508331,mugendai_mutype,0.000834806531202,0.0004153365443926,0.0015116296708583,0.0005948279285803,180.5,,0.84,91.0,-23.84,5.0,Hi-Vision,mugendai_mutype,180.5,,360,Hi-Vision,0.0918174013495445,0.0115405200049281,0.2867022454738617,0.111451469361782,,32,0.3693074792243767,fast
251,mugendai_mutype,コハク,mugendai_mutype,423.0,0.61,123.046875,98.36065573770502,219.72,,16.85,True,コハク,mugendai_mutype,220.02,,D,D,0.731,False,major,major,False,False,コハク,mugendai_mutype,major,コハク,mugendai_mutype,220.02,,1.84,10.101555824279783,-12.729986979911642,0,コハク,-12.808599472045898,-20.99931526184082,-10.897759437561035,3.8589179515838623,6.123994827270508,5.218400001525879,6.8294453620910645,0.6836105585098267,mugendai_mutype,220.0175,,146,コハク,mugendai_mutype,220.02,,6.22,146,コハク,5.1931,4.242,5.9397,0.6673,mugendai_mutype,0.9436634182929992,0.0365,1.0596998929977417,,220.02,,コハク,0.0008699962636455,3.923373697034549e-06,0.0725205838680267,0.0878811106085777,mugendai_mutype,220.02,,6.02,146,コハク,mugendai_mutype,220.02,,0.741481,146.0,コハク,0.9961935877799988,0.4310258030891418,0.9999961256980896,0.2633263766765594,mugendai_mutype,,,,,,,1.01,,-26.38,5.0,コハク,mugendai_mutype,220.0175510204081,,439,コハク,0.0687514543533325,0.0065348776988685,0.2056734561920166,0.0843991860747337,,53,0.1438976036288011,medium
252,mugendai_mutype,✞animaるパーティ✞開催中✞,mugendai_mutype,575.0,0.31,95.703125,193.5483870967728,176.9,,14.1,False,✞animaるパーティ✞開催中✞,mugendai_mutype,177.02,,D,D,0.431,False,major,minor,True,True,✞animaるパーティ✞開催中✞,mugendai_mutype,minor,✞animaるパーティ✞開催中✞,mugendai_mutype,177.02,,0.85,5.717368125915527,-10.715459033481231,0,✞animaるパーティ✞開催中✞,-10.447025299072266,-14.82669448852539,-9.109326362609863,5.371992111206055,6.918830394744873,5.963021755218506,7.9048171043396,0.7946411967277527,mugendai_mutype,177.0175,,117,✞animaるパーティ✞開催中✞,mugendai_mutype,177.02,,4.51,117,✞animaるパーティ✞開催中✞,5.5421,4.5334,6.2685,0.6879,mugendai_mutype,0.9639146327972412,0.0699,1.0374363660812378,,177.02,,✞animaるパーティ✞開催中✞,3.5064813346252777e-06,7.637654420022957e-08,0.0030973309185355,0.0626762509346008,mugendai_mutype,177.02,,4.2,117,✞animaるパーティ✞開催中✞,mugendai_mutype,177.02,,0.74029,117.0,✞animaるパーティ✞開催中✞,0.9985617995262146,0.9204212427139282,0.999965250492096,0.1171382591128349,mugendai_mutype,0.001113532227464,0.0005190550000406,0.0036764789838343,0.0115299830213189,177.02,,0.85,89.0,-22.29,5.0,✞animaるパーティ✞開催中✞,mugendai_mutype,177.01750566893423,,353,✞animaるパーティ✞開催中✞,0.0683572217822074,0.0125448973849415,0.2229090631008148,0.09531981498003,,34,0.1206659932400774,fast
253,mugendai_mutype,エンプティパペット,mugendai_mutype,388.0,0.48,161.4990234375,124.99999999999989,185.85,,14.65,False,エンプティパペット,mugendai_mutype,186.02,,D,D,0.749,False,minor,minor,False,False,エンプティパペット,mugendai_mutype,minor,エンプティパペット,mugendai_mutype,186.02,,0.87,6.364109992980957,-12.613588452666823,0,エンプティパペット,-12.313596725463867,-17.23042869567871,-10.866318702697754,2.657334566116333,6.9426984786987305,5.4417338371276855,7.84190034866333,0.8459244966506958,mugendai_mutype,186.0175,,124,エンプティパペット,mugendai_mutype,186.02,,4.8,124,エンプティパペット,5.7127,4.3757,6.4002,0.7678,mugendai_mutype,1.1242775917053225,0.5988,0.8894599080085754,,186.02,,エンプティパペット,2.4092085368465632e-05,1.9475795909329466e-07,0.0010238627437502,0.00329749006778,mugendai_mutype,186.02,,4.86,124,エンプティパペット,mugendai_mutype,186.02,,0.68453,124.0,エンプティパペット,0.9998952746391296,0.984176218509674,0.999997615814209,0.0568092875182628,mugendai_mutype,,,,,,,0.59,,-24.8,5.0,エンプティパペット,mugendai_mutype,186.01750566893423,,371,エンプティパペット,0.0819390416145324,0.0182190127670764,0.2663009762763977,0.103028580546379,,26,0.3521172900005077,medium
254,mugendai_mutype,限界現実サバイブ天使,mugendai_mutype,617.0,0.32,92.28515625,187.500000000004,195.78,,16.05,False,限界現実サバイブ天使,mugendai_mutype,196.02,,D,A,0.508,True,major,major,False,False,限界現実サバイブ天使,mugendai_mutype,major,限界現実サバイブ天使,mugendai_mutype,196.02,,1.99,2.36016845703125,-11.63435877791654,0,限界現実サバイブ天使,-11.387389183044434,-13.226486206054688,-10.866317749023438,1.472011923789978,6.753884315490723,5.974255084991455,7.323214054107666,0.5368773937225342,mugendai_mutype,196.0175,,130,限界現実サバイブ天使,mugendai_mutype,196.02,,4.79,130,限界現実サバイブ天使,5.5299,4.6149,6.2771,0.6265,mugendai_mutype,1.1235554218292236,0.5957,0.8900318145751953,,196.02,,限界現実サバイブ天使,3.7642501411028206e-05,2.193120508309221e-06,0.0025756547693163,0.0548226535320282,mugendai_mutype,196.02,,5.46,130,限界現実サバイブ天使,mugendai_mutype,196.02,,0.718756,130.0,限界現実サバイブ天使,0.9991989135742188,0.927082359790802,0.9999865293502808,0.1797352880239486,mugendai_mutype,,,,,,,0.6,,-19.89,5.0,限界現実サバイブ天使,mugendai_mutype,196.0175510204081,,391,限界現実サバイブ天使,0.0715513229370117,0.0122864143922925,0.2309201657772064,0.0910170227289199,,28,0.0206103981116488,fast
255,mugendai_mutype,ビッグマウス,mugendai_mutype,418.0,0.41,287.109375,146.34146341463284,172.71,,14.14,False,ビッグマウス,mugendai_mutype,173.02,,Ab,D#,0.487,True,minor,minor,False,True,ビッグマウス,mugendai_mutype,minor,ビッグマウス,mugendai_mutype,173.02,,0.81,4.604265213012695,-10.815676302527027,0,ビッグマウス,-10.38173007965088,-14.293417930603027,-9.689152717590332,1.593450665473938,7.154690265655518,6.4355645179748535,7.585714817047119,0.5773776173591614,mugendai_mutype,173.0175,,115,ビッグマウス,mugendai_mutype,173.02,,4.77,115,ビッグマウス,5.4246,4.6519,6.2714,0.623,mugendai_mutype,1.091586351394653,0.4544,0.9160978198051452,,173.02,,ビッグマウス,2.656857986949035e-06,1.926093915471938e-07,9.690500155556948e-05,0.0006811987259425,mugendai_mutype,173.02,,4.68,115,ビッグマウス,mugendai_mutype,173.02,,0.767367,115.0,ビッグマウス,0.9993860721588136,0.9701878428459167,0.9999814629554749,0.0914859399199485,mugendai_mutype,0.0007988890283741,0.0003866480838041,0.0013229927280917,0.0006706468993797,173.02,,0.54,87.0,-19.82,5.0,ビッグマウス,mugendai_mutype,173.01750566893423,,345,ビッグマウス,0.0733248218894004,0.0129837514832615,0.2170096635818481,0.0962245017290115,,16,0.3744128576542627,medium
256,mugendai_mutype,夢現妄想世界,mugendai_mutype,689.0,0.31,129.19921875,193.5483870967728,211.92,,17.48,False,夢現妄想世界,mugendai_mutype,212.19,,A,G#,0.494,True,minor,minor,False,False,夢現妄想世界,mugendai_mutype,minor,夢現妄想世界,mugendai_mutype,212.19,,0.99,1.2527589797973633,-8.869509646097635,0,夢現妄想世界,-8.836431503295898,-9.660894393920898,-8.408135414123535,1.4799227714538574,6.907344341278076,6.36865758895874,7.609577655792236,0.4920765459537506,mugendai_mutype,212.186625,,141,夢現妄想世界,mugendai_mutype,212.19,,5.56,141,夢現妄想世界,5.4641,4.5637,6.1784,0.5977,mugendai_mutype,1.2457833290100098,0.9043,0.8027076125144958,,212.19,,夢現妄想世界,3.739412932191044e-06,4.228682541906892e-07,7.619085226906464e-05,0.0161316934973001,mugendai_mutype,212.19,,5.19,141,夢現妄想世界,mugendai_mutype,212.19,,0.767107,141.0,夢現妄想世界,0.9962950348854064,0.8809925317764282,0.9997676014900208,0.1316417902708053,mugendai_mutype,,,,,,,0.59,,-15.69,5.0,夢現妄想世界,mugendai_mutype,212.18666666666667,,423,夢現妄想世界,0.0554657094180583,0.0108437445014715,0.1738284677267074,0.0697135999798774,,22,0.0440178415999825,fast
257,mugendai_mutype,やわやわNERD 超FreQuency,mugendai_mutype,462.0,0.41,135.99917763157896,146.34146341463537,187.32,,15.0,False,やわやわNERD 超FreQuency,mugendai_mutype,187.6,,F#,F#,0.47,False,minor,minor,False,True,やわやわNERD 超FreQuency,mugendai_mutype,minor,やわやわNERD 超FreQuency,mugendai_mutype,187.6,,0.87,3.8165149688720703,-10.350026969034296,0,やわやわNERD 超FreQuency,-10.585302352905272,-12.735011100769045,-8.918496131896973,5.572882175445557,7.08105993270874,6.245744705200195,7.842580795288086,0.6674723029136658,mugendai_mutype,187.6,,125,やわやわNERD 超FreQuency,mugendai_mutype,187.6,,4.84,125,やわやわNERD 超FreQuency,5.3625,4.5547,6.1721,0.6505,mugendai_mutype,1.0366697311401367,0.2401,0.9646273851394652,,187.6,,やわやわNERD 超FreQuency,1.4830829059064854e-05,9.191599019686693e-07,0.0007360990275628,0.0493948981165885,mugendai_mutype,187.6,,4.77,125,やわやわNERD 超FreQuency,mugendai_mutype,187.6,,0.650336,125.0,やわやわNERD 超FreQuency,0.9996095299720764,0.9807904362678528,0.9999950528144836,0.075436882674694,mugendai_mutype,0.0012681894004344,0.0005646168719977,0.0042834053747355,0.0049935835413634,187.6,,0.63,94.0,-20.13,5.0,やわやわNERD 超FreQuency,mugendai_mutype,187.6000453514739,,374,やわやわNERD 超FreQuency,0.095168262720108,0.0132721411064267,0.2590737044811249,0.0912718102335929,,24,0.1084221387186371,medium
258,mugendai_mutype,超惑星Xへの旅,mugendai_mutype,394.0,0.44,135.99917763157896,136.36363636363706,173.27,,13.88,False,超惑星Xへの旅,mugendai_mutype,173.63,,F#,F#,1.0,False,minor,minor,False,False,超惑星Xへの旅,mugendai_mutype,minor,超惑星Xへの旅,mugendai_mutype,173.63,,0.77,5.971120834350586,-10.907215406621653,0,超惑星Xへの旅,-11.393990516662598,-14.574487686157228,-8.60336685180664,2.386871337890625,6.846338272094727,5.629169464111328,7.648006439208984,0.7737516760826111,mugendai_mutype,173.6266875,,115,超惑星Xへの旅,mugendai_mutype,173.63,,4.0,115,超惑星Xへの旅,5.5486,4.7167,6.567,0.6912,mugendai_mutype,1.0761137008666992,0.3799,0.9292697310447692,,173.63,,超惑星Xへの旅,3.458379069343209e-05,4.203736807539826e-07,0.0048944964073598,0.059676419943571,mugendai_mutype,173.63,,4.0,115,超惑星Xへの旅,mugendai_mutype,173.63,,0.722392,115.0,超惑星Xへの旅,0.9997023940086364,0.968531370162964,0.9999926686286926,0.1165548712015152,mugendai_mutype,0.0012551638064906,0.0006680272636003,0.0030921995639801,0.0032285251654684,173.63,,0.63,87.0,-21.46,5.0,超惑星Xへの旅,mugendai_mutype,173.62671201814058,,346,超惑星Xへの旅,0.0976407527923584,0.0107588525861501,0.2543744742870331,0.0991996973752975,,29,0.1413376683028392,medium
259,mugendai_mutype,これはぼくたちの生存のあらすじ,mugendai_mutype,747.0,0.31,129.19921875,193.5483870967728,234.49,,18.26,False,これはぼくたちの生存のあらすじ,mugendai_mutype,234.77,,Ab,G#,0.391,True,major,major,False,False,これはぼくたちの生存のあらすじ,mugendai_mutype,major,これはぼくたちの生存のあらすじ,mugendai_mutype,234.77,,1.06,2.6600027084350586,-9.756006460737304,0,これはぼくたちの生存のあらすじ,-9.519211769104004,-11.59964370727539,-8.939640998840332,3.90458607673645,6.990171432495117,6.2517595291137695,7.449739456176758,0.5246539115905762,mugendai_mutype,234.766625,,156,これはぼくたちの生存のあらすじ,mugendai_mutype,234.77,,6.22,156,これはぼくたちの生存のあらすじ,5.3526,4.6147,6.0524,0.5535,mugendai_mutype,1.0777322053909302,0.3891,0.9278743267059326,,234.77,,これはぼくたちの生存のあらすじ,2.611415584397037e-05,1.7073404023904004e-06,0.000332886877004,0.000461105548311,mugendai_mutype,234.77,,6.26,156,これはぼくたちの生存のあらすじ,mugendai_mutype,234.77,,0.680077,156.0,これはぼくたちの生存のあらすじ,0.9997918605804444,0.9848598837852478,0.999995231628418,0.0734421387314796,mugendai_mutype,0.0009676226763986,0.0004599295498337,0.0016787437489256,0.0024039349518716,234.77,,1.1,118.0,-18.48,5.0,これはぼくたちの生存のあらすじ,mugendai_mutype,234.76666666666668,,468,これはぼくたちの生存のあらすじ,0.0810664147138595,0.0145524544641375,0.2234787493944168,0.0880025997757911,,31,0.1547067873503134,fast
260,mygo,迷星叫,mygo,669.0,0.32,117.45383522727272,187.500000000004,211.19,,16.55,False,迷星叫,mygo,211.37,,Ab,G#,0.651,True,major,major,False,False,迷星叫,mygo,major,迷星叫,mygo,211.37,,1.64,3.695164203643799,-8.85930566065134,0,迷星叫,-8.586535453796387,-11.59472370147705,-7.899559497833252,4.311453342437744,7.029773235321045,5.298239707946777,7.475986957550049,0.9616795778274536,mygo,211.3733125,,141,迷星叫,mygo,211.37,,5.39,141,迷星叫,5.31,4.4689,6.0758,0.6542,mygo,1.022209644317627,0.1869,0.9782729148864746,,211.37,,迷星叫,6.278631190070882e-05,3.2791219837235985e-06,0.1189604252576828,0.1674959659576416,mygo,211.37,,5.63,141,迷星叫,mygo,211.37,,0.786882,141.0,迷星叫,0.99070543050766,0.4868737459182739,0.9998936653137208,0.2585414052009582,mygo,0.0007597797084599,0.0004477828624658,0.0015366594307124,0.0004290242504794,211.37,,1.01,106.0,-17.48,5.0,迷星叫,mygo,211.3733333333333,,421,迷星叫,0.073847085237503,0.005217729602009,0.237310916185379,0.0982391238212585,,20,0.0905506665633738,fast
261,mygo,壱雫空,mygo,546.0,0.3,184.5703125,200.0000000000019,188.95,,15.17,False,壱雫空,mygo,189.59,,F#,C#,0.365,True,major,major,False,True,壱雫空,mygo,major,壱雫空,mygo,189.59,,0.86,2.192392349243164,-8.4868992644665,0,壱雫空,-8.42587947845459,-9.770569801330566,-7.578177452087402,4.348106861114502,7.039892196655273,6.333748817443848,7.72618293762207,0.5818772315979004,mygo,189.586625,,126,壱雫空,mygo,189.59,,5.11,126,壱雫空,5.2434,4.6795,6.0459,0.5904,mygo,1.0813897848129272,0.4088,0.9247359037399292,,189.59,,壱雫空,5.003251862945035e-05,2.160765689041e-06,0.0129896849393844,0.1230108514428138,mygo,189.59,,4.87,126,壱雫空,mygo,189.59,,0.648097,126.0,壱雫空,0.9966025352478028,0.725939154624939,0.9998583197593688,0.1934218108654022,mygo,0.0007002709899097,0.000407618965255,0.001152447424829,0.0003700206871144,189.59,,0.88,95.0,-15.8,5.0,壱雫空,mygo,189.58666666666667,,378,壱雫空,0.0944522768259048,0.0127659076824784,0.2945694029331207,0.1170708760619163,,18,0.1050706685299303,fast
262,mygo,碧天伴走,mygo,700.0,0.31,129.19921875,193.5483870967728,218.58,,16.93,False,碧天伴走,mygo,218.87,,C#,C#,0.616,False,major,major,False,False,碧天伴走,mygo,major,碧天伴走,mygo,218.87,,1.0,1.3840703964233398,-8.654164587473796,0,碧天伴走,-8.517171859741211,-9.500653266906738,-8.116582870483398,0.7754073143005371,6.938835144042969,6.20582389831543,7.47565746307373,0.5792563557624817,mygo,218.866625,,146,碧天伴走,mygo,218.87,,5.8,146,碧天伴走,5.3707,4.6563,5.9718,0.5042,mygo,1.1829512119293213,0.807,0.8453434705734253,,218.87,,碧天伴走,5.25764116900973e-05,2.936126293207053e-06,0.0018759934464469,0.0150326127186417,mygo,218.87,,6.12,146,碧天伴走,mygo,218.87,,0.652321,146.0,碧天伴走,0.9948562383651732,0.8272317051887512,0.9995334148406982,0.14323191344738,mygo,0.0006968269590288,0.0004337229183875,0.001205037231557,0.0003443991299718,218.87,,1.02,110.0,-14.93,5.0,碧天伴走,mygo,218.86666666666667,,436,碧天伴走,0.0721445381641388,0.0092125684022903,0.2683533430099487,0.1109025478363037,,42,0.3386536381878582,fast
263,mygo,影色舞,mygo,580.0,0.36,107.666015625,166.66666666666694,209.15,,16.38,False,影色舞,mygo,209.45,,Bb,A#,0.582,True,minor,minor,False,True,影色舞,mygo,minor,影色舞,mygo,209.45,,2.07,1.8210687637329104,-10.088165345243397,0,影色舞,-9.97806167602539,-11.126322746276855,-9.305253982543944,3.808139801025391,7.319878101348877,6.591920852661133,7.840789794921875,0.5846741795539856,mygo,209.4533125,,139,影色舞,mygo,209.45,,5.45,139,影色舞,6.0287,5.2082,6.6699,0.5969,mygo,1.3028714656829834,0.959,0.7675355076789856,,209.45,,影色舞,9.787543240236118e-05,1.6565086298214735e-06,0.0089206844568252,0.0747086107730865,mygo,209.45,,5.61,139,影色舞,mygo,209.45,,0.797239,139.0,影色舞,0.9984259605407716,0.8739199042320251,0.9999616742134094,0.1615867465734481,mygo,0.0006467980565503,0.0004078787751495,0.0011739234905689,0.0003153334837406,209.45,,0.96,105.0,-17.4,5.0,影色舞,mygo,209.4533333333333,,417,影色舞,0.0628828704357147,0.0119075113907456,0.2032561302185058,0.0805139169096946,,29,0.193169482229637,fast
264,mygo,歌いましょう鳴らしましょう,mygo,653.0,0.27,112.34714673913044,222.22222222222257,176.31,,13.64,False,歌いましょう鳴らしましょう,mygo,176.49,,A,E,0.57,True,minor,minor,False,True,歌いましょう鳴らしましょう,mygo,minor,歌いましょう鳴らしましょう,mygo,176.49,,1.34,1.5278453826904297,-8.710680396666413,0,歌いましょう鳴らしましょう,-8.851276397705078,-9.471317291259766,-7.943471908569336,1.0139577388763428,7.216568946838379,6.551109790802002,7.924153804779053,0.525728166103363,mygo,176.4933125,,117,歌いましょう鳴らしましょう,mygo,176.49,,4.67,117,歌いましょう鳴らしましょう,5.7806,5.1184,6.5163,0.5259,mygo,1.179202914237976,0.7918,0.8480304479598999,,176.49,,歌いましょう鳴らしましょう,1.182600772153819e-05,5.455180129843029e-08,0.00124791811686,0.0104802334681153,mygo,176.49,,4.85,117,歌いましょう鳴らしましょう,mygo,176.49,,0.838857,117.0,歌いましょう鳴らしましょう,0.981781840324402,0.3968251943588257,0.9995304346084596,0.2506066560745239,mygo,0.0007416920852847,0.0004816257569473,0.0014121544081717,0.0003629305574577,176.49,,0.83,89.0,-15.92,5.0,歌いましょう鳴らしましょう,mygo,176.49333333333334,,351,歌いましょう鳴らしましょう,0.05886822193861,0.0125012006610631,0.2259063422679901,0.0940819010138511,,31,0.1760972614411164,boost
265,mygo,潜在表明,mygo,590.0,0.44,129.19921875,136.36363636363487,261.67,,19.63,False,潜在表明,mygo,262.12,,B,B,0.392,False,minor,minor,False,True,潜在表明,mygo,minor,潜在表明,mygo,262.12,,2.2,4.413242340087891,-10.75169762809121,0,潜在表明,-10.583446502685549,-13.684260368347168,-9.271018028259276,2.2954280376434326,6.601536273956299,5.672819137573242,7.557811260223389,0.7067280411720276,mygo,262.12,,175,潜在表明,mygo,262.12,,7.31,175,潜在表明,5.517,4.4674,6.2121,0.7149,mygo,1.1195287704467771,0.579,0.8932330012321472,,262.12,,潜在表明,0.0001892845029942,1.0346009730710648e-05,0.0041859070770442,0.0110510597005486,mygo,262.12,,6.79,175,潜在表明,mygo,262.12,,0.709056,175.0,潜在表明,0.9866486191749572,0.6107922792434692,0.9998055696487428,0.2490436881780624,mygo,,,,,,,1.22,,-20.14,5.0,潜在表明,mygo,262.12,,523,潜在表明,0.0815594643354415,0.0135030066594481,0.268961101770401,0.1042824387550354,,28,0.2781931939569662,medium
266,mygo,音一会,mygo,936.0,0.3,161.4990234375,199.99999999999952,282.01,,22.13,False,音一会,mygo,282.01,,Ab,F,0.434,True,major,minor,False,False,音一会,mygo,minor,音一会,mygo,282.01,,1.4,1.7010760307312012,-8.537541226297554,0,音一会,-8.420287132263184,-9.598774909973145,-7.897698879241943,1.8054172992706297,6.9554853439331055,6.268409729003906,7.536852836608887,0.7464730739593506,mygo,282.0133125,,188,音一会,mygo,282.01,,7.83,188,音一会,5.5716,4.8431,6.3554,0.6317,mygo,1.173139214515686,0.7781,0.8524137139320374,,282.01,,音一会,0.0007169542368501,8.824734322843142e-06,0.0292818304151296,0.1271468997001648,mygo,282.01,,7.46,188,音一会,mygo,282.01,,0.75043,188.0,音一会,0.9520218968391418,0.1949407756328582,0.9987303614616394,0.3157534897327423,mygo,,,,,,,1.31,,-15.23,5.0,音一会,mygo,282.0133333333333,,563,音一会,0.0633871480822563,0.0093354592099785,0.2486004084348678,0.0978508219122886,,34,0.1794241141931653,fast
267,mygo,春日影 (MyGO!!!!! ver.),mygo,829.0,0.31,184.5703125,193.5483870967728,256.32,,20.11,False,春日影 (MyGO!!!!! ver.),mygo,256.61,,B,B,0.643,False,major,major,False,False,春日影 (MyGO!!!!! ver.),mygo,major,春日影 (MyGO!!!!! ver.),mygo,256.61,,1.91,4.400923728942871,-9.50928168066246,0,春日影 (MyGO!!!!! ver.),-9.341289520263672,-12.705936431884766,-8.305012702941895,3.002402067184448,6.361649990081787,5.010443210601807,6.9284281730651855,0.7788007259368896,mygo,256.6133125,,171,春日影 (MyGO!!!!! ver.),mygo,256.61,,7.57,171,春日影 (MyGO!!!!! ver.),4.9999,4.2174,5.8426,0.6042,mygo,1.0381100177764893,0.2447,0.963288962841034,,256.61,,春日影 (MyGO!!!!! ver.),0.138158768415451,0.0109779564663767,0.8327051401138306,0.3283987045288086,mygo,256.61,,7.56,171,春日影 (MyGO!!!!! ver.),mygo,256.61,,0.76623,171.0,春日影 (MyGO!!!!! ver.),0.9989932179450988,0.8638032078742981,0.99993634223938,0.1734934896230697,mygo,0.0007031297427602,0.0004175991925876,0.0012761575635522,0.000397458235966,256.61,,1.19,129.0,-18.37,5.0,春日影 (MyGO!!!!! ver.),mygo,256.61333333333334,,512,春日影 (MyGO!!!!! ver.),0.0728325843811035,0.0110327079892158,0.3085161447525024,0.1216111108660698,,41,0.1847136767520399,fast
268,mygo,詩超絆,mygo,612.0,0.32,107.666015625,187.49999999999983,236.34,,18.72,True,詩超絆,mygo,237.2,,F,C,0.713,True,major,major,False,False,詩超絆,mygo,major,詩超絆,mygo,237.2,,1.25,9.082263946533203,-9.400928408248788,0,詩超絆,-9.214855194091797,-17.11581802368164,-8.033554077148438,5.833049774169922,6.826330661773682,4.557543754577637,7.581597805023193,1.1263312101364136,mygo,237.2,,158,詩超絆,mygo,237.2,,6.72,158,詩超絆,4.8639,4.1105,5.7643,0.6136,mygo,1.0656262636184692,0.345,0.938415229320526,,237.2,,詩超絆,2.1137195290066305e-05,4.78380854929128e-07,0.5684236288070679,0.2607812583446502,mygo,237.2,,6.88,158,詩超絆,mygo,237.2,,0.837066,158.0,詩超絆,0.9259929656982422,0.1402553915977478,0.99848473072052,0.3215198218822479,mygo,0.0006180866039358,0.0003482089960016,0.0012410633498802,0.0008251959225162,237.2,,1.12,119.0,-24.36,5.0,詩超絆,mygo,237.2,,473,詩超絆,0.0726977586746215,0.0098826941102743,0.234033927321434,0.1017983481287956,,31,0.2038785834738616,fast
269,mygo,迷路日々,mygo,558.0,0.45,129.19921875,133.33333333332828,215.27,,17.32,True,迷路日々,mygo,215.45,,D,E,0.394,True,major,minor,False,True,迷路日々,mygo,minor,迷路日々,mygo,215.45,,1.16,3.2787909507751465,-7.932995250376081,0,迷路日々,-7.723538875579834,-10.141520500183104,-6.862729549407959,2.8236632347106934,7.209354877471924,6.066616058349609,7.80836820602417,0.7360305786132812,mygo,215.4533125,,143,迷路日々,mygo,215.45,,6.7,143,迷路日々,5.3722,4.7463,5.9753,0.4791,mygo,0.9491923451423644,0.0426,1.0535272359848022,,215.45,,迷路日々,0.0001145735877798,5.306389084580587e-06,0.0154233006760478,0.0924835875630378,mygo,215.45,,6.27,143,迷路日々,mygo,215.45,,0.778281,143.0,迷路日々,0.995016872882843,0.7964565753936768,0.9998112320899964,0.1674737483263015,mygo,0.0006052437820471,0.0003500093589536,0.000900162209291,0.0002196811983594,215.45,,1.01,108.0,-15.31,5.0,迷路日々,mygo,215.4533333333333,,429,迷路日々,0.0505174100399017,0.0032691583037376,0.2277295291423797,0.0891493186354637,,28,0.0680425637333366,medium
270,mygo,無路矢,mygo,446.0,0.5,234.90767045454547,120.0,222.58,,17.27,False,無路矢,mygo,222.93,,E,B,0.588,True,minor,minor,False,True,無路矢,mygo,minor,無路矢,mygo,222.93,,1.23,1.4369258880615234,-7.817507582394393,0,無路矢,-7.659852981567383,-8.692290306091309,-7.255364418029785,1.7926899194717407,7.036323547363281,6.405773162841797,7.606442928314209,0.517356276512146,mygo,222.9333125,,148,無路矢,mygo,222.93,,6.28,148,無路矢,5.116,4.6845,5.646,0.3841,mygo,0.9810593724250792,0.0927,1.0193063020706177,,222.93,,無路矢,0.0008878789376467,3.823108636424877e-05,0.0214279908686876,0.0278348829597234,mygo,222.93,,6.5,148,無路矢,mygo,222.93,,0.799783,148.0,無路矢,0.9980547428131104,0.9224881529808044,0.9999739527702332,0.1251506954431533,mygo,0.0006489485967904,0.000435948051745,0.0011616583215072,0.0003038277791347,222.93,,1.04,112.0,-13.48,5.0,無路矢,mygo,222.9333333333333,,444,無路矢,0.0383364185690879,0.0067067854106426,0.1701075285673141,0.0793587490916252,,19,0.0,medium
271,mygo,名無声,mygo,860.0,0.32,184.5703125,187.500000000004,271.65,,22.35,False,名無声,mygo,271.65,,F#,F#,0.589,False,major,major,False,True,名無声,mygo,major,名無声,mygo,271.65,,1.67,2.2586050033569336,-9.266305583485236,0,名無声,-9.09701442718506,-10.90330696105957,-8.644701957702637,3.159792423248291,6.843069553375244,5.696836471557617,7.481698513031006,0.7896831631660461,mygo,271.6533125,,181,名無声,mygo,271.65,,7.91,181,名無声,5.2237,4.6496,6.0217,0.5428,mygo,1.047763705253601,0.269,0.9544137120246888,,271.65,,名無声,0.0001004380756057,6.328845302050468e-06,0.166936919093132,0.1956757456064224,mygo,271.65,,8.16,181,名無声,mygo,271.65,,0.823741,181.0,名無声,0.9847455620765686,0.7622213959693909,0.9998180270195008,0.1746309548616409,mygo,0.0008818042697384,0.0005427692085504,0.0017568491166457,0.0005352006410248,271.65,,1.33,136.0,-15.45,5.0,名無声,mygo,271.6533333333333,,542,名無声,0.0556972920894622,0.0056656184606254,0.2121990025043487,0.0927369520068168,,26,0.0658927944480718,fast
272,mygo,栞,mygo,387.0,0.68,95.703125,88.23529411764618,265.58,,21.49,False,栞,mygo,266.41,,D,D,0.77,False,major,major,False,False,栞,mygo,major,栞,mygo,266.41,,1.7,3.6590871810913086,-9.818614932184666,0,栞,-9.526540756225586,-12.339803695678713,-8.680716514587402,3.1924080848693848,5.732477188110352,4.466265201568604,6.384027481079102,0.7521330714225769,mygo,266.4133125,,178,栞,mygo,266.41,,7.64,178,栞,5.6336,4.719,6.385,0.6296,mygo,1.0003679990768433,0.1292,0.999631941318512,,266.41,,栞,0.4662819504737854,0.0611391961574554,0.9457824230194092,0.3482576310634613,mygo,266.41,,6.96,178,栞,mygo,266.41,,0.748166,178.0,栞,0.9997698664665222,0.8974938988685608,0.9999995827674866,0.1854378283023834,mygo,0.0007688282057642,0.0004426466475706,0.00124166556634,0.0003075349377468,266.41,,1.33,134.0,-18.71,5.0,栞,mygo,266.41333333333336,,531,栞,0.0724829286336898,0.0084762228652834,0.2327029109001159,0.0964373797178268,,49,0.3110954921088325,slow
273,mygo,歩拾道,mygo,564.0,0.46,129.19921875,130.43478260869338,260.27,,20.51,False,歩拾道,mygo,260.28,,G,E,0.973,False,major,minor,False,False,歩拾道,mygo,minor,歩拾道,mygo,260.28,,1.68,2.109503746032715,-8.89466931965433,0,歩拾道,-8.797378540039062,-10.14035415649414,-8.030850410461426,1.6020289659500122,7.163270950317383,6.320069313049316,7.571279525756836,0.5734440088272095,mygo,260.2790625,,173,歩拾道,mygo,260.28,,7.27,173,歩拾道,5.273,4.7718,5.8396,0.489,mygo,1.2588303089141846,0.9149,0.7943882942199707,,260.28,,歩拾道,0.0021193246357142,3.5026932891923934e-05,0.0299779456108808,0.0279421433806419,mygo,260.28,,7.56,173,歩拾道,mygo,260.28,,0.757878,173.0,歩拾道,0.999936580657959,0.985821545124054,0.9999947547912598,0.0774096176028251,mygo,,,,,,,1.27,,-15.36,5.0,歩拾道,mygo,260.2790929705216,,519,歩拾道,0.0664170682430267,0.0099432067945599,0.2330335527658462,0.0931833758950233,,21,0.1262490797139417,medium
274,mygo,明弦音,mygo,753.0,0.32,184.5703125,187.49999999999568,243.73,,19.03,False,明弦音,mygo,243.92,,E,B,0.308,True,minor,major,False,False,明弦音,mygo,major,明弦音,mygo,243.92,,1.58,1.6643948554992676,-7.940377886879044,0,明弦音,-8.073320388793945,-8.760695457458496,-7.0963006019592285,3.874351501464844,7.347641944885254,6.325247287750244,7.942756652832031,0.6488522887229919,mygo,243.9190625,,162,明弦音,mygo,243.92,,6.62,162,明弦音,5.2191,4.5025,5.772,0.4989,mygo,1.099307417869568,0.4878,0.9096636772155762,,243.92,,明弦音,0.0001341611205134,4.120262474316405e-06,0.0030754739418625,0.010695825330913,mygo,243.92,,6.96,162,明弦音,mygo,243.92,,0.785163,162.0,明弦音,0.999743402004242,0.8961590528488159,0.9999862909317015,0.1353032141923904,mygo,0.0005714892758987,0.0003533533017616,0.0010045105591416,0.0003475580306258,243.92,,1.21,122.0,-13.78,5.0,明弦音,mygo,243.91909297052155,,486,明弦音,0.0474528968334198,0.0053264647722244,0.2243264019489288,0.0950481966137886,,33,0.1056087750396776,fast
275,mygo,孤壊牢,mygo,655.0,0.33,112.34714673913044,181.81818181818275,215.32,,16.87,False,孤壊牢,mygo,215.57,,E,E,0.716,False,minor,minor,False,False,孤壊牢,mygo,minor,孤壊牢,mygo,215.57,,1.39,1.844818115234375,-8.272157841152744,0,孤壊牢,-8.186823844909668,-9.49666976928711,-7.651851654052734,5.604742050170898,7.115519046783447,6.464223384857178,7.596809387207031,0.5926584601402283,mygo,215.5724375,,143,孤壊牢,mygo,215.57,,5.93,143,孤壊牢,5.0172,4.3514,5.705,0.5433,mygo,1.054905652999878,0.3024,0.9479520320892334,,215.57,,孤壊牢,2.781311923172325e-05,4.427956810104661e-07,0.001601721625775,0.066333420574665,mygo,215.57,,6.31,143,孤壊牢,mygo,215.57,,0.855005,143.0,孤壊牢,0.9899700284004213,0.7474378347396851,0.9997276067733764,0.1620567888021469,mygo,0.0006135401781648,0.0003610800195019,0.0012099299347028,0.0006219829665496,215.57,,1.03,108.0,-15.13,5.0,孤壊牢,mygo,215.57242630385488,,430,孤壊牢,0.0603027790784835,0.0089060049504041,0.2318885922431945,0.0953289046883583,,24,0.2749887726254428,fast
276,mygo,霧周途,mygo,812.0,0.27,129.19921875,222.2222222222138,221.9,,17.75,False,霧周途,mygo,222.17,,F,D,0.832,False,major,minor,False,False,霧周途,mygo,minor,霧周途,mygo,222.17,,1.49,1.325355052947998,-8.156285676848539,0,霧周途,-8.008113861083984,-8.930717468261719,-7.605362415313721,5.529798030853272,7.321592330932617,6.821676731109619,7.736717700958252,0.5263963341712952,mygo,222.1724375,,148,霧周途,mygo,222.17,,6.38,148,霧周途,5.3449,4.826,5.9002,0.4028,mygo,1.1124895811080933,0.5426,0.8988847732543945,,222.17,,霧周途,4.304538742871955e-05,2.492635985618108e-06,0.000611160765402,0.0062482208013534,mygo,222.17,,6.41,148,霧周途,mygo,222.17,,0.793032,148.0,霧周途,0.9985363483428956,0.9236502051353456,0.9998956322669984,0.1523536592721939,mygo,,,,,,,1.07,,-14.64,5.0,霧周途,mygo,222.17242630385488,,443,霧周途,0.0803821757435798,0.0067377937957644,0.292076051235199,0.1180122643709182,,30,0.0623839759601142,boost
277,mygo,端程山,mygo,784.0,0.33,86.1328125,181.8181818181749,260.77,,20.05,False,端程山,mygo,260.97,,E,C#,0.736,False,major,minor,False,False,端程山,mygo,minor,端程山,mygo,260.97,,1.69,2.2635788917541504,-8.270691651510836,0,端程山,-7.96613597869873,-9.664029121398926,-7.400450229644775,1.25855815410614,7.017414569854736,6.287957668304443,7.509174346923828,0.710322916507721,mygo,260.9733125,,174,端程山,mygo,260.97,,6.88,174,端程山,5.1283,4.6085,5.5693,0.407,mygo,1.1670397520065308,0.7538,0.8568688631057739,,260.97,,端程山,0.0001414703001501,1.467286710976623e-05,0.0058196145109832,0.198527455329895,mygo,260.97,,7.13,174,端程山,mygo,260.97,,0.823206,174.0,端程山,0.9949345588684082,0.913523018360138,0.99977308511734,0.1433237195014953,mygo,0.0006550400867126,0.0004011967685073,0.0009984283242374,0.0002920381375588,260.97,,1.55,131.0,-15.76,5.0,端程山,mygo,260.97333333333336,,520,端程山,0.0682089179754257,0.0084786769002676,0.2680571377277374,0.1123485639691352,,26,0.2048484831067537,fast
278,mygo,処救生,mygo,692.0,0.31,184.5703125,193.5483870967728,217.19,,17.57,False,処救生,mygo,217.49,,C#,F,0.49,True,major,minor,False,False,処救生,mygo,minor,処救生,mygo,217.49,,1.37,1.0835199356079102,-7.95883082020941,0,処救生,-7.932610988616943,-8.633638381958008,-7.550118446350098,0.4701650738716125,7.007364273071289,6.263275146484375,7.401296138763428,0.5597710609436035,mygo,217.4933125,,145,処救生,mygo,217.49,,5.83,145,処救生,4.9496,4.3727,5.5296,0.4895,mygo,1.1309987306594849,0.6261,0.8841743469238281,,217.49,,処救生,8.005394920473918e-05,4.896779046248412e-06,0.0072211869992315,0.0494476221501827,mygo,217.49,,5.84,145,処救生,mygo,217.49,,0.854606,145.0,処救生,0.9888368844985962,0.5755742788314819,0.9990705847740172,0.198016807436943,mygo,0.0006350578041747,0.0003665029071271,0.0012814520159736,0.0006327877636067,217.49,,1.36,109.0,-13.14,5.0,処救生,mygo,217.4933333333333,,433,処救生,0.0559507459402084,0.0077643985860049,0.2408217936754226,0.0943761467933654,,15,0.0274031335437229,fast
279,mygo,輪符雨,mygo,532.0,0.39,151.99908088235293,153.8461538461536,207.23,,16.49,False,輪符雨,mygo,207.57,,F,F,0.256,False,minor,minor,False,False,輪符雨,mygo,minor,輪符雨,mygo,207.57,,1.23,1.4337353706359863,-7.9138529102116335,0,輪符雨,-7.791558265686035,-8.82644271850586,-7.392707347869873,1.23983633518219,6.948786735534668,5.683722496032715,7.456813335418701,0.7625074982643127,mygo,207.5733125,,138,輪符雨,mygo,207.57,,5.29,138,輪符雨,4.7986,4.1866,5.6285,0.5952,mygo,1.1007634401321411,0.4985,0.9084603190422058,,207.57,,輪符雨,3.5204422601964325e-05,2.68763233179925e-06,0.0005236360011622,0.0258510205894708,mygo,207.57,,5.81,138,輪符雨,mygo,207.57,,0.886024,138.0,輪符雨,0.9974373579025269,0.7949345707893372,0.9999465942382812,0.1464976072311401,mygo,0.0007484538364224,0.0004246180178597,0.0013336082920432,0.000431786145782,207.57,,1.33,104.0,-13.93,5.0,輪符雨,mygo,207.57333333333327,,414,輪符雨,0.0691031664609909,0.0096225645393133,0.2433715611696243,0.0986675322055816,,35,0.1916430756112145,medium
280,mygo,夜隠染,mygo,373.0,0.54,107.666015625,111.11111111111276,200.38,,16.29,False,夜隠染,mygo,200.97,,Bb,A#,0.732,True,major,major,False,False,夜隠染,mygo,major,夜隠染,mygo,200.97,,1.14,3.208639621734619,-8.749890861922687,0,夜隠染,-8.57025146484375,-10.790365219116213,-7.581725597381592,4.589703559875488,6.813776016235352,5.872060775756836,7.2717204093933105,0.6416399478912354,mygo,200.9724375,,134,夜隠染,mygo,200.97,,4.72,134,夜隠染,5.0331,4.4704,5.7019,0.472,mygo,1.027604103088379,0.2006,0.9731374382972716,,200.97,,夜隠染,0.0007350732339546,1.6479996702400967e-05,0.0571311898529529,0.1022976338863372,mygo,200.97,,5.66,134,夜隠染,mygo,200.97,,0.750567,134.0,夜隠染,0.9977188110351562,0.7491565346717834,0.9999618530273438,0.1816226840019226,mygo,0.0006506879581138,0.0003606732934713,0.0012988772941753,0.0004150386666879,200.97,,1.27,101.0,-16.58,5.0,夜隠染,mygo,200.9724263038549,,400,夜隠染,0.0453075245022773,0.0055400962010025,0.2037297487258911,0.0862425789237022,,23,0.1267835545856876,medium
281,mygo,過惰幻,mygo,541.0,0.36,83.35433467741936,166.6666666666735,237.44,,18.7,False,過惰幻,mygo,237.61,,Bb,A#,0.939,True,major,major,False,False,過惰幻,mygo,major,過惰幻,mygo,237.61,,1.55,6.475470542907715,-10.818534134616096,0,過惰幻,-10.648388862609863,-15.098824501037598,-8.623353958129883,5.363840103149414,4.659223556518555,3.982184886932373,6.05360746383667,0.7605355978012085,mygo,237.6124375,,158,過惰幻,mygo,237.61,,6.42,158,過惰幻,5.1619,4.516,5.796,0.5057,mygo,1.05431866645813,0.2994,0.9484798908233644,,237.61,,過惰幻,0.8795555830001831,0.1218100562691688,0.9989542365074158,0.3328150510787964,mygo,237.61,,6.01,158,過惰幻,mygo,237.61,,0.656048,158.0,過惰幻,0.9922016859054564,0.2865267395973205,0.999974250793457,0.2925213873386383,mygo,0.0006391103961504,0.000268476025667,0.0012822441058233,0.000390291766962,237.61,,1.53,119.0,-22.36,5.0,過惰幻,mygo,237.61242630385487,,474,過惰幻,0.0517120733857154,0.0036328977439552,0.2226934134960174,0.0971688330173492,,57,0.0754169276176885,fast
282,mygo,回層浮,mygo,431.0,0.61,143.5546875,98.3606557377073,260.75,,20.55,False,回層浮,mygo,261.24,,Ab,C#,0.471,True,minor,major,False,False,回層浮,mygo,major,回層浮,mygo,261.24,,2.01,2.5123157501220703,-9.002129543424173,0,回層浮,-8.795282363891602,-10.620229721069336,-8.107913970947266,5.026382923126221,7.13503360748291,6.25037145614624,7.5779128074646,0.5851949453353882,mygo,261.24,,174,回層浮,mygo,261.24,,6.51,174,回層浮,5.4456,4.5647,6.0606,0.5775,mygo,1.077829122543335,0.3906,0.9277908205986024,,261.24,,回層浮,0.0001908165868371,4.968364464730257e-06,0.0060687619261443,0.0073941242881119,mygo,261.24,,6.37,174,回層浮,mygo,261.24,,0.823279,174.0,回層浮,0.9680604338645936,0.6840150952339172,0.9983362555503844,0.1737686991691589,mygo,0.0007276132237166,0.0003422844456508,0.0013790559023618,0.001066864002496,261.24,,1.69,131.0,-16.57,5.0,回層浮,mygo,261.24,,521,回層浮,0.0569762326776981,0.0091327773407101,0.2304180711507797,0.0896897688508033,,30,0.2514928801102434,medium
283,mygo,砂寸奏,mygo,679.0,0.33,46.142578125,181.81818181818275,223.57,,17.72,False,砂寸奏,mygo,223.6,,A,C#,0.794,True,major,minor,False,False,砂寸奏,mygo,minor,砂寸奏,mygo,223.6,,1.29,3.125932216644287,-8.480726163732594,0,砂寸奏,-8.303218841552734,-10.688521385192873,-7.562589168548584,2.029962539672852,7.325861930847168,6.654787540435791,7.920786380767822,0.5173717737197876,mygo,223.6,,149,砂寸奏,mygo,223.6,,6.02,149,砂寸奏,5.4183,4.905,6.1432,0.4809,mygo,1.09597647190094,0.4742,0.9124282598495485,,223.6,,砂寸奏,1.2868447811342776e-05,8.36548906590906e-07,0.000901534105651,0.0049457419663667,mygo,223.6,,5.93,149,砂寸奏,mygo,223.6,,0.886251,149.0,砂寸奏,0.9912564754486084,0.748703122138977,0.99958598613739,0.1655291020870208,mygo,0.0005559943965636,0.0003141459019389,0.0009592004935257,0.0003024049801751,223.6,,1.45,112.0,-17.97,5.0,砂寸奏,mygo,223.6,,446,砂寸奏,0.0483668819069862,0.0066382559016346,0.2647814154624939,0.1092112436890602,,40,0.0312164579606439,fast
284,mygo,焚音打,mygo,757.0,0.32,112.34714673913044,187.500000000004,242.45,,18.89,False,焚音打,mygo,242.92,,A,C#,0.473,True,major,minor,False,True,焚音打,mygo,minor,焚音打,mygo,242.92,,1.86,2.377891540527344,-7.87468020730253,0,焚音打,-7.816694736480713,-9.233924865722656,-6.8560333251953125,1.9142221212387085,7.248281955718994,6.513463497161865,7.817250728607178,0.7274461388587952,mygo,242.92,,162,焚音打,mygo,242.92,,7.2,162,焚音打,5.6043,4.5841,6.4436,0.7193,mygo,1.074800968170166,0.3754,0.930404782295227,,242.92,,焚音打,9.511759708402678e-05,2.099837047353504e-06,0.0037005841732025,0.1230057179927825,mygo,242.92,,6.75,162,焚音打,mygo,242.92,,0.821629,162.0,焚音打,0.9315145015716552,0.2988606989383697,0.9983428716659546,0.268754243850708,mygo,0.0007873326539993,0.0004861331835854,0.0018070935038849,0.0008189323707483,242.92,,1.58,122.0,-15.04,5.0,焚音打,mygo,242.92,,484,焚音打,0.0739535987377166,0.0131733650341629,0.2706593573093414,0.1012182831764221,,52,0.2035237938415939,fast
285,mygo,残痕字,mygo,746.0,0.34,151.99908088235293,176.47058823529235,255.06,,19.89,False,残痕字,mygo,255.07,,E,E,0.477,False,major,major,False,False,残痕字,mygo,major,残痕字,mygo,255.07,,1.3,1.4692764282226562,-8.564469041782104,0,残痕字,-8.431589126586914,-9.328261375427246,-7.85898494720459,4.028316497802734,7.177260398864746,6.40664529800415,7.624142646789551,0.5696359276771545,mygo,255.06575,,170,残痕字,mygo,255.07,,6.83,170,残痕字,5.7124,4.8845,6.167,0.5392,mygo,1.0097960233688354,0.155,0.9902989864349364,,255.07,,残痕字,3.215255856048316e-05,5.203389150665316e-07,0.001112459343858,0.0348115228116512,mygo,255.07,,7.08,170,残痕字,mygo,255.07,,0.798505,170.0,残痕字,0.9998481869697572,0.934334397315979,0.9999921321868896,0.1445536911487579,mygo,0.0005456234212033,0.0003597240720409,0.000824624497909,0.0001794131239876,255.07,,1.65,128.0,-14.63,5.0,残痕字,mygo,255.06575963718825,,509,残痕字,0.0489751771092414,0.0069505195133388,0.2284232079982757,0.0998012274503707,,24,0.3885271766869971,fast
286,mygo,掌心正銘,mygo,676.0,0.33,117.45383522727272,181.81818181818275,221.18,,17.28,False,掌心正銘,mygo,221.47,,E,E,0.625,False,major,major,False,False,掌心正銘,mygo,major,掌心正銘,mygo,221.47,,1.14,2.583059787750244,-8.642665508148637,0,掌心正銘,-8.391918182373047,-10.47732162475586,-7.894261837005615,1.4566140174865725,7.231674671173096,6.516063213348389,7.765424728393555,0.6151843070983887,mygo,221.46575,,147,掌心正銘,mygo,221.47,,6.17,147,掌心正銘,5.5255,4.6718,6.2138,0.5989,mygo,1.0832433700561523,0.4225,0.9231534600257874,,221.47,,掌心正銘,5.7247752920375206e-06,9.976375281439689e-08,0.0003129027027171,0.0241621434688568,mygo,221.47,,6.33,147,掌心正銘,mygo,221.47,,0.810267,147.0,掌心正銘,0.9995243549346924,0.9191749691963196,0.9999849200248718,0.1658889651298523,mygo,0.000549960299395,0.0003596923779696,0.0008534038788639,0.0003489711962174,221.47,,1.42,111.0,-15.38,5.0,掌心正銘,mygo,221.4657596371882,,441,掌心正銘,0.068204365670681,0.0061176880262792,0.2449857890605926,0.102563090622425,,34,0.2941311765670378,fast
287,mygo,証命讃歌,mygo,671.0,0.29,99.38401442307692,206.8965517241436,191.91,,14.41,False,証命讃歌,mygo,192.2,,F,A,0.638,True,major,minor,False,False,証命讃歌,mygo,minor,証命讃歌,mygo,192.2,,0.94,2.486423969268799,-8.519281067197053,0,証命讃歌,-8.32489013671875,-10.318854331970217,-7.832430362701416,1.2331655025482178,7.370957374572754,6.801749229431152,7.881617069244385,0.5178648233413696,mygo,192.1990625,,128,証命讃歌,mygo,192.2,,5.11,128,証命讃歌,5.8791,5.0835,6.654,0.6543,mygo,1.0779200792312622,0.3921,0.9277126789093018,,192.2,,証命讃歌,5.870715995115461e-06,1.3353593431020272e-07,0.0001380775938741,0.0008828776772134,mygo,192.2,,5.68,128,証命讃歌,mygo,192.2,,0.793924,128.0,証命讃歌,0.9995075464248656,0.8989031314849854,0.9999451637268066,0.1147666499018669,mygo,,,,,,,1.23,,-14.9,5.0,証命讃歌,mygo,192.19909297052155,,383,証命讃歌,0.0599568672478199,0.0088078025728464,0.2837153375148773,0.1162410601973533,,22,0.2758597366143056,fast
288,mygo,エガクミライ,mygo,353.0,0.68,161.4990234375,88.23529411764618,238.93,,19.28,False,エガクミライ,mygo,239.41,,Ab,G#,0.635,True,major,major,False,True,エガクミライ,mygo,major,エガクミライ,mygo,239.41,,1.16,8.231256484985352,-9.747098943276368,0,エガクミライ,-9.564334869384766,-16.638103485107422,-8.40684700012207,7.8383870124816895,6.15723180770874,4.405735015869141,6.967182636260986,0.96390563249588,mygo,239.4124375,,159,エガクミライ,mygo,239.41,,6.22,159,エガクミライ,5.4806,4.7466,6.1367,0.5343,mygo,1.115058183670044,0.5486,0.8968141674995422,,239.41,,エガクミライ,0.0478818528354167,0.0019258294487372,0.32986781001091,0.1881377100944519,mygo,239.41,,6.35,159,エガクミライ,mygo,239.41,,0.793919,159.0,エガクミライ,0.9984551668167114,0.0678819194436073,0.9999698400497437,0.3463431894779205,mygo,0.0006273441249504,0.0003323478449601,0.001005238154903,0.0005838225479237,239.41,,1.51,120.0,-21.31,5.0,エガクミライ,mygo,239.4124263038549,,477,エガクミライ,0.0564580522477626,0.006638613063842,0.2035406678915023,0.0842522829771041,,17,0.0,slow
289,mygo,静降想,mygo,435.0,0.64,123.046875,93.75000000000097,277.61,,21.89,False,静降想,mygo,278.19,,Bb,A#,0.683,True,major,major,False,False,静降想,mygo,major,静降想,mygo,278.19,,1.75,6.0973944664001465,-8.302966322731697,0,静降想,-7.906264781951904,-13.314993858337402,-7.217599391937256,5.265507221221924,6.772213935852051,5.593714714050293,7.321305751800537,0.70351243019104,mygo,278.18575,,185,静降想,mygo,278.19,,7.88,185,静降想,5.5381,4.9433,6.0577,0.441,mygo,0.904530704021454,0.0106,1.1055456399917605,,278.19,,静降想,0.00031078082975,6.170332198962569e-06,0.1688996404409408,0.2014859020709991,mygo,278.19,,7.91,185,静降想,mygo,278.19,,0.787423,185.0,静降想,0.997141659259796,0.5675470232963562,0.9999369382858276,0.254787802696228,mygo,,,,,,,1.72,,-22.79,5.0,静降想,mygo,278.1857596371882,,555,静降想,0.0527730286121368,0.0074014859274029,0.2337057590484619,0.094647042453289,,31,0.0706002934639235,medium
290,mygo,聿日箋秋,mygo,717.0,0.33,123.046875,181.81818181818275,236.07,,18.66,False,聿日箋秋,mygo,236.36,,D,A,0.61,True,major,major,False,False,聿日箋秋,mygo,major,聿日箋秋,mygo,236.36,,1.8,2.165760040283203,-8.606377558966962,0,聿日箋秋,-8.372954368591309,-10.129960060119627,-7.964200019836426,1.1652228832244873,6.913637638092041,5.841477394104004,7.37748384475708,0.6626549959182739,mygo,236.3590625,,157,聿日箋秋,mygo,236.36,,6.54,157,聿日箋秋,5.3908,4.7938,6.01,0.4943,mygo,1.1193872690200806,0.5775,0.893345832824707,,236.36,,聿日箋秋,0.0003394066297914,1.7338970792479813e-05,0.0202081501483917,0.13192018866539,mygo,236.36,,6.44,157,聿日箋秋,mygo,236.36,,0.792507,157.0,聿日箋秋,0.99943870306015,0.8184167146682739,0.9999815225601196,0.1300296187400818,mygo,0.0006873304373584,0.0003922268515452,0.0011957082897424,0.0013524417299777,236.36,,1.39,119.0,-15.5,5.0,聿日箋秋,mygo,236.3590929705216,,471,聿日箋秋,0.0635227039456367,0.0096092224121093,0.2384784072637558,0.0914091169834137,,21,0.0632935157464304,fast
291,mygo,往欄印,mygo,876.0,0.33,172.265625,181.8181818181749,297.87,,24.33,False,往欄印,mygo,298.15,,Eb,D#,0.589,True,major,major,False,True,往欄印,mygo,major,往欄印,mygo,298.15,,1.38,2.137436389923096,-7.450237344462733,0,往欄印,-7.415591716766357,-8.631658554077148,-6.494222164154053,1.7110432386398315,7.231928825378418,6.322614192962647,8.029163360595703,0.7643570303916931,mygo,298.14575,,199,往欄印,mygo,298.15,,7.26,199,往欄印,5.3119,4.2083,6.0575,0.7375,mygo,1.1508338451385498,0.7021,0.8689350485801697,,298.15,,往欄印,2.130445409420645e-06,3.79073448186773e-08,0.0001960895460797,0.0509343147277832,mygo,298.15,,7.68,199,往欄印,mygo,298.15,,0.754334,199.0,往欄印,0.9764437675476074,0.678530216217041,0.9995757937431335,0.2085749506950378,mygo,,,,,,,1.81,,-14.5,5.0,往欄印,mygo,298.14575963718823,,595,往欄印,0.0610411204397678,0.0085637662559747,0.227930948138237,0.089512676000595,,56,0.1269848457120287,fast
292,mygo,だれかの心臓になれたなら (Cover),mygo,538.0,0.41,135.99917763157896,146.34146341462522,235.88,,18.01,False,だれかの心臓になれたなら (Cover),mygo,236.37,,F,G#,0.39,True,minor,major,False,True,だれかの心臓になれたなら (Cover),mygo,major,だれかの心臓になれたなら (Cover),mygo,236.37,,1.1,11.131463050842283,-10.01848226803638,0,だれかの心臓になれたなら (Cover),-9.873923301696776,-20.472768783569336,-9.34130573272705,7.305490493774414,7.134598255157471,4.4835968017578125,7.682412147521973,1.1077369451522827,mygo,236.366625,,157,だれかの心臓になれたなら (Cover),mygo,236.37,,6.5,157,だれかの心臓になれたなら (Cover),5.6559,4.5859,6.3031,0.6439,mygo,1.1397699117660522,0.6611,0.8773699998855591,,236.37,,だれかの心臓になれたなら (Cover),0.0001299696014029,9.73987198449322e-07,0.0924781188368797,0.2223273813724517,mygo,236.37,,6.52,157,だれかの心臓になれたなら (Cover),mygo,236.37,,0.758495,157.0,だれかの心臓になれたなら (Cover),0.999816119670868,0.1242851167917251,0.9999903440475464,0.3147032558917999,mygo,0.000600803992711,0.0003737426013685,0.0009066754137165,0.0002543971058912,236.37,,1.46,119.0,-26.38,5.0,だれかの心臓になれたなら (Cover),mygo,236.36666666666667,,471,だれかの心臓になれたなら (Cover),0.0756921544671058,0.0157838258892297,0.2272249907255172,0.0867984145879745,,22,0.2755041359201684,medium
293,mygo,遥か彼方 (Cover),mygo,653.0,0.35,172.265625,171.4285714285742,248.76,,18.9,False,遥か彼方 (Cover),mygo,249.23,,A,A,0.643,False,major,major,False,True,遥か彼方 (Cover),mygo,major,遥か彼方 (Cover),mygo,249.23,,1.15,3.0380544662475586,-10.521048060454234,0,遥か彼方 (Cover),-10.35250473022461,-12.546485900878906,-9.508431434631348,6.268567562103272,6.860711097717285,6.030946254730225,7.810227870941162,0.7224500179290771,mygo,249.2333125,,166,遥か彼方 (Cover),mygo,249.23,,6.52,166,遥か彼方 (Cover),5.4196,4.6727,6.3679,0.6339,mygo,1.0091713666915894,0.152,0.9909120798110962,,249.23,,遥か彼方 (Cover),0.0003217491612304,2.107688123942353e-05,0.0066649718210101,0.0075836405158042,mygo,249.23,,6.65,166,遥か彼方 (Cover),mygo,249.23,,0.802886,166.0,遥か彼方 (Cover),0.995559811592102,0.7797240614891052,0.9999253749847412,0.1568290442228317,mygo,0.0005757743492722,0.0002767149999272,0.0010331609519198,0.0003656970511656,249.23,,1.48,125.0,-18.23,5.0,遥か彼方 (Cover),mygo,249.2333333333333,,497,遥か彼方 (Cover),0.0495966747403144,0.0041799102909862,0.2386094182729721,0.1054305136203765,,39,0.1069680174254352,fast
294,mygo,雑踏、僕らの街 (Cover),mygo,542.0,0.35,83.35433467741936,171.42857142857247,187.95,,14.55,False,雑踏、僕らの街 (Cover),mygo,188.23,,E,E,0.854,False,minor,minor,False,False,雑踏、僕らの街 (Cover),mygo,minor,雑踏、僕らの街 (Cover),mygo,188.23,,1.52,3.958444595336914,-10.412601615544888,0,雑踏、僕らの街 (Cover),-10.173160552978516,-13.510213851928713,-9.551769256591797,7.020449161529541,6.863212585449219,5.833591938018799,7.474924564361572,0.7196152806282043,mygo,188.2333125,,125,雑踏、僕らの街 (Cover),mygo,188.23,,5.39,125,雑踏、僕らの街 (Cover),5.7576,5.1714,6.3975,0.5033,mygo,0.9992475509643556,0.1277,1.0007529258728027,,188.23,,雑踏、僕らの街 (Cover),0.0002461399126332,1.004851765173953e-05,0.0076536233536899,0.1324038952589035,mygo,188.23,,5.33,125,雑踏、僕らの街 (Cover),mygo,188.23,,0.838685,125.0,雑踏、僕らの街 (Cover),0.9981548190116882,0.8282756805419922,0.999962031841278,0.1392694562673568,mygo,,,,,,,1.18,,-22.23,5.0,雑踏、僕らの街 (Cover),mygo,188.2333333333333,,375,雑踏、僕らの街 (Cover),0.079586736857891,0.0126051949337124,0.2241692543029785,0.0881971269845962,,28,0.3686912589226006,fast
295,mygo,過去を喰らう (Cover),mygo,749.0,0.32,172.265625,187.49999999999983,240.32,,18.6,False,過去を喰らう (Cover),mygo,240.48,,Eb,D#,0.538,True,major,major,False,True,過去を喰らう (Cover),mygo,major,過去を喰らう (Cover),mygo,240.48,,1.22,1.9061813354492188,-9.11605504569268,0,過去を喰らう (Cover),-8.95702838897705,-10.482831954956056,-8.576650619506836,0.9021095037460328,7.123282432556152,6.040421009063721,7.57889461517334,0.6071135997772217,mygo,240.48,,160,過去を喰らう (Cover),mygo,240.48,,6.59,160,過去を喰らう (Cover),5.8409,5.1209,6.4824,0.5365,mygo,1.4565962553024292,0.997,0.6865320205688477,,240.48,,過去を喰らう (Cover),2.886581023631152e-05,8.214827857955243e-07,0.0009089927771128,0.0210598055273294,mygo,240.48,,7.3,160,過去を喰らう (Cover),mygo,240.48,,0.833478,160.0,過去を喰らう (Cover),0.9978369474411012,0.6509972214698792,0.9999622702598572,0.18473681807518,mygo,0.0006155329174362,0.0003747563168872,0.0012706409906968,0.000361025420716,240.48,,1.17,121.0,-15.94,5.0,過去を喰らう (Cover),mygo,240.48,,479,過去を喰らう (Cover),0.0519165620207786,0.0105476230382919,0.2071399241685867,0.0939254984259605,,15,0.1660013306719893,fast
296,mygo,君の神様になりたい。 (Cover),mygo,406.0,0.61,198.76802884615384,98.36065573770492,248.73,,19.5,False,君の神様になりたい。 (Cover),mygo,249.33,,D,D,0.398,False,major,major,False,False,君の神様になりたい。 (Cover),mygo,major,君の神様になりたい。 (Cover),mygo,249.33,,1.41,2.186882972717285,-8.901490347607048,0,君の神様になりたい。 (Cover),-8.856497764587402,-10.28232765197754,-8.095444679260254,2.5849833488464355,6.941728591918945,6.419136047363281,7.332419395446777,0.4485096335411072,mygo,249.3333125,,166,君の神様になりたい。 (Cover),mygo,249.33,,6.79,166,君の神様になりたい。 (Cover),5.6081,4.9245,6.1096,0.4458,mygo,1.252307653427124,0.9103,0.7985258102416992,,249.33,,君の神様になりたい。 (Cover),0.000118786265375,9.922832759912126e-06,0.0025454089045524,0.0062211928889155,mygo,249.33,,7.25,166,君の神様になりたい。 (Cover),mygo,249.33,,0.83294,166.0,君の神様になりたい。 (Cover),0.9888867139816284,0.8760268688201904,0.9991129636764526,0.1159799024462699,mygo,0.0005103794974274,0.0003383784205652,0.0010248476173728,0.0004019578336738,249.33,,1.2,125.0,-16.33,5.0,君の神様になりたい。 (Cover),mygo,249.3333333333333,,497,君の神様になりたい。 (Cover),0.0848561152815818,0.0165156554430723,0.2664794623851776,0.1092242896556854,,26,0.5306148845897587,medium
297,mygo,ノンブレス・オブリージュ (Cover),mygo,510.0,0.41,143.5546875,146.34146341463537,206.82,,17.11,False,ノンブレス・オブリージュ (Cover),mygo,207.25,,C,C,0.745,False,major,major,False,False,ノンブレス・オブリージュ (Cover),mygo,major,ノンブレス・オブリージュ (Cover),mygo,207.25,,1.09,5.019399642944336,-9.916096476184196,0,ノンブレス・オブリージュ (Cover),-9.368456840515137,-13.831003189086914,-8.811603546142578,2.978090763092041,6.757370471954346,4.844644546508789,7.29105806350708,0.9559832215309144,mygo,207.2533125,,138,ノンブレス・オブリージュ (Cover),mygo,207.25,,5.53,138,ノンブレス・オブリージュ (Cover),5.3574,4.7312,6.0453,0.5579,mygo,1.2875187397003174,0.9453,0.7766876816749573,,207.25,,ノンブレス・オブリージュ (Cover),0.0018473814707249,0.0001249195338459,0.6934565305709839,0.2661177515983581,mygo,207.25,,5.68,138,ノンブレス・オブリージュ (Cover),mygo,207.25,,0.717709,138.0,ノンブレス・オブリージュ (Cover),0.9990382194519044,0.919944703578949,0.999975323677063,0.1544806808233261,mygo,0.0006367024616338,0.0003334165958222,0.0011319404002279,0.0004039566265419,207.25,,1.38,104.0,-21.06,5.0,ノンブレス・オブリージュ (Cover),mygo,207.25333333333333,,413,ノンブレス・オブリージュ (Cover),0.0805229693651199,0.0157971493899822,0.1955001503229141,0.0713886469602584,,20,0.1802624444595896,medium
298,mygo,swim (Cover),mygo,679.0,0.31,123.046875,193.5483870967728,209.33,,17.5,False,swim (Cover),mygo,209.55,,E,E,0.691,False,major,major,False,False,swim (Cover),mygo,major,swim (Cover),mygo,209.55,,1.06,1.7208595275878906,-7.929349787268625,0,swim (Cover),-7.80296516418457,-9.068513870239258,-7.347654342651367,3.668771743774414,7.127256870269775,6.5095534324646,7.717646598815918,0.6209270358085632,mygo,209.546625,,139,swim (Cover),mygo,209.55,,5.6,139,swim (Cover),5.0393,4.3848,5.8728,0.5709,mygo,1.1210319995880127,0.5836,0.8920351266860962,,209.55,,swim (Cover),2.301430413353956e-06,1.0562667540625625e-07,0.0003729108138941,0.0598916336894035,mygo,209.55,,6.07,139,swim (Cover),mygo,209.55,,0.861236,139.0,swim (Cover),0.9987550973892212,0.9286946058273317,0.9999794960021972,0.1867790669202804,mygo,0.0006180516793392,0.000384076120099,0.0009856416145339,0.0002772499865386,209.55,,1.34,105.0,-13.83,5.0,swim (Cover),mygo,209.54666666666665,,418,swim (Cover),0.0634687840938568,0.006237362511456,0.295408695936203,0.1164044365286827,,37,0.2018643220022268,fast
299,mygo,猛独が襲う (Cover),mygo,664.0,0.38,151.99908088235293,157.89473684210125,254.31,,21.27,False,猛独が襲う (Cover),mygo,254.32,,E,B,0.716,True,major,major,False,False,猛独が襲う (Cover),mygo,major,猛独が襲う (Cover),mygo,254.32,,1.36,3.043956756591797,-7.387556398413712,0,猛独が襲う (Cover),-6.94566011428833,-9.566762924194336,-6.522806167602539,5.0404815673828125,7.6255974769592285,6.976121425628662,8.191243171691895,0.6098386645317078,mygo,254.32,,169,猛独が襲う (Cover),mygo,254.32,,6.62,169,猛独が襲う (Cover),5.3014,4.8018,6.0307,0.5005,mygo,0.97063410282135,0.0836,1.0302542448043823,,254.32,,猛独が襲う (Cover),3.2302611998602515e-06,5.266013545224268e-07,0.0001455604069633,0.0137707516551017,mygo,254.32,,6.63,169,猛独が襲う (Cover),mygo,254.32,,0.913353,169.0,猛独が襲う (Cover),0.9991694688796996,0.9781084656715392,0.9999679327011108,0.1303642988204956,mygo,0.0004534420440904,0.0002970930363517,0.0008453518967144,0.0002570090291555,254.32,,1.66,128.0,-16.1,5.0,猛独が襲う (Cover),mygo,254.32,,507,猛独が襲う (Cover),0.0688075199723243,0.0100876316428184,0.239587053656578,0.0974063947796821,,16,0.1833910034602076,medium
300,mygo,春日影,mygo,274.0,0.32,99.38401442307692,187.49999999999568,122.7,,10.33,True,春日影,mygo,123.01,,B,B,0.746,False,major,major,False,False,春日影,mygo,major,春日影,mygo,123.01,,0.69,7.504123687744141,-26.770097072612835,0,春日影,-27.14785957336425,-32.13343811035156,-24.629314422607425,4.210490703582764,4.373326778411865,3.7309048175811768,5.26874303817749,0.6155440211296082,mygo,123.0076875,,81,春日影,mygo,123.01,,3.08,81,春日影,4.5264,4.1718,5.0677,0.3484,mygo,1.0216355323791504,0.1839,0.978822648525238,,123.01,,春日影,0.7577958106994629,0.158559501171112,0.978183925151825,0.3091660141944885,mygo,123.01,,3.35,81,春日影,mygo,123.01,,0.797113,81.0,春日影,0.9585063457489014,0.2369019240140915,0.9945414662361144,0.2950655221939087,mygo,0.0007193249184638,0.0003414645325392,0.0013190787285566,0.0407827235758304,123.01,,0.81,62.0,-40.76,5.0,春日影,mygo,123.00775510204082,,245,春日影,0.078527845442295,0.0082043334841728,0.2905949056148529,0.1179398596286773,,14,0.2695765104231237,fast
301,pastel_palettes,TITLE IDOL,pastel_palettes,647.0,0.41,143.5546875,146.34146341463284,267.89,,21.57,False,TITLE IDOL,pastel_palettes,268.37,,Bb,A#,0.456,True,major,major,False,True,TITLE IDOL,pastel_palettes,major,TITLE IDOL,pastel_palettes,268.37,,0.81,2.9628705978393555,-10.970655230415415,0,TITLE IDOL,-10.843976974487305,-12.957977294921877,-9.99510669708252,4.300227165222168,6.709465980529785,5.756628513336182,7.638603687286377,0.7306733727455139,pastel_palettes,268.366625,,179,TITLE IDOL,pastel_palettes,268.37,,7.71,179,TITLE IDOL,5.9719,4.9227,6.6375,0.6605,pastel_palettes,1.1894501447677612,0.8207,0.8407245874404907,,268.37,,TITLE IDOL,0.007076967973262,0.0002475043584126,0.1448203921318054,0.1781698018312454,pastel_palettes,268.37,,6.92,179,TITLE IDOL,pastel_palettes,268.37,,0.61671,179.0,TITLE IDOL,0.9985828399658204,0.4431782066822052,0.9999836683273317,0.2408553808927536,pastel_palettes,0.0009172449936158,0.0005031469045206,0.00158095813822,0.0027734248433262,268.37,,1.73,135.0,-19.37,5.0,TITLE IDOL,pastel_palettes,268.3666666666667,,535,TITLE IDOL,0.0642465353012085,0.013734983280301,0.2453274577856063,0.0926040709018707,,30,0.2110545110037175,medium
302,pastel_palettes,ワクワクmeetsトリップ,pastel_palettes,564.0,0.44,135.99917763157896,136.36363636363706,246.83,,20.41,False,ワクワクmeetsトリップ,pastel_palettes,247.3,,E,G,0.799,False,minor,major,False,False,ワクワクmeetsトリップ,pastel_palettes,major,ワクワクmeetsトリップ,pastel_palettes,247.3,,1.26,4.624610900878906,-11.708292815323334,0,ワクワクmeetsトリップ,-11.96211051940918,-14.428598403930664,-9.803987503051758,4.040728569030762,7.555140972137451,6.901754856109619,8.191978454589844,0.6747704744338989,pastel_palettes,247.3,,165,ワクワクmeetsトリップ,pastel_palettes,247.3,,6.64,165,ワクワクmeetsトリップ,6.8236,6.1675,7.2205,0.4863,pastel_palettes,1.108810544013977,0.5274,0.9018673896789552,,247.3,,ワクワクmeetsトリップ,0.0002071992203127,1.6207839507842436e-05,0.0050029219128191,0.0550560653209686,pastel_palettes,247.3,,7.15,165,ワクワクmeetsトリップ,pastel_palettes,247.3,,0.690106,165.0,ワクワクmeetsトリップ,0.9999736547470092,0.9836416840553284,0.9999988079071044,0.1292253583669662,pastel_palettes,0.0010883772047236,0.0005428668227978,0.0019750099163502,0.0005630842060782,247.3,,1.58,124.0,-21.09,5.0,ワクワクmeetsトリップ,pastel_palettes,247.3,,493,ワクワクmeetsトリップ,0.0767170414328575,0.0112705053761601,0.2273360192775726,0.0894996002316474,,17,0.1572179539021431,medium
303,pastel_palettes,ゆら・ゆらRing-Dong-Dance,pastel_palettes,760.0,0.35,112.34714673913044,171.4285714285742,264.84,,20.75,False,ゆら・ゆらRing-Dong-Dance,pastel_palettes,265.14,,C,G,0.28,True,major,major,False,True,ゆら・ゆらRing-Dong-Dance,pastel_palettes,major,ゆら・ゆらRing-Dong-Dance,pastel_palettes,265.14,,1.41,5.373312950134277,-11.859957438530426,0,ゆら・ゆらRing-Dong-Dance,-12.03307056427002,-15.350711822509766,-9.977398872375488,2.916919708251953,7.036777496337891,5.899447917938232,7.788907051086426,0.815829336643219,pastel_palettes,265.135625,,177,ゆら・ゆらRing-Dong-Dance,pastel_palettes,265.14,,7.55,177,ゆら・ゆらRing-Dong-Dance,6.3634,5.3504,7.0488,0.6434,pastel_palettes,1.032630205154419,0.2219,0.9684008955955504,,265.14,,ゆら・ゆらRing-Dong-Dance,8.759424963500351e-05,1.8187655541623824e-06,0.0174327623099088,0.08289685100317,pastel_palettes,265.14,,7.7,177,ゆら・ゆらRing-Dong-Dance,pastel_palettes,265.14,,0.588854,177.0,ゆら・ゆらRing-Dong-Dance,0.9999173879623412,0.9847644567489624,0.9999972581863404,0.0625158101320266,pastel_palettes,0.0009064758196473,0.0004310602962505,0.0016806911444291,0.0005057664820924,265.14,,1.69,133.0,-22.39,5.0,ゆら・ゆらRing-Dong-Dance,pastel_palettes,265.1356462585034,,529,ゆら・ゆらRing-Dong-Dance,0.0532948262989521,0.0089344894513487,0.2032092064619064,0.0846808478236198,,28,0.1951454090713009,fast
304,pastel_palettes,もういちど ルミナス,pastel_palettes,733.0,0.35,83.35433467741936,171.4285714285603,259.77,,20.52,False,もういちど ルミナス,pastel_palettes,260.04,,D,A,0.59,True,major,major,False,False,もういちど ルミナス,pastel_palettes,major,もういちど ルミナス,pastel_palettes,260.04,,1.3,5.564019203186035,-10.7710181077439,0,もういちど ルミナス,-10.587154388427734,-14.943872451782228,-9.379853248596191,2.7860774993896484,6.815482139587402,5.488238334655762,7.378265380859375,0.7733805775642395,pastel_palettes,260.0355625,,173,もういちど ルミナス,pastel_palettes,260.04,,7.37,173,もういちど ルミナス,5.8622,5.0575,6.5852,0.6142,pastel_palettes,0.9663280844688416,0.0714,1.0348451137542725,,260.04,,もういちど ルミナス,4.908090704702772e-05,1.0500295957172057e-06,0.3928599655628204,0.2509771287441253,pastel_palettes,260.04,,7.28,173,もういちど ルミナス,pastel_palettes,260.04,,0.81556,173.0,もういちど ルミナス,0.8938924670219421,0.5731216073036194,0.9901419281959534,0.1783220767974853,pastel_palettes,,,,,,,1.69,,-21.06,5.0,もういちど ルミナス,pastel_palettes,260.0356009070295,,519,もういちど ルミナス,0.0367917008697986,0.0066840616054832,0.1667819768190384,0.0784631446003913,,24,0.0487625493622268,fast
305,pastel_palettes,あっつあつ 常夏 らぶ☆サマー！,pastel_palettes,710.0,0.35,112.34714673913044,171.4285714285742,246.86,,18.72,False,あっつあつ 常夏 らぶ☆サマー！,pastel_palettes,246.87,,F,F,0.431,False,major,major,False,True,あっつあつ 常夏 らぶ☆サマー！,pastel_palettes,major,あっつあつ 常夏 らぶ☆サマー！,pastel_palettes,246.87,,1.23,2.2844247817993164,-10.150573422562529,0,あっつあつ 常夏 らぶ☆サマー！,-9.931441307067873,-11.60274600982666,-9.318321228027344,4.444827556610107,7.114558696746826,6.369311809539795,7.633893966674805,0.6358048915863037,pastel_palettes,246.866625,,164,あっつあつ 常夏 らぶ☆サマー！,pastel_palettes,246.87,,7.22,164,あっつあつ 常夏 らぶ☆サマー！,6.6947,6.0243,7.2979,0.5947,pastel_palettes,1.171049952507019,0.772,0.8539344072341919,,246.87,,あっつあつ 常夏 らぶ☆サマー！,0.0010608066804707,4.200916373520158e-05,0.0406292304396629,0.0450190715491771,pastel_palettes,246.87,,7.33,164,あっつあつ 常夏 らぶ☆サマー！,pastel_palettes,246.87,,0.715908,164.0,あっつあつ 常夏 らぶ☆サマー！,0.9994804859161376,0.8188369274139404,0.9999849796295166,0.174065425992012,pastel_palettes,0.0007959341164678,0.0003499407030176,0.001508284593001,0.0005151854711584,246.87,,1.6,124.0,-19.64,5.0,あっつあつ 常夏 らぶ☆サマー！,pastel_palettes,246.86666666666667,,492,あっつあつ 常夏 らぶ☆サマー！,0.0697570443153381,0.0123737752437591,0.2119110822677612,0.0859147682785987,,20,0.0190386157306055,fast
306,pastel_palettes,天下トーイツ A to Z☆,pastel_palettes,556.0,0.39,107.666015625,153.8461538461536,218.14,,17.0,False,天下トーイツ A to Z☆,pastel_palettes,218.57,,E,E,0.315,False,major,major,False,False,天下トーイツ A to Z☆,pastel_palettes,major,天下トーイツ A to Z☆,pastel_palettes,218.57,,1.15,3.961709976196289,-11.072862967257104,0,天下トーイツ A to Z☆,-11.016250610351562,-13.637015342712402,-9.675305366516112,1.9054534435272217,7.254750728607178,6.431873798370361,8.178552627563477,0.667069673538208,pastel_palettes,218.5689375,,145,天下トーイツ A to Z☆,pastel_palettes,218.57,,6.64,145,天下トーイツ A to Z☆,6.5275,5.8106,7.1998,0.6503,pastel_palettes,1.1382614374160769,0.6489,0.8785327076911926,,218.57,,天下トーイツ A to Z☆,2.955988566100132e-05,8.533208983863005e-07,0.0023091761395335,0.0120085189118981,pastel_palettes,218.57,,6.67,145,天下トーイツ A to Z☆,pastel_palettes,218.57,,0.689571,145.0,天下トーイツ A to Z☆,0.9985673427581788,0.8864489793777466,0.9999418258666992,0.1201458349823951,pastel_palettes,0.0008440965320914,0.0004339959123171,0.0014463217230513,0.0004482486692722,218.57,,1.42,110.0,-20.3,5.0,天下トーイツ A to Z☆,pastel_palettes,218.56897959183672,,436,天下トーイツ A to Z☆,0.0995355024933815,0.0150612946599721,0.2622680068016052,0.0976213067770004,,44,0.1195961000873866,medium
307,pastel_palettes,しゅわりん☆どり〜みん,pastel_palettes,694.0,0.34,172.265625,176.47058823529235,236.08,,19.0,False,しゅわりん☆どり〜みん,pastel_palettes,236.37,,Ab,G#,0.513,True,major,major,False,False,しゅわりん☆どり〜みん,pastel_palettes,major,しゅわりん☆どり〜みん,pastel_palettes,236.37,,1.22,3.5540781021118164,-11.98259797486114,0,しゅわりん☆どり〜みん,-11.963239669799805,-14.106395721435549,-10.55231761932373,4.705905437469482,6.164318561553955,5.353942394256592,7.004398822784424,0.6797282099723816,pastel_palettes,236.3743125,,157,しゅわりん☆どり〜みん,pastel_palettes,236.37,,5.9,157,しゅわりん☆どり〜みん,5.9234,4.9962,6.6987,0.6721,pastel_palettes,1.0789650678634644,0.3951,0.926814079284668,,236.37,,しゅわりん☆どり〜みん,1.7939517420018092e-05,9.082152132577904e-07,0.0044499495998024,0.1269015818834304,pastel_palettes,236.37,,5.84,157,しゅわりん☆どり〜みん,pastel_palettes,236.37,,0.589877,157.0,しゅわりん☆どり〜みん,0.9545877575874328,0.2437518686056137,0.9978864192962646,0.3078063726425171,pastel_palettes,0.0009697813657112,0.0004966622218489,0.0019260946428403,0.0010556211927905,236.37,,1.43,119.0,-21.28,5.0,しゅわりん☆どり〜みん,pastel_palettes,236.37433106575963,,471,しゅわりん☆どり〜みん,0.0640458166599273,0.0096273757517337,0.2285700291395187,0.0888915956020355,,22,0.0532206589652537,fast
308,pastel_palettes,Power of LOVE!!!,pastel_palettes,678.0,0.34,172.265625,176.47058823529235,231.53,,18.63,False,Power of LOVE!!!,pastel_palettes,231.7,,G,E,0.533,False,major,minor,False,False,Power of LOVE!!!,pastel_palettes,minor,Power of LOVE!!!,pastel_palettes,231.7,,1.17,2.8742361068725586,-10.762584031718228,0,Power of LOVE!!!,-10.9459867477417,-12.288545608520508,-9.41430950164795,4.566323757171631,6.374993324279785,5.554298400878906,7.1736273765563965,0.6466768383979797,pastel_palettes,231.7,,154,Power of LOVE!!!,pastel_palettes,231.7,,5.86,154,Power of LOVE!!!,6.0686,5.0794,6.8705,0.7,pastel_palettes,1.1534485816955566,0.7128,0.8669654130935669,,231.7,,Power of LOVE!!!,2.383602804911789e-05,1.653673507462372e-06,0.002303950022906,0.0346522442996501,pastel_palettes,231.7,,5.9,154,Power of LOVE!!!,pastel_palettes,231.7,,0.677234,154.0,Power of LOVE!!!,0.9898430705070496,0.6267992258071899,0.9998933672904968,0.2058112472295761,pastel_palettes,0.0009427408222109,0.0004562769900076,0.0016912451246753,0.0005564341554418,231.7,,1.24,116.0,-19.03,5.0,Power of LOVE!!!,pastel_palettes,231.7,,462,Power of LOVE!!!,0.0596011877059936,0.0090934177860617,0.1870914250612259,0.0747788250446319,,24,0.0094087181700473,fast
309,pastel_palettes,きゅ～まい＊flower,pastel_palettes,672.0,0.33,117.45383522727272,181.81818181818275,220.29,,17.05,False,きゅ～まい＊flower,pastel_palettes,220.6,,F#,F#,0.339,False,major,major,False,True,きゅ～まい＊flower,pastel_palettes,major,きゅ～まい＊flower,pastel_palettes,220.6,,1.22,3.343255043029785,-10.574833614581692,0,きゅ～まい＊flower,-10.422386169433594,-12.921546936035156,-9.578291893005373,6.091735363006592,6.976372718811035,6.151790618896484,7.412438869476318,0.6222329139709473,pastel_palettes,220.6,,147,きゅ～まい＊flower,pastel_palettes,220.6,,5.26,147,きゅ～まい＊flower,6.4205,5.608,6.894,0.553,pastel_palettes,1.0667800903320312,0.3541,0.9374002814292908,,220.6,,きゅ～まい＊flower,0.0018182771746069,2.3707683794782497e-05,0.0572430193424224,0.0803306251764297,pastel_palettes,220.6,,5.52,147,きゅ～まい＊flower,pastel_palettes,220.6,,0.740833,147.0,きゅ～まい＊flower,0.9987245202064514,0.7261398434638977,0.999985933303833,0.1876405477523803,pastel_palettes,0.0007419535540975,0.0003398753469809,0.0014416184276342,0.0005579968565143,220.6,,1.33,111.0,-20.08,5.0,きゅ～まい＊flower,pastel_palettes,220.6,,440,きゅ～まい＊flower,0.0629361793398857,0.0085233701393008,0.2340804189443588,0.0914641246199607,,14,0.0365367180417044,fast
310,pastel_palettes,Winking☆Cheer,pastel_palettes,516.0,0.6,172.265625,100.00000000000097,309.58,,24.15,False,Winking☆Cheer,pastel_palettes,310.07,,C,C,0.73,False,major,major,False,False,Winking☆Cheer,pastel_palettes,major,Winking☆Cheer,pastel_palettes,310.07,,1.69,4.607480049133301,-12.223983989143736,0,Winking☆Cheer,-12.234773635864258,-15.319777488708496,-10.712297439575195,4.996434688568115,6.268397808074951,5.095927715301514,6.943992614746094,0.7786680459976196,pastel_palettes,310.066625,,207,Winking☆Cheer,pastel_palettes,310.07,,7.25,207,Winking☆Cheer,5.807,4.9511,6.7371,0.6555,pastel_palettes,1.2426512241363523,0.9012,0.8047308921813965,,310.07,,Winking☆Cheer,0.2316964119672775,0.0183883011341094,0.924793004989624,0.3339184820652008,pastel_palettes,310.07,,7.39,207,Winking☆Cheer,pastel_palettes,310.07,,0.528515,207.0,Winking☆Cheer,0.995603084564209,0.4154416620731354,0.9999390840530396,0.2445556074380874,pastel_palettes,,,,,,,1.99,,-22.2,5.0,Winking☆Cheer,pastel_palettes,310.06666666666666,,619,Winking☆Cheer,0.0789089798927307,0.0117038059979677,0.2763443887233734,0.1106530502438545,,31,0.2921952072003865,medium
311,pastel_palettes,ゆめゆめグラデーション,pastel_palettes,639.0,0.44,89.10290948275862,136.36363636363487,284.26,,21.46,False,ゆめゆめグラデーション,pastel_palettes,284.73,,E,E,0.906,False,major,major,False,False,ゆめゆめグラデーション,pastel_palettes,major,ゆめゆめグラデーション,pastel_palettes,284.73,,1.5,2.209343910217285,-11.589252408137613,0,ゆめゆめグラデーション,-11.413476943969728,-12.940393447875977,-10.731049537658691,3.2552683353424072,7.247928619384766,6.049753665924072,7.971863269805908,0.7451241612434387,pastel_palettes,284.7333125,,190,ゆめゆめグラデーション,pastel_palettes,284.73,,7.17,190,ゆめゆめグラデーション,6.6171,5.4506,7.1396,0.6537,pastel_palettes,1.1587902307510376,0.7264,0.8629688024520874,,284.73,,ゆめゆめグラデーション,0.00062272825744,1.3683418728760444e-05,0.0617872178554534,0.1546301841735839,pastel_palettes,284.73,,7.24,190,ゆめゆめグラデーション,pastel_palettes,284.73,,0.635849,190.0,ゆめゆめグラデーション,0.9995917677879332,0.915238618850708,0.9999887347221376,0.1232729330658912,pastel_palettes,0.0008430948364548,0.0004793172993231,0.001407599193044,0.0003632877778727,284.73,,1.8,143.0,-19.68,5.0,ゆめゆめグラデーション,pastel_palettes,284.7333333333333,,568,ゆめゆめグラデーション,0.064637079834938,0.0089577250182628,0.2327563762664795,0.0911513939499855,,49,0.0736127262917456,medium
312,pastel_palettes,はなまる◎アンダンテ,pastel_palettes,628.0,0.36,123.046875,166.66666666666694,226.25,,17.59,False,はなまる◎アンダンテ,pastel_palettes,226.47,,Eb,G,0.708,True,major,minor,False,False,はなまる◎アンダンテ,pastel_palettes,minor,はなまる◎アンダンテ,pastel_palettes,226.47,,1.2,6.002540588378906,-10.946700411586615,0,はなまる◎アンダンテ,-11.025843620300291,-15.204217910766602,-9.201677322387695,4.117115020751953,6.679562091827393,5.367364406585693,7.219857692718506,0.8088445663452148,pastel_palettes,226.466625,,151,はなまる◎アンダンテ,pastel_palettes,226.47,,6.05,151,はなまる◎アンダンテ,6.242,5.0174,7.0221,0.7545,pastel_palettes,1.137058973312378,0.6474,0.8794618248939514,,226.47,,はなまる◎アンダンテ,0.0030517799314111,0.0002731556887738,0.5311643481254578,0.2683324813842773,pastel_palettes,226.47,,5.93,151,はなまる◎アンダンテ,pastel_palettes,226.47,,0.703296,151.0,はなまる◎アンダンテ,0.9991669654846193,0.2849169373512268,0.9999773502349854,0.2835005223751068,pastel_palettes,0.0008393675088882,0.0004185926227364,0.0017579017439857,0.0005525416345335,226.47,,1.48,114.0,-20.7,5.0,はなまる◎アンダンテ,pastel_palettes,226.46666666666667,,451,はなまる◎アンダンテ,0.063347689807415,0.009556739591062,0.2104689478874206,0.0816844850778579,,32,0.1163968100164842,fast
313,pastel_palettes,パスパレボリューションず☆,pastel_palettes,674.0,0.34,117.45383522727272,176.47058823529235,231.04,,17.68,False,パスパレボリューションず☆,pastel_palettes,231.33,,F#,F#,0.499,False,minor,major,True,True,パスパレボリューションず☆,pastel_palettes,major,パスパレボリューションず☆,pastel_palettes,231.33,,1.28,2.763151168823242,-10.182560781363357,0,パスパレボリューションず☆,-10.20804500579834,-11.936884880065918,-9.173733711242676,6.4032416343688965,6.79198694229126,5.859430313110352,7.404288291931152,0.7578482627868652,pastel_palettes,231.3333125,,154,パスパレボリューションず☆,pastel_palettes,231.33,,5.59,154,パスパレボリューションず☆,6.2376,5.2122,6.9159,0.6981,pastel_palettes,1.0087947845458984,0.1489,0.991281807422638,,231.33,,パスパレボリューションず☆,0.0031002343166619,0.0001243379228981,0.071324810385704,0.1343161463737487,pastel_palettes,231.33,,5.89,154,パスパレボリューションず☆,pastel_palettes,231.33,,0.661479,154.0,パスパレボリューションず☆,0.999476194381714,0.8148706555366516,0.9999874234199524,0.1984144896268844,pastel_palettes,0.0010411327239125,0.0005203282344155,0.0017730286344885,0.0010698172263801,231.33,,1.26,116.0,-19.43,5.0,パスパレボリューションず☆,pastel_palettes,231.3333333333333,,461,パスパレボリューションず☆,0.0695182085037231,0.0101325279101729,0.2292603552341461,0.0867304652929306,,32,0.0070893358988947,fast
314,pastel_palettes,SURVIVOR ねばーぎぶあっぷ!,pastel_palettes,828.0,0.3,129.19921875,200.0,248.46,,18.44,False,SURVIVOR ねばーぎぶあっぷ!,pastel_palettes,248.63,,D,F#,0.736,True,major,minor,False,True,SURVIVOR ねばーぎぶあっぷ!,pastel_palettes,minor,SURVIVOR ねばーぎぶあっぷ!,pastel_palettes,248.63,,1.31,2.772510528564453,-10.830651406894695,0,SURVIVOR ねばーぎぶあっぷ!,-10.62323760986328,-12.583503723144531,-9.810993194580078,1.6458879709243774,6.923874855041504,6.157783508300781,7.476243019104004,0.595939040184021,pastel_palettes,248.6333125,,166,SURVIVOR ねばーぎぶあっぷ!,pastel_palettes,248.63,,6.18,166,SURVIVOR ねばーぎぶあっぷ!,5.9669,5.3625,6.8452,0.6847,pastel_palettes,1.1770086288452148,0.7842,0.8496114015579224,,248.63,,SURVIVOR ねばーぎぶあっぷ!,0.0001588946470292,8.074738616414834e-06,0.0025091376155614,0.0053507848642766,pastel_palettes,248.63,,6.5,166,SURVIVOR ねばーぎぶあっぷ!,pastel_palettes,248.63,,0.760902,166.0,SURVIVOR ねばーぎぶあっぷ!,0.9936440587043762,0.638629674911499,0.9997750520706176,0.1903584897518158,pastel_palettes,0.0007468743133358,0.0004569455923046,0.0014691019896417,0.00061607779935,248.63,,1.17,125.0,-18.68,5.0,SURVIVOR ねばーぎぶあっぷ!,pastel_palettes,248.63333333333333,,496,SURVIVOR ねばーぎぶあっぷ!,0.077388696372509,0.0140007361769676,0.2473750710487365,0.100615344941616,,35,0.0188228953574716,fast
315,pastel_palettes,Wonderland Girl,pastel_palettes,619.0,0.44,258.3984375,136.36363636363706,270.76,,21.47,False,Wonderland Girl,pastel_palettes,271.03,,F#,F#,0.449,False,minor,major,True,True,Wonderland Girl,pastel_palettes,major,Wonderland Girl,pastel_palettes,271.03,,1.46,5.574629783630371,-11.003567002755496,0,Wonderland Girl,-11.146674156188965,-14.493780136108398,-8.919150352478027,2.0932443141937256,7.082727909088135,6.264840126037598,7.819686412811279,0.5793759226799011,pastel_palettes,271.0333125,,181,Wonderland Girl,pastel_palettes,271.03,,7.32,181,Wonderland Girl,6.5134,5.6624,7.2764,0.6085,pastel_palettes,1.1593356132507324,0.728,0.8625629544258118,,271.03,,Wonderland Girl,4.843295391765423e-05,8.942269573708472e-07,0.0013908261898905,0.0035006585530936,pastel_palettes,271.03,,7.69,181,Wonderland Girl,pastel_palettes,271.03,,0.710546,181.0,Wonderland Girl,0.9998277425765992,0.9834396243095398,0.9999951124191284,0.0341457352042198,pastel_palettes,0.0008405342232435,0.0005017389776185,0.0013132047606632,0.0003626215620897,271.03,,1.28,136.0,-20.64,5.0,Wonderland Girl,pastel_palettes,271.03333333333336,,541,Wonderland Girl,0.0873360559344291,0.0168367885053157,0.2198403775691986,0.088087111711502,,38,0.0279670354250652,medium
316,pastel_palettes,ゼッタイ宣言～Recital～,pastel_palettes,713.0,0.34,172.265625,176.47058823529235,241.26,,19.07,False,ゼッタイ宣言～Recital～,pastel_palettes,241.53,,C#,A#,0.348,False,major,minor,False,False,ゼッタイ宣言～Recital～,pastel_palettes,minor,ゼッタイ宣言～Recital～,pastel_palettes,241.53,,1.33,5.471038818359375,-11.406985794840397,0,ゼッタイ宣言～Recital～,-11.103339195251465,-15.573982238769531,-10.102943420410156,4.221208095550537,6.970426559448242,5.915345668792725,7.477958679199219,0.7221894264221191,pastel_palettes,241.5333125,,161,ゼッタイ宣言～Recital～,pastel_palettes,241.53,,6.42,161,ゼッタイ宣言～Recital～,5.81,5.112,6.5388,0.5657,pastel_palettes,1.1274291276931765,0.6155,0.8869736790657043,,241.53,,ゼッタイ宣言～Recital～,0.0001299910218222,3.286441597083467e-06,0.0283491741865873,0.1051169335842132,pastel_palettes,241.53,,6.59,161,ゼッタイ宣言～Recital～,pastel_palettes,241.53,,0.713536,161.0,ゼッタイ宣言～Recital～,0.998638927936554,0.7241050004959106,0.9999386072158812,0.210299476981163,pastel_palettes,0.0007571952301077,0.0003201705112587,0.0014131848001852,0.0004715239629149,241.53,,1.14,121.0,-23.43,5.0,ゼッタイ宣言～Recital～,pastel_palettes,241.53333333333333,,482,ゼッタイ宣言～Recital～,0.0621629059314727,0.0123388934880495,0.1928938627243042,0.0783142149448394,,23,0.1557548723856485,fast
317,pastel_palettes,ぎゅっDAYS♪,pastel_palettes,714.0,0.35,112.34714673913044,171.42857142857162,251.44,,18.54,False,ぎゅっDAYS♪,pastel_palettes,251.63,,F,F,0.726,False,major,major,False,False,ぎゅっDAYS♪,pastel_palettes,major,ぎゅっDAYS♪,pastel_palettes,251.63,,1.3,3.191770553588867,-11.069978835931284,0,ぎゅっDAYS♪,-11.19656467437744,-12.914752960205078,-9.722982406616213,3.099518060684204,6.939554214477539,6.137781620025635,7.449884414672852,0.5609909296035767,pastel_palettes,251.6333125,,168,ぎゅっDAYS♪,pastel_palettes,251.63,,6.83,168,ぎゅっDAYS♪,7.0309,6.3208,7.5785,0.5582,pastel_palettes,1.2670652866363523,0.9286,0.7892252802848816,,251.63,,ぎゅっDAYS♪,0.0001972091267816,1.898765731311869e-05,0.0046124779619276,0.021056804805994,pastel_palettes,251.63,,7.15,168,ぎゅっDAYS♪,pastel_palettes,251.63,,0.738882,168.0,ぎゅっDAYS♪,0.9991321563720704,0.8939136266708374,0.999947428703308,0.1052790805697441,pastel_palettes,0.0007852430571801,0.0003906190977431,0.0013277903199195,0.0003472403041087,251.63,,1.52,126.0,-20.03,5.0,ぎゅっDAYS♪,pastel_palettes,251.63333333333333,,502,ぎゅっDAYS♪,0.0678604841232299,0.012148167937994,0.2568287253379822,0.101144440472126,,29,0.1086501343472422,fast
318,pastel_palettes,Wonderful Sweet!,pastel_palettes,690.0,0.36,161.4990234375,166.66666666666694,247.1,,19.37,False,Wonderful Sweet!,pastel_palettes,247.4,,E,E,0.492,False,major,major,False,False,Wonderful Sweet!,pastel_palettes,major,Wonderful Sweet!,pastel_palettes,247.4,,1.19,3.5134639739990234,-9.71225657883958,0,Wonderful Sweet!,-9.590277671813965,-12.02340316772461,-8.509939193725586,5.334840774536133,7.280808448791504,6.585299491882324,7.951148509979248,0.6360487341880798,pastel_palettes,247.4,,165,Wonderful Sweet!,pastel_palettes,247.4,,6.69,165,Wonderful Sweet!,6.3991,5.2111,7.1977,0.7371,pastel_palettes,1.1059726476669312,0.5152,0.9041815400123596,,247.4,,Wonderful Sweet!,1.0335085789847652e-05,4.684030443513621e-07,0.0007015953888185,0.0131776230409741,pastel_palettes,247.4,,7.13,165,Wonderful Sweet!,pastel_palettes,247.4,,0.691632,165.0,Wonderful Sweet!,0.9976536631584167,0.8545193672180176,0.9999212622642516,0.16727314889431,pastel_palettes,0.0007456238381564,0.0004122870450373,0.001462357584387,0.0005122800939716,247.4,,1.54,124.0,-19.35,5.0,Wonderful Sweet!,pastel_palettes,247.4,,493,Wonderful Sweet!,0.0696177259087562,0.0103508858010172,0.2208576202392578,0.0872681960463523,,19,0.0,fast
319,pastel_palettes,るんっ♪てぃてぃー！,pastel_palettes,624.0,0.37,143.5546875,162.16216216216174,229.13,,18.08,False,るんっ♪てぃてぃー！,pastel_palettes,229.27,,D,D,0.397,False,major,major,False,True,るんっ♪てぃてぃー！,pastel_palettes,major,るんっ♪てぃてぃー！,pastel_palettes,229.27,,1.1,2.062916755676269,-10.182745266154113,0,るんっ♪てぃてぃー！,-10.196616172790527,-11.31912899017334,-9.25621223449707,4.249924182891846,7.383406639099121,6.736422538757324,7.816622734069824,0.653856635093689,pastel_palettes,229.266625,,153,るんっ♪てぃてぃー！,pastel_palettes,229.27,,6.31,153,るんっ♪てぃてぃー！,6.2874,5.6156,6.7923,0.502,pastel_palettes,1.321865439414978,0.9666,0.7565065026283264,,229.27,,るんっ♪てぃてぃー！,6.323276465991512e-06,4.075258175362251e-07,0.0003500563034322,0.1336264908313751,pastel_palettes,229.27,,6.46,153,るんっ♪てぃてぃー！,pastel_palettes,229.27,,0.790003,153.0,るんっ♪てぃてぃー！,0.9995760321617126,0.8720663189888,0.9999908208847046,0.1048346161842346,pastel_palettes,0.0007253501680679,0.0003675945918075,0.0012403231812641,0.0003834743401966,229.27,,1.45,115.0,-19.06,5.0,るんっ♪てぃてぃー！,pastel_palettes,229.26666666666668,,457,るんっ♪てぃてぃー！,0.0603686347603797,0.0102115310728549,0.1909391283988952,0.0750099793076515,,14,0.0829601552994914,fast
320,pastel_palettes,パッパレ☆人生！バーン万歳！,pastel_palettes,681.0,0.35,135.99917763157896,171.4285714285707,239.33,,18.97,False,パッパレ☆人生！バーン万歳！,pastel_palettes,239.53,,C,C,0.651,False,minor,minor,False,False,パッパレ☆人生！バーン万歳！,pastel_palettes,minor,パッパレ☆人生！バーン万歳！,pastel_palettes,239.53,,1.18,3.199610710144043,-10.752604680816214,0,パッパレ☆人生！バーン万歳！,-10.754755020141602,-12.809301376342772,-9.60969066619873,4.199104309082031,7.230482578277588,6.296883583068848,7.86589241027832,0.7714015245437622,pastel_palettes,239.5333125,,159,パッパレ☆人生！バーン万歳！,pastel_palettes,239.53,,6.3,159,パッパレ☆人生！バーン万歳！,6.5416,5.6618,7.2941,0.632,pastel_palettes,1.3446195125579834,0.9757,0.7437048554420471,,239.53,,パッパレ☆人生！バーン万歳！,0.0006647354457527,2.432988003420178e-05,0.0336280688643455,0.1217192411422729,pastel_palettes,239.53,,5.98,159,パッパレ☆人生！バーン万歳！,pastel_palettes,239.53,,0.600396,159.0,パッパレ☆人生！バーン万歳！,0.9824397563934326,0.7104929089546204,0.9991785287857056,0.1958319991827011,pastel_palettes,0.0007223449647426,0.0004428153915796,0.0010644632857292,0.0002690271649044,239.53,,1.53,120.0,-19.78,5.0,パッパレ☆人生！バーン万歳！,pastel_palettes,239.53333333333333,,478,パッパレ☆人生！バーン万歳！,0.0885821729898452,0.0194533877074718,0.2432667016983032,0.0905487462878227,,26,0.245644265647741,fast
321,pastel_palettes,Brand new Pastel Road!,pastel_palettes,730.0,0.35,172.265625,171.4285714285742,255.28,,20.76,False,Brand new Pastel Road!,pastel_palettes,255.5,,Bb,A#,0.404,True,major,major,False,True,Brand new Pastel Road!,pastel_palettes,major,Brand new Pastel Road!,pastel_palettes,255.5,,1.27,3.687241554260254,-11.449825768969964,0,Brand new Pastel Road!,-11.312223434448242,-13.889132499694824,-10.20189094543457,2.7094314098358154,6.580880165100098,5.6642680168151855,7.209055423736572,0.7389140129089355,pastel_palettes,255.5,,170,Brand new Pastel Road!,pastel_palettes,255.5,,6.56,170,Brand new Pastel Road!,5.5432,4.3928,6.7117,0.9176,pastel_palettes,1.0999306440353394,0.4909,0.9091482162475586,,255.5,,Brand new Pastel Road!,1.1295331205474213e-05,1.7588909884125314e-07,0.0259434785693883,0.1708126068115234,pastel_palettes,255.5,,6.78,170,Brand new Pastel Road!,pastel_palettes,255.5,,0.701303,170.0,Brand new Pastel Road!,0.9981671571731568,0.8547895550727844,0.9999882578849792,0.1982232481241226,pastel_palettes,0.0008963556028902,0.0004109679139219,0.0015468461206182,0.0008384689572267,255.5,,1.62,128.0,-19.8,5.0,Brand new Pastel Road!,pastel_palettes,255.5,,510,Brand new Pastel Road!,0.0653895735740661,0.007305207196623,0.2068055868148803,0.0814029797911644,,18,0.2215264187866929,fast
322,pastel_palettes,あこがれacross,pastel_palettes,539.0,0.32,92.28515625,187.500000000004,234.29,,18.31,True,あこがれacross,pastel_palettes,234.57,,A,A,0.391,False,major,major,False,True,あこがれacross,pastel_palettes,major,あこがれacross,pastel_palettes,234.57,,1.19,3.9748783111572266,-10.747466688300138,0,あこがれacross,-10.79725170135498,-13.342683792114258,-9.367805480957031,4.694929599761963,6.8783698081970215,5.950246810913086,7.594383239746094,0.7094631791114807,pastel_palettes,234.566625,,156,あこがれacross,pastel_palettes,234.57,,6.07,156,あこがれacross,6.2931,5.5246,6.942,0.6451,pastel_palettes,1.0722094774246216,0.3708,0.9326536059379578,,234.57,,あこがれacross,0.0004856507002841,6.038335868652212e-06,0.0395782925188541,0.1115721836686134,pastel_palettes,234.57,,5.98,156,あこがれacross,pastel_palettes,234.57,,0.794843,156.0,あこがれacross,0.950819194316864,0.4553593397140503,0.9976575374603271,0.250605821609497,pastel_palettes,0.0006171600543893,0.0003936538123525,0.0010412152623757,0.0003005575563292,234.57,,1.53,118.0,-18.75,5.0,あこがれacross,pastel_palettes,234.56666666666663,,468,あこがれacross,0.0606721565127372,0.0103464070707559,0.2072912007570266,0.0836510062217712,,43,0.1123774235844976,fast
323,pastel_palettes,ハレハレ☆フォーチュン,pastel_palettes,650.0,0.41,117.45383522727272,146.34146341463537,270.01,,21.48,False,ハレハレ☆フォーチュン,pastel_palettes,270.47,,B,E,0.309,True,minor,minor,False,True,ハレハレ☆フォーチュン,pastel_palettes,minor,ハレハレ☆フォーチュン,pastel_palettes,270.47,,1.33,3.908590316772461,-11.10621442152845,0,ハレハレ☆フォーチュン,-11.122899055480955,-13.88304615020752,-9.97445583343506,6.653514862060547,6.658171653747559,5.39768648147583,7.557311058044434,0.8227497339248657,pastel_palettes,270.466625,,180,ハレハレ☆フォーチュン,pastel_palettes,270.47,,6.69,180,ハレハレ☆フォーチュン,6.191,5.0443,6.9121,0.7138,pastel_palettes,1.2098369598388672,0.8602,0.8265575170516968,,270.47,,ハレハレ☆フォーチュン,0.0001007226528599,2.1648961592291016e-06,0.037317931652069,0.0483918637037277,pastel_palettes,270.47,,7.3,180,ハレハレ☆フォーチュン,pastel_palettes,270.47,,0.722432,180.0,ハレハレ☆フォーチュン,0.9996193051338196,0.9130402207374572,0.999989926815033,0.1806813031435012,pastel_palettes,0.0009982665069401,0.0005383786628954,0.0017820000648498,0.0013617601944133,270.47,,1.73,136.0,-21.21,5.0,ハレハレ☆フォーチュン,pastel_palettes,270.46666666666664,,539,ハレハレ☆フォーチュン,0.0695373266935348,0.011999906040728,0.2187835425138473,0.0822566822171211,,30,0.0348286884683349,medium
324,pastel_palettes,ハナヒバナ,pastel_palettes,433.0,0.63,95.703125,95.23809523809592,273.51,,22.03,False,ハナヒバナ,pastel_palettes,274.2,,C,G,0.972,True,major,major,False,False,ハナヒバナ,pastel_palettes,major,ハナヒバナ,pastel_palettes,274.2,,1.35,9.55381202697754,-10.462724753431631,0,ハナヒバナ,-10.231380462646484,-18.559648513793945,-9.005836486816406,6.317306518554688,6.458223819732666,4.097066879272461,7.394205093383789,1.2911145687103271,pastel_palettes,274.2,,183,ハナヒバナ,pastel_palettes,274.2,,7.32,183,ハナヒバナ,6.1641,4.6594,6.9593,0.8615,pastel_palettes,0.9578756093978882,0.0653,1.043976902961731,,274.2,,ハナヒバナ,0.0182674806565046,0.0006894452380947,0.50457364320755,0.2339962273836136,pastel_palettes,274.2,,7.39,183,ハナヒバナ,pastel_palettes,274.2,,0.64779,183.0,ハナヒバナ,0.9900147914886476,0.2607611715793609,0.999815046787262,0.2787876427173614,pastel_palettes,,,,,,,1.62,,-29.15,5.0,ハナヒバナ,pastel_palettes,274.2,,547,ハナヒバナ,0.0583018288016319,0.0087068043649196,0.2160531133413314,0.0855658054351806,,15,0.1204959883296863,medium
325,pastel_palettes,そばかす,pastel_palettes,712.0,0.35,103.359375,171.4285714285714,250.27,,19.29,False,そばかす,pastel_palettes,250.57,,G,G,0.916,False,major,major,False,False,そばかす,pastel_palettes,major,そばかす,pastel_palettes,250.57,,1.26,3.671348571777344,-9.99914101352271,0,そばかす,-10.1033353805542,-12.096248626708984,-8.42490005493164,5.1953558921813965,7.21180248260498,6.467560768127441,7.919853687286377,0.5921649932861328,pastel_palettes,250.566625,,167,そばかす,pastel_palettes,250.57,,7.28,167,そばかす,6.298,5.6529,7.0102,0.6044,pastel_palettes,1.1165930032730105,0.5593,0.8955813050270081,,250.57,,そばかす,0.001129264361225,8.90460614755284e-06,0.1850943863391876,0.1506162583827972,pastel_palettes,250.57,,7.08,167,そばかす,pastel_palettes,250.57,,0.659746,167.0,そばかす,0.9993334412574768,0.9637784361839294,0.999968409538269,0.103755809366703,pastel_palettes,0.0008897550869733,0.0004620015388354,0.0013922995422035,0.0004614703648258,250.57,,1.51,126.0,-19.37,5.0,そばかす,pastel_palettes,250.56666666666663,,500,そばかす,0.0681886672973632,0.0066046230494976,0.2398021519184112,0.0902957469224929,,29,0.0825329185069743,fast
326,pastel_palettes,気まぐれロマンティック,pastel_palettes,691.0,0.35,83.35433467741936,171.42857142857156,243.46,,19.6,False,気まぐれロマンティック,pastel_palettes,243.77,,D,A,0.503,True,major,major,False,True,気まぐれロマンティック,pastel_palettes,major,気まぐれロマンティック,pastel_palettes,243.77,,1.23,3.754993438720703,-11.478161723266895,0,気まぐれロマンティック,-11.489588737487791,-13.755568504333496,-10.000575065612791,4.070569038391113,6.546342372894287,5.195456027984619,7.14644718170166,0.836219310760498,pastel_palettes,243.766625,,162,気まぐれロマンティック,pastel_palettes,243.77,,6.97,162,気まぐれロマンティック,5.8541,5.1644,6.6311,0.5681,pastel_palettes,1.1908633708953855,0.8252,0.839726984500885,,243.77,,気まぐれロマンティック,0.0007498959312215,2.8027532607666217e-05,0.7387019991874695,0.3147399127483368,pastel_palettes,243.77,,6.97,162,気まぐれロマンティック,pastel_palettes,243.77,,0.830724,162.0,気まぐれロマンティック,0.9969863295555116,0.9215317368507384,0.9999420642852784,0.0836677104234695,pastel_palettes,0.000828786403872,0.0004877525498159,0.00155026151333,0.0004746996855828,243.77,,1.51,122.0,-19.79,5.0,気まぐれロマンティック,pastel_palettes,243.76666666666668,,486,気まぐれロマンティック,0.0752141177654266,0.012949950993061,0.2243014574050903,0.0879639908671379,,38,0.1322576121070685,fast
327,pastel_palettes,ドリームパレード,pastel_palettes,674.0,0.35,83.35433467741936,171.4285714285742,234.5,,19.06,False,ドリームパレード,pastel_palettes,234.7,,D,D,0.674,False,major,major,False,False,ドリームパレード,pastel_palettes,major,ドリームパレード,pastel_palettes,234.7,,1.19,1.442461013793945,-10.372096208097448,0,ドリームパレード,-10.339829444885254,-11.132302284240724,-9.689841270446776,2.3854639530181885,7.372489929199219,6.769257545471191,7.9643235206604,0.5782088041305542,pastel_palettes,234.7,,156,ドリームパレード,pastel_palettes,234.7,,6.59,156,ドリームパレード,6.519,5.7124,7.0345,0.5629,pastel_palettes,1.225452542304993,0.883,0.8160250782966614,,234.7,,ドリームパレード,0.000152971362695,7.917185939732008e-06,0.0028249903116375,0.0252986326813697,pastel_palettes,234.7,,6.03,156,ドリームパレード,pastel_palettes,234.7,,0.748385,156.0,ドリームパレード,0.9994616508483888,0.8963580131530762,0.9999853372573853,0.1422744393348693,pastel_palettes,0.0005883670528419,0.0003319563402328,0.0011495793005451,0.0003290869353804,234.7,,1.48,118.0,-17.82,5.0,ドリームパレード,pastel_palettes,234.7,,468,ドリームパレード,0.0719638466835022,0.0147826746106147,0.2409380376338958,0.0901926606893539,,29,0.1505752023860246,fast
328,pastel_palettes,ラムのラブソング,pastel_palettes,487.0,0.33,117.45383522727272,181.8181818181819,162.14,,12.54,False,ラムのラブソング,pastel_palettes,162.4,,G,E,0.432,False,major,minor,False,True,ラムのラブソング,pastel_palettes,minor,ラムのラブソング,pastel_palettes,162.4,,0.84,3.133995056152344,-11.905822370568725,0,ラムのラブソング,-12.094348907470703,-13.90253448486328,-10.768539428710938,5.5601887702941895,6.485104560852051,5.833032131195068,7.059693336486816,0.5961846113204956,pastel_palettes,162.4,,108,ラムのラブソング,pastel_palettes,162.4,,4.65,108,ラムのラブソング,6.4041,5.7577,6.924,0.5107,pastel_palettes,1.2031419277191162,0.8526,0.8311572074890137,,162.4,,ラムのラブソング,0.006791990250349,0.0003772981290239,0.0781951695680618,0.0884198024868965,pastel_palettes,162.4,,4.8,108,ラムのラブソング,pastel_palettes,162.4,,0.701351,108.0,ラムのラブソング,0.9766007661819458,0.7259657979011536,0.9983633160591124,0.1643994003534317,pastel_palettes,0.0004487264086492,0.0002668743545655,0.0007463725632987,0.0002182996249757,162.4,,1.07,82.0,-27.14,5.0,ラムのラブソング,pastel_palettes,162.4,,323,ラムのラブソング,0.0610027909278869,0.01408426836133,0.2671938836574554,0.1132079139351844,,22,0.3860837438423645,fast
329,pastel_palettes,DANCE! おジャ魔女,pastel_palettes,502.0,0.39,99.38401442307692,153.846153846148,196.26,,15.31,False,DANCE! おジャ魔女,pastel_palettes,196.5,,C,A,0.624,False,major,minor,False,True,DANCE! おジャ魔女,pastel_palettes,minor,DANCE! おジャ魔女,pastel_palettes,196.5,,1.08,3.1659393310546875,-10.882948791080445,0,DANCE! おジャ魔女,-10.939321517944336,-12.938383102416992,-9.772443771362305,6.641769886016846,6.994850158691406,6.425313472747803,7.635936260223389,0.642137348651886,pastel_palettes,196.5,,131,DANCE! おジャ魔女,pastel_palettes,196.5,,5.27,131,DANCE! おジャ魔女,6.3177,5.4196,6.9875,0.6143,pastel_palettes,1.184651255607605,0.8085,0.8441302180290222,,196.5,,DANCE! おジャ魔女,0.0011529569746926,8.312337740790099e-05,0.0271153915673494,0.0203558579087257,pastel_palettes,196.5,,5.04,131,DANCE! おジャ魔女,pastel_palettes,196.5,,0.630423,131.0,DANCE! おジャ魔女,0.9938769936561584,0.8182987570762634,0.9998323917388916,0.1641577333211898,pastel_palettes,0.0007105481927283,0.0003743706038221,0.0013668051688,0.0007149607408791,196.5,,1.25,99.0,-19.02,5.0,DANCE! おジャ魔女,pastel_palettes,196.5,,392,DANCE! おジャ魔女,0.0894420817494392,0.0157330967485904,0.241471990942955,0.0870441123843193,,44,0.2698218829516541,medium
330,pastel_palettes,DISCOTHEQUE,pastel_palettes,578.0,0.42,92.28515625,142.85714285714226,242.81,,19.59,False,DISCOTHEQUE,pastel_palettes,243.27,,A,A,0.402,False,minor,minor,False,True,DISCOTHEQUE,pastel_palettes,minor,DISCOTHEQUE,pastel_palettes,243.27,,1.32,3.622232437133789,-11.39339314742604,0,DISCOTHEQUE,-11.62567901611328,-13.531538009643556,-9.909305572509766,4.491832733154297,7.221556663513184,6.288542747497559,7.8652567863464355,0.6244240999221802,pastel_palettes,243.266625,,162,DISCOTHEQUE,pastel_palettes,243.27,,6.14,162,DISCOTHEQUE,6.7441,5.5745,7.7349,0.8172,pastel_palettes,1.2329680919647217,0.8906,0.8110508918762207,,243.27,,DISCOTHEQUE,0.000939093704801,7.561689562862739e-05,0.0310240536928176,0.0346596911549568,pastel_palettes,243.27,,6.37,162,DISCOTHEQUE,pastel_palettes,243.27,,0.694265,162.0,DISCOTHEQUE,0.9902536869049072,0.7904118895530701,0.9993736743927002,0.1604999899864196,pastel_palettes,0.0007239917758852,0.0003591350687202,0.0012627922696992,0.0003617960901465,243.27,,1.49,122.0,-20.84,5.0,DISCOTHEQUE,pastel_palettes,243.26666666666668,,485,DISCOTHEQUE,0.0793126076459884,0.0136201214045286,0.2444127649068832,0.0965470150113105,,37,0.1613044531631567,medium
331,pastel_palettes,ゆりゆららららゆるゆり大事件,pastel_palettes,669.0,0.34,135.99917763157896,176.47058823529235,229.07,,18.71,False,ゆりゆららららゆるゆり大事件,pastel_palettes,229.27,,Eb,D#,0.57,True,major,major,False,False,ゆりゆららららゆるゆり大事件,pastel_palettes,major,ゆりゆららららゆるゆり大事件,pastel_palettes,229.27,,1.22,3.554684638977051,-10.001545131345322,0,ゆりゆららららゆるゆり大事件,-10.390128135681152,-11.875486373901367,-8.320801734924316,2.831886053085327,6.938394069671631,6.346864700317383,7.391541957855225,0.4976106584072113,pastel_palettes,229.266625,,153,ゆりゆららららゆるゆり大事件,pastel_palettes,229.27,,6.08,153,ゆりゆららららゆるゆり大事件,6.1996,5.6351,6.6884,0.4343,pastel_palettes,1.1531966924667358,0.7112,0.8671548962593079,,229.27,,ゆりゆららららゆるゆり大事件,0.0005035736830905,1.0082954986501136e-06,0.008971644565463,0.0135303828865289,pastel_palettes,229.27,,5.79,153,ゆりゆららららゆるゆり大事件,pastel_palettes,229.27,,0.746077,153.0,ゆりゆららららゆるゆり大事件,0.998635470867157,0.8608852028846741,0.999996781349182,0.1236708164215087,pastel_palettes,0.00062484893715,0.0003422833688091,0.0010374054545536,0.0003345274599269,229.27,,1.09,115.0,-19.97,5.0,ゆりゆららららゆるゆり大事件,pastel_palettes,229.26666666666668,,457,ゆりゆららららゆるゆり大事件,0.0509165935218334,0.0068520377390086,0.1537666171789169,0.0636623725295066,,16,0.0495492830810843,fast
332,pastel_palettes,SAKURAスキップ,pastel_palettes,630.0,0.36,161.4990234375,166.66666666666035,228.56,,18.29,False,SAKURAスキップ,pastel_palettes,228.83,,F,F,0.664,False,major,major,False,False,SAKURAスキップ,pastel_palettes,major,SAKURAスキップ,pastel_palettes,228.83,,1.18,2.646168708801269,-10.859221742876036,0,SAKURAスキップ,-10.712136268615724,-12.50589656829834,-9.85972785949707,1.1381226778030396,7.306830406188965,6.442572593688965,8.073644638061523,0.6323379874229431,pastel_palettes,228.8333125,,152,SAKURAスキップ,pastel_palettes,228.83,,6.02,152,SAKURAスキップ,6.5501,6.0407,7.1649,0.4467,pastel_palettes,1.1557581424713137,0.7219,0.8652328848838806,,228.83,,SAKURAスキップ,0.0003073133702855,2.198244328610599e-05,0.009166837669909,0.0460770390927791,pastel_palettes,228.83,,5.96,152,SAKURAスキップ,pastel_palettes,228.83,,0.699195,152.0,SAKURAスキップ,0.9288089871406556,0.4337795972824096,0.997725784778595,0.2555471658706665,pastel_palettes,0.000852684257552,0.0004438681644387,0.0013455511070787,0.0004087362904101,228.83,,1.09,115.0,-18.77,5.0,SAKURAスキップ,pastel_palettes,228.8333333333333,,456,SAKURAスキップ,0.0619306936860084,0.0153271872550249,0.187914103269577,0.0794525668025016,,29,0.173750878778063,fast
333,pastel_palettes,Stay Alive,pastel_palettes,616.0,0.43,135.99917763157896,139.53488372093034,263.61,,21.22,False,Stay Alive,pastel_palettes,263.97,,Ab,G#,0.779,True,major,major,False,False,Stay Alive,pastel_palettes,major,Stay Alive,pastel_palettes,263.97,,1.29,7.890908241271973,-11.377284843596785,0,Stay Alive,-10.828943252563477,-17.801191329956055,-9.910283088684082,3.071667194366455,6.301481246948242,5.139838218688965,7.023014068603516,0.7920964956283569,pastel_palettes,263.966625,,176,Stay Alive,pastel_palettes,263.97,,7.25,176,Stay Alive,5.2714,4.453,5.8501,0.5258,pastel_palettes,0.9521412253379822,0.0502,1.0502643585205078,,263.97,,Stay Alive,0.0013268685434013,7.793283657520078e-06,0.79189133644104,0.3114780485630035,pastel_palettes,263.97,,6.78,176,Stay Alive,pastel_palettes,263.97,,0.596776,176.0,Stay Alive,0.9966250658035278,0.3600503206253052,0.9999012351036072,0.2663657367229461,pastel_palettes,0.0007861868944019,0.0004286158073227,0.0013347732601687,0.0008316133753396,263.97,,1.66,132.0,-23.6,5.0,Stay Alive,pastel_palettes,263.96666666666664,,526,Stay Alive,0.032307356595993,0.0022798557765781,0.181697815656662,0.0902486518025398,,37,0.0872079739228458,medium
334,pastel_palettes,秘密の扉から会いにきて,pastel_palettes,671.0,0.33,117.45383522727272,181.8181818181906,218.31,,17.11,False,秘密の扉から会いにきて,pastel_palettes,218.6,,F,F,0.581,False,major,major,False,True,秘密の扉から会いにきて,pastel_palettes,major,秘密の扉から会いにきて,pastel_palettes,218.6,,1.27,1.9625177383422847,-10.916145128785317,0,秘密の扉から会いにきて,-10.918869018554688,-12.02891731262207,-10.066399574279783,5.551907539367676,6.840790271759033,6.2028632164001465,7.41574239730835,0.5397995114326477,pastel_palettes,218.6,,145,秘密の扉から会いにきて,pastel_palettes,218.6,,6.13,145,秘密の扉から会いにきて,5.9874,5.0703,6.762,0.6569,pastel_palettes,1.0808676481246948,0.4027,0.9251826405525208,,218.6,,秘密の扉から会いにきて,4.622299093171023e-05,2.3033689444673655e-07,0.0012756008654832,0.0123302955180406,pastel_palettes,218.6,,5.97,145,秘密の扉から会いにきて,pastel_palettes,218.6,,0.809314,145.0,秘密の扉から会いにきて,0.9991216063499452,0.697740912437439,0.9999662637710572,0.1781445443630218,pastel_palettes,0.0008090884657576,0.0004163729900028,0.0013602905673906,0.000410465960158,218.6,,1.4,110.0,-19.16,5.0,秘密の扉から会いにきて,pastel_palettes,218.6,,436,秘密の扉から会いにきて,0.0886142700910568,0.0125102493911981,0.2431432902812957,0.093343436717987,,21,0.0183897529734675,fast
335,pastel_palettes,トリドリ＊パレット,pastel_palettes,749.0,0.34,172.265625,176.4705882352942,252.04,,20.78,False,トリドリ＊パレット,pastel_palettes,252.23,,E,E,0.487,False,minor,major,True,False,トリドリ＊パレット,pastel_palettes,major,トリドリ＊パレット,pastel_palettes,252.23,,1.31,2.3684606552124023,-9.789616197602594,0,トリドリ＊パレット,-9.922616958618164,-11.10761547088623,-8.739154815673828,5.317313194274902,6.339280128479004,5.811049461364746,6.917026519775391,0.5025808215141296,pastel_palettes,252.2333125,,168,トリドリ＊パレット,pastel_palettes,252.23,,6.54,168,トリドリ＊パレット,5.7441,5.1525,6.2789,0.4915,pastel_palettes,1.1254667043685913,0.6064,0.8885202407836914,,252.23,,トリドリ＊パレット,0.0005838673678226,8.332999277627096e-05,0.0183053873479366,0.0339747369289398,pastel_palettes,252.23,,6.41,168,トリドリ＊パレット,pastel_palettes,252.23,,0.804255,168.0,トリドリ＊パレット,0.9751328229904176,0.4668824374675751,0.9993515610694884,0.215068519115448,pastel_palettes,,,,,,,1.6,,-17.43,5.0,トリドリ＊パレット,pastel_palettes,252.2333333333333,,503,トリドリ＊パレット,0.0496998056769371,0.007099918089807,0.177905648946762,0.0742096602916717,,27,0.0093564144713204,fast
336,pastel_palettes,ドラマチック！アライブ,pastel_palettes,800.0,0.32,172.265625,187.49999999999568,259.25,,20.84,False,ドラマチック！アライブ,pastel_palettes,259.53,,C,C,0.675,False,minor,minor,False,False,ドラマチック！アライブ,pastel_palettes,minor,ドラマチック！アライブ,pastel_palettes,259.53,,1.3,1.957066535949707,-10.851731928077392,0,ドラマチック！アライブ,-10.905664443969728,-11.97935676574707,-10.022290229797363,4.184614181518555,6.446686744689941,5.7132415771484375,7.418898105621338,0.6527217030525208,pastel_palettes,259.5333125,,173,ドラマチック！アライブ,pastel_palettes,259.53,,7.16,173,ドラマチック！アライブ,5.9458,5.2897,6.5292,0.5309,pastel_palettes,1.1931500434875488,0.8328,0.8381175994873047,,259.53,,ドラマチック！アライブ,0.0007037514005787,7.125051524781156e-06,0.0166730750352144,0.0201468393206596,pastel_palettes,259.53,,7.76,173,ドラマチック！アライブ,pastel_palettes,259.53,,0.71761,173.0,ドラマチック！アライブ,0.9982230067253112,0.17449751496315,0.9999371767044068,0.3054074943065643,pastel_palettes,0.0008658558363094,0.0005150083452463,0.0014149573398754,0.0004263037117198,259.53,,1.66,130.0,-18.65,5.0,ドラマチック！アライブ,pastel_palettes,259.53333333333336,,518,ドラマチック！アライブ,0.0748572498559951,0.0143165178596973,0.204276442527771,0.0787955895066261,,35,0.2511430369986133,fast
337,pastel_palettes,Radiate Warriors,pastel_palettes,521.0,0.46,135.99917763157896,130.43478260869338,240.33,,19.81,False,Radiate Warriors,pastel_palettes,240.33,,C#,C#,0.855,False,minor,minor,False,False,Radiate Warriors,pastel_palettes,minor,Radiate Warriors,pastel_palettes,240.33,,1.17,4.0432538986206055,-11.528757026896525,0,Radiate Warriors,-11.540461540222168,-14.181791305541992,-10.138537406921388,4.363649368286133,6.932178020477295,6.208794116973877,7.420190811157227,0.5853632688522339,pastel_palettes,240.3333125,,160,Radiate Warriors,pastel_palettes,240.33,,5.92,160,Radiate Warriors,6.0177,5.3658,6.5557,0.4976,pastel_palettes,1.0814272165298462,0.4103,0.9247039556503296,,240.33,,Radiate Warriors,0.000389766995795,6.829352514614584e-06,0.0102280145511031,0.0146662155166268,pastel_palettes,240.33,,6.47,160,Radiate Warriors,pastel_palettes,240.33,,0.732643,160.0,Radiate Warriors,0.9992941617965698,0.9811914563179016,0.9999889731407166,0.1196474730968475,pastel_palettes,0.0009337723604403,0.0003864399914164,0.0015270343283191,0.0006600995548069,240.33,,1.56,121.0,-21.59,5.0,Radiate Warriors,pastel_palettes,240.3333333333333,,479,Radiate Warriors,0.0725395455956459,0.0082334028556942,0.2252919226884842,0.0896162539720535,,32,0.1109292456780087,medium
338,pastel_palettes,ReReReエボリューションず☆,pastel_palettes,665.0,0.32,151.99908088235293,187.5000000000019,214.27,,17.86,False,ReReReエボリューションず☆,pastel_palettes,214.47,,E,E,0.826,False,major,major,False,False,ReReReエボリューションず☆,pastel_palettes,major,ReReReエボリューションず☆,pastel_palettes,214.47,,1.06,3.859517097473145,-9.508915683279747,0,ReReReエボリューションず☆,-9.465093612670898,-12.000621795654297,-8.141104698181152,1.9042819738388064,6.957430362701416,5.917235374450684,7.773996353149414,0.8178994655609131,pastel_palettes,214.466625,,143,ReReReエボリューションず☆,pastel_palettes,214.47,,5.65,143,ReReReエボリューションず☆,5.9698,4.993,6.5391,0.6268,pastel_palettes,1.122411847114563,0.5866,0.8909385800361633,,214.47,,ReReReエボリューションず☆,4.172402987023816e-05,1.1326010280754415e-06,0.0469321943819522,0.2256909608840942,pastel_palettes,214.47,,5.79,143,ReReReエボリューションず☆,pastel_palettes,214.47,,0.732361,143.0,ReReReエボリューションず☆,0.9916822910308838,0.6448205709457397,0.9996395707130432,0.1874127686023712,pastel_palettes,0.0007278833654709,0.0004260382556822,0.001205223146826,0.0004596389771904,214.47,,1.39,108.0,-18.97,5.0,ReReReエボリューションず☆,pastel_palettes,214.46666666666667,,427,ReReReエボリューションず☆,0.045209739357233,0.0050566652789711,0.1783887445926666,0.0679533332586288,,26,0.0,fast
339,pastel_palettes,everyday flower,pastel_palettes,542.0,0.44,184.5703125,136.36363636363706,239.84,,20.03,False,everyday flower,pastel_palettes,240.3,,A,A,0.62,False,major,major,False,False,everyday flower,pastel_palettes,major,everyday flower,pastel_palettes,240.3,,1.5,2.9178504943847656,-10.420883673579972,0,everyday flower,-10.26018238067627,-12.164084434509276,-9.246233940124512,4.718888759613037,6.686483383178711,5.691192626953125,7.198507785797119,0.6095865368843079,pastel_palettes,240.3,,160,everyday flower,pastel_palettes,240.3,,6.49,160,everyday flower,6.3361,5.4729,6.9809,0.607,pastel_palettes,1.2120271921157837,0.8647,0.8250640034675598,,240.3,,everyday flower,0.0064065330661833,0.0003268715227022,0.1648969799280166,0.1590132266283035,pastel_palettes,240.3,,6.38,160,everyday flower,pastel_palettes,240.3,,0.745929,160.0,everyday flower,0.9971336126327516,0.2493465393781662,0.9999081492424012,0.29706010222435,pastel_palettes,,,,,,,1.55,,-18.21,5.0,everyday flower,pastel_palettes,240.3,,479,everyday flower,0.041735503822565,0.0072110369801521,0.1750625669956207,0.0720582157373428,,18,0.0080732417811069,medium
340,pastel_palettes,With〜きみとわたしたちの物語〜,pastel_palettes,379.0,0.64,184.5703125,93.74999999999991,245.26,,20.28,False,With〜きみとわたしたちの物語〜,pastel_palettes,245.87,,E,E,0.564,False,major,major,False,False,With〜きみとわたしたちの物語〜,pastel_palettes,major,With〜きみとわたしたちの物語〜,pastel_palettes,245.87,,1.72,2.7277307510375977,-10.783039910380657,0,With〜きみとわたしたちの物語〜,-10.61355686187744,-12.603846549987791,-9.876115798950195,2.788861036300659,6.378074645996094,5.481921672821045,7.038004398345947,0.6452600359916687,pastel_palettes,245.866625,,164,With〜きみとわたしたちの物語〜,pastel_palettes,245.87,,6.72,164,With〜きみとわたしたちの物語〜,5.8493,4.9421,6.6338,0.6587,pastel_palettes,1.1041455268859863,0.5076,0.905677855014801,,245.87,,With〜きみとわたしたちの物語〜,0.0048287003301084,0.0002476949593983,0.5246906876564026,0.2427837252616882,pastel_palettes,245.87,,6.81,164,With〜きみとわたしたちの物語〜,pastel_palettes,245.87,,0.638538,164.0,With〜きみとわたしたちの物語〜,0.999809980392456,0.7618187069892883,0.9999969005584716,0.1532634645700454,pastel_palettes,0.0011018597288057,0.0006145501392893,0.0018173746066167,0.000522899092175,245.87,,1.59,123.0,-19.12,5.0,With〜きみとわたしたちの物語〜,pastel_palettes,245.86666666666667,,490,With〜きみとわたしたちの物語〜,0.0531384050846099,0.0079326312988996,0.208525463938713,0.0878274664282798,,25,0.0,medium
341,pastel_palettes,フレっとパレットFight Song!!,pastel_palettes,584.0,0.41,95.703125,146.34146341463284,241.53,,20.18,False,フレっとパレットFight Song!!,pastel_palettes,241.97,,G,G,0.821,False,major,major,False,False,フレっとパレットFight Song!!,pastel_palettes,major,フレっとパレットFight Song!!,pastel_palettes,241.97,,1.51,2.013182640075684,-10.709588268082552,0,フレっとパレットFight Song!!,-10.522327423095703,-12.047126770019531,-10.033944129943848,3.390355348587036,6.908456802368164,6.190381050109863,7.566918849945068,0.5748637914657593,pastel_palettes,241.966625,,161,フレっとパレットFight Song!!,pastel_palettes,241.97,,6.07,161,フレっとパレットFight Song!!,6.2065,5.4902,6.8515,0.5643,pastel_palettes,1.2686415910720823,0.9316,0.7882447242736816,,241.97,,フレっとパレットFight Song!!,0.0003461344458628,4.834458650293527e-06,0.015645146369934,0.0217587128281593,pastel_palettes,241.97,,5.73,161,フレっとパレットFight Song!!,pastel_palettes,241.97,,0.735925,161.0,フレっとパレットFight Song!!,0.9985516667366028,0.944567620754242,0.9999725818634032,0.1184358298778534,pastel_palettes,0.0008744157385081,0.0005054831854067,0.0014928689925,0.0004373443953227,241.97,,1.34,121.0,-18.29,5.0,フレっとパレットFight Song!!,pastel_palettes,241.96666666666667,,482,フレっとパレットFight Song!!,0.0521807223558425,0.0061382646672427,0.2151568830013275,0.0876974016427993,,52,0.0742250934852344,medium
342,pastel_palettes,デイオフ・ラフ・ラブ・サンクス,pastel_palettes,567.0,0.43,161.4990234375,139.53488372093034,243.23,,19.72,False,デイオフ・ラフ・ラブ・サンクス,pastel_palettes,243.7,,C,C,0.44,False,major,major,False,True,デイオフ・ラフ・ラブ・サンクス,pastel_palettes,major,デイオフ・ラフ・ラブ・サンクス,pastel_palettes,243.7,,1.39,3.2473840713500977,-10.443523931246288,0,デイオフ・ラフ・ラブ・サンクス,-10.319328308105469,-12.696428298950195,-9.449044227600098,4.912839889526367,6.504293918609619,5.714371681213379,7.092753410339356,0.5785070061683655,pastel_palettes,243.7,,162,デイオフ・ラフ・ラブ・サンクス,pastel_palettes,243.7,,5.99,162,デイオフ・ラフ・ラブ・サンクス,5.7832,4.7278,6.5681,0.6945,pastel_palettes,1.0449665784835815,0.2614,0.9569682478904724,,243.7,,デイオフ・ラフ・ラブ・サンクス,0.0065513653680682,0.0004064407548867,0.1382904946804046,0.1534902304410934,pastel_palettes,243.7,,5.93,162,デイオフ・ラフ・ラブ・サンクス,pastel_palettes,243.7,,0.577145,162.0,デイオフ・ラフ・ラブ・サンクス,0.9997297525405884,0.772116482257843,0.9999933242797852,0.2144491970539093,pastel_palettes,0.0012210720451548,0.0005221830215305,0.0022576251067221,0.001047222642228,243.7,,1.37,122.0,-19.35,5.0,デイオフ・ラフ・ラブ・サンクス,pastel_palettes,243.7,,486,デイオフ・ラフ・ラブ・サンクス,0.0749186873435974,0.0102666206657886,0.2285473644733429,0.0876289159059524,,42,0.042429216249487,medium
343,pastel_palettes,ホワイト ノスタルジア,pastel_palettes,651.0,0.43,135.99917763157896,139.534883720928,283.36,,23.27,False,ホワイト ノスタルジア,pastel_palettes,283.83,,C,F,0.297,True,major,major,False,False,ホワイト ノスタルジア,pastel_palettes,major,ホワイト ノスタルジア,pastel_palettes,283.83,,1.56,6.065604209899902,-10.868033411007769,0,ホワイト ノスタルジア,-11.02281093597412,-15.637737274169922,-9.57213306427002,4.0775346755981445,6.583487987518311,4.380767345428467,7.445591926574707,1.077442646026611,pastel_palettes,283.8333125,,189,ホワイト ノスタルジア,pastel_palettes,283.83,,8.23,189,ホワイト ノスタルジア,5.3306,4.4797,5.9208,0.5642,pastel_palettes,0.9947673082351683,0.1216,1.005260348320007,,283.83,,ホワイト ノスタルジア,0.004241079557687,0.0001365277566947,0.3531508147716522,0.2159978151321411,pastel_palettes,283.83,,7.66,189,ホワイト ノスタルジア,pastel_palettes,283.83,,0.641799,189.0,ホワイト ノスタルジア,0.9987040758132936,0.2624726891517639,0.9999908208847046,0.2765629887580871,pastel_palettes,0.0009404614102095,0.0003950938989873,0.0016569446306675,0.0005262352642603,283.83,,1.84,142.0,-22.98,5.0,ホワイト ノスタルジア,pastel_palettes,283.8333333333333,,566,ホワイト ノスタルジア,0.0466625206172466,0.0057263141497969,0.2049440443515777,0.0836761146783828,,16,0.0364298243643828,medium
344,pastel_palettes,Y.O.L.O！！！！！(パスパレver.),pastel_palettes,473.0,0.57,123.046875,105.26315789473728,268.28,,22.12,False,Y.O.L.O！！！！！(パスパレver.),pastel_palettes,268.87,,F,G,0.686,True,major,minor,False,False,Y.O.L.O！！！！！(パスパレver.),pastel_palettes,minor,Y.O.L.O！！！！！(パスパレver.),pastel_palettes,268.87,,1.52,3.080554962158203,-10.54875324714793,0,Y.O.L.O！！！！！(パスパレver.),-10.34065055847168,-12.571657180786133,-9.49110221862793,3.455473661422729,6.560915946960449,5.61150598526001,7.163475513458252,0.5922143459320068,pastel_palettes,268.866625,,179,Y.O.L.O！！！！！(パスパレver.),pastel_palettes,268.87,,7.08,179,Y.O.L.O！！！！！(パスパレver.),5.899,4.7149,6.5577,0.7184,pastel_palettes,1.0975213050842283,0.4818,0.9111440181732178,,268.87,,Y.O.L.O！！！！！(パスパレver.),0.0036580662708729,0.0001492576266173,0.0413044840097427,0.0668945834040641,pastel_palettes,268.87,,7.66,179,Y.O.L.O！！！！！(パスパレver.),pastel_palettes,268.87,,0.583902,179.0,Y.O.L.O！！！！！(パスパレver.),0.99992573261261,0.881851851940155,0.9999988079071044,0.1454701721668243,pastel_palettes,0.0010545448167249,0.0005633620894514,0.0017723272321745,0.0006589491968043,268.87,,1.77,135.0,-18.62,5.0,Y.O.L.O！！！！！(パスパレver.),pastel_palettes,268.8666666666667,,536,Y.O.L.O！！！！！(パスパレver.),0.0716822445392608,0.0121512655168771,0.2407337725162506,0.0953350514173507,,43,0.2379617965873887,medium
345,pastel_palettes,奏（かなで） (Cover),pastel_palettes,734.0,0.4,73.828125,149.99999999999787,294.09,,24.8,False,奏（かなで） (Cover),pastel_palettes,294.37,,E,E,0.465,False,minor,major,True,False,奏（かなで） (Cover),pastel_palettes,major,奏（かなで） (Cover),pastel_palettes,294.37,,1.53,4.335575103759766,-13.996143371385571,1,奏（かなで） (Cover),-13.944761276245115,-16.960115432739258,-12.624540328979492,4.440662860870361,5.952540397644043,4.428126335144043,6.6133713722229,0.8687984943389893,pastel_palettes,294.366625,,196,奏（かなで） (Cover),pastel_palettes,294.37,,7.86,196,奏（かなで） (Cover),5.8489,4.8472,6.5917,0.6653,pastel_palettes,1.1475214958190918,0.69,0.8714433908462524,,294.37,,奏（かなで） (Cover),0.3955630660057068,0.0382431223988533,0.8768409490585327,0.3081775605678558,pastel_palettes,294.37,,8.42,196,奏（かなで） (Cover),pastel_palettes,294.37,,0.761186,196.0,奏（かなで） (Cover),0.9990668892860411,0.5304147005081177,0.9999971389770508,0.2513411343097687,pastel_palettes,0.0007161054527387,0.0003331527404952,0.0012149848043918,0.0003877811832353,294.37,,1.92,148.0,-25.71,5.0,奏（かなで） (Cover),pastel_palettes,294.3666666666667,,587,奏（かなで） (Cover),0.0509266890585422,0.0062829451635479,0.2142561376094818,0.0910040065646171,,15,0.0,medium
346,pastel_palettes,Sparkling Daydream (Cover),pastel_palettes,728.0,0.34,172.265625,176.47058823529235,248.94,,20.78,False,Sparkling Daydream (Cover),pastel_palettes,249.23,,G,G,0.357,False,major,major,False,False,Sparkling Daydream (Cover),pastel_palettes,major,Sparkling Daydream (Cover),pastel_palettes,249.23,,1.64,2.5655517578125,-10.593295406152818,0,Sparkling Daydream (Cover),-10.569765090942385,-12.20789909362793,-9.64234733581543,5.046675205230713,6.833036422729492,5.943378448486328,7.467585563659668,0.6627976298332214,pastel_palettes,249.2333125,,166,Sparkling Daydream (Cover),pastel_palettes,249.23,,6.69,166,Sparkling Daydream (Cover),6.4232,5.2463,7.2136,0.7474,pastel_palettes,1.0847541093826294,0.4316,0.9218680262565612,,249.23,,Sparkling Daydream (Cover),2.467683589202352e-05,8.074568569327313e-08,0.0013010273687541,0.1468004137277603,pastel_palettes,249.23,,7.27,166,Sparkling Daydream (Cover),pastel_palettes,249.23,,0.720953,166.0,Sparkling Daydream (Cover),0.9647723436355592,0.4702547192573547,0.9988107681274414,0.2203000634908676,pastel_palettes,0.0006676461198367,0.0003920363669749,0.001393872895278,0.0004339108709245,249.23,,1.61,125.0,-19.27,5.0,Sparkling Daydream (Cover),pastel_palettes,249.2333333333333,,497,Sparkling Daydream (Cover),0.0576482936739921,0.0111240269616246,0.198858380317688,0.0824026688933372,,44,0.1437207195866122,fast
347,pastel_palettes,春を告げる (Cover),pastel_palettes,398.0,0.5,117.45383522727272,120.0,198.46,,16.61,False,春を告げる (Cover),pastel_palettes,198.93,,F#,F#,0.62,False,major,major,False,False,春を告げる (Cover),pastel_palettes,major,春を告げる (Cover),pastel_palettes,198.93,,1.3,5.039289474487305,-13.364603244294202,0,春を告げる (Cover),-13.465801239013672,-17.2325439453125,-12.193254470825195,6.641330242156982,5.997034072875977,4.462099075317383,6.80296802520752,0.8940687775611877,pastel_palettes,198.9333125,,132,春を告げる (Cover),pastel_palettes,198.93,,5.86,132,春を告げる (Cover),5.7318,4.909,6.5968,0.6726,pastel_palettes,1.497438907623291,0.9985,0.6678069233894348,,198.93,,春を告げる (Cover),0.0005956693203188,7.388367066596402e-06,0.0687585473060607,0.1077788919210434,pastel_palettes,198.93,,6.43,132,春を告げる (Cover),pastel_palettes,198.93,,0.817938,132.0,春を告げる (Cover),0.9731780290603638,0.2942481935024261,0.999931275844574,0.3074339926242828,pastel_palettes,0.0006294075283221,0.0003520671743899,0.0011111568892374,0.0003076048160437,198.93,,1.25,100.0,-27.36,5.0,春を告げる (Cover),pastel_palettes,198.9333333333333,,396,春を告げる (Cover),0.0867844820022583,0.0195467695593833,0.2345620691776275,0.0822793841361999,,27,0.436528058703071,medium
348,pastel_palettes,だから、ひとりじゃない (Cover),pastel_palettes,690.0,0.33,117.45383522727272,181.8181818181749,229.83,,19.41,False,だから、ひとりじゃない (Cover),pastel_palettes,230.13,,Eb,D#,0.699,True,major,major,False,False,だから、ひとりじゃない (Cover),pastel_palettes,major,だから、ひとりじゃない (Cover),pastel_palettes,230.13,,1.32,4.858179092407227,-10.835845727932655,0,だから、ひとりじゃない (Cover),-10.866080284118652,-14.325157165527344,-9.466978073120115,2.297804832458496,6.438106536865234,5.664317607879639,6.9893317222595215,0.6060967445373535,pastel_palettes,230.1333125,,153,だから、ひとりじゃない (Cover),pastel_palettes,230.13,,6.16,153,だから、ひとりじゃない (Cover),6.2081,5.2354,7.0172,0.6746,pastel_palettes,1.0765072107315063,0.3815,0.9289299845695496,,230.13,,だから、ひとりじゃない (Cover),0.0337509997189044,0.0023278936278074,0.4631778001785278,0.2425301820039749,pastel_palettes,230.13,,6.22,153,だから、ひとりじゃない (Cover),pastel_palettes,230.13,,0.64642,153.0,だから、ひとりじゃない (Cover),0.999541401863098,0.9751400351524352,0.9999931454658508,0.0698163956403732,pastel_palettes,,,,,,,1.46,,-20.15,5.0,だから、ひとりじゃない (Cover),pastel_palettes,230.13333333333333,,459,だから、ひとりじゃない (Cover),0.0759280622005462,0.0144197791814804,0.2478701919317245,0.0948676839470863,,36,0.2786210387780563,fast
349,pastel_palettes,サインはB (Cover),pastel_palettes,630.0,0.34,151.99908088235293,176.47058823529235,215.17,,17.87,False,サインはB (Cover),pastel_palettes,215.4,,F#,F#,0.462,False,major,major,False,True,サインはB (Cover),pastel_palettes,major,サインはB (Cover),pastel_palettes,215.4,,1.33,3.547064781188965,-10.335700670402376,0,サインはB (Cover),-10.056909561157228,-12.83675765991211,-9.289692878723145,2.8915579319000244,7.035613059997559,6.241062164306641,7.566253662109375,0.6501471996307373,pastel_palettes,215.4,,143,サインはB (Cover),pastel_palettes,215.4,,5.6,143,サインはB (Cover),5.8414,4.3524,6.71,0.8457,pastel_palettes,1.1005138158798218,0.497,0.9086663722991944,,215.4,,サインはB (Cover),0.0001513532042736,7.224542173389636e-07,0.0019816868007183,0.0088849626481533,pastel_palettes,215.4,,5.44,143,サインはB (Cover),pastel_palettes,215.4,,0.604241,143.0,サインはB (Cover),0.9997511506080629,0.7616168260574341,0.99999737739563,0.1716580390930175,pastel_palettes,0.0010529994033277,0.0006431416841223,0.0017007926944643,0.0006994658033363,215.4,,1.19,108.0,-20.39,5.0,サインはB (Cover),pastel_palettes,215.4,,429,サインはB (Cover),0.082501471042633,0.0114286541938781,0.2393827885389328,0.092930868268013,,38,0.1486536675951718,fast
350,pastel_palettes,愛包ダンスホール (Cover),pastel_palettes,522.0,0.43,135.99917763157896,139.53488372093724,222.35,,18.19,False,愛包ダンスホール (Cover),pastel_palettes,222.8,,C#,C#,0.412,False,minor,minor,False,True,愛包ダンスホール (Cover),pastel_palettes,minor,愛包ダンスホール (Cover),pastel_palettes,222.8,,1.41,2.555211067199707,-10.521198778382043,0,愛包ダンスホール (Cover),-10.43152141571045,-12.197529792785645,-9.642318725585938,5.849641799926758,7.755948543548584,6.54840612411499,8.373320579528809,0.8020482063293457,pastel_palettes,222.8,,148,愛包ダンスホール (Cover),pastel_palettes,222.8,,6.03,148,愛包ダンスホール (Cover),6.1462,5.4632,6.8812,0.5613,pastel_palettes,1.3641530275344849,0.9818,0.7330555319786072,,222.8,,愛包ダンスホール (Cover),8.740389603190124e-06,6.324734158624779e-07,0.0004921943764202,0.0172505229711532,pastel_palettes,222.8,,6.01,148,愛包ダンスホール (Cover),pastel_palettes,222.8,,0.648699,148.0,愛包ダンスホール (Cover),0.9999452829360962,0.9679073095321656,0.9999995231628418,0.0935242399573326,pastel_palettes,0.0009010051144286,0.0004097559431102,0.0015964892227202,0.0004832567938137,222.8,,1.07,112.0,-20.74,5.0,愛包ダンスホール (Cover),pastel_palettes,222.8,,444,愛包ダンスホール (Cover),0.072586566209793,0.0103169893845915,0.2065356969833374,0.0806642994284629,,48,0.1917414721723522,medium
351,pastel_palettes,最上級にかわいいの！ (Cover),pastel_palettes,537.0,0.36,161.4990234375,166.66666666666694,191.23,,16.15,False,最上級にかわいいの！ (Cover),pastel_palettes,191.33,,F,F,0.758,False,major,major,False,False,最上級にかわいいの！ (Cover),pastel_palettes,major,最上級にかわいいの！ (Cover),pastel_palettes,191.33,,1.13,2.651586532592773,-9.628835088072965,0,最上級にかわいいの！ (Cover),-9.59716796875,-11.15617561340332,-8.504589080810547,3.8396618366241455,6.88176965713501,6.037744522094727,7.429337024688721,0.6372563242912292,pastel_palettes,191.3333125,,127,最上級にかわいいの！ (Cover),pastel_palettes,191.33,,4.64,127,最上級にかわいいの！ (Cover),5.8666,5.1513,6.5633,0.5612,pastel_palettes,1.1155205965042114,0.5532,0.8964424133300781,,191.33,,最上級にかわいいの！ (Cover),0.0160424411296844,0.0012705205008387,0.2162065505981445,0.1513282805681228,pastel_palettes,191.33,,4.94,127,最上級にかわいいの！ (Cover),pastel_palettes,191.33,,0.716531,127.0,最上級にかわいいの！ (Cover),0.9994522929191588,0.9234375357627868,0.9999808073043824,0.1785546690225601,pastel_palettes,0.0008095418452285,0.0004011134151369,0.0014939992688596,0.0005781040526926,191.33,,0.89,96.0,-18.7,5.0,最上級にかわいいの！ (Cover),pastel_palettes,191.3333333333333,,381,最上級にかわいいの！ (Cover),0.068807728588581,0.0094442479312419,0.2157952785491943,0.0865566581487655,,28,0.3178744952363904,fast
352,pastel_palettes,♡桃色片想い♡ (Cover),pastel_palettes,659.0,0.39,99.38401442307692,153.8461538461536,257.13,,22.04,False,♡桃色片想い♡ (Cover),pastel_palettes,257.57,,F#,F#,0.407,False,major,major,False,True,♡桃色片想い♡ (Cover),pastel_palettes,major,♡桃色片想い♡ (Cover),pastel_palettes,257.57,,1.49,2.141412734985352,-9.888912781946868,0,♡桃色片想い♡ (Cover),-9.732361793518066,-11.23455047607422,-9.093137741088867,3.3570690155029297,7.3285908699035645,6.5466485023498535,7.903904914855957,0.6228321194648743,pastel_palettes,257.566625,,172,♡桃色片想い♡ (Cover),pastel_palettes,257.57,,6.69,172,♡桃色片想い♡ (Cover),6.6367,5.9067,7.3781,0.6035,pastel_palettes,1.253837823867798,0.9119,0.797551155090332,,257.57,,♡桃色片想い♡ (Cover),0.0003522728511597,1.544242877571378e-05,0.0210250858217477,0.0453741624951362,pastel_palettes,257.57,,7.04,172,♡桃色片想い♡ (Cover),pastel_palettes,257.57,,0.709872,172.0,♡桃色片想い♡ (Cover),0.9993182420730592,0.9804698824882508,0.99997079372406,0.1158368736505508,pastel_palettes,0.0007012053974904,0.0003738709783647,0.0012332255719229,0.0047750361263751,257.57,,1.49,129.0,-18.37,5.0,♡桃色片想い♡ (Cover),pastel_palettes,257.56666666666666,,514,♡桃色片想い♡ (Cover),0.0758760273456573,0.0105555551126599,0.2391080260276794,0.0909530520439148,,57,0.0119580681410906,medium
353,pastel_palettes,金曜日のおはよう (Cover),pastel_palettes,602.0,0.4,117.45383522727272,149.99999999999787,241.28,,20.58,False,金曜日のおはよう (Cover),pastel_palettes,241.73,,Eb,D#,0.968,True,major,major,False,False,金曜日のおはよう (Cover),pastel_palettes,major,金曜日のおはよう (Cover),pastel_palettes,241.73,,1.63,3.56313419342041,-10.694958779787042,0,金曜日のおはよう (Cover),-10.486021995544434,-13.215095520019531,-9.65196132659912,4.032296657562256,7.089199542999268,6.167682647705078,7.997928619384766,0.8490021824836731,pastel_palettes,241.7333125,,161,金曜日のおはよう (Cover),pastel_palettes,241.73,,6.79,161,金曜日のおはよう (Cover),6.2433,5.5083,6.9704,0.6252,pastel_palettes,1.1615896224975586,0.7386,0.860889196395874,,241.73,,金曜日のおはよう (Cover),0.0009376191883347,1.1519003237481227e-05,0.1098323762416839,0.1391927152872085,pastel_palettes,241.73,,6.88,161,金曜日のおはよう (Cover),pastel_palettes,241.73,,0.675979,161.0,金曜日のおはよう (Cover),0.999572217464447,0.8876386880874634,0.999987006187439,0.1709206998348236,pastel_palettes,0.0007541438681073,0.0003818531986325,0.0011988609330728,0.000363599974662,241.73,,1.57,121.0,-20.52,5.0,金曜日のおはよう (Cover),pastel_palettes,241.7333333333333,,482,金曜日のおはよう (Cover),0.0592725202441215,0.0123349400237202,0.2180290073156356,0.0895778983831405,,29,0.2498620639371788,medium
354,pastel_palettes,魔法少女とチョコレゐト (Cover),pastel_palettes,470.0,0.4,151.99908088235293,149.99999999999787,187.53,,15.38,False,魔法少女とチョコレゐト (Cover),pastel_palettes,187.96,,A,E,0.448,True,major,major,False,False,魔法少女とチョコレゐト (Cover),pastel_palettes,major,魔法少女とチョコレゐト (Cover),pastel_palettes,187.96,,1.53,2.9969282150268555,-11.109642599228192,0,魔法少女とチョコレゐト (Cover),-11.14910888671875,-13.092777252197266,-10.09584903717041,5.694458961486816,6.251274108886719,5.387195587158203,6.992828369140625,0.5814579725265503,pastel_palettes,187.96,,125,魔法少女とチョコレゐト (Cover),pastel_palettes,187.96,,5.69,125,魔法少女とチョコレゐト (Cover),5.4564,4.7506,6.028,0.5137,pastel_palettes,1.138646960258484,0.655,0.8782354593276978,,187.96,,魔法少女とチョコレゐト (Cover),6.229684368008748e-05,2.594611260064994e-06,0.0051234518177807,0.0745160579681396,pastel_palettes,187.96,,5.8,125,魔法少女とチョコレゐト (Cover),pastel_palettes,187.96,,0.826201,125.0,魔法少女とチョコレゐト (Cover),0.9990563988685608,0.9710261225700378,0.9999654293060304,0.1325947493314743,pastel_palettes,0.0007731622317805,0.0003903846663888,0.0013344595208764,0.0006715893978253,187.96,,1.21,94.0,-23.33,5.0,魔法少女とチョコレゐト (Cover),pastel_palettes,187.96,,374,魔法少女とチョコレゐト (Cover),0.0945465564727783,0.018362695351243,0.2701820731163025,0.0979407206177711,,24,0.1519472228133645,medium
355,pastel_palettes,可愛くてごめん (Cover),pastel_palettes,589.0,0.37,78.30255681818181,162.16216216216017,219.99,,18.84,False,可愛くてごめん (Cover),pastel_palettes,220.27,,D,D,1.0,False,major,major,False,False,可愛くてごめん (Cover),pastel_palettes,major,可愛くてごめん (Cover),pastel_palettes,220.27,,1.62,3.355365753173828,-11.620013437780802,0,可愛くてごめん (Cover),-11.314261436462402,-13.898431777954102,-10.543066024780272,3.1766276359558105,6.380691051483154,5.455151081085205,7.0216145515441895,0.702570915222168,pastel_palettes,220.266625,,147,可愛くてごめん (Cover),pastel_palettes,220.27,,5.89,147,可愛くてごめん (Cover),6.1871,5.2126,6.735,0.6154,pastel_palettes,1.1088502407073977,0.5289,0.901835024356842,,220.27,,可愛くてごめん (Cover),0.0068715219385921,0.0004342325264587,0.1315740644931793,0.2173221558332443,pastel_palettes,220.27,,5.4,147,可愛くてごめん (Cover),pastel_palettes,220.27,,0.823335,147.0,可愛くてごめん (Cover),0.9963842630386353,0.4167529940605163,0.9999427795410156,0.2512799501419067,pastel_palettes,,,,,,,1.4,,-21.33,5.0,可愛くてごめん (Cover),pastel_palettes,220.26666666666668,,439,可愛くてごめん (Cover),0.0791102647781372,0.0165412668138742,0.2151641547679901,0.0810549706220626,,20,0.3571125570224957,fast
356,pastel_palettes,からくりピエロ (Cover),pastel_palettes,428.0,0.59,103.359375,101.6949152542367,251.7,,20.48,False,からくりピエロ (Cover),pastel_palettes,252.23,,C,C,0.274,False,minor,minor,False,False,からくりピエロ (Cover),pastel_palettes,minor,からくりピエロ (Cover),pastel_palettes,252.23,,1.56,7.971861839294434,-12.62496276102023,0,からくりピエロ (Cover),-13.03386688232422,-19.04355239868164,-11.071690559387209,4.335675239562988,6.791799545288086,5.183113098144531,7.384181976318359,0.893645167350769,pastel_palettes,252.2333125,,168,からくりピエロ (Cover),pastel_palettes,252.23,,5.91,168,からくりピエロ (Cover),6.6593,5.5,7.2405,0.6832,pastel_palettes,1.1163970232009888,0.5578,0.8957385420799255,,252.23,,からくりピエロ (Cover),0.002142671495676,4.538466600934044e-05,0.1827526986598968,0.1658507883548736,pastel_palettes,252.23,,5.72,168,からくりピエロ (Cover),pastel_palettes,252.23,,0.772536,168.0,からくりピエロ (Cover),0.9998427033424376,0.4855261445045471,0.9999993443489076,0.2739500701427459,pastel_palettes,,,,,,,1.59,,-28.22,5.0,からくりピエロ (Cover),pastel_palettes,252.2333333333333,,503,からくりピエロ (Cover),0.0706536993384361,0.0114627387374639,0.2096370309591293,0.0850399285554885,,14,0.2588079392744913,medium
357,pastel_palettes,みくみくにしてあげる♪【してやんよ】 (Cover),pastel_palettes,278.0,0.37,151.99908088235293,162.16216216216017,103.23,,8.88,False,みくみくにしてあげる♪【してやんよ】 (Cover),pastel_palettes,103.53,,F,F,0.768,False,major,major,False,False,みくみくにしてあげる♪【してやんよ】 (Cover),pastel_palettes,major,みくみくにしてあげる♪【してやんよ】 (Cover),pastel_palettes,103.53,,0.65,2.112268447875977,-11.51244919166228,0,みくみくにしてあげる♪【してやんよ】 (Cover),-11.609001159667969,-12.73413372039795,-10.621865272521973,4.25717830657959,6.969033718109131,6.06639289855957,8.052128791809082,0.8814570307731628,pastel_palettes,103.5333125,,68,みくみくにしてあげる♪【してやんよ】 (Cover),pastel_palettes,103.53,,3.14,68,みくみくにしてあげる♪【してやんよ】 (Cover),6.1233,5.2354,7.1882,0.7723,pastel_palettes,1.1271076202392578,0.6125,0.8872266411781311,,103.53,,みくみくにしてあげる♪【してやんよ】 (Cover),1.7172460502479225e-05,8.071830848166428e-07,0.0076339803636074,0.0195771269500255,pastel_palettes,103.53,,2.9,68,みくみくにしてあげる♪【してやんよ】 (Cover),pastel_palettes,103.53,,0.771628,68.0,みくみくにしてあげる♪【してやんよ】 (Cover),0.99942547082901,0.8997811675071716,0.9999682903289796,0.1406604796648025,pastel_palettes,0.0006471503875218,0.0003526612417772,0.0010889050317928,0.0002895735960919,103.53,,0.67,52.0,-19.72,5.0,みくみくにしてあげる♪【してやんよ】 (Cover),pastel_palettes,103.53333333333332,,206,みくみくにしてあげる♪【してやんよ】 (Cover),0.0686642825603485,0.0106501746922731,0.2321502417325973,0.0865803062915802,,15,0.0973599093046083,fast
358,pastel_palettes,ルカルカ★ナイトフィーバー (Cover),pastel_palettes,648.0,0.37,258.3984375,162.16216216216017,241.81,,20.42,False,ルカルカ★ナイトフィーバー (Cover),pastel_palettes,242.0,,F,F,0.947,False,minor,minor,False,False,ルカルカ★ナイトフィーバー (Cover),pastel_palettes,minor,ルカルカ★ナイトフィーバー (Cover),pastel_palettes,242.0,,1.47,2.73543643951416,-11.352533121119771,0,ルカルカ★ナイトフィーバー (Cover),-11.355749130249023,-13.038384437561035,-10.302947998046877,4.85891056060791,7.101887226104736,6.141959190368652,7.527307033538818,0.7130997180938721,pastel_palettes,242.0,,161,ルカルカ★ナイトフィーバー (Cover),pastel_palettes,242.0,,6.89,161,ルカルカ★ナイトフィーバー (Cover),6.2289,5.6846,6.9145,0.6021,pastel_palettes,1.1497875452041626,0.6991,0.8697258830070496,,242.0,,ルカルカ★ナイトフィーバー (Cover),9.749974560691044e-05,3.6042270039615687e-06,0.0355561412870883,0.1859559267759323,pastel_palettes,242.0,,6.54,161,ルカルカ★ナイトフィーバー (Cover),pastel_palettes,242.0,,0.713429,161.0,ルカルカ★ナイトフィーバー (Cover),0.9999650716781616,0.7701569199562073,0.999998927116394,0.1572411656379699,pastel_palettes,0.0011382783995941,0.000676067371387,0.0018360395915806,0.0006196415633894,242.0,,1.54,121.0,-19.72,5.0,ルカルカ★ナイトフィーバー (Cover),pastel_palettes,242.0,,483,ルカルカ★ナイトフィーバー (Cover),0.0721145793795585,0.0143087897449731,0.2125976830720901,0.0773048400878906,,25,0.0053719008264462,fast
359,pastel_palettes,アイドル (Cover),pastel_palettes,585.0,0.36,161.4990234375,166.66666666666694,214.18,,18.02,False,アイドル (Cover),pastel_palettes,214.37,,A,A,0.569,False,minor,minor,False,True,アイドル (Cover),pastel_palettes,minor,アイドル (Cover),pastel_palettes,214.37,,1.38,2.9742679595947266,-10.429715278122886,0,アイドル (Cover),-10.137847900390623,-12.262731552124023,-9.288463592529297,1.6345804929733276,6.766260623931885,5.7639641761779785,7.300762176513672,0.6755914092063904,pastel_palettes,214.366625,,143,アイドル (Cover),pastel_palettes,214.37,,4.88,143,アイドル (Cover),5.7789,5.0135,6.2953,0.5087,pastel_palettes,1.211856245994568,0.8632,0.8251803517341614,,214.37,,アイドル (Cover),1.386685744364513e-05,5.924550805502804e-07,0.0004392302362248,0.1026060506701469,pastel_palettes,214.37,,5.28,143,アイドル (Cover),pastel_palettes,214.37,,0.779716,143.0,アイドル (Cover),0.999657392501831,0.9755380153656006,0.999990165233612,0.115984134376049,pastel_palettes,0.0008743049111217,0.0005496008670888,0.0018955590203404,0.0014377209590747,214.37,,1.41,108.0,-20.02,5.0,アイドル (Cover),pastel_palettes,214.36666666666667,,427,アイドル (Cover),0.0900215953588485,0.0212710555642843,0.229352667927742,0.0850374102592468,,21,0.482164468768031,fast
360,pastel_palettes,secret base ～君がくれたもの～ (Cover),pastel_palettes,683.0,0.42,143.5546875,142.85714285714226,321.52,,25.56,False,secret base ～君がくれたもの～ (Cover),pastel_palettes,322.0,,F#,F#,0.635,False,major,major,False,True,secret base ～君がくれたもの～ (Cover),pastel_palettes,major,secret base ～君がくれたもの～ (Cover),pastel_palettes,322.0,,1.98,6.522562026977539,-13.591486548338976,0,secret base ～君がくれたもの～ (Cover),-13.381495475769045,-18.69235038757324,-12.169788360595703,5.585843086242676,5.703926086425781,4.22791051864624,6.307485580444336,0.8077809810638428,pastel_palettes,322.0,,215,secret base ～君がくれたもの～ (Cover),pastel_palettes,322.0,,8.3,215,secret base ～君がくれたもの～ (Cover),5.587,4.6211,6.4592,0.7207,pastel_palettes,1.1078143119812012,0.5213,0.9026784896850586,,322.0,,secret base ～君がくれたもの～ (Cover),0.6723062992095947,0.0531816966831684,0.9760695695877076,0.3478976786136627,pastel_palettes,322.0,,8.35,215,secret base ～君がくれたもの～ (Cover),pastel_palettes,322.0,,0.691409,215.0,secret base ～君がくれたもの～ (Cover),0.998144507408142,0.3538513481616974,0.9999943971633912,0.2514156103134155,pastel_palettes,0.0007593681220896,0.0004002141358796,0.0012148750247433,0.0003505736240185,322.0,,2.06,161.0,-24.14,5.0,secret base ～君がくれたもの～ (Cover),pastel_palettes,322.0,,643,secret base ～君がくれたもの～ (Cover),0.0550958700478076,0.0037477707955986,0.2028533369302749,0.0836975127458572,,46,0.1525465838509317,medium
361,pastel_palettes,ふわふわ時間 (Cover),pastel_palettes,737.0,0.33,161.4990234375,181.8181818181749,245.21,,20.27,False,ふわふわ時間 (Cover),pastel_palettes,245.23,,E,E,0.878,False,major,major,False,False,ふわふわ時間 (Cover),pastel_palettes,major,ふわふわ時間 (Cover),pastel_palettes,245.23,,1.5,4.675148010253906,-11.94250569892853,0,ふわふわ時間 (Cover),-11.668665885925291,-15.061652183532717,-10.386504173278809,1.8282935619354248,6.745608329772949,5.903955936431885,7.4809889793396,0.6991860270500183,pastel_palettes,245.2333125,,163,ふわふわ時間 (Cover),pastel_palettes,245.23,,6.67,163,ふわふわ時間 (Cover),6.4248,5.2707,7.1135,0.7784,pastel_palettes,1.0330464839935305,0.228,0.9680104851722716,,245.23,,ふわふわ時間 (Cover),7.174775964813307e-05,5.870450650036219e-07,0.0029988868627697,0.1780922263860702,pastel_palettes,245.23,,6.62,163,ふわふわ時間 (Cover),pastel_palettes,245.23,,0.688854,163.0,ふわふわ時間 (Cover),0.915064811706543,0.4650470912456512,0.996735453605652,0.209678515791893,pastel_palettes,0.0006829138728789,0.0004064912500325,0.0013700635172426,0.0006213067681528,245.23,,1.6,123.0,-20.89,5.0,ふわふわ時間 (Cover),pastel_palettes,245.2333333333333,,489,ふわふわ時間 (Cover),0.0532663315534591,0.0095922956243157,0.2314594537019729,0.0920719802379608,,26,0.1570748679701528,fast
362,pastel_palettes,Fantastic future (Cover),pastel_palettes,709.0,0.35,151.99908088235293,171.4285714285742,246.76,,19.51,False,Fantastic future (Cover),pastel_palettes,246.9,,F#,A#,0.492,True,major,minor,False,True,Fantastic future (Cover),pastel_palettes,minor,Fantastic future (Cover),pastel_palettes,246.9,,1.58,3.1857824325561523,-12.63305894345732,0,Fantastic future (Cover),-12.422964096069336,-14.653955459594728,-11.468173027038574,2.706991910934448,6.968427658081055,6.012502670288086,7.528236865997314,0.6367032527923584,pastel_palettes,246.9,,164,Fantastic future (Cover),pastel_palettes,246.9,,6.55,164,Fantastic future (Cover),6.6436,5.0761,7.1839,0.7952,pastel_palettes,1.1419775485992432,0.6717,0.8756738901138306,,246.9,,Fantastic future (Cover),0.0005973458755761,1.4901924259902444e-05,0.0312654338777065,0.0721536576747894,pastel_palettes,246.9,,6.44,164,Fantastic future (Cover),pastel_palettes,246.9,,0.760259,164.0,Fantastic future (Cover),0.999913215637207,0.8999419808387756,0.999999225139618,0.1652774959802627,pastel_palettes,0.0008360476931557,0.0004411686386447,0.0018507858039811,0.0016301323194056,246.9,,1.27,124.0,-21.86,5.0,Fantastic future (Cover),pastel_palettes,246.9,,492,Fantastic future (Cover),0.0727546066045761,0.0100317317992448,0.2265420705080032,0.084824800491333,,36,0.0554880518428513,fast
363,pastel_palettes,Baby Sweet Berry Love (Cover),pastel_palettes,693.0,0.35,107.666015625,171.42857142856724,243.96,,19.5,False,Baby Sweet Berry Love (Cover),pastel_palettes,244.23,,A,E,0.66,True,major,major,False,False,Baby Sweet Berry Love (Cover),pastel_palettes,major,Baby Sweet Berry Love (Cover),pastel_palettes,244.23,,1.52,3.542451858520508,-11.29985666339198,0,Baby Sweet Berry Love (Cover),-10.871882438659668,-13.766636848449709,-10.2241849899292,4.313814640045166,6.76252555847168,5.658083915710449,7.527264595031738,0.77097487449646,pastel_palettes,244.2333125,,163,Baby Sweet Berry Love (Cover),pastel_palettes,244.23,,6.7,163,Baby Sweet Berry Love (Cover),6.216,5.3594,6.8243,0.6045,pastel_palettes,1.082284450531006,0.4179,0.9239714741706848,,244.23,,Baby Sweet Berry Love (Cover),0.00013186558499,1.1083063327532727e-05,0.0586912520229816,0.0607231147587299,pastel_palettes,244.23,,6.62,163,Baby Sweet Berry Love (Cover),pastel_palettes,244.23,,0.688884,163.0,Baby Sweet Berry Love (Cover),0.9982538819313048,0.9424244165420532,0.9998741149902344,0.0940369367599487,pastel_palettes,,,,,,,1.46,,-20.46,5.0,Baby Sweet Berry Love (Cover),pastel_palettes,244.2333333333333,,487,Baby Sweet Berry Love (Cover),0.0549553111195564,0.0117243854328989,0.1796469688415527,0.0762740820646286,,21,0.1453527798975057,fast
364,pastel_palettes,Q＆A　リサイタル！ (Cover),pastel_palettes,884.0,0.33,123.046875,181.81818181818275,290.98,,22.77,False,Q＆A　リサイタル！ (Cover),pastel_palettes,291.2,,G,D,0.579,True,major,major,False,True,Q＆A　リサイタル！ (Cover),pastel_palettes,major,Q＆A　リサイタル！ (Cover),pastel_palettes,291.2,,1.66,2.837656021118164,-11.724097750396783,0,Q＆A　リサイタル！ (Cover),-11.615988731384276,-13.600708961486816,-10.763052940368652,2.7515745162963867,6.756973743438721,5.972509384155273,7.353301525115967,0.5646021962165833,pastel_palettes,291.2,,194,Q＆A　リサイタル！ (Cover),pastel_palettes,291.2,,8.07,194,Q＆A　リサイタル！ (Cover),6.464,5.1982,7.1434,0.7105,pastel_palettes,1.2817407846450806,0.9422,0.7801888585090637,,291.2,,Q＆A　リサイタル！ (Cover),4.480457573663443e-05,3.966481926909182e-06,0.0011278525926172,0.0717401802539825,pastel_palettes,291.2,,7.58,194,Q＆A　リサイタル！ (Cover),pastel_palettes,291.2,,0.781148,194.0,Q＆A　リサイタル！ (Cover),0.9944498538970948,0.776788055896759,0.9996737837791444,0.142672598361969,pastel_palettes,0.0006941503379493,0.0003515850403346,0.0012106688227504,0.0003315785725135,291.2,,1.88,146.0,-21.52,5.0,Q＆A　リサイタル！ (Cover),pastel_palettes,291.2,,581,Q＆A　リサイタル！ (Cover),0.058241456747055,0.0126362266018986,0.2209628373384475,0.0844401195645332,,53,0.0785027472527471,fast
365,pastel_palettes,ヒトリゴト (Cover),pastel_palettes,649.0,0.36,161.4990234375,166.66666666666035,235.05,,18.17,False,ヒトリゴト (Cover),pastel_palettes,235.27,,C,F,0.325,True,minor,major,False,True,ヒトリゴト (Cover),pastel_palettes,major,ヒトリゴト (Cover),pastel_palettes,235.27,,1.41,1.6757488250732422,-11.686307417518508,0,ヒトリゴト (Cover),-11.678840637207031,-12.65046501159668,-10.974716186523438,4.489648342132568,6.126504898071289,5.34174919128418,6.716928005218506,0.5992170572280884,pastel_palettes,235.266625,,157,ヒトリゴト (Cover),pastel_palettes,235.27,,5.87,157,ヒトリゴト (Cover),6.124,5.1204,7.1426,0.7565,pastel_palettes,1.3730528354644775,0.9848,0.7283040881156921,,235.27,,ヒトリゴト (Cover),0.0017140922136604,1.0175003808399197e-05,0.0381317250430583,0.0427743829786777,pastel_palettes,235.27,,5.97,157,ヒトリゴト (Cover),pastel_palettes,235.27,,0.734122,157.0,ヒトリゴト (Cover),0.9954652190208436,0.9183973670005798,0.9998844861984252,0.1305874139070511,pastel_palettes,0.0009658890776336,0.0005865533603355,0.0013316279510036,0.0003136141167487,235.27,,1.48,118.0,-19.71,5.0,ヒトリゴト (Cover),pastel_palettes,235.26666666666668,,469,ヒトリゴト (Cover),0.0703439563512802,0.0106237241998314,0.2387215346097946,0.0864016115665435,,32,0.4560781687377649,fast
366,pastel_palettes,惑星ループ (Cover),pastel_palettes,586.0,0.35,172.265625,171.4285714285707,206.46,,16.07,False,惑星ループ (Cover),pastel_palettes,206.77,,Eb,F,0.857,True,major,minor,False,False,惑星ループ (Cover),pastel_palettes,minor,惑星ループ (Cover),pastel_palettes,206.77,,1.15,3.848430633544922,-11.12041832492695,0,惑星ループ (Cover),-11.473247528076172,-13.223081588745115,-9.374650955200195,2.097586870193481,6.370100021362305,5.878684520721436,6.936462879180908,0.4377876222133636,pastel_palettes,206.766625,,137,惑星ループ (Cover),pastel_palettes,206.77,,5.02,137,惑星ループ (Cover),5.8549,5.0233,6.6498,0.639,pastel_palettes,1.1535848379135132,0.7143,0.8668628931045532,,206.77,,惑星ループ (Cover),1.6811716704978608e-05,5.108221898808551e-07,0.0047260732389986,0.0482667125761508,pastel_palettes,206.77,,5.19,137,惑星ループ (Cover),pastel_palettes,206.77,,0.773652,137.0,惑星ループ (Cover),0.939025342464447,0.4235325753688812,0.9970111846923828,0.2336029112339019,pastel_palettes,0.0005840703379362,0.0003300020471215,0.0011011360911652,0.000346505024936,206.77,,1.3,104.0,-20.35,5.0,惑星ループ (Cover),pastel_palettes,206.76666666666668,,412,惑星ループ (Cover),0.0918079167604446,0.0135286329314112,0.2843538522720337,0.1043116226792335,,38,0.0414960461171967,fast
367,pastel_palettes,世界は恋に落ちている (Cover),pastel_palettes,678.0,0.46,129.19921875,130.43478260869338,312.89,,24.3,False,世界は恋に落ちている (Cover),pastel_palettes,313.2,,G,D,0.683,True,major,major,False,True,世界は恋に落ちている (Cover),pastel_palettes,major,世界は恋に落ちている (Cover),pastel_palettes,313.2,,1.72,4.93278694152832,-11.92669864269408,0,世界は恋に落ちている (Cover),-11.834519386291504,-15.320658683776855,-10.387871742248535,1.880943775177002,6.57152271270752,5.692376613616943,7.492879390716553,0.7518525123596191,pastel_palettes,313.2,,209,世界は恋に落ちている (Cover),pastel_palettes,313.2,,7.53,209,世界は恋に落ちている (Cover),6.5683,5.4742,7.4555,0.7928,pastel_palettes,1.0932886600494385,0.4605,0.9146714210510254,,313.2,,世界は恋に落ちている (Cover),0.0329640209674835,0.0001264365128008,0.3818639814853668,0.1778510063886642,pastel_palettes,313.2,,8.05,209,世界は恋に落ちている (Cover),pastel_palettes,313.2,,0.644767,209.0,世界は恋に落ちている (Cover),0.9989655017852784,0.5712482929229736,0.9999737739562988,0.2018705457448959,pastel_palettes,0.0008055436774156,0.0004377646837383,0.001392729813233,0.0005563279846683,313.2,,2.02,157.0,-22.41,5.0,世界は恋に落ちている (Cover),pastel_palettes,313.2,,625,世界は恋に落ちている (Cover),0.0669745132327079,0.0119949411600828,0.2233407199382782,0.0898938626050949,,37,0.0953384418901659,medium
368,pastel_palettes,ハッピーシンセサイザ (Cover),pastel_palettes,504.0,0.47,184.5703125,127.6595744680854,237.53,,18.93,False,ハッピーシンセサイザ (Cover),pastel_palettes,238.0,,F,F,0.679,False,major,major,False,True,ハッピーシンセサイザ (Cover),pastel_palettes,major,ハッピーシンセサイザ (Cover),pastel_palettes,238.0,,1.35,2.0813655853271484,-12.42912223903302,0,ハッピーシンセサイザ (Cover),-12.238572120666504,-13.67665195465088,-11.59528636932373,5.950950145721436,7.260629653930664,6.833441257476807,7.606276988983154,0.5887220501899719,pastel_palettes,238.0,,158,ハッピーシンセサイザ (Cover),pastel_palettes,238.0,,6.35,158,ハッピーシンセサイザ (Cover),6.5051,5.8136,6.9767,0.5726,pastel_palettes,1.1702803373336792,0.769,0.8544960618019104,,238.0,,ハッピーシンセサイザ (Cover),3.0023817089386284e-05,4.462143294858834e-07,0.0004430491535458,0.0059182313270866,pastel_palettes,238.0,,6.4,158,ハッピーシンセサイザ (Cover),pastel_palettes,238.0,,0.749023,158.0,ハッピーシンセサイザ (Cover),0.9999704957008362,0.972135841846466,0.9999990463256836,0.1599404066801071,pastel_palettes,0.0006656476180069,0.0003430927463341,0.0011190642835572,0.0003253148752264,238.0,,1.35,119.0,-21.15,5.0,ハッピーシンセサイザ (Cover),pastel_palettes,238.0,,475,ハッピーシンセサイザ (Cover),0.1087922900915145,0.024529930204153,0.245329812169075,0.0899202525615692,,15,0.0,medium
369,pastel_palettes,春擬き (Cover),pastel_palettes,782.0,0.34,89.10290948275862,176.47058823529235,268.85,,20.63,False,春擬き (Cover),pastel_palettes,269.03,,D,D,0.629,False,major,major,False,False,春擬き (Cover),pastel_palettes,major,春擬き (Cover),pastel_palettes,269.03,,1.62,3.3216495513916016,-10.723193876479746,0,春擬き (Cover),-10.781214714050291,-12.882086753845217,-9.560437202453612,4.726473331451416,6.318886280059815,5.565062999725342,6.914313793182373,0.6062909364700317,pastel_palettes,269.0333125,,179,春擬き (Cover),pastel_palettes,269.03,,7.29,179,春擬き (Cover),6.0094,5.1191,6.7386,0.6184,pastel_palettes,1.1304819583892822,0.6246,0.8845784664154053,,269.03,,春擬き (Cover),0.0006755794747732,1.7895321434480138e-05,0.0820939689874649,0.1850172132253646,pastel_palettes,269.03,,7.42,179,春擬き (Cover),pastel_palettes,269.03,,0.727462,179.0,春擬き (Cover),0.9958617687225342,0.5366307497024536,0.9999274611473083,0.2203789502382278,pastel_palettes,0.0007415752043016,0.0003964071802329,0.0013091808650642,0.0003627443802542,269.03,,1.29,135.0,-19.68,5.0,春擬き (Cover),pastel_palettes,269.03333333333336,,537,春擬き (Cover),0.0584459230303764,0.0064196102321147,0.2009612172842025,0.0820717886090278,,42,0.1317308679638725,fast
370,pastel_palettes,Make it! (Cover),pastel_palettes,725.0,0.35,112.34714673913044,171.4285714285742,252.2,,19.72,False,Make it! (Cover),pastel_palettes,252.4,,E,E,0.605,False,major,major,False,True,Make it! (Cover),pastel_palettes,major,Make it! (Cover),pastel_palettes,252.4,,1.36,2.7805137634277344,-9.782740451316949,0,Make it! (Cover),-9.877578735351562,-11.426276206970217,-8.64576244354248,1.5454572439193726,7.086287975311279,6.321871757507324,7.929832458496094,0.6785635948181152,pastel_palettes,252.4,,168,Make it! (Cover),pastel_palettes,252.4,,6.71,168,Make it! (Cover),6.0482,5.0894,7.0742,0.7729,pastel_palettes,1.2613229751586914,0.9179,0.7928184270858765,,252.4,,Make it! (Cover),5.8172561693936586e-05,1.222220102903293e-08,0.0058721797540783,0.1183835417032241,pastel_palettes,252.4,,7.37,168,Make it! (Cover),pastel_palettes,252.4,,0.699795,168.0,Make it! (Cover),0.9875203371047974,0.8259855508804321,0.9996910095214844,0.1015646010637283,pastel_palettes,0.0006605258095078,0.0004204891156405,0.0011406448902562,0.0002988386258948,252.4,,1.29,127.0,-18.04,5.0,Make it! (Cover),pastel_palettes,252.4,,503,Make it! (Cover),0.0727359056472778,0.012300900183618,0.2350744158029556,0.090797059237957,,48,0.2104595879556258,fast
371,pastel_palettes,花ハ踊レヤいろはにほ (Cover),pastel_palettes,671.0,0.37,151.99908088235293,162.16216216216017,250.89,,19.24,False,花ハ踊レヤいろはにほ (Cover),pastel_palettes,251.1,,C,C,0.457,False,minor,minor,False,True,花ハ踊レヤいろはにほ (Cover),pastel_palettes,minor,花ハ踊レヤいろはにほ (Cover),pastel_palettes,251.1,,1.36,4.001280784606934,-10.73919917871696,0,花ハ踊レヤいろはにほ (Cover),-10.772259712219238,-13.261116981506348,-9.259836196899414,5.55345344543457,7.000127792358398,5.869652271270752,7.811524868011475,0.7847513556480408,pastel_palettes,251.1,,167,花ハ踊レヤいろはにほ (Cover),pastel_palettes,251.1,,7.05,167,花ハ踊レヤいろはにほ (Cover),6.4352,5.4301,7.2915,0.7603,pastel_palettes,1.1703660488128662,0.7705,0.854433536529541,,251.1,,花ハ踊レヤいろはにほ (Cover),5.732053978135809e-05,1.9397919004404685e-06,0.0350566059350967,0.1481887400150299,pastel_palettes,251.1,,7.16,167,花ハ踊レヤいろはにほ (Cover),pastel_palettes,251.1,,0.699211,167.0,花ハ踊レヤいろはにほ (Cover),0.9985733032226562,0.8500493168830872,0.9999588131904602,0.1319193989038467,pastel_palettes,0.0006782530108466,0.00041817658348,0.0011441479437053,0.0003274540358688,251.1,,1.63,126.0,-20.18,5.0,花ハ踊レヤいろはにほ (Cover),pastel_palettes,251.1,,501,花ハ踊レヤいろはにほ (Cover),0.0799397602677345,0.0153324902057647,0.2384063899517059,0.0923374593257904,,48,0.0566308243727599,fast
372,pastel_palettes,夜に駆ける (Cover),pastel_palettes,569.0,0.46,184.5703125,130.43478260869338,262.28,,20.4,False,夜に駆ける (Cover),pastel_palettes,262.6,,C,G,0.723,True,minor,minor,False,False,夜に駆ける (Cover),pastel_palettes,minor,夜に駆ける (Cover),pastel_palettes,262.6,,1.95,2.0609092712402344,-11.249245780986142,0,夜に駆ける (Cover),-11.338640213012695,-12.352324485778809,-10.291415214538574,3.278310537338257,6.634649753570557,5.275494575500488,7.1684112548828125,0.8113198280334473,pastel_palettes,262.6,,175,夜に駆ける (Cover),pastel_palettes,262.6,,6.93,175,夜に駆ける (Cover),6.5974,5.7617,7.176,0.6058,pastel_palettes,1.2579467296600342,0.9134,0.7949461936950684,,262.6,,夜に駆ける (Cover),0.0027952482923865,7.801818719599396e-05,0.1197696328163147,0.1378800570964813,pastel_palettes,262.6,,7.16,175,夜に駆ける (Cover),pastel_palettes,262.6,,0.695212,175.0,夜に駆ける (Cover),0.9999574422836304,0.7074691653251648,0.9999994039535522,0.1789211630821228,pastel_palettes,0.0007219590479508,0.0003267822030466,0.0011418621288612,0.0003775125951506,262.6,,1.68,132.0,-19.25,5.0,夜に駆ける (Cover),pastel_palettes,262.6,,524,夜に駆ける (Cover),0.0965396165847778,0.0204687230288982,0.2754542231559753,0.0956247523427009,,32,0.440822543792841,medium
373,pastel_palettes,徒花ネクロマンシー (Cover),pastel_palettes,697.0,0.35,112.34714673913044,171.4285714285742,242.53,,18.24,False,徒花ネクロマンシー (Cover),pastel_palettes,242.7,,C,C,0.567,False,major,major,False,False,徒花ネクロマンシー (Cover),pastel_palettes,major,徒花ネクロマンシー (Cover),pastel_palettes,242.7,,1.55,2.6606674194335938,-10.811505004157397,0,徒花ネクロマンシー (Cover),-10.892796516418455,-12.331369400024414,-9.67070198059082,3.056429386138916,6.687351703643799,5.904230117797852,7.416057586669922,0.6493178606033325,pastel_palettes,242.7,,162,徒花ネクロマンシー (Cover),pastel_palettes,242.7,,6.34,162,徒花ネクロマンシー (Cover),6.4405,4.8834,7.2673,0.8843,pastel_palettes,1.0947402715682983,0.4681,0.9134586453437804,,242.7,,徒花ネクロマンシー (Cover),2.095533545798389e-06,1.377613187969473e-07,2.753846274572425e-05,0.0411327742040157,pastel_palettes,242.7,,6.29,162,徒花ネクロマンシー (Cover),pastel_palettes,242.7,,0.745936,162.0,徒花ネクロマンシー (Cover),0.8446395993232727,0.2621051073074341,0.9857596158981324,0.2731707394123077,pastel_palettes,0.000727194477804,0.0004405713989399,0.0013062027283012,0.0005789679125882,242.7,,1.57,122.0,-18.64,5.0,徒花ネクロマンシー (Cover),pastel_palettes,242.7,,484,徒花ネクロマンシー (Cover),0.0489311330020427,0.006391055881977,0.1794604659080505,0.0754299759864807,,28,0.0660074165636588,fast
374,pastel_palettes,ノスタルジックレインフォール (Cover),pastel_palettes,653.0,0.36,161.4990234375,166.66666666666035,236.9,,18.38,False,ノスタルジックレインフォール (Cover),pastel_palettes,237.03,,G,G,0.968,False,major,major,False,False,ノスタルジックレインフォール (Cover),pastel_palettes,major,ノスタルジックレインフォール (Cover),pastel_palettes,237.03,,1.49,5.193988800048828,-11.57746595950504,0,ノスタルジックレインフォール (Cover),-11.624935150146484,-15.041553497314451,-9.847564697265623,2.363556385040283,6.740854263305664,5.199155330657959,7.64765739440918,0.9903759956359864,pastel_palettes,237.0333125,,158,ノスタルジックレインフォール (Cover),pastel_palettes,237.03,,6.3,158,ノスタルジックレインフォール (Cover),5.9417,5.0329,6.8879,0.6885,pastel_palettes,1.0149450302124023,0.1626,0.9852750301361084,,237.03,,ノスタルジックレインフォール (Cover),0.0021245810203254,5.005449565942399e-05,0.536999523639679,0.2676177620887756,pastel_palettes,237.03,,6.2,158,ノスタルジックレインフォール (Cover),pastel_palettes,237.03,,0.608258,158.0,ノスタルジックレインフォール (Cover),0.999197781085968,0.8055173754692078,0.9999919533729552,0.185502141714096,pastel_palettes,0.0007150902529247,0.0004342565953265,0.0013399549061432,0.0004767622449435,237.03,,1.53,119.0,-23.14,5.0,ノスタルジックレインフォール (Cover),pastel_palettes,237.03333333333333,,473,ノスタルジックレインフォール (Cover),0.0724805071949958,0.0119607420638203,0.210065484046936,0.0833528488874435,,49,0.069104192605788,fast
375,poppin_party,Yes! BanG_Dream!,poppin_party,952.0,0.32,89.10290948275862,187.49999999998727,309.68,,23.35,False,Yes! BanG_Dream!,poppin_party,309.97,,B,B,0.484,False,major,major,False,True,Yes! BanG_Dream!,poppin_party,major,Yes! BanG_Dream!,poppin_party,309.97,,0.9,4.904937744140625,-11.794556539352106,0,Yes! BanG_Dream!,-11.799055099487305,-14.824156761169434,-9.919219017028809,2.7192397117614746,7.362218379974365,6.294184684753418,8.044466972351074,0.7230094075202942,poppin_party,309.966625,,207,Yes! BanG_Dream!,poppin_party,309.97,,8.24,207,Yes! BanG_Dream!,5.9524,4.7336,6.7929,0.8366,poppin_party,1.0874031782150269,0.4453,0.9196220636367798,,309.97,,Yes! BanG_Dream!,1.7006606867653318e-05,4.22282312229072e-07,0.0002879217499867,0.0064306897111237,poppin_party,309.97,,8.13,207,Yes! BanG_Dream!,poppin_party,309.97,,0.641618,207.0,Yes! BanG_Dream!,0.9944990873336792,0.6874797940254211,0.99993896484375,0.2057830095291137,poppin_party,0.0008360585197806,0.0004734936228487,0.0017302633496001,0.0006623248336836,309.97,,1.97,155.0,-20.74,5.0,Yes! BanG_Dream!,poppin_party,309.96666666666664,,618,Yes! BanG_Dream!,0.095089703798294,0.0120679177343845,0.2852127254009247,0.1152050867676734,,40,0.2225400431135039,fast
376,poppin_party,STAR BEAT!～ホシノコドウ～,poppin_party,1000.0,0.31,234.90767045454547,193.5483870967728,320.51,,24.54,False,STAR BEAT!～ホシノコドウ～,poppin_party,320.73,,G,G,1.0,False,major,major,False,False,STAR BEAT!～ホシノコドウ～,poppin_party,major,STAR BEAT!～ホシノコドウ～,poppin_party,320.73,,2.05,3.030827522277832,-10.280407828087084,0,STAR BEAT!～ホシノコドウ～,-10.12913990020752,-12.238618850708008,-9.207791328430176,1.5612874031066897,6.764976501464844,5.813328266143799,7.382210731506348,0.7877051830291748,poppin_party,320.7333125,,214,STAR BEAT!～ホシノコドウ～,poppin_party,320.73,,8.54,214,STAR BEAT!～ホシノコドウ～,6.0852,4.8835,6.9986,0.7917,poppin_party,1.0349268913269043,0.234,0.9662519097328186,,320.73,,STAR BEAT!～ホシノコドウ～,0.0001293029199587,3.598962393880356e-06,0.0169597957283258,0.1961292624473571,poppin_party,320.73,,8.17,214,STAR BEAT!～ホシノコドウ～,poppin_party,320.73,,0.611997,214.0,STAR BEAT!～ホシノコドウ～,0.9987716674804688,0.7623444199562073,0.9999750256538392,0.1916198134422302,poppin_party,0.0009641092619858,0.0004862768983002,0.0017169719794765,0.000609622336924,320.73,,2.06,161.0,-18.28,5.0,STAR BEAT!～ホシノコドウ～,poppin_party,320.7333333333333,,640,STAR BEAT!～ホシノコドウ～,0.039469800889492,0.0043076546862721,0.2019642442464828,0.0840425416827201,,21,0.0188318412450839,fast
377,poppin_party,走り始めたばかりのキミに,poppin_party,610.0,0.48,198.76802884615384,125.00000000000269,260.71,,19.91,False,走り始めたばかりのキミに,poppin_party,260.97,,A,C,0.383,False,minor,major,False,False,走り始めたばかりのキミに,poppin_party,major,走り始めたばかりのキミに,poppin_party,260.97,,1.75,6.155427932739258,-11.224655602900478,0,走り始めたばかりのキミに,-11.249908447265623,-15.732285499572754,-9.576857566833496,3.492318630218506,6.9918622970581055,4.810362815856934,7.90246057510376,1.1269887685775757,poppin_party,260.966625,,174,走り始めたばかりのキミに,poppin_party,260.97,,7.1,174,走り始めたばかりのキミに,6.1064,4.9262,7.1039,0.8292,poppin_party,1.0041979551315308,0.1383,0.995819628238678,,260.97,,走り始めたばかりのキミに,5.421645255410112e-05,2.81689665371232e-07,0.2324617952108383,0.2479131668806076,poppin_party,260.97,,6.99,174,走り始めたばかりのキミに,poppin_party,260.97,,0.673051,174.0,走り始めたばかりのキミに,0.99965238571167,0.825965404510498,0.9999947547912598,0.1703217476606369,poppin_party,0.0008133817464113,0.0004857139720115,0.0017220532754436,0.0006315720966085,260.97,,1.68,131.0,-21.93,5.0,走り始めたばかりのキミに,poppin_party,260.96666666666664,,520,走り始めたばかりのキミに,0.0565263628959655,0.0066355541348457,0.2032565623521804,0.0788755938410759,,26,0.1971899191156343,medium
378,poppin_party,ティアドロップス,poppin_party,688.0,0.32,117.45383522727272,187.500000000004,217.02,,16.97,False,ティアドロップス,poppin_party,217.13,,E,B,0.491,True,minor,minor,False,True,ティアドロップス,poppin_party,minor,ティアドロップス,poppin_party,217.13,,1.28,4.523317337036133,-10.57394100238662,0,ティアドロップス,-10.550025939941406,-13.854116439819336,-9.330799102783203,2.9889206886291504,7.039580821990967,6.22777271270752,7.683029651641846,0.6123021245002747,poppin_party,217.1333125,,144,ティアドロップス,poppin_party,217.13,,6.07,144,ティアドロップス,5.7664,4.7542,6.6594,0.7535,poppin_party,0.9821481704711914,0.0973,1.0181764364242554,,217.13,,ティアドロップス,2.784789785437169e-06,2.2117291109680082e-08,0.0001108671931433,0.0304676759988069,poppin_party,217.13,,6.2,144,ティアドロップス,poppin_party,217.13,,0.651682,144.0,ティアドロップス,0.9983892440795898,0.8875846266746521,0.999995231628418,0.1005041077733039,poppin_party,0.0007971635204739,0.0004307853232603,0.0016214213101193,0.0014132967917248,217.13,,1.39,109.0,-21.77,5.0,ティアドロップス,poppin_party,217.13333333333333,,433,ティアドロップス,0.0720270723104476,0.0079083088785409,0.2353473454713821,0.0928866788744926,,26,0.0448572219724397,fast
379,poppin_party,ときめきエクスペリエンス！,poppin_party,774.0,0.33,151.99908088235293,181.8181818181749,257.39,,18.97,False,ときめきエクスペリエンス！,poppin_party,257.67,,E,G,0.326,False,minor,major,False,False,ときめきエクスペリエンス！,poppin_party,major,ときめきエクスペリエンス！,poppin_party,257.67,,2.02,2.580621719360352,-11.164670862660447,0,ときめきエクスペリエンス！,-11.135364532470703,-12.597644805908203,-10.017023086547852,1.1536942720413208,7.024292945861816,6.292326927185059,7.711637496948242,0.7097403407096863,poppin_party,257.666625,,172,ときめきエクスペリエンス！,poppin_party,257.67,,6.38,172,ときめきエクスペリエンス！,6.3527,5.5199,7.2055,0.6947,poppin_party,1.128089427947998,0.6185,0.8864544630050659,,257.67,,ときめきエクスペリエンス！,7.668530088267289e-06,2.7806450475509337e-07,0.0014792280271649,0.1600366234779358,poppin_party,257.67,,6.92,172,ときめきエクスペリエンス！,poppin_party,257.67,,0.68787,172.0,ときめきエクスペリエンス！,0.9986408352851868,0.9380764365196228,0.9999750256538392,0.0787578374147415,poppin_party,0.0008163696620613,0.0004443268990144,0.0014261152828112,0.0004403550119604,257.67,,1.56,129.0,-18.96,5.0,ときめきエクスペリエンス！,poppin_party,257.6666666666667,,514,ときめきエクスペリエンス！,0.0484468191862106,0.0069289188832044,0.1834113746881485,0.0761147290468216,,39,0.1471668703778403,fast
380,poppin_party,キラキラだとか夢だとか ～Sing Girls～,poppin_party,918.0,0.33,117.45383522727272,181.8181818181749,305.61,,22.46,False,キラキラだとか夢だとか ～Sing Girls～,poppin_party,305.9,,D,D,0.775,False,major,major,False,False,キラキラだとか夢だとか ～Sing Girls～,poppin_party,major,キラキラだとか夢だとか ～Sing Girls～,poppin_party,305.9,,2.16,2.324917793273926,-11.208892079142515,0,キラキラだとか夢だとか ～Sing Girls～,-11.12661361694336,-12.595484733581545,-10.270566940307615,3.7777271270751953,6.847537517547607,5.88372278213501,7.582804679870605,0.7187879681587219,poppin_party,305.9,,204,キラキラだとか夢だとか ～Sing Girls～,poppin_party,305.9,,7.91,204,キラキラだとか夢だとか ～Sing Girls～,6.2174,5.2486,7.0223,0.7292,poppin_party,1.1828913688659668,0.8055,0.8453861474990845,,305.9,,キラキラだとか夢だとか ～Sing Girls～,0.0001938944915309,2.8120382467022864e-06,0.0293625090271234,0.0616195797920227,poppin_party,305.9,,7.63,204,キラキラだとか夢だとか ～Sing Girls～,poppin_party,305.9,,0.692099,204.0,キラキラだとか夢だとか ～Sing Girls～,0.999730348587036,0.917424499988556,0.9999876022338868,0.100429393351078,poppin_party,0.0007981800590641,0.0004578720254357,0.0015030089998617,0.0004045983660034,305.9,,1.71,153.0,-18.71,5.0,キラキラだとか夢だとか ～Sing Girls～,poppin_party,305.9,,610,キラキラだとか夢だとか ～Sing Girls～,0.0487788170576095,0.0062378146685659,0.2150051891803741,0.0849322825670242,,30,0.304020921869892,fast
381,poppin_party,私の心はチョココロネ,poppin_party,564.0,0.45,129.19921875,133.3333333333346,252.43,,19.13,False,私の心はチョココロネ,poppin_party,252.9,,D,D,0.332,False,major,major,False,True,私の心はチョココロネ,poppin_party,major,私の心はチョココロネ,poppin_party,252.9,,1.76,4.170480728149414,-12.223956258428124,0,私の心はチョココロネ,-11.82713508605957,-15.174407958984377,-11.00392723083496,2.3646440505981445,6.82726001739502,5.302445888519287,7.585988521575928,0.868047297000885,poppin_party,252.9,,168,私の心はチョココロネ,poppin_party,252.9,,6.57,168,私の心はチョココロネ,6.1194,5.0133,6.9293,0.7314,poppin_party,1.1385904550552368,0.6535,0.8782789707183838,,252.9,,私の心はチョココロネ,0.0006497496506199,3.736875805770978e-05,0.1575724780559539,0.2061237692832946,poppin_party,252.9,,6.41,168,私の心はチョココロネ,poppin_party,252.9,,0.631537,168.0,私の心はチョココロネ,0.9999091625213624,0.9923645853996276,0.9999991655349731,0.164700374007225,poppin_party,0.0009747392614372,0.0004388772358652,0.0016221938421949,0.0004882277862634,252.9,,1.49,127.0,-20.92,5.0,私の心はチョココロネ,poppin_party,252.9,,504,私の心はチョココロネ,0.0580925792455673,0.0077748200856149,0.239775463938713,0.0940715447068214,,34,0.1395017793594307,medium
382,poppin_party,前へススメ！,poppin_party,891.0,0.33,89.10290948275862,181.81818181817883,309.19,,24.27,False,前へススメ！,poppin_party,309.47,,G,B,0.246,True,minor,minor,False,False,前へススメ！,poppin_party,minor,前へススメ！,poppin_party,309.47,,2.72,4.643902778625488,-10.693700852756503,0,前へススメ！,-10.228389739990234,-14.1422758102417,-9.498373031616213,2.3287501335144043,7.0105485916137695,5.315333366394043,7.780120849609375,0.9262035489082336,poppin_party,309.466625,,206,前へススメ！,poppin_party,309.47,,8.43,206,前へススメ！,6.1536,5.1001,7.0763,0.7342,poppin_party,1.1229852437973022,0.5897,0.890483558177948,,309.47,,前へススメ！,0.0003502672770991,1.195486038341187e-05,0.3030388951301574,0.193242073059082,poppin_party,309.47,,8.31,206,前へススメ！,poppin_party,309.47,,0.628559,206.0,前へススメ！,0.9996992349624634,0.90889310836792,0.9999969005584716,0.100170724093914,poppin_party,0.0009405032615177,0.00047698841081,0.0019939881749451,0.0006527333171106,309.47,,2.0,155.0,-19.37,5.0,前へススメ！,poppin_party,309.46666666666664,,617,前へススメ！,0.0627238377928733,0.0076246098615229,0.2235625833272934,0.0906755700707435,,29,0.1019818974861389,fast
383,poppin_party,夢みるSunflower,poppin_party,768.0,0.37,151.99908088235293,162.16216216217262,279.6,,21.14,False,夢みるSunflower,poppin_party,279.9,,E,A,0.218,True,minor,major,False,False,夢みるSunflower,poppin_party,major,夢みるSunflower,poppin_party,279.9,,2.01,5.500904083251953,-11.073630678632933,0,夢みるSunflower,-10.81584358215332,-15.033422470092772,-9.53251838684082,3.4273810386657715,6.740738391876221,5.466801166534424,7.489316940307617,0.9551877975463868,poppin_party,279.9,,187,夢みるSunflower,poppin_party,279.9,,7.9,187,夢みるSunflower,6.2172,5.018,7.1194,0.7904,poppin_party,1.082671046257019,0.4195,0.9236416220664978,,279.9,,夢みるSunflower,5.8054116379935294e-05,6.156195695439237e-07,0.1141029670834541,0.2198394387960434,poppin_party,279.9,,7.84,187,夢みるSunflower,poppin_party,279.9,,0.713479,187.0,夢みるSunflower,0.9996142387390136,0.8578478097915649,0.9999961853027344,0.1614496558904647,poppin_party,0.0007848778041079,0.0004480115894693,0.0017094572540372,0.0006076328572817,279.9,,1.8,140.0,-21.29,5.0,夢みるSunflower,poppin_party,279.9,,558,夢みるSunflower,0.0654355734586715,0.0080282986164093,0.2156771719455719,0.0883959680795669,,34,0.060021436227224,fast
384,poppin_party,ティアドロップス ～Popipa Acoustic Ver.～,poppin_party,694.0,0.33,143.5546875,181.8181818181749,232.48,,17.53,False,ティアドロップス ～Popipa Acoustic Ver.～,poppin_party,232.73,,E,B,0.935,True,minor,minor,False,False,ティアドロップス ～Popipa Acoustic Ver.～,poppin_party,minor,ティアドロップス ～Popipa Acoustic Ver.～,poppin_party,232.73,,2.74,5.830617904663086,-13.655429376511526,0,ティアドロップス ～Popipa Acoustic Ver.～,-13.566359519958496,-18.059370040893555,-12.228752136230469,3.365231513977051,4.840730667114258,3.923995971679688,5.7409844398498535,0.7865437865257263,poppin_party,232.7333125,,155,ティアドロップス ～Popipa Acoustic Ver.～,poppin_party,232.73,,6.61,155,ティアドロップス ～Popipa Acoustic Ver.～,5.5397,4.4893,6.4103,0.754,poppin_party,1.1181774139404297,0.5699,0.8943125605583191,,232.73,,ティアドロップス ～Popipa Acoustic Ver.～,0.4405766129493713,0.0595086514949798,0.9172150492668152,0.3080074489116668,poppin_party,232.73,,6.79,155,ティアドロップス ～Popipa Acoustic Ver.～,poppin_party,232.73,,0.753965,155.0,ティアドロップス ～Popipa Acoustic Ver.～,0.9999943971633912,0.4640833139419555,0.9999999403953552,0.2420543283224105,poppin_party,0.0010034036822617,0.0003435565449763,0.0017359267221763,0.0005538751138374,232.73,,1.5,117.0,-25.03,5.0,ティアドロップス ～Popipa Acoustic Ver.～,poppin_party,232.7333333333333,,464,ティアドロップス ～Popipa Acoustic Ver.～,0.0556306838989257,0.0058001489378511,0.2099246680736541,0.0860937237739563,,24,0.0366084151016158,fast
385,poppin_party,走り始めたばかりのキミに ～Popipa Acoustic Ver.～,poppin_party,532.0,0.56,117.45383522727272,107.14285714285806,295.69,,22.55,False,走り始めたばかりのキミに ～Popipa Acoustic Ver.～,poppin_party,296.17,,C,B,0.67,True,major,minor,False,False,走り始めたばかりのキミに ～Popipa Acoustic Ver.～,poppin_party,minor,走り始めたばかりのキミに ～Popipa Acoustic Ver.～,poppin_party,296.17,,2.35,9.038814544677734,-14.67761940531298,0,走り始めたばかりのキミに ～Popipa Acoustic Ver.～,-15.458002090454102,-21.342185974121094,-12.30337142944336,4.968668460845947,4.977643966674805,3.6982693672180176,6.020778656005859,0.8883447647094727,poppin_party,296.166625,,198,走り始めたばかりのキミに ～Popipa Acoustic Ver.～,poppin_party,296.17,,7.74,198,走り始めたばかりのキミに ～Popipa Acoustic Ver.～,5.6949,4.6859,6.751,0.831,poppin_party,1.1819660663604736,0.7979,0.8460480570793152,,296.17,,走り始めたばかりのキミに ～Popipa Acoustic Ver.～,0.842792272567749,0.2005432099103927,0.99357008934021,0.3122097849845886,poppin_party,296.17,,8.08,198,走り始めたばかりのキミに ～Popipa Acoustic Ver.～,poppin_party,296.17,,0.664665,198.0,走り始めたばかりのキミに ～Popipa Acoustic Ver.～,0.9998300075531006,0.5305511355400085,0.9999998807907104,0.2336697280406952,poppin_party,,,,,,,1.55,,-30.88,5.0,走り始めたばかりのキミに ～Popipa Acoustic Ver.～,poppin_party,296.1666666666667,,591,走り始めたばかりのキミに ～Popipa Acoustic Ver.～,0.0567644163966178,0.0057723876088857,0.1897536367177963,0.0771881341934204,,29,0.1023072522293717,medium
386,poppin_party,Time Lapse,poppin_party,795.0,0.31,172.265625,193.5483870967728,248.72,,18.89,False,Time Lapse,poppin_party,249.0,,E,E,0.49,False,minor,minor,False,False,Time Lapse,poppin_party,minor,Time Lapse,poppin_party,249.0,,2.01,5.83671760559082,-11.162329396457087,0,Time Lapse,-10.549915313720703,-15.601648330688477,-9.764930725097656,2.397972583770752,6.615450859069824,5.416757583618164,7.356557846069336,0.8499166965484619,poppin_party,249.0,,166,Time Lapse,poppin_party,249.0,,6.73,166,Time Lapse,5.6333,4.4883,6.7655,0.8761,poppin_party,0.9569597840309144,0.0638,1.0449761152267456,,249.0,,Time Lapse,3.505487597976753e-07,1.0573431907801025e-08,0.0036870846524834,0.0370666645467281,poppin_party,249.0,,6.76,166,Time Lapse,poppin_party,249.0,,0.616281,166.0,Time Lapse,0.999850869178772,0.89430832862854,0.9999954700469972,0.1117387562990188,poppin_party,0.001109154894948,0.0005328296683728,0.0021169881802052,0.0009098349837586,249.0,,1.15,125.0,-22.49,5.0,Time Lapse,poppin_party,249.0,,497,Time Lapse,0.0468242764472961,0.0061432244256138,0.1917396336793899,0.0863805040717125,,29,0.0976706827309236,fast
387,poppin_party,八月のif,poppin_party,551.0,0.5,234.90767045454547,120.0,275.26,,20.88,False,八月のif,poppin_party,275.73,,A,A,0.89,False,major,major,False,False,八月のif,poppin_party,major,八月のif,poppin_party,275.73,,1.37,4.816755294799805,-11.42181226946333,0,八月のif,-11.490398406982422,-14.746278762817385,-9.929523468017578,4.066351890563965,6.440556526184082,5.0755534172058105,7.431019306182861,0.8833098411560059,poppin_party,275.7333125,,184,八月のif,poppin_party,275.73,,7.24,184,八月のif,6.2051,5.1651,6.9441,0.6969,poppin_party,1.006709337234497,0.1413,0.9933354258537292,,275.73,,八月のif,0.0032496226485818,0.0001267930638277,0.5313915014266968,0.2665010690689087,poppin_party,275.73,,7.08,184,八月のif,poppin_party,275.73,,0.654952,184.0,八月のif,0.9999517798423768,0.9850346446037292,0.999999463558197,0.1782947182655334,poppin_party,0.0007475224556401,0.0004432177811395,0.0013465455267578,0.0003859687130898,275.73,,1.64,138.0,-21.1,5.0,八月のif,poppin_party,275.7333333333333,,550,八月のif,0.0461416915059089,0.0041529824957251,0.1887262910604477,0.0823531150817871,,26,0.1633462035562435,medium
388,poppin_party,クリスマスのうた,poppin_party,744.0,0.43,184.5703125,139.53488372093034,276.89,,20.85,True,クリスマスのうた,poppin_party,277.37,,A,A,0.836,False,major,major,False,False,クリスマスのうた,poppin_party,major,クリスマスのうた,poppin_party,277.37,,2.01,6.010556221008301,-11.048713831284935,0,クリスマスのうた,-10.92229461669922,-15.786968231201172,-9.776412010192873,5.513471603393555,6.900106906890869,5.512633800506592,7.670595169067383,0.9758724570274352,poppin_party,277.366625,,185,クリスマスのうた,poppin_party,277.37,,7.6,185,クリスマスのうた,6.348,5.1855,7.1475,0.7252,poppin_party,1.028008222579956,0.2097,0.9727548956871032,,277.37,,クリスマスのうた,2.563709858804941e-05,1.7547473589729634e-06,0.0120967142283916,0.0653960108757019,poppin_party,277.37,,7.89,185,クリスマスのうた,poppin_party,277.37,,0.680408,185.0,クリスマスのうた,0.9993701577186584,0.7980625629425049,0.9999854564666748,0.2052935659885406,poppin_party,0.0008931542397476,0.0003886910853907,0.001517005614005,0.0017758216708898,277.37,,1.77,139.0,-21.77,5.0,クリスマスのうた,poppin_party,277.3666666666667,,553,クリスマスのうた,0.0523146465420722,0.0044578644447028,0.2260385751724243,0.0907132402062416,,34,0.0731162065019072,medium
389,poppin_party,B.O.F,poppin_party,639.0,0.34,99.38401442307692,176.47058823529235,218.72,,16.93,False,B.O.F,poppin_party,218.9,,F#,F#,0.244,False,minor,major,True,False,B.O.F,poppin_party,major,B.O.F,poppin_party,218.9,,2.2,2.3379898071289062,-10.865430694470083,0,B.O.F,-11.128080368041992,-12.098422050476074,-9.760432243347168,5.211837291717529,7.084251880645752,6.047357559204102,7.524776458740234,0.7162565588951111,poppin_party,218.9,,146,B.O.F,poppin_party,218.9,,5.16,146,B.O.F,6.1646,5.199,6.9205,0.6368,poppin_party,1.0814478397369385,0.4119,0.924686312675476,,218.9,,B.O.F,0.0006698971264995,2.0612242224160585e-05,0.0360500365495681,0.0718273445963859,poppin_party,218.9,,5.59,146,B.O.F,poppin_party,218.9,,0.655047,146.0,B.O.F,0.9998937845230104,0.9587953090667723,0.9999993443489076,0.1196740195155143,poppin_party,0.0008677571895532,0.0004664711013901,0.0016107343835756,0.0005347165861167,218.9,,1.38,110.0,-18.06,5.0,B.O.F,poppin_party,218.9,,436,B.O.F,0.0784416794776916,0.0113665480166673,0.2259214520454406,0.087077759206295,,28,0.2150753768844221,fast
390,poppin_party,CiRCLING,poppin_party,700.0,0.37,184.5703125,162.16216216216017,261.03,,19.79,False,CiRCLING,poppin_party,261.33,,F#,F#,0.588,False,major,major,False,True,CiRCLING,poppin_party,major,CiRCLING,poppin_party,261.33,,1.68,2.3969039916992188,-10.982551336404017,0,CiRCLING,-10.74948787689209,-12.553213119506836,-10.156309127807615,4.626893043518066,6.859184265136719,5.935514450073242,7.576557636260986,0.7210180163383484,poppin_party,261.3333125,,174,CiRCLING,poppin_party,261.33,,7.2,174,CiRCLING,6.4066,5.5313,7.1305,0.6922,poppin_party,1.1183241605758667,0.5714,0.8941952586174011,,261.33,,CiRCLING,2.117645635735244e-05,6.277436455093266e-07,0.0010177545482292,0.0369747318327426,poppin_party,261.33,,6.5,174,CiRCLING,poppin_party,261.33,,0.677048,174.0,CiRCLING,0.9996331930160522,0.740883469581604,0.9999964237213136,0.1580381989479065,poppin_party,0.0009136421140283,0.0004514922911766,0.0017640594160184,0.0007225293666124,261.33,,1.67,131.0,-19.19,5.0,CiRCLING,poppin_party,261.3333333333333,,521,CiRCLING,0.0519550517201423,0.0074366494081914,0.1887736022472381,0.0764117613434791,,24,0.1360714068763701,fast
391,poppin_party,二重の虹(ダブル レインボウ),poppin_party,771.0,0.32,172.265625,187.500000000004,245.93,,18.69,False,二重の虹(ダブル レインボウ),poppin_party,246.23,,F,F,0.656,False,major,major,False,False,二重の虹(ダブル レインボウ),poppin_party,major,二重の虹(ダブル レインボウ),poppin_party,246.23,,2.11,3.372699737548828,-11.575568257775537,0,二重の虹(ダブル レインボウ),-11.422503471374512,-13.730170249938965,-10.357470512390137,1.4994679689407349,6.477928638458252,5.283367156982422,7.148415565490723,0.693074643611908,poppin_party,246.2333125,,164,二重の虹(ダブル レインボウ),poppin_party,246.23,,6.74,164,二重の虹(ダブル レインボウ),5.5318,4.7821,6.302,0.6114,poppin_party,0.96747088432312,0.0745,1.0336228609085083,,246.23,,二重の虹(ダブル レインボウ),3.676451888168231e-05,4.916290663459222e-07,0.1791331768035888,0.1989931464195251,poppin_party,246.23,,6.68,164,二重の虹(ダブル レインボウ),poppin_party,246.23,,0.67091,164.0,二重の虹(ダブル レインボウ),0.9982730746269226,0.60340416431427,0.999997615814209,0.1819210946559906,poppin_party,,,,,,,1.56,,-19.49,5.0,二重の虹(ダブル レインボウ),poppin_party,246.2333333333333,,491,二重の虹(ダブル レインボウ),0.047106958925724,0.0057944427244365,0.1917476058006286,0.0805073082447052,,26,0.1180181200050561,fast
392,poppin_party,最高(さあ行こう)！,poppin_party,689.0,0.33,112.34714673913044,181.8181818181749,228.57,,17.21,False,最高(さあ行こう)！,poppin_party,228.87,,E,E,0.302,False,minor,major,True,False,最高(さあ行こう)！,poppin_party,major,最高(さあ行こう)！,poppin_party,228.87,,1.37,2.567575454711914,-10.766350464860876,0,最高(さあ行こう)！,-10.450879096984863,-12.543106079101562,-9.975530624389648,5.062861919403076,6.8412017822265625,6.114253997802734,7.564498424530029,0.6320972442626953,poppin_party,228.866625,,152,最高(さあ行こう)！,poppin_party,228.87,,6.15,152,最高(さあ行こう)！,6.5143,5.4325,7.2795,0.7894,poppin_party,1.051998257637024,0.2918,0.9505718946456908,,228.87,,最高(さあ行こう)！,7.764072506688535e-06,6.339988090076076e-07,0.0005692551494576,0.0140583841130137,poppin_party,228.87,,6.17,152,最高(さあ行こう)！,poppin_party,228.87,,0.689026,152.0,最高(さあ行こう)！,0.9998185634613036,0.9603022933006288,0.9999970197677612,0.1074048057198524,poppin_party,0.0007875991868786,0.0004557688371278,0.0014415925834327,0.000434071116615,228.87,,1.48,115.0,-18.84,5.0,最高(さあ行こう)！,poppin_party,228.86666666666667,,456,最高(さあ行こう)！,0.0624925345182418,0.00928520783782,0.2110182046890258,0.0901407450437545,,38,0.1699679425822946,fast
393,poppin_party,ガールズコード,poppin_party,677.0,0.48,117.45383522727272,124.99999999999989,324.94,,24.32,False,ガールズコード,poppin_party,325.23,,E,E,0.632,False,major,major,False,False,ガールズコード,poppin_party,major,ガールズコード,poppin_party,325.23,,3.06,2.7460594177246094,-9.972041449937338,0,ガールズコード,-9.80296516418457,-11.759958267211914,-9.013898849487305,3.509011745452881,7.000863075256348,6.202852725982666,7.635148525238037,0.6636881232261658,poppin_party,325.2333125,,217,ガールズコード,poppin_party,325.23,,8.5,217,ガールズコード,5.8601,4.8821,6.6828,0.6602,poppin_party,1.0358850955963137,0.2371,0.9653580784797668,,325.23,,ガールズコード,9.633529407437892e-05,3.3441788218624424e-06,0.0436484329402446,0.1183909699320793,poppin_party,325.23,,7.79,217,ガールズコード,poppin_party,325.23,,0.679675,217.0,ガールズコード,0.99971204996109,0.9766810536384584,0.9999894499778748,0.1101104617118835,poppin_party,0.000763501797337,0.0004468357074074,0.001341716852039,0.0005504281143657,325.23,,2.06,163.0,-17.45,5.0,ガールズコード,poppin_party,325.2333333333333,,649,ガールズコード,0.0529082901775836,0.0064034103415906,0.2047855108976364,0.0850089415907859,,30,0.224392714923553,medium
394,poppin_party,Yes! BanG_Dream! ～Popipa Acoustic Ver.～,poppin_party,864.0,0.35,161.4990234375,171.42857142856724,307.93,,22.47,False,Yes! BanG_Dream! ～Popipa Acoustic Ver.～,poppin_party,308.4,,B,B,1.0,False,major,major,False,False,Yes! BanG_Dream! ～Popipa Acoustic Ver.～,poppin_party,major,Yes! BanG_Dream! ～Popipa Acoustic Ver.～,poppin_party,308.4,,2.78,3.017958641052246,-13.658404901712672,0,Yes! BanG_Dream! ～Popipa Acoustic Ver.～,-13.65627384185791,-15.524871826171877,-12.506913185119627,4.066089630126953,5.6650004386901855,4.421115875244141,6.438071250915527,0.7427002191543579,poppin_party,308.4,,206,Yes! BanG_Dream! ～Popipa Acoustic Ver.～,poppin_party,308.4,,8.3,206,Yes! BanG_Dream! ～Popipa Acoustic Ver.～,5.8766,5.3022,6.491,0.5427,poppin_party,1.2987942695617676,0.9514,0.7699448466300964,,308.4,,Yes! BanG_Dream! ～Popipa Acoustic Ver.～,0.5122064352035522,0.0372488908469677,0.9378670454025269,0.3386196792125702,poppin_party,308.4,,8.07,206,Yes! BanG_Dream! ～Popipa Acoustic Ver.～,poppin_party,308.4,,0.737219,206.0,Yes! BanG_Dream! ～Popipa Acoustic Ver.～,0.9996455907821656,0.5995821952819824,0.999997854232788,0.2212664484977722,poppin_party,0.0006695810589008,0.0004008246178273,0.001119764172472,0.0003553222923073,308.4,,1.97,155.0,-22.16,5.0,Yes! BanG_Dream! ～Popipa Acoustic Ver.～,poppin_party,308.4,,615,Yes! BanG_Dream! ～Popipa Acoustic Ver.～,0.0717803165316581,0.0112127112224698,0.2350366562604904,0.090483009815216,,32,0.2015564202334632,fast
395,poppin_party,夏空 SUN! SUN! SEVEN! ～Popipa Acoustic Ver.～,poppin_party,802.0,0.37,80.74951171875,162.16216216216017,299.74,,22.2,False,夏空 SUN! SUN! SEVEN! ～Popipa Acoustic Ver.～,poppin_party,299.93,,C,B,0.657,True,minor,minor,False,True,夏空 SUN! SUN! SEVEN! ～Popipa Acoustic Ver.～,poppin_party,minor,夏空 SUN! SUN! SEVEN! ～Popipa Acoustic Ver.～,poppin_party,299.93,,2.41,4.134672164916992,-14.253868576131795,1,夏空 SUN! SUN! SEVEN! ～Popipa Acoustic Ver.～,-14.08765697479248,-17.144424438476562,-13.00975227355957,2.1393136978149414,5.828753471374512,4.789956569671631,6.614171028137207,0.7345577478408813,poppin_party,299.9333125,,200,夏空 SUN! SUN! SEVEN! ～Popipa Acoustic Ver.～,poppin_party,299.93,,8.13,200,夏空 SUN! SUN! SEVEN! ～Popipa Acoustic Ver.～,6.0066,5.2186,6.9156,0.6969,poppin_party,1.1903629302978516,0.8237,0.8400799632072449,,299.93,,夏空 SUN! SUN! SEVEN! ～Popipa Acoustic Ver.～,0.3535110354423523,0.015727749094367,0.8425707221031189,0.3143696784973144,poppin_party,299.93,,8.24,200,夏空 SUN! SUN! SEVEN! ～Popipa Acoustic Ver.～,poppin_party,299.93,,0.676643,200.0,夏空 SUN! SUN! SEVEN! ～Popipa Acoustic Ver.～,0.999885618686676,0.7762492299079895,0.9999994039535522,0.2091711908578872,poppin_party,0.0008443651022389,0.0004252413345966,0.0012328957673162,0.0003235658223275,299.93,,1.71,150.0,-25.47,5.0,夏空 SUN! SUN! SEVEN! ～Popipa Acoustic Ver.～,poppin_party,299.93333333333334,,598,夏空 SUN! SUN! SEVEN! ～Popipa Acoustic Ver.～,0.0645460188388824,0.0059402966871857,0.2357751876115799,0.0982416272163391,,36,0.293131766346443,fast
396,poppin_party,STAR BEAT!～ホシノコドウ～ ～Popipa Acoustic Ver.～,poppin_party,479.0,0.685,172.265625,87.59124087591212,327.24,,24.25,False,STAR BEAT!～ホシノコドウ～ ～Popipa Acoustic Ver.～,poppin_party,327.73,,G,G,0.559,False,major,major,False,True,STAR BEAT!～ホシノコドウ～ ～Popipa Acoustic Ver.～,poppin_party,major,STAR BEAT!～ホシノコドウ～ ～Popipa Acoustic Ver.～,poppin_party,327.73,,3.04,5.61444091796875,-15.825907077570866,1,STAR BEAT!～ホシノコドウ～ ～Popipa Acoustic Ver.～,-15.468011856079102,-20.05771255493164,-14.44327163696289,3.9159340858459473,5.125247478485107,4.016314029693604,5.891677379608154,0.7261766791343689,poppin_party,327.7333125,,219,STAR BEAT!～ホシノコドウ～ ～Popipa Acoustic Ver.～,poppin_party,327.73,,8.83,219,STAR BEAT!～ホシノコドウ～ ～Popipa Acoustic Ver.～,5.6155,4.5938,6.3057,0.6362,poppin_party,1.1594524383544922,0.7295,0.8624760508537292,,327.73,,STAR BEAT!～ホシノコドウ～ ～Popipa Acoustic Ver.～,0.9032427668571472,0.3752522766590118,0.9842769503593444,0.2547990679740906,poppin_party,327.73,,8.88,219,STAR BEAT!～ホシノコドウ～ ～Popipa Acoustic Ver.～,poppin_party,327.73,,0.596548,219.0,STAR BEAT!～ホシノコドウ～ ～Popipa Acoustic Ver.～,0.9999150037765504,0.8957129716873169,0.9999990463256836,0.1755902618169784,poppin_party,0.0009159577311947,0.0004838648310396,0.0014494227943941,0.0003875566180795,327.73,,1.89,164.0,-27.22,5.0,STAR BEAT!～ホシノコドウ～ ～Popipa Acoustic Ver.～,poppin_party,327.7333333333333,,654,STAR BEAT!～ホシノコドウ～ ～Popipa Acoustic Ver.～,0.0399814285337924,0.0041594421491026,0.2068020403385162,0.0867691040039062,,14,0.0082384041600889,slow
397,poppin_party,Breakthrough!,poppin_party,846.0,0.33,151.99908088235293,181.8181818181906,275.51,,20.51,False,Breakthrough!,poppin_party,275.8,,F,C,0.445,True,major,major,False,False,Breakthrough!,poppin_party,major,Breakthrough!,poppin_party,275.8,,2.3,2.15701961517334,-10.539161579846828,0,Breakthrough!,-10.521132469177246,-11.763294219970703,-9.606274604797363,2.4058189392089844,6.979257583618164,6.02076530456543,7.641285419464111,0.801569938659668,poppin_party,275.8,,184,Breakthrough!,poppin_party,275.8,,7.77,184,Breakthrough!,6.2093,4.8357,7.1732,0.8703,poppin_party,1.055402159690857,0.3055,0.9475059509277344,,275.8,,Breakthrough!,2.571801996964496e-05,1.0184955954173347e-06,0.002883814740926,0.101370558142662,poppin_party,275.8,,7.99,184,Breakthrough!,poppin_party,275.8,,0.668318,184.0,Breakthrough!,0.9964125156402588,0.4178955852985382,0.9999319911003112,0.2598298788070678,poppin_party,0.000878230377566,0.0004918152699247,0.0014971314230933,0.0004258864501025,275.8,,1.77,138.0,-19.15,5.0,Breakthrough!,poppin_party,275.8,,550,Breakthrough!,0.0448362156748771,0.0091795027256011,0.1959566920995712,0.0794906169176101,,26,0.0276287164612037,fast
398,poppin_party,NO GIRL NO CRY/Poppin'Party Ver.,poppin_party,991.0,0.32,117.45383522727272,187.500000000004,312.52,,23.67,False,NO GIRL NO CRY/Poppin'Party Ver.,poppin_party,312.8,,D,D,0.902,False,major,major,False,False,NO GIRL NO CRY/Poppin'Party Ver.,poppin_party,major,NO GIRL NO CRY/Poppin'Party Ver.,poppin_party,312.8,,2.38,2.4065093994140625,-10.101441707366986,0,NO GIRL NO CRY/Poppin'Party Ver.,-9.884498596191406,-11.649341583251951,-9.24283218383789,2.933791399002075,6.984805107116699,6.019412994384766,7.553151130676269,0.6675835847854614,poppin_party,312.8,,209,NO GIRL NO CRY/Poppin'Party Ver.,poppin_party,312.8,,8.26,209,NO GIRL NO CRY/Poppin'Party Ver.,6.1952,5.2441,7.0397,0.6652,poppin_party,1.0865874290466309,0.4392,0.920312523841858,,312.8,,NO GIRL NO CRY/Poppin'Party Ver.,4.624010034603998e-05,7.387937444036652e-07,0.0049525434151291,0.0408776253461837,poppin_party,312.8,,8.26,209,NO GIRL NO CRY/Poppin'Party Ver.,poppin_party,312.8,,0.726507,209.0,NO GIRL NO CRY/Poppin'Party Ver.,0.9991519451141356,0.7312793135643005,0.9999828934669496,0.1604500710964203,poppin_party,0.0006939269951544,0.0003645236429292,0.0011571791255846,0.0003696956846397,312.8,,2.01,157.0,-17.83,5.0,NO GIRL NO CRY/Poppin'Party Ver.,poppin_party,312.8,,624,NO GIRL NO CRY/Poppin'Party Ver.,0.0449934527277946,0.0068818684667348,0.1810117363929748,0.0770838484168052,,35,0.280306905370844,fast
399,poppin_party,イニシャル,poppin_party,949.0,0.31,129.19921875,193.5483870967728,294.94,,21.93,False,イニシャル,poppin_party,295.24,,A,C,0.336,False,minor,major,False,True,イニシャル,poppin_party,major,イニシャル,poppin_party,295.24,,2.64,4.566249847412109,-10.861471201526353,0,イニシャル,-10.536870956420898,-14.28354263305664,-9.717292785644531,2.0429041385650635,6.770895481109619,5.852639675140381,7.391969203948975,0.743107259273529,poppin_party,295.235625,,197,イニシャル,poppin_party,295.24,,7.85,197,イニシャル,5.8251,5.0927,6.7802,0.6857,poppin_party,0.9464821815490724,0.0395,1.0565439462661743,,295.24,,イニシャル,2.290497650392353e-05,8.159506705851527e-07,0.0290884710848331,0.1520521491765976,poppin_party,295.24,,7.79,197,イニシャル,poppin_party,295.24,,0.700701,197.0,イニシャル,0.998818814754486,0.8232961893081665,0.9999657869338988,0.1419698148965835,poppin_party,0.0007359918090514,0.0004295492253731,0.0014743071515113,0.0004765618650708,295.24,,1.87,148.0,-21.79,5.0,イニシャル,poppin_party,295.2356462585034,,589,イニシャル,0.0429880544543266,0.0066741835325956,0.1801137328147888,0.0776008814573288,,31,0.1098783386998097,fast
400,poppin_party,Hello! Wink!,poppin_party,711.0,0.39,184.5703125,153.8461538461424,281.46,,21.05,False,Hello! Wink!,poppin_party,281.93,,D,D,0.624,False,minor,minor,False,False,Hello! Wink!,poppin_party,minor,Hello! Wink!,poppin_party,281.93,,2.62,2.2912425994873047,-11.484928737176098,0,Hello! Wink!,-11.501333236694336,-12.675979614257812,-10.384737014770508,4.4620280265808105,6.919102668762207,6.298608779907227,7.823997497558594,0.6625259518623352,poppin_party,281.9333125,,188,Hello! Wink!,poppin_party,281.93,,7.44,188,Hello! Wink!,5.8784,5.0517,6.7498,0.6743,poppin_party,1.0877768993377686,0.4468,0.9193061590194702,,281.93,,Hello! Wink!,3.269001808803296e-06,1.747290667708512e-07,0.0002972460351884,0.0102774314582347,poppin_party,281.93,,7.52,188,Hello! Wink!,poppin_party,281.93,,0.745641,188.0,Hello! Wink!,0.999435305595398,0.9831037521362304,0.9999945759773254,0.1106708943843841,poppin_party,0.0008208877407014,0.0003764714347198,0.0015244354726746,0.0004886003443971,281.93,,1.82,141.0,-19.0,5.0,Hello! Wink!,poppin_party,281.93333333333334,,562,Hello! Wink!,0.085989810526371,0.0144440848380327,0.2291037142276764,0.0873407274484634,,67,0.1043508949587822,medium
401,poppin_party,Step×Step!,poppin_party,611.0,0.41,95.703125,146.34146341463537,248.54,,18.77,False,Step×Step!,poppin_party,249.0,,Ab,G#,0.847,True,major,major,False,False,Step×Step!,poppin_party,major,Step×Step!,poppin_party,249.0,,2.31,3.883607864379883,-11.128976368277224,0,Step×Step!,-10.998224258422852,-14.15719223022461,-10.273584365844728,5.743577003479004,6.74322509765625,4.938462734222412,7.593146800994873,0.9970400929450988,poppin_party,249.0,,166,Step×Step!,poppin_party,249.0,,6.79,166,Step×Step!,5.8572,4.667,6.5168,0.6874,poppin_party,0.9512229561805724,0.0456,1.0512781143188477,,249.0,,Step×Step!,6.45030231680721e-05,1.418770125383162e-06,0.5578420758247375,0.2596149146556854,poppin_party,249.0,,6.18,166,Step×Step!,poppin_party,249.0,,0.68999,166.0,Step×Step!,0.9992002248764038,0.7046787738800049,0.9999882578849792,0.252200573682785,poppin_party,0.0007174995844252,0.0003467468777671,0.0012964914785698,0.0004021378117613,249.0,,1.6,125.0,-25.05,5.0,Step×Step!,poppin_party,249.0,,497,Step×Step!,0.0518227517604827,0.0070426245220005,0.1844406425952911,0.0793774351477623,,33,0.0328514056224899,medium
402,poppin_party,Jumpin',poppin_party,781.0,0.31,69.83741554054055,193.5483870967728,247.86,,19.11,False,Jumpin',poppin_party,247.87,,Ab,G#,0.846,True,major,major,False,False,Jumpin',poppin_party,major,Jumpin',poppin_party,247.87,,2.03,3.751386642456055,-10.851862681818831,0,Jumpin',-10.649978637695312,-13.62941551208496,-9.878028869628906,5.224887847900391,6.720708847045898,4.870266437530518,7.463426113128662,0.8857869505882263,poppin_party,247.866625,,165,Jumpin',poppin_party,247.87,,6.8,165,Jumpin',5.9952,4.6115,6.8879,0.8545,poppin_party,1.0209381580352783,0.1824,0.979491412639618,,247.87,,Jumpin',2.3178194169304334e-05,1.861571092831582e-07,0.7907994389533997,0.2935962975025177,poppin_party,247.87,,6.92,165,Jumpin',poppin_party,247.87,,0.733251,165.0,Jumpin',0.9946235418319702,0.6049293279647827,0.9998626112937928,0.1990379095077514,poppin_party,0.0008034444181248,0.0004191035404801,0.0013236514059826,0.0004453843284863,247.87,,1.61,124.0,-18.81,5.0,Jumpin',poppin_party,247.86666666666667,,494,Jumpin',0.0373038798570632,0.0052276104688644,0.1759978383779525,0.078499861061573,,37,0.0136363624902196,fast
403,poppin_party,White Afternoon,poppin_party,723.0,0.41,92.28515625,146.34146341462522,299.56,,22.11,False,White Afternoon,poppin_party,299.97,,C,C,0.621,False,major,major,False,False,White Afternoon,poppin_party,major,White Afternoon,poppin_party,299.97,,2.99,4.639191627502441,-11.540264281961411,0,White Afternoon,-11.378360748291016,-14.816885948181152,-10.177694320678713,4.804533958435059,6.272705078125,5.374587059020996,6.972976207733154,0.697092592716217,poppin_party,299.966625,,200,White Afternoon,poppin_party,299.97,,7.83,200,White Afternoon,5.6094,4.8164,6.2921,0.57,poppin_party,1.0704349279403689,0.3647,0.934199869632721,,299.97,,White Afternoon,0.0008523830911144,6.921173280716175e-06,0.0409771129488945,0.113978773355484,poppin_party,299.97,,7.65,200,White Afternoon,poppin_party,299.97,,0.634685,200.0,White Afternoon,0.9997250437736512,0.9258866310119628,0.9999972581863404,0.1420231759548187,poppin_party,0.0007385888602584,0.0004065776302013,0.0013360605807974,0.0003807529865298,299.97,,1.68,150.0,-21.22,5.0,White Afternoon,poppin_party,299.96666666666664,,598,White Afternoon,0.0357584655284881,0.0040299813263118,0.1638750433921814,0.0714507400989532,,33,0.1346149478681695,medium
404,poppin_party,キラキラスター！,poppin_party,686.0,0.4,151.99908088235293,149.99999999999787,275.49,,21.26,False,キラキラスター！,poppin_party,275.97,,F#,F#,0.388,False,minor,major,True,True,キラキラスター！,poppin_party,major,キラキラスター！,poppin_party,275.97,,2.27,2.550331115722656,-10.964148388369578,0,キラキラスター！,-10.707143783569336,-12.544981956481934,-9.994650840759276,4.595768928527832,6.886124610900879,6.142710208892822,7.570557594299316,0.6964587569236755,poppin_party,275.966625,,184,キラキラスター！,poppin_party,275.97,,7.27,184,キラキラスター！,5.9878,5.1095,6.8155,0.6239,poppin_party,1.0201700925827026,0.1778,0.9802287220954896,,275.97,,キラキラスター！,0.0001195299482787,3.550842848198954e-06,0.0191895142197608,0.102775752544403,poppin_party,275.97,,7.07,184,キラキラスター！,poppin_party,275.97,,0.689428,184.0,キラキラスター！,0.9996718168258668,0.9633339643478394,0.9999945759773254,0.1468264311552047,poppin_party,0.0007767272181808,0.0004207250021863,0.0012219139607623,0.0003498364239931,275.97,,1.3,138.0,-18.67,5.0,キラキラスター！,poppin_party,275.96666666666664,,550,キラキラスター！,0.0581029504537582,0.0057241921313107,0.2094280421733856,0.0834191218018531,,30,0.0460925197719742,medium
405,poppin_party,Returns,poppin_party,849.0,0.33,123.046875,181.8181818181906,322.58,,24.88,False,Returns,poppin_party,323.17,,C,C,0.554,False,major,major,False,False,Returns,poppin_party,major,Returns,poppin_party,323.17,,2.29,6.375061988830566,-11.057475349105422,0,Returns,-10.742504119873049,-16.02813148498535,-9.653069496154783,4.85800313949585,6.339820384979248,4.805350303649902,7.138304710388184,0.9041479229927064,poppin_party,323.1689375,,216,Returns,poppin_party,323.17,,8.46,216,Returns,5.5638,4.3713,6.5179,0.8305,poppin_party,1.0644471645355225,0.3419,0.9394547343254088,,323.17,,Returns,0.0006426036125048,7.395852207991993e-06,0.8506752252578735,0.3283773958683014,poppin_party,323.17,,8.33,216,Returns,poppin_party,323.17,,0.588832,216.0,Returns,0.9986402988433838,0.7960798740386963,0.9999571442604064,0.158169150352478,poppin_party,0.0007573743350803,0.0004505232500378,0.0013884865911677,0.0008635934209451,323.17,,1.74,162.0,-23.99,5.0,Returns,poppin_party,323.16893424036283,,645,Returns,0.0378953404724597,0.0032687380444258,0.1818176805973053,0.0767443478107452,,23,0.1102828764289885,fast
406,poppin_party,Dreamers Go!,poppin_party,796.0,0.32,172.265625,187.49999999999568,257.77,,19.57,False,Dreamers Go!,poppin_party,258.0,,E,E,0.296,False,major,major,False,True,Dreamers Go!,poppin_party,major,Dreamers Go!,poppin_party,258.0,,2.23,3.164952278137207,-11.213413311465168,0,Dreamers Go!,-11.066322326660156,-13.364420890808104,-10.199468612670898,2.152979850769043,6.613911151885986,5.69596004486084,7.264345645904541,0.6679933667182922,poppin_party,258.0,,172,Dreamers Go!,poppin_party,258.0,,6.18,172,Dreamers Go!,6.0314,5.1153,6.8265,0.6821,poppin_party,1.0442346334457395,0.2599,0.957639217376709,,258.0,,Dreamers Go!,5.356634937925264e-05,1.1149993497383548e-06,0.0525398924946785,0.1457618325948715,poppin_party,258.0,,6.71,172,Dreamers Go!,poppin_party,258.0,,0.726789,172.0,Dreamers Go!,0.9986154437065125,0.9002545475959778,0.99998939037323,0.1222096905112266,poppin_party,0.0008762174402363,0.0005093521322123,0.0013595655327662,0.00059840263566,258.0,,1.52,129.0,-19.17,5.0,Dreamers Go!,poppin_party,258.0,,515,Dreamers Go!,0.0449822172522544,0.0058638541959226,0.1792262941598892,0.0780147686600685,,24,0.1248062015503876,fast
407,poppin_party,キズナミュージック♪,poppin_party,993.0,0.32,117.45383522727272,187.500000000004,315.26,,23.81,False,キズナミュージック♪,poppin_party,315.4,,A,A,0.375,False,major,major,False,False,キズナミュージック♪,poppin_party,major,キズナミュージック♪,poppin_party,315.4,,2.55,2.6380538940429688,-10.952516579705186,0,キズナミュージック♪,-10.670209884643556,-12.681007385253906,-10.042953491210938,3.0575649738311768,6.9567718505859375,5.650721073150635,7.602837562561035,0.7646707892417908,poppin_party,315.40225,,210,キズナミュージック♪,poppin_party,315.4,,8.45,210,キズナミュージック♪,5.9332,5.1029,6.5711,0.6367,poppin_party,1.0533069372177124,0.2948,0.949390947818756,,315.4,,キズナミュージック♪,0.0001522200473118,4.447371793503407e-06,0.0324951820075511,0.1015850231051445,poppin_party,315.4,,8.18,210,キズナミュージック♪,poppin_party,315.4,,0.710869,210.0,キズナミュージック♪,0.9978448152542114,0.7032799124717712,0.9999163150787354,0.1900095641613006,poppin_party,0.0009361420525237,0.0004850949044339,0.0019297709222882,0.0005598891875706,315.4,,1.99,158.0,-18.02,5.0,キズナミュージック♪,poppin_party,315.40231292517007,,629,キズナミュージック♪,0.0521062985062599,0.0052176611497998,0.1870729327201843,0.0786826312541961,,29,0.1616982437311711,fast
408,poppin_party,ミライトレイン,poppin_party,1043.0,0.34,107.666015625,176.47058823529235,355.58,,26.4,False,ミライトレイン,poppin_party,355.67,,D,D,0.914,False,major,major,False,False,ミライトレイン,poppin_party,major,ミライトレイン,poppin_party,355.67,,2.91,4.398735046386719,-11.12118572367121,0,ミライトレイン,-10.95171356201172,-14.42611026763916,-10.02737522125244,4.294270515441895,6.532792091369629,5.348183155059815,7.144537448883057,0.774178147315979,poppin_party,355.666625,,238,ミライトレイン,poppin_party,355.67,,9.62,238,ミライトレイン,5.6616,4.9561,6.4008,0.6117,poppin_party,0.9522166848182678,0.0517,1.050181269645691,,355.67,,ミライトレイン,0.0004140910459682,1.7404043319402263e-05,0.1467947661876678,0.2320122420787811,poppin_party,355.67,,9.13,238,ミライトレイン,poppin_party,355.67,,0.678176,238.0,ミライトレイン,0.9996320009231568,0.9616101980209352,0.9999949932098388,0.1267013102769851,poppin_party,0.0006786824669688,0.0004275293613318,0.0011635343544185,0.0004282600420992,355.67,,2.25,178.0,-19.97,5.0,ミライトレイン,poppin_party,355.6666666666667,,710,ミライトレイン,0.0293259415775537,0.003556658513844,0.1785308271646499,0.0760382935404777,,41,0.0946391697142005,fast
409,poppin_party,夢を撃ち抜く瞬間に！,poppin_party,688.0,0.3,95.703125,199.9999999999924,280.05,,21.06,True,夢を撃ち抜く瞬間に！,poppin_party,280.57,,C,C,0.918,False,major,major,False,False,夢を撃ち抜く瞬間に！,poppin_party,major,夢を撃ち抜く瞬間に！,poppin_party,280.57,,3.64,3.587575912475586,-10.265010966276945,0,夢を撃ち抜く瞬間に！,-9.960451126098633,-12.888617515563965,-9.30104160308838,2.0032289028167725,6.863542079925537,5.516421794891357,7.415863513946533,0.7555110454559326,poppin_party,280.566625,,187,夢を撃ち抜く瞬間に！,poppin_party,280.57,,7.84,187,夢を撃ち抜く瞬間に！,5.9826,5.3077,6.7083,0.5967,poppin_party,1.029364824295044,0.2128,0.9714727997779846,,280.57,,夢を撃ち抜く瞬間に！,6.506340287160128e-05,8.154303259289009e-07,0.0933338850736618,0.2016775906085968,poppin_party,280.57,,7.82,187,夢を撃ち抜く瞬間に！,poppin_party,280.57,,0.665716,187.0,夢を撃ち抜く瞬間に！,0.99967622756958,0.9714856147766112,0.9999796152114868,0.1305586099624633,poppin_party,0.0008509394247084,0.0004074255411978,0.0014323232462629,0.000399899756303,280.57,,1.78,141.0,-18.34,5.0,夢を撃ち抜く瞬間に！,poppin_party,280.56666666666666,,560,夢を撃ち抜く瞬間に！,0.0340608470141887,0.005993747152388,0.1328450292348861,0.0585372224450111,,26,0.1955328356649611,fast
410,poppin_party,ぽっぴん'しゃっふる,poppin_party,852.0,0.27,198.76802884615384,222.2222222222138,277.71,,20.74,False,ぽっぴん'しゃっふる,poppin_party,278.18,,A,A,0.426,False,major,major,False,True,ぽっぴん'しゃっふる,poppin_party,major,ぽっぴん'しゃっふる,poppin_party,278.18,,2.86,3.856510162353516,-10.152297955177062,0,ぽっぴん'しゃっふる,-9.813032150268556,-12.792170524597168,-8.935660362243652,1.746500015258789,7.269488334655762,6.612512111663818,7.894034385681152,0.5203937888145447,poppin_party,278.1818125,,185,ぽっぴん'しゃっふる,poppin_party,278.18,,7.84,185,ぽっぴん'しゃっふる,6.472,5.7431,7.1398,0.5334,poppin_party,1.1553034782409668,0.7173,0.8655732870101929,,278.18,,ぽっぴん'しゃっふる,7.773467223159969e-05,2.3478678485844284e-06,0.0019205987919121,0.0178782995790243,poppin_party,278.18,,7.45,185,ぽっぴん'しゃっふる,poppin_party,278.18,,0.662882,185.0,ぽっぴん'しゃっふる,0.9957782030105592,0.791424036026001,0.9999333024024964,0.1845322400331497,poppin_party,,,,,,,1.61,,-18.66,5.0,ぽっぴん'しゃっふる,poppin_party,278.18185941043083,,555,ぽっぴん'しゃっふる,0.0823417082428932,0.0093416571617126,0.2805039584636688,0.1082217097282409,,33,0.1167581460869799,boost
411,poppin_party,夏空 SUN! SUN! SEVEN!,poppin_party,796.0,0.34,112.34714673913044,176.47058823529235,270.88,,19.87,False,夏空 SUN! SUN! SEVEN!,poppin_party,271.17,,Bb,A#,0.225,True,major,major,False,False,夏空 SUN! SUN! SEVEN!,poppin_party,major,夏空 SUN! SUN! SEVEN!,poppin_party,271.17,,1.86,1.9812688827514648,-9.845195552098602,0,夏空 SUN! SUN! SEVEN!,-9.757511138916016,-11.06822109222412,-9.086952209472656,2.698310613632202,7.323755264282227,6.658936023712158,7.942078590393066,0.571077287197113,poppin_party,271.1653125,,181,夏空 SUN! SUN! SEVEN!,poppin_party,271.17,,6.57,181,夏空 SUN! SUN! SEVEN!,6.4663,5.2755,7.2204,0.7402,poppin_party,1.2288634777069092,0.8875,0.8137601017951965,,271.17,,夏空 SUN! SUN! SEVEN!,2.764731107163243e-05,3.410445117424388e-07,0.0010074045276269,0.0066424459218978,poppin_party,271.17,,7.38,181,夏空 SUN! SUN! SEVEN!,poppin_party,271.17,,0.666646,181.0,夏空 SUN! SUN! SEVEN!,0.9993187189102172,0.975902259349823,0.9999794960021972,0.0707791522145271,poppin_party,0.0008099548867903,0.0004378482699394,0.0014753427822142,0.0004291603399906,271.17,,1.58,136.0,-17.29,5.0,夏空 SUN! SUN! SEVEN!,poppin_party,271.1653514739229,,541,夏空 SUN! SUN! SEVEN!,0.0673926919698715,0.0074169519357383,0.211294025182724,0.0916691273450851,,33,0.2678808088975222,fast
412,poppin_party,1000回潤んだ空,poppin_party,852.0,0.33,184.5703125,181.8181818181749,330.48,,24.41,False,1000回潤んだ空,poppin_party,330.77,,F,F,0.229,False,major,major,False,False,1000回潤んだ空,poppin_party,major,1000回潤んだ空,poppin_party,330.77,,4.75,9.402013778686523,-11.437715538196882,0,1000回潤んだ空,-10.740571975708008,-19.146879196166992,-9.744865417480469,4.638071060180664,6.290165424346924,3.800498962402344,7.34064245223999,1.3570631742477417,poppin_party,330.7723125,,221,1000回潤んだ空,poppin_party,330.77,,9.19,221,1000回潤んだ空,5.3145,4.4197,6.2684,0.7418,poppin_party,0.9830875992774964,0.1003,1.017203450202942,,330.77,,1000回潤んだ空,0.0008851534803397,2.3686004624323687e-06,0.948250412940979,0.4002498388290405,poppin_party,330.77,,9.89,221,1000回潤んだ空,poppin_party,330.77,,0.698344,221.0,1000回潤んだ空,0.9997161030769348,0.9004436731338501,0.9999984502792358,0.1445425897836685,poppin_party,0.0006587026291526,0.0003615798195824,0.0012678480707108,0.0005607968778349,330.77,,2.06,166.0,-25.89,5.0,1000回潤んだ空,poppin_party,330.77238095238096,,660,1000回潤んだ空,0.0410975515842437,0.0038238069973886,0.1867679804563522,0.0829936787486076,,44,0.1263104272235551,fast
413,poppin_party,HAPPY HAPPY PARTY!,poppin_party,658.0,0.43,135.99917763157896,139.53488372093034,282.08,,21.34,False,HAPPY HAPPY PARTY!,poppin_party,282.46,,E,G,0.461,False,minor,major,False,True,HAPPY HAPPY PARTY!,poppin_party,major,HAPPY HAPPY PARTY!,poppin_party,282.45,,3.26,2.9576950073242188,-10.559303239986551,0,HAPPY HAPPY PARTY!,-10.287845611572266,-12.48395538330078,-9.526260375976562,4.724889278411865,7.402120590209961,6.509718894958496,8.002069473266602,0.6588630676269531,poppin_party,282.455,,188,HAPPY HAPPY PARTY!,poppin_party,282.45,,7.78,188,HAPPY HAPPY PARTY!,6.3157,5.4953,7.0136,0.5818,poppin_party,1.1050519943237305,0.5122,0.904934823513031,,282.45,,HAPPY HAPPY PARTY!,3.072037361562252e-05,9.419022148904332e-07,0.0007491030846722,0.0505736134946346,poppin_party,282.45,,8.35,188,HAPPY HAPPY PARTY!,poppin_party,282.46,,0.770128,188.0,HAPPY HAPPY PARTY!,0.9998086094856262,0.9831596612930298,0.9999950528144836,0.0631956830620765,poppin_party,0.0007485577953048,0.0004227944591548,0.0013015709118917,0.0004332287353463,282.45,,1.82,142.0,-18.42,5.0,HAPPY HAPPY PARTY!,poppin_party,282.4550113378685,,563,HAPPY HAPPY PARTY!,0.0804428681731224,0.0114049362018704,0.227771058678627,0.0845456272363662,,33,0.1532279139093142,medium
414,poppin_party,夏のドーン！,poppin_party,593.0,0.37,123.046875,162.16216216216017,221.04,,17.07,False,夏のドーン！,poppin_party,221.35,,B,E,0.521,True,minor,minor,False,False,夏のドーン！,poppin_party,minor,夏のドーン！,poppin_party,221.35,,2.73,2.679769515991211,-10.989617841866592,0,夏のドーン！,-11.097723007202148,-12.513540267944336,-9.833770751953123,3.8540658950805664,7.208523273468018,6.011615753173828,7.814874649047852,0.858217179775238,poppin_party,221.346625,,147,夏のドーン！,poppin_party,221.35,,6.19,147,夏のドーン！,6.5532,5.1444,7.3833,0.8438,poppin_party,1.1354153156280518,0.6429,0.8807349801063538,,221.35,,夏のドーン！,0.0003123471105936,2.671962192835053e-06,0.0329961776733398,0.1795950531959533,poppin_party,221.35,,6.59,147,夏のドーン！,poppin_party,221.35,,0.656167,147.0,夏のドーン！,0.9999351501464844,0.7233362197875977,0.9999988079071044,0.153576374053955,poppin_party,0.0007514408789575,0.0004767329373862,0.0012589764082804,0.0004282757872715,221.35,,1.39,111.0,-19.66,5.0,夏のドーン！,poppin_party,221.34666666666664,,441,夏のドーン！,0.0631814524531364,0.0110244695097208,0.2005185633897781,0.0797618776559829,,24,0.2651044868245431,fast
415,poppin_party,キミにもらったもの,poppin_party,572.0,0.41,56.17357336956522,146.34146341463537,235.0,,17.98,False,キミにもらったもの,poppin_party,235.43,,F,F,0.87,False,major,major,False,False,キミにもらったもの,poppin_party,major,キミにもらったもの,poppin_party,235.43,,3.08,9.349746704101562,-13.820294257901123,1,キミにもらったもの,-15.312448501586914,-20.3876953125,-11.037948608398438,6.736606121063232,4.8593058586120605,3.487911462783813,6.844217777252197,1.2494032382965088,poppin_party,235.4273125,,157,キミにもらったもの,poppin_party,235.43,,6.84,157,キミにもらったもの,4.9144,4.1936,5.7985,0.6297,poppin_party,1.0123955011367798,0.1581,0.9877561330795288,,235.43,,キミにもらったもの,0.6374028325080872,0.0034370350185781,0.9893728494644164,0.4173038303852081,poppin_party,235.43,,6.57,157,キミにもらったもの,poppin_party,235.43,,0.616482,157.0,キミにもらったもの,0.9996323585510254,0.4724680781364441,0.9999923706054688,0.2565106749534607,poppin_party,0.0006700935773551,0.0003130019467789,0.0010151874739676,0.0002758595801424,235.43,,1.51,118.0,-28.38,5.0,キミにもらったもの,poppin_party,235.42734693877551,,469,キミにもらったもの,0.0410256721079349,0.0025620115920901,0.2263271957635879,0.0941162183880806,,27,0.0574274763077148,medium
416,poppin_party,Light Delight,poppin_party,837.0,0.33,117.45383522727272,181.8181818181749,308.55,,24.17,False,Light Delight,poppin_party,308.83,,E,E,0.443,False,major,major,False,True,Light Delight,poppin_party,major,Light Delight,poppin_party,308.83,,4.96,6.832976341247559,-10.764090931024093,0,Light Delight,-10.652517318725586,-16.632511138916016,-9.799534797668455,4.848740100860596,6.374847412109375,4.418127059936523,7.302703380584717,1.0674216747283936,poppin_party,308.8333125,,206,Light Delight,poppin_party,308.83,,8.16,206,Light Delight,5.5483,4.5565,6.5057,0.7019,poppin_party,0.9512724876403807,0.0471,1.051223635673523,,308.83,,Light Delight,0.0001099287474062,3.736101461981889e-06,0.019021263346076,0.1452235430479049,poppin_party,308.83,,7.7,206,Light Delight,poppin_party,308.83,,0.714397,206.0,Light Delight,0.9998114109039308,0.7187913060188293,0.999994158744812,0.2569780647754669,poppin_party,0.000997272436507,0.0004251151403877,0.0017951613990589,0.0006994595169089,308.83,,1.98,155.0,-24.72,5.0,Light Delight,poppin_party,308.8333333333333,,616,Light Delight,0.0420412309467792,0.004647132474929,0.1663649082183838,0.0758187100291252,,14,0.0696815880084204,fast
417,poppin_party,切ないSandglass,poppin_party,752.0,0.33,184.5703125,181.81818181818275,246.16,,19.29,False,切ないSandglass,poppin_party,246.47,,A,F#,0.313,False,major,minor,False,False,切ないSandglass,poppin_party,minor,切ないSandglass,poppin_party,246.47,,2.3,6.898699760437012,-10.301159460809975,0,切ないSandglass,-9.85042953491211,-15.911262512207031,-9.01256275177002,5.322123527526856,6.70978307723999,4.812448501586914,7.448333263397217,0.9997947216033936,poppin_party,246.466625,,164,切ないSandglass,poppin_party,246.47,,6.91,164,切ないSandglass,5.7597,4.7556,6.5478,0.6704,poppin_party,0.9819177985191344,0.0942,1.0184152126312256,,246.47,,切ないSandglass,0.0004148165462538,1.3700810086447746e-06,0.3501454889774322,0.1962513923645019,poppin_party,246.47,,6.16,164,切ないSandglass,poppin_party,246.47,,0.583765,164.0,切ないSandglass,0.9993497729301452,0.5073322057723999,0.9999895095825196,0.2363814562559127,poppin_party,0.0007887753890827,0.0004469014238566,0.0015587983652949,0.0005072652711533,246.47,,1.61,124.0,-23.25,5.0,切ないSandglass,poppin_party,246.46666666666667,,491,切ないSandglass,0.0428926311433315,0.0031850466039031,0.1925102323293686,0.0784912481904029,,19,0.1527184074318359,fast
418,poppin_party,Home Street,poppin_party,397.0,0.57,135.99917763157896,105.2631578947368,227.43,,17.36,False,Home Street,poppin_party,228.0,,E,E,0.706,False,major,major,False,False,Home Street,poppin_party,major,Home Street,poppin_party,228.0,,2.26,4.446303367614746,-10.532576546601504,0,Home Street,-10.23825740814209,-13.673565864562988,-9.227262496948242,3.536818027496338,6.917876720428467,5.885173797607422,7.566223621368408,0.7540263533592224,poppin_party,228.0,,152,Home Street,poppin_party,228.0,,5.34,152,Home Street,6.3634,5.2233,7.1299,0.7736,poppin_party,0.9916609525680542,0.117,1.0084092617034912,,228.0,,Home Street,0.0002133782836608,4.35385481978301e-06,0.1219919025897979,0.1826938986778259,poppin_party,228.0,,5.31,152,Home Street,poppin_party,228.0,,0.729113,152.0,Home Street,0.9981957077980042,0.6217640042304993,0.9999801516532898,0.2063245475292205,poppin_party,0.0007272705552168,0.0004759219882544,0.0010984380496665,0.000251453515375,228.0,,1.36,114.0,-21.05,5.0,Home Street,poppin_party,228.0,,455,Home Street,0.0583122782409191,0.0077290181070566,0.2331279963254928,0.0944543406367302,,31,0.1572807017543859,medium
419,poppin_party,What's the POPIPA!?,poppin_party,864.0,0.32,117.45383522727272,187.49999999999983,278.51,,21.73,False,What's the POPIPA!?,poppin_party,278.67,,E,D,0.601,True,minor,major,False,False,What's the POPIPA!?,poppin_party,major,What's the POPIPA!?,poppin_party,278.67,,4.43,2.0765161514282227,-10.531157135686074,0,What's the POPIPA!?,-10.61348819732666,-11.576346397399902,-9.49983024597168,3.0618550777435303,6.850433349609375,6.17012882232666,7.467950820922852,0.5572019219398499,poppin_party,278.666625,,186,What's the POPIPA!?,poppin_party,278.67,,7.82,186,What's the POPIPA!?,5.9874,4.7944,6.9043,0.8191,poppin_party,1.125542402267456,0.6079,0.8884604573249817,,278.67,,What's the POPIPA!?,1.2991825997232809e-06,8.221449832035432e-08,9.20724996831268e-05,0.0083069587126374,poppin_party,278.67,,7.52,186,What's the POPIPA!?,poppin_party,278.67,,0.767216,186.0,What's the POPIPA!?,0.9990234971046448,0.9614704847335817,0.9999687671661376,0.0995310693979263,poppin_party,0.0006521710893139,0.0003946678189095,0.0014014600310474,0.0003688723954837,278.67,,1.39,140.0,-18.39,5.0,What's the POPIPA!?,poppin_party,278.6666666666667,,556,What's the POPIPA!?,0.068013995885849,0.0124975545331835,0.2146729826927185,0.0825629234313964,,58,0.1233731965181522,fast
420,poppin_party,SAKURA MEMORIES,poppin_party,749.0,0.34,135.99917763157896,176.47058823529235,254.42,,19.21,False,SAKURA MEMORIES,poppin_party,254.6,,C,G,0.656,True,major,major,False,True,SAKURA MEMORIES,poppin_party,major,SAKURA MEMORIES,poppin_party,254.6,,4.32,4.463263511657715,-12.041652350070583,0,SAKURA MEMORIES,-11.90697193145752,-15.241009712219238,-10.777746200561523,2.00427508354187,6.573295593261719,4.89091682434082,7.307405948638916,1.0273319482803345,poppin_party,254.6,,170,SAKURA MEMORIES,poppin_party,254.6,,6.87,170,SAKURA MEMORIES,5.8112,4.8828,6.8267,0.7736,poppin_party,0.996815025806427,0.1261,1.0031952857971191,,254.6,,SAKURA MEMORIES,0.0007585566490888,2.8563117666635662e-05,0.1750394999980926,0.2349671572446823,poppin_party,254.6,,6.94,170,SAKURA MEMORIES,poppin_party,254.6,,0.624249,170.0,SAKURA MEMORIES,0.99959135055542,0.6206324696540833,0.9999955296516418,0.2049983441829681,poppin_party,0.000784671108704,0.0004348086658865,0.0014430389273911,0.0003922049072571,254.6,,1.24,128.0,-20.52,5.0,SAKURA MEMORIES,poppin_party,254.6,,508,SAKURA MEMORIES,0.0298608001321554,0.0043310541659593,0.1652051359415054,0.0765095055103302,,30,0.1190887666928514,fast
421,poppin_party,アニバーサリー,poppin_party,777.0,0.35,80.74951171875,171.4285714285707,273.53,,20.81,False,アニバーサリー,poppin_party,273.83,,F,F,0.665,False,major,major,False,False,アニバーサリー,poppin_party,major,アニバーサリー,poppin_party,273.83,,4.1,1.8896408081054688,-10.288129920391889,0,アニバーサリー,-10.194863319396973,-11.449544906616213,-9.559904098510742,4.639976978302002,7.102795600891113,6.206043243408203,7.754500865936279,0.7724589109420776,poppin_party,273.8333125,,183,アニバーサリー,poppin_party,273.83,,7.54,183,アニバーサリー,6.3474,5.5203,6.9287,0.6216,poppin_party,1.1107531785964966,0.535,0.9002898931503296,,273.83,,アニバーサリー,1.927625999087468e-05,9.234208278030563e-07,0.0018178813625127,0.1058935821056366,poppin_party,273.83,,7.5,183,アニバーサリー,poppin_party,273.83,,0.657202,183.0,アニバーサリー,0.9994074106216432,0.959973156452179,0.9999814629554749,0.1580449789762497,poppin_party,0.0007367267389781,0.0004429347172845,0.0012196012539789,0.0002952154900413,273.83,,1.65,137.0,-17.7,5.0,アニバーサリー,poppin_party,273.8333333333333,,546,アニバーサリー,0.0558155849575996,0.0058145578950643,0.2072046995162964,0.0809564739465713,,29,0.0068654889127375,fast
422,poppin_party,Tomorrow's Door,poppin_party,731.0,0.34,117.45383522727272,176.47058823529235,247.29,,18.72,False,Tomorrow's Door,poppin_party,247.6,,B,B,0.645,False,major,major,False,False,Tomorrow's Door,poppin_party,major,Tomorrow's Door,poppin_party,247.6,,2.93,2.126163482666016,-9.614454967914916,0,Tomorrow's Door,-9.424562454223633,-10.964367866516112,-8.838204383850098,5.328855991363525,6.933615207672119,6.095366477966309,7.601775169372559,0.931322455406189,poppin_party,247.6,,165,Tomorrow's Door,poppin_party,247.6,,6.74,165,Tomorrow's Door,5.7107,4.7572,6.537,0.6757,poppin_party,1.1155967712402344,0.5547,0.8963812589645386,,247.6,,Tomorrow's Door,6.314941856544465e-06,3.1474669981435e-07,0.000460289651528,0.0532395988702774,poppin_party,247.6,,6.87,165,Tomorrow's Door,poppin_party,247.6,,0.809025,165.0,Tomorrow's Door,0.9989805817604064,0.8116214275360107,0.999984860420227,0.1992758512496948,poppin_party,0.000677683041431,0.0003611957363318,0.0013333356473594,0.0004006972012575,247.6,,1.6,124.0,-17.29,5.0,Tomorrow's Door,poppin_party,247.6,,494,Tomorrow's Door,0.0379595309495925,0.0064386590383946,0.1525755524635315,0.0677966028451919,,18,0.145718901453958,fast
423,poppin_party,イントロダクション,poppin_party,610.0,0.36,112.34714673913044,166.66666666666035,221.23,,17.1,False,イントロダクション,poppin_party,221.4,,F#,F#,0.347,False,minor,minor,False,True,イントロダクション,poppin_party,minor,イントロダクション,poppin_party,221.4,,3.86,2.5645618438720703,-11.4263947159894,0,イントロダクション,-11.187419891357422,-13.024744033813477,-10.460182189941406,3.54675555229187,6.900781631469727,5.981250762939453,7.620219707489014,0.6702873706817627,poppin_party,221.4,,147,イントロダクション,poppin_party,221.4,,6.35,147,イントロダクション,6.2268,5.0794,6.9237,0.6829,poppin_party,1.184911012649536,0.8116,0.843945324420929,,221.4,,イントロダクション,8.474435162497684e-05,2.4725020466576098e-06,0.0089257257059216,0.0780990868806839,poppin_party,221.4,,6.63,147,イントロダクション,poppin_party,221.4,,0.664324,147.0,イントロダクション,0.9998452663421632,0.9925825595855712,0.9999938011169434,0.099029816687107,poppin_party,0.000754844630137,0.0004204077413305,0.0012750051682814,0.000359209079761,221.4,,1.39,111.0,-19.29,5.0,イントロダクション,poppin_party,221.4,,441,イントロダクション,0.0592730902135372,0.0092969490215182,0.2053056806325912,0.0808150917291641,,28,0.3028003613369466,fast
424,poppin_party,TARINAI,poppin_party,695.0,0.32,172.265625,187.500000000004,219.35,,16.86,False,TARINAI,poppin_party,219.63,,F#,F#,0.547,False,minor,minor,False,False,TARINAI,poppin_party,minor,TARINAI,poppin_party,219.63,,3.68,3.237947463989258,-10.292593444786869,0,TARINAI,-10.06129550933838,-12.429360389709473,-9.191412925720217,1.4589146375656128,7.144663333892822,6.384567737579346,7.768205165863037,0.6168419122695923,poppin_party,219.6333125,,146,TARINAI,poppin_party,219.63,,5.4,146,TARINAI,6.1878,5.1733,6.9857,0.7064,poppin_party,1.039189338684082,0.2523,0.9622885584831238,,219.63,,TARINAI,4.450489541341085e-06,1.6557410731365962e-07,0.0002928437315858,0.0020657537970691,poppin_party,219.63,,5.58,146,TARINAI,poppin_party,219.63,,0.744471,146.0,TARINAI,0.9999135732650756,0.97022807598114,0.9999932646751404,0.0838870331645011,poppin_party,0.0006977061275392,0.0004590267781168,0.0014791892608627,0.0004540928639471,219.63,,1.42,110.0,-18.6,5.0,TARINAI,poppin_party,219.63333333333333,,438,TARINAI,0.0742965936660766,0.0119033381342887,0.2517612874507904,0.0928429961204528,,40,0.1191075809858132,fast
425,poppin_party,DOKI DOKI SCARY,poppin_party,568.0,0.42,112.34714673913044,142.85714285714226,239.92,,18.67,False,DOKI DOKI SCARY,poppin_party,240.36,,B,B,0.778,False,minor,minor,False,False,DOKI DOKI SCARY,poppin_party,minor,DOKI DOKI SCARY,poppin_party,240.36,,2.77,2.4875564575195312,-9.275650991307527,0,DOKI DOKI SCARY,-8.999605178833008,-10.788137435913086,-8.300580978393555,1.4493472576141355,7.177944183349609,6.574698448181152,7.716456890106201,0.5293118357658386,poppin_party,240.36,,160,DOKI DOKI SCARY,poppin_party,240.36,,5.75,160,DOKI DOKI SCARY,6.1628,5.2039,7.0493,0.6674,poppin_party,1.1189875602722168,0.5745,0.8936649560928345,,240.36,,DOKI DOKI SCARY,3.655571345007047e-05,2.242630216642283e-06,0.0004625094588845,0.0148893119767308,poppin_party,240.36,,5.62,160,DOKI DOKI SCARY,poppin_party,240.36,,0.755861,160.0,DOKI DOKI SCARY,0.9994441866874696,0.921096920967102,0.9999714493751526,0.1254902184009552,poppin_party,0.0008924357243813,0.0004188960883766,0.001662028953433,0.000680734985508,240.36,,1.54,121.0,-17.26,5.0,DOKI DOKI SCARY,poppin_party,240.36,,479,DOKI DOKI SCARY,0.0586747042834758,0.0117348665371537,0.1917888671159744,0.0785930007696151,,26,0.0177234148776834,medium
426,poppin_party,Photograph,poppin_party,747.0,0.4,99.38401442307692,150.0000000000032,257.6,,19.87,True,Photograph,poppin_party,258.07,,Ab,G#,0.881,True,major,major,False,False,Photograph,poppin_party,major,Photograph,poppin_party,258.07,,2.6,2.95673942565918,-10.547032360637017,0,Photograph,-10.328886985778809,-12.704272270202637,-9.747532844543455,4.55184268951416,6.8142409324646,5.992373466491699,7.444473266601562,0.8187087774276733,poppin_party,258.066625,,172,Photograph,poppin_party,258.07,,6.76,172,Photograph,5.9332,4.8413,6.702,0.687,poppin_party,1.068886637687683,0.3587,0.9355528950691224,,258.07,,Photograph,5.075102671980858e-05,2.746080781435012e-06,0.072045624256134,0.1448010206222534,poppin_party,258.07,,6.83,172,Photograph,poppin_party,258.07,,0.722445,172.0,Photograph,0.9991241693496704,0.6502732634544373,0.9999812245368958,0.2260566651821136,poppin_party,,,,,,,1.58,,-19.08,5.0,Photograph,poppin_party,258.06666666666666,,515,Photograph,0.0561572723090648,0.0043572257272899,0.1947363913059234,0.0809086486697197,,30,0.0751743674781735,medium
427,poppin_party,夏に閉じこめて,poppin_party,801.0,0.32,151.99908088235293,187.500000000004,261.46,,19.81,False,夏に閉じこめて,poppin_party,261.64,,D,D,0.941,False,major,major,False,False,夏に閉じこめて,poppin_party,major,夏に閉じこめて,poppin_party,261.64,,2.32,3.405534744262696,-11.532232617590283,0,夏に閉じこめて,-11.329044342041016,-13.968411445617676,-10.56287670135498,5.592894077301025,6.271520614624023,5.242279052734375,7.060786724090576,0.8113824129104614,poppin_party,261.635625,,174,夏に閉じこめて,poppin_party,261.64,,7.52,174,夏に閉じこめて,5.408,4.6653,6.2821,0.614,poppin_party,1.0269081592559814,0.1991,0.9737969636917114,,261.64,,夏に閉じこめて,0.0028133185114711,4.6518369344994426e-05,0.4437493681907654,0.2517216801643371,poppin_party,261.64,,7.27,174,夏に閉じこめて,poppin_party,261.64,,0.665854,174.0,夏に閉じこめて,0.999900758266449,0.937958300113678,0.999996542930603,0.1674288064241409,poppin_party,0.0008155782707035,0.000491522194352,0.0012668892741203,0.0003523688938003,261.64,,1.42,131.0,-19.91,5.0,夏に閉じこめて,poppin_party,261.6356462585034,,522,夏に閉じこめて,0.0483388863503932,0.0064170402474701,0.2091717272996902,0.0877010449767112,,49,0.237047229328957,fast
428,poppin_party,ぽっぴん'どりーむ！,poppin_party,898.0,0.3,99.38401442307692,200.0,269.46,,19.96,False,ぽっぴん'どりーむ！,poppin_party,269.77,,G,D,0.45,True,major,major,False,True,ぽっぴん'どりーむ！,poppin_party,major,ぽっぴん'どりーむ！,poppin_party,269.77,,3.41,2.057964324951172,-10.109258627749202,0,ぽっぴん'どりーむ！,-9.923272132873535,-11.44894313812256,-9.390978813171388,4.031032562255859,6.82158088684082,6.028509616851807,7.326868534088135,0.562545895576477,poppin_party,269.766625,,180,ぽっぴん'どりーむ！,poppin_party,269.77,,7.34,180,ぽっぴん'どりーむ！,6.1131,5.2168,6.8909,0.6769,poppin_party,1.093460202217102,0.462,0.9145280122756958,,269.77,,ぽっぴん'どりーむ！,2.535281964810565e-05,8.26426344247011e-07,0.0052807833999395,0.0526673048734664,poppin_party,269.77,,7.4,180,ぽっぴん'どりーむ！,poppin_party,269.77,,0.730674,180.0,ぽっぴん'どりーむ！,0.9997420907020568,0.8593180179595947,0.99999338388443,0.1465828716754913,poppin_party,0.0008033730555325,0.0004101992526557,0.0013361752498894,0.0003776312223635,269.77,,1.71,135.0,-17.35,5.0,ぽっぴん'どりーむ！,poppin_party,269.76666666666665,,538,ぽっぴん'どりーむ！,0.0575445741415023,0.0083380108699202,0.2302673608064651,0.0928380116820335,,40,0.1983195200852959,fast
429,poppin_party,星の約束,poppin_party,717.0,0.34,117.45383522727272,176.47058823529235,244.89,,19.0,False,星の約束,poppin_party,245.13,,G,E,0.282,False,major,minor,False,False,星の約束,poppin_party,minor,星の約束,poppin_party,245.13,,2.15,4.0825910568237305,-10.23457152890269,0,星の約束,-9.967569351196287,-13.312434196472168,-9.229843139648438,3.8322176933288574,6.712523460388184,5.809881687164307,7.22557258605957,0.7584375143051147,poppin_party,245.1333125,,163,星の約束,poppin_party,245.13,,6.76,163,星の約束,5.6576,4.6503,6.4096,0.6839,poppin_party,1.0588332414627075,0.3176,0.9444357752799988,,245.13,,星の約束,0.0001279407151741,4.0681998143554665e-06,0.017272001132369,0.1156871542334556,poppin_party,245.13,,6.84,163,星の約束,poppin_party,245.13,,0.711258,163.0,星の約束,0.9998984336853028,0.9228811264038086,0.9999980330467224,0.1720073670148849,poppin_party,0.0008176858536899,0.0004131059104111,0.0014062409754842,0.0005135359242558,245.13,,1.56,123.0,-18.78,5.0,星の約束,poppin_party,245.13333333333333,,489,星の約束,0.0497776828706264,0.0089501459151506,0.1695878654718399,0.0773863121867179,,24,0.1764753575477023,fast
430,poppin_party,新しい季節に,poppin_party,438.0,0.48,129.19921875,124.99999999999989,211.27,,16.16,False,新しい季節に,poppin_party,211.8,,G,G,1.0,False,major,major,False,False,新しい季節に,poppin_party,major,新しい季節に,poppin_party,211.8,,1.82,4.252655982971191,-10.51976627695692,0,新しい季節に,-10.360050201416016,-13.66431713104248,-9.411661148071287,4.929553508758545,6.858741283416748,5.945972919464111,7.466239929199219,0.7075549960136414,poppin_party,211.8,,141,新しい季節に,poppin_party,211.8,,6.12,141,新しい季節に,6.1237,5.4405,6.6966,0.5046,poppin_party,1.076085090637207,0.3784,0.9292945861816406,,211.8,,新しい季節に,2.501582821423653e-05,2.281818069604924e-06,0.0089313006028532,0.1341342478990554,poppin_party,211.8,,6.33,141,新しい季節に,poppin_party,211.8,,0.775792,141.0,新しい季節に,0.9998444318771362,0.9766187071800232,0.9999957084655762,0.0696060881018638,poppin_party,0.000668866734486,0.0003818523837253,0.0011182313319295,0.0003385529562365,211.8,,1.37,106.0,-18.88,5.0,新しい季節に,poppin_party,211.8,,422,新しい季節に,0.0609855577349662,0.0085862502455711,0.2138143181800842,0.0896536037325859,,18,0.2060434372049103,medium
431,poppin_party,トレモロアイズ,poppin_party,666.0,0.36,151.99908088235293,166.66666666666364,241.09,,19.15,False,トレモロアイズ,poppin_party,241.4,,D,D,0.916,False,major,major,False,False,トレモロアイズ,poppin_party,major,トレモロアイズ,poppin_party,241.4,,4.05,2.8012657165527344,-10.058974603155772,0,トレモロアイズ,-9.885672569274902,-11.89084243774414,-9.089576721191406,1.4777816534042358,6.757913589477539,6.10263729095459,7.402290344238281,0.6238253116607666,poppin_party,241.4,,161,トレモロアイズ,poppin_party,241.4,,5.41,161,トレモロアイズ,5.8595,5.0806,6.6946,0.6617,poppin_party,1.1519062519073486,0.7067,0.8681262135505676,,241.4,,トレモロアイズ,0.0001463081862311,1.1328821528877596e-05,0.0533111691474914,0.1403220146894455,poppin_party,241.4,,5.81,161,トレモロアイズ,poppin_party,241.4,,0.699846,161.0,トレモロアイズ,0.999914050102234,0.982054889202118,0.9999970197677612,0.2002106010913849,poppin_party,0.0007950963918119,0.0004967767745256,0.0012779305689036,0.0003428923082537,241.4,,1.56,121.0,-18.09,5.0,トレモロアイズ,poppin_party,241.4,,481,トレモロアイズ,0.0511891283094882,0.0070868688635528,0.1644601672887802,0.0702211856842041,,32,0.2335542667771333,fast
432,poppin_party,雨上がり、キミと,poppin_party,833.0,0.32,135.99917763157896,187.500000000004,265.64,,20.8,False,雨上がり、キミと,poppin_party,265.91,,F,F,0.776,False,major,major,False,False,雨上がり、キミと,poppin_party,major,雨上がり、キミと,poppin_party,265.91,,2.92,2.302376747131348,-8.412148292524687,0,雨上がり、キミと,-8.13735580444336,-10.087139129638672,-7.784762382507324,2.81506872177124,6.930819034576416,6.013992786407471,7.533418655395508,0.7142005562782288,poppin_party,265.906625,,177,雨上がり、キミと,poppin_party,265.91,,7.21,177,雨上がり、キミと,5.8112,5.0808,6.4456,0.5943,poppin_party,1.1556501388549805,0.7188,0.8653139472007751,,265.91,,雨上がり、キミと,7.54821894588531e-06,2.607530973364192e-07,0.1422491371631622,0.1427992433309555,poppin_party,265.91,,6.86,177,雨上がり、キミと,poppin_party,265.91,,0.687635,177.0,雨上がり、キミと,0.9999667406082152,0.9405888319015504,0.9999974370002748,0.1608286052942276,poppin_party,0.0007674135849811,0.0004342320607975,0.0011950930347666,0.0003367927565705,265.91,,1.74,133.0,-15.58,5.0,雨上がり、キミと,poppin_party,265.9066666666667,,530,雨上がり、キミと,0.0426293089985847,0.0058725024573504,0.1797013878822326,0.0773421600461006,,15,0.0779220718170166,fast
433,poppin_party,花咲く未来に,poppin_party,643.0,0.43,135.99917763157896,139.53488372093034,275.85,,21.21,False,花咲く未来に,poppin_party,276.13,,E,B,0.278,True,minor,major,False,False,花咲く未来に,poppin_party,major,花咲く未来に,poppin_party,276.13,,5.22,1.4155502319335938,-9.071322293959996,0,花咲く未来に,-9.013757705688477,-9.836153030395508,-8.420602798461914,3.10516619682312,7.192306518554688,6.572268962860107,7.745877742767334,0.5250687599182129,poppin_party,276.1333125,,184,花咲く未来に,poppin_party,276.13,,7.74,184,花咲く未来に,6.1018,5.2562,6.7108,0.5536,poppin_party,1.233221173286438,0.8921,0.8108845949172974,,276.13,,花咲く未来に,2.3970194888534024e-05,1.1454091008999967e-06,0.001139287953265,0.016185063868761,poppin_party,276.13,,7.23,184,花咲く未来に,poppin_party,276.13,,0.713188,184.0,花咲く未来に,0.9999016523361206,0.991862177848816,0.999996304512024,0.0899390429258346,poppin_party,,,,,,,1.79,,-16.24,5.0,花咲く未来に,poppin_party,276.1333333333333,,551,花咲く未来に,0.0603937692940235,0.0081305913627147,0.2208054065704345,0.0830834135413169,,60,0.1035731374376603,medium
434,poppin_party,Live Beyond!!,poppin_party,996.0,0.32,123.046875,187.500000000004,314.41,,24.55,False,Live Beyond!!,poppin_party,314.6,,F,F,0.639,False,major,major,False,False,Live Beyond!!,poppin_party,major,Live Beyond!!,poppin_party,314.6,,4.97,2.495791435241699,-10.968849874856858,0,Live Beyond!!,-10.79698657989502,-12.63506031036377,-10.13926887512207,1.6054091453552246,6.464316368103027,5.685790538787842,7.085681438446045,0.6138766407966614,poppin_party,314.6,,210,Live Beyond!!,poppin_party,314.6,,8.43,210,Live Beyond!!,5.5415,4.5027,6.3458,0.702,poppin_party,1.0262590646743774,0.1976,0.974412739276886,,314.6,,Live Beyond!!,1.5308864021790214e-05,4.949726530867338e-07,0.0032595803495496,0.0978332757949829,poppin_party,314.6,,8.18,210,Live Beyond!!,poppin_party,314.6,,0.683973,210.0,Live Beyond!!,0.9997559785842896,0.9503600597381592,0.9999855756759644,0.0753493532538414,poppin_party,0.0007799360901117,0.0004670964262913,0.0013115437468513,0.0009119599126279,314.6,,2.04,158.0,-18.34,5.0,Live Beyond!!,poppin_party,314.6,,628,Live Beyond!!,0.0407617092132568,0.0053261034190654,0.1719242483377456,0.0744418501853942,,37,0.1027972027972027,fast
435,poppin_party,Sweets BAN!,poppin_party,668.0,0.38,99.38401442307692,157.89473684210125,255.64,,19.73,False,Sweets BAN!,poppin_party,255.87,,F,G#,0.268,True,minor,major,False,False,Sweets BAN!,poppin_party,major,Sweets BAN!,poppin_party,255.87,,1.94,2.611422538757324,-11.47803458492453,0,Sweets BAN!,-11.300206184387209,-13.361456871032717,-10.75003433227539,5.806849002838135,7.064411163330078,5.954256534576416,7.578151702880859,0.6854830384254456,poppin_party,255.866625,,170,Sweets BAN!,poppin_party,255.87,,7.11,170,Sweets BAN!,6.1405,4.967,6.8826,0.7365,poppin_party,1.1244221925735474,0.6003,0.8893457651138306,,255.87,,Sweets BAN!,3.376129461685196e-05,2.969573188238428e-06,0.0005366912228055,0.0051515852101147,poppin_party,255.87,,6.68,170,Sweets BAN!,poppin_party,255.87,,0.719807,170.0,Sweets BAN!,0.99995756149292,0.9405342936515808,0.9999985098838806,0.1063967496156692,poppin_party,0.0007591503672301,0.0003509685047902,0.0011429840233176,0.0003149496624246,255.87,,1.64,128.0,-18.93,5.0,Sweets BAN!,poppin_party,255.86666666666667,,510,Sweets BAN!,0.0544801466166973,0.0110752079635858,0.1783449053764343,0.0778423026204109,,16,0.2083897693794156,medium
436,poppin_party,キミが始まる！,poppin_party,644.0,0.34,172.265625,176.47058823529235,218.07,,17.48,False,キミが始まる！,poppin_party,218.23,,F,F,0.336,False,major,major,False,False,キミが始まる！,poppin_party,major,キミが始まる！,poppin_party,218.23,,4.64,1.8350963592529297,-11.521575525576752,0,キミが始まる！,-11.464682579040527,-12.703920364379885,-10.868824005126951,5.551832675933838,6.615899085998535,5.976522922515869,7.120319843292236,0.4988467991352081,poppin_party,218.2333125,,145,キミが始まる！,poppin_party,218.23,,6.47,145,キミが始まる！,5.8724,5.0142,6.5008,0.5703,poppin_party,1.060694456100464,0.3237,0.9427785873413086,,218.23,,キミが始まる！,0.0001189741087728,6.19577667748672e-06,0.0044386885128915,0.0546483062207698,poppin_party,218.23,,5.88,145,キミが始まる！,poppin_party,218.23,,0.67287,145.0,キミが始まる！,0.9998094439506532,0.9343886971473694,0.9999955296516418,0.1084175258874893,poppin_party,,,,,,,1.39,,-18.46,5.0,キミが始まる！,poppin_party,218.2333333333333,,435,キミが始まる！,0.0505074597895145,0.0064135161228477,0.1825486421585083,0.0757114812731742,,27,0.0357415541962817,fast
437,poppin_party,Moonlight Walk,poppin_party,717.0,0.32,117.45383522727272,187.500000000004,226.31,,16.96,False,Moonlight Walk,poppin_party,226.57,,F,F,0.562,False,minor,minor,False,False,Moonlight Walk,poppin_party,minor,Moonlight Walk,poppin_party,226.57,,3.58,3.3587589263916016,-11.458769281193597,0,Moonlight Walk,-11.290863037109377,-13.714608192443848,-10.355849266052246,4.137941360473633,6.491264820098877,5.880443572998047,7.235898971557617,0.5982460379600525,poppin_party,226.566625,,151,Moonlight Walk,poppin_party,226.57,,6.51,151,Moonlight Walk,5.486,4.6251,6.4191,0.698,poppin_party,1.0536730289459229,0.2979,0.9490610361099244,,226.57,,Moonlight Walk,7.576843472634209e-06,4.167576435065712e-07,0.0002880890970118,0.0063705905340611,poppin_party,226.57,,6.26,151,Moonlight Walk,poppin_party,226.57,,0.670173,151.0,Moonlight Walk,0.9995681643486024,0.8845944404602051,0.9999920129776,0.1328708529472351,poppin_party,0.0008531349012628,0.0004153126501478,0.0019628047011792,0.0010263755684718,226.57,,1.41,114.0,-20.23,5.0,Moonlight Walk,poppin_party,226.56666666666663,,452,Moonlight Walk,0.0539818592369556,0.0057733096182346,0.2234697192907333,0.0892400071024894,,30,0.0768868547808908,fast
438,poppin_party,ここから先は歌にならない,poppin_party,878.0,0.32,172.265625,187.500000000004,277.31,,20.96,False,ここから先は歌にならない,poppin_party,277.6,,F#,F#,0.356,False,major,major,False,False,ここから先は歌にならない,poppin_party,major,ここから先は歌にならない,poppin_party,277.6,,4.17,2.8973073959350586,-11.8939041355465,0,ここから先は歌にならない,-11.73403549194336,-13.739182472229004,-10.841875076293944,4.863687992095947,6.641075611114502,5.66909122467041,7.229723453521728,0.6905537247657776,poppin_party,277.6,,185,ここから先は歌にならない,poppin_party,277.6,,7.96,185,ここから先は歌にならない,6.2864,5.1965,6.9296,0.666,poppin_party,1.042249083518982,0.2568,0.9594634771347046,,277.6,,ここから先は歌にならない,4.388845627545379e-05,1.7990716969507048e-06,0.0019686769228428,0.0711170583963394,poppin_party,277.6,,7.52,185,ここから先は歌にならない,poppin_party,277.6,,0.629253,185.0,ここから先は歌にならない,0.9998871088027954,0.9537936449050904,0.9999958276748656,0.1069106459617614,poppin_party,0.0007951841689646,0.0004580117238219,0.0014499959070235,0.0006153266876935,277.6,,1.42,139.0,-20.76,5.0,ここから先は歌にならない,poppin_party,277.6,,554,ここから先は歌にならない,0.0676150768995285,0.0083404118195176,0.2184459120035171,0.0860300362110138,,56,0.0610951008645533,fast
439,poppin_party,青春 To Be Continued,poppin_party,773.0,0.31,64.599609375,193.5483870967741,256.08,,20.44,True,青春 To Be Continued,poppin_party,256.37,,C,C,0.416,False,major,major,False,True,青春 To Be Continued,poppin_party,major,青春 To Be Continued,poppin_party,256.37,,4.1,2.7860231399536133,-9.56276671551861,0,青春 To Be Continued,-9.413101196289062,-11.18237590789795,-8.396352767944336,2.474524974822998,7.260226726531982,6.547143459320068,7.970964908599853,0.6180103421211243,poppin_party,256.366625,,171,青春 To Be Continued,poppin_party,256.37,,7.47,171,青春 To Be Continued,6.1308,5.3225,6.9316,0.6207,poppin_party,1.138299822807312,0.6505,0.8785033226013184,,256.37,,青春 To Be Continued,1.1700164577632677e-05,8.63291447217307e-08,0.0005708105745725,0.0053180996328592,poppin_party,256.37,,7.45,171,青春 To Be Continued,poppin_party,256.37,,0.781259,171.0,青春 To Be Continued,0.9998077750205994,0.990598738193512,0.9999924898147584,0.0817403867840766,poppin_party,0.0007152814068831,0.0003955706197302,0.0011358485789969,0.0003471478121355,256.37,,1.21,129.0,-18.53,5.0,青春 To Be Continued,poppin_party,256.3666666666667,,511,青春 To Be Continued,0.0713165327906608,0.0148131819441914,0.2471255213022232,0.0966373831033706,,30,0.3095565994704361,fast
440,poppin_party,Future Place,poppin_party,710.0,0.33,117.45383522727272,181.81818181818275,232.72,,17.7,False,Future Place,poppin_party,232.97,,D,D,0.967,False,major,major,False,False,Future Place,poppin_party,major,Future Place,poppin_party,232.97,,3.91,1.9370708465576167,-9.386500345422132,0,Future Place,-9.203062057495115,-10.6304931640625,-8.693422317504883,2.949442148208618,7.174818992614746,6.706299781799316,7.684152126312256,0.463109403848648,poppin_party,232.966625,,155,Future Place,poppin_party,232.97,,6.48,155,Future Place,6.4131,5.6743,6.997,0.5764,poppin_party,1.1951829195022583,0.8389,0.8366919755935669,,232.97,,Future Place,0.0001290178188355,4.362694198789541e-06,0.0029065592680126,0.0256126131862401,poppin_party,232.97,,6.38,155,Future Place,poppin_party,232.97,,0.749052,155.0,Future Place,0.999868869781494,0.8929269313812256,0.9999961853027344,0.1337000280618667,poppin_party,0.0006619801279157,0.0003884264442604,0.0013460704358294,0.0003962363989558,232.97,,1.19,117.0,-17.23,5.0,Future Place,poppin_party,232.96666666666667,,464,Future Place,0.061572577804327,0.0080532953143119,0.2199859619140625,0.0864781141281127,,33,0.2004578444289378,fast
441,poppin_party,大好き！,poppin_party,683.0,0.36,161.4990234375,166.66666666666035,247.17,,19.54,False,大好き！,poppin_party,247.47,,A,A,0.385,False,minor,major,True,False,大好き！,poppin_party,major,大好き！,poppin_party,247.47,,2.12,2.650740623474121,-9.34666924672652,0,大好き！,-9.181961059570312,-11.075334548950195,-8.424593925476074,3.327517509460449,7.056244850158691,6.035060882568359,7.592192649841309,0.9804766178131104,poppin_party,247.4638125,,165,大好き！,poppin_party,247.46,,7.31,165,大好き！,5.969,4.5838,6.6883,0.787,poppin_party,1.1677840948104858,0.7584,0.856322705745697,,247.47,,大好き！,3.845838000415824e-05,2.8231690976099344e-06,0.0086598051711916,0.0924751013517379,poppin_party,247.46,,6.62,165,大好き！,poppin_party,247.47,,0.713893,165.0,大好き！,0.999911904335022,0.8819789290428162,0.9999977350234984,0.2165180742740631,poppin_party,0.0007908176048658,0.0003533610142767,0.001494248281233,0.0005693366983905,247.47,,1.4,124.0,-18.44,5.0,大好き！,poppin_party,247.46666666666667,,493,大好き！,0.0409219227731227,0.0039615244604647,0.1921981126070022,0.0780797228217125,,25,0.063200425713865,fast
442,poppin_party,Five Letters,poppin_party,531.0,0.47,86.1328125,127.6595744680854,248.76,,18.73,False,Five Letters,poppin_party,249.23,,Ab,G#,0.949,True,major,major,False,False,Five Letters,poppin_party,major,Five Letters,poppin_party,249.23,,3.52,7.144332885742188,-10.722171578893343,0,Five Letters,-10.50589656829834,-16.28138542175293,-9.137052536010742,5.498776435852051,6.691437721252441,4.824110984802246,7.445728302001953,0.990183413028717,poppin_party,249.2333125,,166,Five Letters,poppin_party,249.23,,7.22,166,Five Letters,5.8859,4.6769,6.7686,0.7546,poppin_party,1.1482641696929932,0.6945,0.8708797693252563,,249.23,,Five Letters,0.0005146278999745,7.039176125545055e-06,0.4043039679527282,0.2238086313009262,poppin_party,249.23,,6.67,166,Five Letters,poppin_party,249.23,,0.686751,166.0,Five Letters,0.9999133944511414,0.8119779825210571,0.9999982118606568,0.1814293712377548,poppin_party,0.0006845209863968,0.0003925763594452,0.0011350681306794,0.0003476112324278,249.23,,1.53,125.0,-21.36,5.0,Five Letters,poppin_party,249.2333333333333,,497,Five Letters,0.0431533642113208,0.0043161511421203,0.2108932137489318,0.089149571955204,,17,0.2414604384344592,medium
443,poppin_party,最強☆ソング,poppin_party,767.0,0.33,95.703125,181.8181818181749,255.0,,20.0,False,最強☆ソング,poppin_party,255.13,,D,A,0.596,True,major,major,False,True,最強☆ソング,poppin_party,major,最強☆ソング,poppin_party,255.13,,3.99,4.105160713195801,-9.473966040280889,0,最強☆ソング,-9.3536376953125,-12.307836532592772,-8.202675819396973,4.433966636657715,7.108528137207031,6.45208215713501,7.564133167266846,0.5576708316802979,poppin_party,255.1333125,,170,最強☆ソング,poppin_party,255.13,,6.87,170,最強☆ソング,5.9067,5.2071,6.7239,0.6209,poppin_party,1.0635440349578855,0.3389,0.9402524828910828,,255.13,,最強☆ソング,0.0004052939475513,3.0867179248161847e-06,0.0234904959797859,0.0586993061006069,poppin_party,255.13,,6.48,170,最強☆ソング,poppin_party,255.13,,0.730283,170.0,最強☆ソング,0.9985606074333192,0.8488172888755798,0.9999655485153198,0.1305571347475052,poppin_party,0.0006438342388719,0.0003671831509564,0.0010717945406213,0.0002586267073638,255.13,,1.63,128.0,-19.01,5.0,最強☆ソング,poppin_party,255.13333333333333,,509,最強☆ソング,0.0686023607850074,0.0123772462829947,0.2356616258621215,0.0941805317997932,,40,0.1851580570358542,fast
444,poppin_party,RiNG A BELL,poppin_party,792.0,0.33,123.046875,181.81818181818275,260.89,,20.17,False,RiNG A BELL,poppin_party,261.07,,E,B,0.294,True,major,major,False,False,RiNG A BELL,poppin_party,major,RiNG A BELL,poppin_party,261.07,,2.78,1.818790435791016,-9.58879408372102,0,RiNG A BELL,-9.493629455566406,-10.67145538330078,-8.852664947509766,2.8617262840271,6.877592086791992,6.149350166320801,7.445729732513428,0.6493464112281799,poppin_party,261.066625,,174,RiNG A BELL,poppin_party,261.07,,6.97,174,RiNG A BELL,6.1462,5.0665,7.0658,0.7562,poppin_party,1.136398434638977,0.6444,0.8799729347229004,,261.07,,RiNG A BELL,2.546788891777396e-05,1.4068577911530156e-06,0.0027140255551785,0.0304100718349218,poppin_party,261.07,,7.31,174,RiNG A BELL,poppin_party,261.07,,0.680166,174.0,RiNG A BELL,0.999730110168457,0.9816381335258484,0.999984085559845,0.1511311382055282,poppin_party,0.0006927140639163,0.0004226454475428,0.0013723206939175,0.0005112718790769,261.07,,1.69,131.0,-17.06,5.0,RiNG A BELL,poppin_party,261.06666666666666,,521,RiNG A BELL,0.0671432018280029,0.005863107740879,0.2141427248716354,0.0877646058797836,,22,0.1811797608226059,fast
445,poppin_party,Drive Your Heart,poppin_party,868.0,0.39,143.5546875,153.84615384615924,268.86,,21.22,True,Drive Your Heart,poppin_party,268.87,,G,G,0.914,False,major,major,False,False,Drive Your Heart,poppin_party,major,Drive Your Heart,poppin_party,268.87,,4.09,2.728337287902832,-9.210096435712606,0,Drive Your Heart,-9.029726028442385,-11.038141250610352,-8.30980396270752,3.4362828731536865,7.001335144042969,6.216407299041748,7.641418933868408,0.634984016418457,poppin_party,268.866625,,179,Drive Your Heart,poppin_party,268.87,,7.66,179,Drive Your Heart,5.7425,4.9671,6.4774,0.6112,poppin_party,1.0785948038101196,0.3936,0.9271321892738342,,268.87,,Drive Your Heart,3.9749161260260735e-06,2.659226083778776e-07,0.0039023438002914,0.0650943666696548,poppin_party,268.87,,7.58,179,Drive Your Heart,poppin_party,268.87,,0.736708,179.0,Drive Your Heart,0.9997021555900574,0.9752836227416992,0.9999921917915344,0.0804904475808143,poppin_party,0.0007179327658377,0.0004372655239421,0.0015111034736037,0.0005197424907237,268.87,,1.73,135.0,-16.53,5.0,Drive Your Heart,poppin_party,268.8666666666667,,536,Drive Your Heart,0.0487173125147819,0.0059316526167094,0.1841460168361663,0.0782699882984161,,19,0.1417803014365623,medium
446,poppin_party,とっておきAnswer,poppin_party,629.0,0.31,123.046875,193.5483870967728,196.52,,15.2,False,とっておきAnswer,poppin_party,196.8,,C,C,0.74,False,major,major,False,True,とっておきAnswer,poppin_party,major,とっておきAnswer,poppin_party,196.8,,2.85,2.6750545501708984,-9.44090486091434,0,とっておきAnswer,-9.519295692443848,-11.046460151672363,-8.371405601501465,5.245667934417725,6.75775146484375,5.9473981857299805,7.311103343963623,0.5855569243431091,poppin_party,196.8,,131,とっておきAnswer,poppin_party,196.8,,4.46,131,とっておきAnswer,6.0559,5.1674,6.8112,0.6216,poppin_party,1.0490721464157104,0.2766,0.9532232880592346,,196.8,,とっておきAnswer,2.674279676284641e-05,1.334912212769268e-06,0.0016868478851392,0.0333986729383468,poppin_party,196.8,,4.66,131,とっておきAnswer,poppin_party,196.8,,0.699928,131.0,とっておきAnswer,0.9996237754821776,0.8755037188529968,0.9999954700469972,0.138953760266304,poppin_party,0.0006690854206681,0.0004112440219614,0.0011735026491805,0.0003226546687074,196.8,,1.25,99.0,-17.59,5.0,とっておきAnswer,poppin_party,196.8,,392,とっておきAnswer,0.0767106562852859,0.0097623588517308,0.2633062303066253,0.1033433377742767,,28,0.1846544715447154,fast
447,poppin_party,START!! True dreams,poppin_party,721.0,0.34,86.1328125,176.47058823529605,242.6,,18.31,False,START!! True dreams,poppin_party,242.88,,F,F,0.504,False,major,major,False,True,START!! True dreams,poppin_party,major,START!! True dreams,poppin_party,242.88,,3.31,2.6355972290039062,-9.224858059304925,0,START!! True dreams,-9.035643577575684,-11.012932777404783,-8.377335548400879,3.699952125549317,7.051190376281738,5.899930477142334,7.598963737487793,0.7497909069061279,poppin_party,242.88,,162,START!! True dreams,poppin_party,242.88,,6.48,162,START!! True dreams,5.555,4.4765,6.1213,0.6191,poppin_party,1.0620300769805908,0.3343,0.9415927529335022,,242.88,,START!! True dreams,5.566771505982615e-06,2.091004631665783e-07,0.0033654940780252,0.1148412898182869,poppin_party,242.88,,6.93,162,START!! True dreams,poppin_party,242.88,,0.773215,162.0,START!! True dreams,0.9998764395713806,0.9741812944412231,0.999995768070221,0.1654355525970459,poppin_party,0.000886399182491,0.0003928309015464,0.0014692860422655,0.0004371659306343,242.88,,1.53,122.0,-16.82,5.0,START!! True dreams,poppin_party,242.88,,484,START!! True dreams,0.0559687167406082,0.0090396683663129,0.1920380294322967,0.0831648930907249,,25,0.1136363636363636,fast
448,poppin_party,どきどきデエト,poppin_party,673.0,0.32,184.5703125,187.49999999999983,217.03,,16.48,False,どきどきデエト,poppin_party,217.33,,F,F,0.666,False,major,major,False,False,どきどきデエト,poppin_party,major,どきどきデエト,poppin_party,217.33,,3.44,1.6680908203125,-10.196648619744725,0,どきどきデエト,-10.162946701049805,-11.14354133605957,-9.47545051574707,4.442598342895508,6.7254958152771,6.153170108795166,7.345207691192627,0.6159899830818176,poppin_party,217.3333125,,145,どきどきデエト,poppin_party,217.33,,6.03,145,どきどきデエト,5.9977,5.0582,6.7537,0.6622,poppin_party,1.185111165046692,0.8131,0.8438026905059814,,217.33,,どきどきデエト,0.000109647764475,6.685570951958653e-06,0.0021811611950397,0.0121474973857402,poppin_party,217.33,,6.09,145,どきどきデエト,poppin_party,217.33,,0.741302,145.0,どきどきデエト,0.9992964267730712,0.9632306694984436,0.9999939799308776,0.1028468087315559,poppin_party,0.0008231957326643,0.0004474867018871,0.0012906129704788,0.0003055226407013,217.33,,1.35,109.0,-17.49,5.0,どきどきデエト,poppin_party,217.3333333333333,,433,どきどきデエト,0.0853374004364013,0.0120983170345425,0.2680850923061371,0.0987231582403183,,29,0.3708588246052866,fast
449,poppin_party,チョコレイトの低音レシピ,poppin_party,635.0,0.32,95.703125,187.500000000004,270.78,,20.85,True,チョコレイトの低音レシピ,poppin_party,271.02,,F,F,0.477,False,major,major,False,True,チョコレイトの低音レシピ,poppin_party,major,チョコレイトの低音レシピ,poppin_party,271.02,,2.22,3.130544662475586,-12.309722980397812,0,チョコレイトの低音レシピ,-12.29763412475586,-14.17267894744873,-11.042134284973145,1.2516138553619385,6.466714859008789,5.526021957397461,7.3604841232299805,0.752817690372467,poppin_party,271.0223125,,181,チョコレイトの低音レシピ,poppin_party,271.02,,6.61,181,チョコレイトの低音レシピ,6.4836,5.5732,7.2742,0.6674,poppin_party,1.1755534410476685,0.7827,0.8506631851196289,,271.02,,チョコレイトの低音レシピ,0.0004461531061679,1.4073258398639157e-06,0.3570796847343445,0.2097356617450714,poppin_party,271.02,,6.58,181,チョコレイトの低音レシピ,poppin_party,271.02,,0.730874,181.0,チョコレイトの低音レシピ,0.9950461387634276,0.7628293037414551,0.9999481439590454,0.1379799395799636,poppin_party,0.0006192077416926,0.0003558826865628,0.0010233017383143,0.000296064739814,271.02,,1.75,136.0,-20.95,5.0,チョコレイトの低音レシピ,poppin_party,271.022358276644,,541,チョコレイトの低音レシピ,0.0654769390821456,0.0082560870796442,0.2526861131191253,0.1011940240859985,,35,0.1200638877140678,fast
450,poppin_party,Chu Chueen!,poppin_party,690.0,0.29,123.046875,206.89655172413853,229.54,,17.79,False,Chu Chueen!,poppin_party,229.9,,G,G,0.732,False,minor,minor,False,False,Chu Chueen!,poppin_party,minor,Chu Chueen!,poppin_party,229.9,,2.82,1.6581811904907229,-9.569764484598482,0,Chu Chueen!,-9.497949600219728,-10.531947135925291,-8.87376594543457,1.0889770984649658,6.980189323425293,6.078179359436035,7.514413833618164,0.5899515748023987,poppin_party,229.9,,153,Chu Chueen!,poppin_party,229.9,,5.93,153,Chu Chueen!,5.7583,4.6855,6.4751,0.7349,poppin_party,1.182660460472107,0.8009,0.8455513119697571,,229.9,,Chu Chueen!,1.4181850929162465e-06,1.7958900144776635e-08,3.900407318724319e-05,0.0064585744403302,poppin_party,229.9,,5.84,153,Chu Chueen!,poppin_party,229.9,,0.742719,153.0,Chu Chueen!,0.9984999895095824,0.6692195534706116,0.9999486207962036,0.1755423545837402,poppin_party,0.0008462006226181,0.0003938410663977,0.0014303675852715,0.0005843203398399,229.9,,1.5,115.0,-16.69,5.0,Chu Chueen!,poppin_party,229.9,,458,Chu Chueen!,0.0844168365001678,0.0150148076936602,0.2573473155498504,0.09943538159132,,46,0.1263157894736841,fast
451,poppin_party,どきどきSING OUT!,poppin_party,802.0,0.31,123.046875,193.5483870967728,247.88,,19.66,False,どきどきSING OUT!,poppin_party,248.18,,G,G,0.785,False,major,major,False,False,どきどきSING OUT!,poppin_party,major,どきどきSING OUT!,poppin_party,248.18,,2.96,1.810385704040528,-11.500706248537378,0,どきどきSING OUT!,-11.438247680664062,-12.452414512634276,-10.64202880859375,1.2498756647109983,7.090988636016846,6.264701843261719,7.852419376373291,0.7464750409126282,poppin_party,248.1826875,,165,どきどきSING OUT!,poppin_party,248.18,,6.53,165,どきどきSING OUT!,6.4677,5.6076,7.2506,0.6927,poppin_party,1.1730549335479736,0.7751,0.852475106716156,,248.18,,どきどきSING OUT!,0.0005534730153158,5.5075157433748245e-05,0.0169059503823518,0.1470783352851867,poppin_party,248.18,,6.88,165,どきどきSING OUT!,poppin_party,248.18,,0.710856,165.0,どきどきSING OUT!,0.999929666519165,0.895855724811554,0.9999982118606568,0.077588178217411,poppin_party,,,,,,,1.62,,-19.04,5.0,どきどきSING OUT!,poppin_party,248.1827210884354,,495,どきどきSING OUT!,0.0570363290607929,0.005565439350903,0.2615697383880615,0.1041726842522621,,31,0.1644755729396987,fast
452,poppin_party,Freedom,poppin_party,708.0,0.37,151.99908088235293,162.16216216216017,264.39,,20.32,False,Freedom,poppin_party,264.57,,Bb,A#,0.375,True,major,major,False,True,Freedom,poppin_party,major,Freedom,poppin_party,264.57,,2.78,3.0508298873901367,-10.520735261853323,0,Freedom,-10.360889434814451,-12.639188766479492,-9.588358879089355,2.5536582469940186,6.5684590339660645,5.801357746124268,7.265542984008789,0.7650889158248901,poppin_party,264.566625,,176,Freedom,poppin_party,264.57,,6.78,176,Freedom,5.5865,4.6314,6.34,0.6578,poppin_party,1.1037191152572632,0.5061,0.9060277342796326,,264.57,,Freedom,5.630790474242531e-05,3.0076166694925632e-06,0.0226623099297285,0.0902042165398597,poppin_party,264.57,,7.04,176,Freedom,poppin_party,264.57,,0.719336,176.0,Freedom,0.9996103048324584,0.5286887884140015,0.999982476234436,0.2317151427268982,poppin_party,0.0008563337032683,0.0003304546698927,0.0013940508943051,0.0004158634401392,264.57,,1.72,133.0,-18.11,5.0,Freedom,poppin_party,264.56666666666666,,528,Freedom,0.0450883284211158,0.0058572757989168,0.2080781906843185,0.0860666334629058,,21,0.1522489485755836,fast
453,poppin_party,Game Changer,poppin_party,646.0,0.3,135.99917763157896,199.9999999999972,195.46,,14.58,False,Game Changer,poppin_party,195.77,,E,E,0.391,False,minor,minor,False,True,Game Changer,poppin_party,minor,Game Changer,poppin_party,195.77,,3.01,2.9615020751953125,-10.062318887548283,0,Game Changer,-10.009782791137695,-12.03583526611328,-9.074333190917969,4.277714729309082,7.141350269317627,6.387700080871582,7.9084153175354,0.6694613099098206,poppin_party,195.766625,,130,Game Changer,poppin_party,195.77,,5.5,130,Game Changer,6.0567,4.8181,6.9561,0.7948,poppin_party,1.1486802101135254,0.696,0.8705642223358154,,195.77,,Game Changer,2.128817868651822e-06,9.887614993431273e-08,3.77170872525312e-05,0.0057154390960931,poppin_party,195.77,,4.97,130,Game Changer,poppin_party,195.77,,0.712808,130.0,Game Changer,0.9995473027229308,0.9700814485549928,0.9999867081642152,0.1136919483542442,poppin_party,0.0008945495355874,0.0004756420385092,0.0016465703956782,0.0004481988726183,195.77,,1.24,98.0,-19.65,5.0,Game Changer,poppin_party,195.76666666666668,,390,Game Changer,0.076956957578659,0.0099132265895605,0.2702222764492035,0.1032786145806312,,25,0.1863442675863838,fast
454,poppin_party,花園電気ギター！！！,poppin_party,624.0,0.32,112.34714673913044,187.500000000004,198.86,,15.12,False,花園電気ギター！！！,poppin_party,199.06,,C,G,0.387,True,minor,minor,False,False,花園電気ギター！！！,poppin_party,minor,花園電気ギター！！！,poppin_party,199.06,,2.06,3.849044799804688,-10.073999909582232,0,花園電気ギター！！！,-9.979469299316406,-12.724056243896484,-8.875011444091797,2.3474795818328857,7.054868698120117,6.231248378753662,7.766634464263916,0.6248006224632263,poppin_party,199.0556875,,132,花園電気ギター！！！,poppin_party,199.06,,5.42,132,花園電気ギター！！！,6.1051,4.8651,6.8387,0.7833,poppin_party,1.061905860900879,0.3328,0.9417030215263368,,199.06,,花園電気ギター！！！,7.232471944007557e-06,6.204199820558642e-08,0.0002525532327126,0.0217267628759145,poppin_party,199.06,,4.96,132,花園電気ギター！！！,poppin_party,199.06,,0.694917,132.0,花園電気ギター！！！,0.9996770024299622,0.8249108195304871,0.9999970197677612,0.1688817590475082,poppin_party,0.0007250678027048,0.0004720680590253,0.0012640091590583,0.0009389438782818,199.06,,1.28,100.0,-20.23,5.0,花園電気ギター！！！,poppin_party,199.0556916099773,,397,花園電気ギター！！！,0.0513105988502502,0.0042054811492562,0.2615221440792084,0.1119321286678314,,30,0.1210716093355757,fast
455,poppin_party,す、好きなんかじゃない！,poppin_party,658.0,0.36,151.99908088235293,166.66666666666694,236.68,,18.07,False,す、好きなんかじゃない！,poppin_party,236.94,,A,A,0.449,False,major,major,False,False,す、好きなんかじゃない！,poppin_party,major,す、好きなんかじゃない！,poppin_party,236.94,,1.9,2.1404037475585938,-11.565717882385078,0,す、好きなんかじゃない！,-11.44841766357422,-12.838912963867188,-10.698509216308594,2.102890014648437,6.823581695556641,5.696770191192627,7.533407688140869,0.7901076674461365,poppin_party,236.9383125,,158,す、好きなんかじゃない！,poppin_party,236.94,,6.1,158,す、好きなんかじゃない！,6.2388,5.161,7.0398,0.7697,poppin_party,1.0656459331512451,0.3465,0.938398003578186,,236.94,,す、好きなんかじゃない！,0.0004405438085086,8.14062514109537e-06,0.1445344686508178,0.20879727602005,poppin_party,236.94,,6.09,158,す、好きなんかじゃない！,poppin_party,236.94,,0.682274,158.0,す、好きなんかじゃない！,0.99931663274765,0.8485801219940186,0.9999761581420898,0.1561697721481323,poppin_party,0.0008893495541997,0.0004749926156364,0.0014153158990666,0.0005688417586497,236.94,,1.51,119.0,-19.33,5.0,す、好きなんかじゃない！,poppin_party,236.9383219954649,,472,す、好きなんかじゃない！,0.0550894290208816,0.0066611906513571,0.1776481568813324,0.0719708874821662,,20,0.2250374174297431,fast
456,poppin_party,遠い音楽 ～ハートビート～,poppin_party,683.0,0.36,112.34714673913044,166.66666666666694,242.85,,19.35,False,遠い音楽 ～ハートビート～,poppin_party,243.16,,C,G,0.724,True,major,major,False,False,遠い音楽 ～ハートビート～,poppin_party,major,遠い音楽 ～ハートビート～,poppin_party,243.16,,3.48,3.721912384033203,-12.138053990836204,0,遠い音楽 ～ハートビート～,-11.949712753295898,-14.675704956054688,-10.953792572021484,4.550748348236084,6.906290054321289,5.74636697769165,7.536535263061523,0.7520255446434021,poppin_party,243.1563125,,162,遠い音楽 ～ハートビート～,poppin_party,243.16,,6.42,162,遠い音楽 ～ハートビート～,6.2377,5.2875,6.9503,0.6707,poppin_party,1.1725380420684814,0.7736,0.8528507947921753,,243.16,,遠い音楽 ～ハートビート～,0.0095973573625087,0.0010979082435369,0.1383125334978103,0.114452488720417,poppin_party,243.16,,6.4,162,遠い音楽 ～ハートビート～,poppin_party,243.16,,0.762224,162.0,遠い音楽 ～ハートビート～,0.9983190298080444,0.8900915384292603,0.9999523162841796,0.1344537883996963,poppin_party,0.0008193726534955,0.0005015588249079,0.0014276057481765,0.0004864177317358,243.16,,1.55,122.0,-20.77,5.0,遠い音楽 ～ハートビート～,poppin_party,243.15632653061223,,485,遠い音楽 ～ハートビート～,0.0571511983871459,0.0056441910564899,0.2219918221235275,0.0881488695740699,,26,0.0969746320654764,fast
457,poppin_party,ほな！,poppin_party,704.0,0.32,112.34714673913044,187.49999999999983,226.99,,18.19,False,ほな！,poppin_party,227.2,,E,E,0.471,False,major,major,False,False,ほな！,poppin_party,major,ほな！,poppin_party,227.2,,2.03,2.301854133605957,-9.676986822412395,0,ほな！,-9.465371131896973,-11.226313591003418,-8.924459457397461,3.2917752265930176,7.059689044952393,6.298267364501953,7.587355136871338,0.5323472619056702,poppin_party,227.2,,151,ほな！,poppin_party,227.2,,5.69,151,ほな！,6.7168,5.728,7.341,0.6653,poppin_party,1.143420696258545,0.6793,0.8745686411857605,,227.2,,ほな！,2.458482595102396e-05,4.584617840919236e-07,0.0006536255241371,0.0027592801488935,poppin_party,227.2,,5.97,151,ほな！,poppin_party,227.2,,0.688203,151.0,ほな！,0.9997360110282898,0.9462748169898988,0.999988317489624,0.1176671162247657,poppin_party,0.0006684067775495,0.0004486776015255,0.0009892814559862,0.0002746318641584,227.2,,1.44,114.0,-17.74,5.0,ほな！,poppin_party,227.2,,453,ほな！,0.078029066324234,0.0119695914909243,0.2581297159194946,0.1003687754273414,,39,0.1215669014084506,fast
458,poppin_party,世界中の青空をあつめて,poppin_party,745.0,0.31,135.99917763157896,193.5483870967728,230.1,,18.23,False,世界中の青空をあつめて,poppin_party,230.4,,A,A,0.465,False,major,major,False,True,世界中の青空をあつめて,poppin_party,major,世界中の青空をあつめて,poppin_party,230.4,,1.87,3.13492202758789,-9.377305393405257,0,世界中の青空をあつめて,-9.15101718902588,-11.647541999816896,-8.512619972229004,1.6195279359817505,7.1094818115234375,5.871429443359375,7.706892490386963,0.7154781222343445,poppin_party,230.3971875,,153,世界中の青空をあつめて,poppin_party,230.4,,5.9,153,世界中の青空をあつめて,5.9117,4.9162,6.5615,0.6348,poppin_party,1.1827428340911863,0.8024,0.845492422580719,,230.4,,世界中の青空をあつめて,2.9100256142555736e-05,3.646467803264386e-07,0.0012383501743897,0.1359757184982299,poppin_party,230.4,,5.79,153,世界中の青空をあつめて,poppin_party,230.4,,0.727525,153.0,世界中の青空をあつめて,0.9999585151672364,0.9290093183517456,0.9999974370002748,0.1246600747108459,poppin_party,0.0008698030142113,0.0004449613625183,0.0013916579773649,0.000365188519936,230.4,,1.46,116.0,-17.04,5.0,世界中の青空をあつめて,poppin_party,230.4,,459,世界中の青空をあつめて,0.063787005841732,0.0097566843032836,0.2275975793600082,0.0893730744719505,,16,0.0951388888888888,fast
459,poppin_party,勇気Limit！,poppin_party,585.0,0.27,215.33203125,222.2222222222138,222.21,,17.41,True,勇気Limit！,poppin_party,222.64,,Eb,G,0.242,True,major,minor,False,False,勇気Limit！,poppin_party,minor,勇気Limit！,poppin_party,222.64,,2.37,2.036714553833008,-10.550678017008606,0,勇気Limit！,-10.530824661254885,-11.806835174560549,-9.77012062072754,4.198700904846191,6.82843017578125,6.1777191162109375,7.489475727081299,0.5712036490440369,poppin_party,222.635625,,148,勇気Limit！,poppin_party,222.64,,5.78,148,勇気Limit！,6.2332,5.3223,7.0287,0.6573,poppin_party,1.1514036655426023,0.7052,0.8685051798820496,,222.64,,勇気Limit！,9.111057443078609e-05,2.848252506737481e-06,0.0025218860246241,0.0551808662712574,poppin_party,222.64,,5.55,148,勇気Limit！,poppin_party,222.64,,0.732676,148.0,勇気Limit！,0.9998204708099364,0.8706438541412354,0.9999940395355223,0.1107316091656684,poppin_party,0.0007932315347716,0.0004445620870683,0.0014319170732051,0.0004258232365828,222.64,,1.03,112.0,-18.16,5.0,勇気Limit！,poppin_party,222.6356462585034,,444,勇気Limit！,0.0712560415267944,0.0089856684207916,0.2555489242076874,0.1019747629761695,,38,0.1539735610596911,boost
460,poppin_party,開けたらDream!,poppin_party,720.0,0.43,135.99917763157896,139.534883720928,308.58,,23.9,False,開けたらDream!,poppin_party,309.03,,F,F,0.459,False,major,minor,True,True,開けたらDream!,poppin_party,minor,開けたらDream!,poppin_party,309.03,,2.56,2.325278282165528,-10.982313908872127,0,開けたらDream!,-10.937070846557615,-12.41815185546875,-10.092873573303224,3.412591457366944,7.0985870361328125,6.284502983093262,7.860323905944824,0.6660236120223999,poppin_party,309.0333125,,206,開けたらDream!,poppin_party,309.03,,7.38,206,開けたらDream!,6.1798,5.2932,7.1136,0.7519,poppin_party,1.1607587337493896,0.734,0.8615054488182068,,309.03,,開けたらDream!,1.0172420843446162e-05,5.735928425565362e-07,0.0003053121035918,0.0054075252264738,poppin_party,309.03,,7.27,206,開けたらDream!,poppin_party,309.03,,0.694527,206.0,開けたらDream!,0.9997096657752992,0.9855626821517944,0.999994456768036,0.0941807106137275,poppin_party,0.0008908975869417,0.0004302819434087,0.001520374789834,0.0005133082158863,309.03,,1.45,155.0,-19.07,5.0,開けたらDream!,poppin_party,309.03333333333336,,617,開けたらDream!,0.0817798972129821,0.0103953657671809,0.2510635554790497,0.0986988171935081,,52,0.0431668585957747,medium
461,poppin_party,絆色のアンサンブル,poppin_party,985.0,0.32,172.265625,187.500000000004,311.95,,23.24,False,絆色のアンサンブル,poppin_party,312.1,,C,A#,0.343,True,minor,major,False,False,絆色のアンサンブル,poppin_party,major,絆色のアンサンブル,poppin_party,312.1,,4.13,3.656015396118164,-11.6330218218168,0,絆色のアンサンブル,-11.32960319519043,-14.16655731201172,-10.510541915893556,3.658798694610596,6.112363338470459,5.260067939758301,6.915809631347656,0.6892786622047424,poppin_party,312.1,,208,絆色のアンサンブル,poppin_party,312.1,,7.37,208,絆色のアンサンブル,5.8945,4.75,6.6639,0.7282,poppin_party,1.0736948251724243,0.3723,0.9313633441925048,,312.1,,絆色のアンサンブル,1.8494247342459857e-05,3.705050346525241e-07,0.0094948932528495,0.1696508526802063,poppin_party,312.1,,7.4,208,絆色のアンサンブル,poppin_party,312.1,,0.653265,208.0,絆色のアンサンブル,0.9988973140716552,0.8802874684333801,0.9999924898147584,0.1499965637922287,poppin_party,,,,,,,1.81,,-19.78,5.0,絆色のアンサンブル,poppin_party,312.1,,623,絆色のアンサンブル,0.0572593621909618,0.0085130576044321,0.1861159056425094,0.0758084803819656,,37,0.0882409484139699,fast
462,poppin_party,NO GIRL NO CRY (Poppin'Party Ver.),poppin_party,991.0,0.32,117.45383522727272,187.500000000004,312.52,,24.76,False,NO GIRL NO CRY (Poppin'Party Ver.),poppin_party,312.8,,D,D,0.902,False,major,major,False,False,NO GIRL NO CRY (Poppin'Party Ver.),poppin_party,major,NO GIRL NO CRY (Poppin'Party Ver.),poppin_party,312.8,,4.37,2.4065093994140625,-10.101441707366986,0,NO GIRL NO CRY (Poppin'Party Ver.),-9.884498596191406,-11.649341583251951,-9.24283218383789,2.933791399002075,6.984805107116699,6.019412994384766,7.553151130676269,0.6675835847854614,poppin_party,312.8,,209,NO GIRL NO CRY (Poppin'Party Ver.),poppin_party,312.8,,8.93,209,NO GIRL NO CRY (Poppin'Party Ver.),6.1952,5.2441,7.0397,0.6652,poppin_party,1.0865874290466309,0.4392,0.920312523841858,,312.8,,NO GIRL NO CRY (Poppin'Party Ver.),4.624010034603998e-05,7.387937444036652e-07,0.0049525434151291,0.0408776253461837,poppin_party,312.8,,8.64,209,NO GIRL NO CRY (Poppin'Party Ver.),poppin_party,312.8,,0.726614,209.0,NO GIRL NO CRY (Poppin'Party Ver.),0.9991519451141356,0.7312793135643005,0.9999828934669496,0.1604500710964203,poppin_party,0.0006939269951544,0.0003645236429292,0.0011571791255846,0.0003696956846397,312.8,,2.0,157.0,-17.83,5.0,NO GIRL NO CRY (Poppin'Party Ver.),poppin_party,312.8,,624,NO GIRL NO CRY (Poppin'Party Ver.),0.0435488782823085,0.0070514720864593,0.1754420101642608,0.0746670961380004,,31,0.2532608695652172,fast
463,poppin_party,ちゅ、多様性。 (Cover),poppin_party,478.0,0.39,151.99908088235293,153.8461538461536,187.67,,14.29,False,ちゅ、多様性。 (Cover),poppin_party,188.09,,B,B,0.57,False,major,major,False,True,ちゅ、多様性。 (Cover),poppin_party,major,ちゅ、多様性。 (Cover),poppin_party,188.09,,2.63,2.786344528198242,-10.40603633012371,0,ちゅ、多様性。 (Cover),-10.299455642700195,-12.210265159606934,-9.423920631408691,5.687988758087158,7.079782485961914,5.567683219909668,7.770615100860596,0.912175714969635,poppin_party,188.0933125,,125,ちゅ、多様性。 (Cover),poppin_party,188.09,,4.96,125,ちゅ、多様性。 (Cover),5.8485,4.8163,6.5681,0.6948,poppin_party,1.13521146774292,0.6413,0.8808931708335876,,188.09,,ちゅ、多様性。 (Cover),5.219674130785279e-05,1.4940720802769647e-06,0.0032493788748979,0.0159782469272613,poppin_party,188.09,,5.07,125,ちゅ、多様性。 (Cover),poppin_party,188.09,,0.783114,125.0,ちゅ、多様性。 (Cover),0.9997727274894714,0.9950854778289796,0.9999864101409912,0.1036088392138481,poppin_party,,,,,,,1.18,,-18.04,5.0,ちゅ、多様性。 (Cover),poppin_party,188.09333333333333,,375,ちゅ、多様性。 (Cover),0.0849881172180175,0.0107953594997525,0.2408408969640731,0.0961765646934509,,26,0.6012970951262903,medium
464,poppin_party,フィクション (Cover),poppin_party,476.0,0.49,151.99908088235293,122.448979591838,231.54,,17.6,False,フィクション (Cover),poppin_party,232.0,,G,D,0.492,True,major,major,False,True,フィクション (Cover),poppin_party,major,フィクション (Cover),poppin_party,232.0,,2.74,2.6335134506225586,-9.87747544524219,0,フィクション (Cover),-9.78781509399414,-11.482640266418455,-8.849126815795898,5.059246063232422,7.039482116699219,6.386197090148926,7.676584243774414,0.5619502067565918,poppin_party,232.0,,154,フィクション (Cover),poppin_party,232.0,,6.13,154,フィクション (Cover),6.4172,5.7495,6.9921,0.5545,poppin_party,1.151923656463623,0.7082,0.8681130409240723,,232.0,,フィクション (Cover),0.000321447616443,1.260214685316896e-05,0.0257210005074739,0.1137068793177604,poppin_party,232.0,,6.68,154,フィクション (Cover),poppin_party,232.0,,0.688104,154.0,フィクション (Cover),0.999909520149231,0.91965514421463,0.9999982118606568,0.1122216656804084,poppin_party,0.0007127646822482,0.0003883762983605,0.001097758533433,0.0002886611036956,232.0,,1.12,116.0,-17.53,5.0,フィクション (Cover),poppin_party,232.0,,463,フィクション (Cover),0.0704806745052337,0.0110971825197339,0.2294608354568481,0.0939486175775528,,43,0.2931896551724139,medium
465,poppin_party,幾億光年 (Cover),poppin_party,443.0,0.62,123.046875,96.7741935483864,274.79,,22.44,False,幾億光年 (Cover),poppin_party,275.4,,Ab,G#,0.638,True,major,major,False,False,幾億光年 (Cover),poppin_party,major,幾億光年 (Cover),poppin_party,275.4,,4.88,3.660402297973633,-9.226885994480902,0,幾億光年 (Cover),-8.925407409667969,-11.796975135803224,-8.13657283782959,1.5723941326141355,6.619172096252441,5.745362281799316,7.231838703155518,0.7292609810829163,poppin_party,275.4,,184,幾億光年 (Cover),poppin_party,275.4,,7.31,184,幾億光年 (Cover),6.0381,5.1817,6.6979,0.5948,poppin_party,1.139738917350769,0.6596,0.8773939609527588,,275.4,,幾億光年 (Cover),0.0009906381601467,5.6963028328027576e-05,0.3039070963859558,0.2176671773195266,poppin_party,275.4,,7.34,184,幾億光年 (Cover),poppin_party,275.4,,0.567282,184.0,幾億光年 (Cover),0.9999381303787231,0.9980822801589966,0.9999984502792358,0.0727416276931762,poppin_party,0.0009129954269155,0.0005026565631851,0.0015654277522116,0.0004069166025146,275.4,,1.64,138.0,-17.11,5.0,幾億光年 (Cover),poppin_party,275.4,,549,幾億光年 (Cover),0.0635520815849304,0.012760161422193,0.2124051451683044,0.0868810564279556,,19,0.1156136528685548,medium
466,poppin_party,心絵 (Cover),poppin_party,407.0,0.63,184.5703125,95.23809523809538,256.66,,20.01,False,心絵 (Cover),poppin_party,256.67,,B,B,0.792,False,major,major,False,False,心絵 (Cover),poppin_party,major,心絵 (Cover),poppin_party,256.67,,1.78,1.76739501953125,-11.040118625981878,0,心絵 (Cover),-10.926759719848633,-12.101859092712402,-10.334464073181152,4.124550819396973,7.099868774414063,5.8215813636779785,7.711703777313232,0.8099896311759949,poppin_party,256.666625,,171,心絵 (Cover),poppin_party,256.67,,7.0,171,心絵 (Cover),5.4605,4.8534,6.2476,0.5389,poppin_party,1.3301291465759275,0.9711,0.7518067359924316,,256.67,,心絵 (Cover),9.479802429268602e-06,2.41680936596822e-07,0.0180363319814205,0.0467768795788288,poppin_party,256.67,,6.95,171,心絵 (Cover),poppin_party,256.67,,0.83981,171.0,心絵 (Cover),0.9995371103286744,0.914994478225708,0.9999829530715942,0.2147149741649627,poppin_party,0.0007505172980017,0.0004344285698607,0.0012747689615935,0.0003796681412495,256.67,,1.65,129.0,-18.67,5.0,心絵 (Cover),poppin_party,256.6666666666667,,512,心絵 (Cover),0.0514896996319294,0.0046833674423396,0.1989082247018814,0.0829290598630905,,31,0.3377921803740112,medium
467,poppin_party,じょいふる (Cover),poppin_party,517.0,0.38,151.99908088235293,157.89473684210716,194.29,,14.96,False,じょいふる (Cover),poppin_party,194.6,,G,E,0.961,False,major,minor,False,False,じょいふる (Cover),poppin_party,minor,じょいふる (Cover),poppin_party,194.6,,3.9,2.522651672363281,-9.508339167554128,0,じょいふる (Cover),-9.320974349975586,-11.169246673583984,-8.646595001220703,1.2906187772750854,7.477731227874756,6.718327522277832,8.174649238586426,0.6873851418495178,poppin_party,194.6,,129,じょいふる (Cover),poppin_party,194.6,,5.71,129,じょいふる (Cover),6.6078,5.9172,7.3988,0.6334,poppin_party,1.1181708574295044,0.5684,0.8943176865577698,,194.6,,じょいふる (Cover),2.766413672361523e-05,2.3439829419658054e-06,0.0022816492710262,0.0432410761713981,poppin_party,194.6,,5.81,129,じょいふる (Cover),poppin_party,194.6,,0.737538,129.0,じょいふる (Cover),0.996729016304016,0.9277406334877014,0.9999605417251588,0.0927591249346733,poppin_party,0.0005562953883782,0.0003159905900247,0.0010078637860715,0.0004972910392098,194.6,,1.26,98.0,-17.5,5.0,じょいふる (Cover),poppin_party,194.6,,388,じょいふる (Cover),0.1128472313284874,0.0150452470406889,0.2928860485553741,0.1072728037834167,,45,0.0656731757451181,medium
468,poppin_party,MATSURI BAYASHI (Cover),poppin_party,590.0,0.39,99.38401442307692,153.8461538461536,230.67,,17.79,False,MATSURI BAYASHI (Cover),poppin_party,231.13,,G,G,0.801,False,minor,minor,False,False,MATSURI BAYASHI (Cover),poppin_party,minor,MATSURI BAYASHI (Cover),poppin_party,231.13,,2.65,3.012195587158203,-9.64478055367594,0,MATSURI BAYASHI (Cover),-9.881546020507812,-11.264959335327148,-8.252763748168945,6.051170825958252,7.271636486053467,6.61005973815918,7.831933498382568,0.6133398413658142,poppin_party,231.1333125,,154,MATSURI BAYASHI (Cover),poppin_party,231.13,,6.13,154,MATSURI BAYASHI (Cover),6.1319,4.9914,6.8082,0.7683,poppin_party,1.2367233037948608,0.8936,0.8085883259773254,,231.13,,MATSURI BAYASHI (Cover),0.0001254809030797,2.143629899364896e-06,0.0036353338509798,0.0132740391418337,poppin_party,231.13,,5.83,154,MATSURI BAYASHI (Cover),poppin_party,231.13,,0.785497,154.0,MATSURI BAYASHI (Cover),0.9932965040206908,0.7328458428382874,0.9999755024909972,0.172345757484436,poppin_party,0.000621078594122,0.0003331604530103,0.0012467084452509,0.0005630663363263,231.13,,1.46,116.0,-18.6,5.0,MATSURI BAYASHI (Cover),poppin_party,231.13333333333333,,461,MATSURI BAYASHI (Cover),0.0659966915845871,0.0113307498395442,0.2460730969905853,0.0974274799227714,,27,0.1697721066894818,medium
469,poppin_party,私は最強 (Cover),poppin_party,827.0,0.31,135.99917763157896,193.5483870967728,257.93,,19.99,False,私は最強 (Cover),poppin_party,257.93,,E,E,0.496,False,major,major,False,True,私は最強 (Cover),poppin_party,major,私は最強 (Cover),poppin_party,257.93,,3.71,2.1339874267578125,-10.693233933970175,0,私は最強 (Cover),-10.368789672851562,-12.029522895812988,-9.895535469055176,1.207767367362976,6.504873275756836,5.991735935211182,7.156050205230713,0.5279013514518738,poppin_party,257.9333125,,172,私は最強 (Cover),poppin_party,257.93,,7.14,172,私は最強 (Cover),5.7323,4.8,6.7149,0.7046,poppin_party,1.2391583919525146,0.8951,0.8069992065429688,,257.93,,私は最強 (Cover),6.087590736569837e-05,1.743706889101304e-06,0.0108288461342453,0.0275610089302063,poppin_party,257.93,,6.68,172,私は最強 (Cover),poppin_party,257.93,,0.777102,172.0,私は最強 (Cover),0.9995359778404236,0.9252759218215942,0.999976933002472,0.0896997228264808,poppin_party,0.0007888206164352,0.0004077185585629,0.0012030948419123,0.0003097349253948,257.93,,1.65,129.0,-18.71,5.0,私は最強 (Cover),poppin_party,257.93333333333334,,514,私は最強 (Cover),0.0602440237998962,0.0094947274774312,0.239990547299385,0.0991266220808029,,50,0.1688032810798525,fast
470,poppin_party,トウキョウ・シャンディ・ランデヴ (Cover),poppin_party,435.0,0.44,135.99917763157896,136.36363636363706,186.72,,14.88,False,トウキョウ・シャンディ・ランデヴ (Cover),poppin_party,186.87,,F#,F#,0.375,False,minor,minor,False,False,トウキョウ・シャンディ・ランデヴ (Cover),poppin_party,minor,トウキョウ・シャンディ・ランデヴ (Cover),poppin_party,186.87,,2.82,2.979794502258301,-11.132708183722556,0,トウキョウ・シャンディ・ランデヴ (Cover),-11.156614303588867,-12.944401741027832,-9.964607238769531,4.634421825408936,7.369187355041504,6.245081901550293,7.8539838790893555,0.7086963057518005,poppin_party,186.866625,,124,トウキョウ・シャンディ・ランデヴ (Cover),poppin_party,186.87,,4.73,124,トウキョウ・シャンディ・ランデヴ (Cover),6.4971,5.5964,7.1149,0.569,poppin_party,1.3285586833953855,0.9696,0.7526953220367432,,186.87,,トウキョウ・シャンディ・ランデヴ (Cover),5.500952829606831e-05,5.388273166317958e-06,0.0019704955630004,0.0171768832951784,poppin_party,186.87,,4.89,124,トウキョウ・シャンディ・ランデヴ (Cover),poppin_party,186.87,,0.776855,124.0,トウキョウ・シャンディ・ランデヴ (Cover),0.9997916221618652,0.9585227370262146,0.9999913573265076,0.0883140116930008,poppin_party,0.0007035651360638,0.0003431398654356,0.0011138367699459,0.0002999017888214,186.87,,1.19,94.0,-20.88,5.0,トウキョウ・シャンディ・ランデヴ (Cover),poppin_party,186.86666666666667,,372,トウキョウ・シャンディ・ランデヴ (Cover),0.1215126514434814,0.0173710044473409,0.2938034236431122,0.1070254817605018,,17,0.4434177172429408,medium
471,poppin_party,夜行性ハイズ (Cover),poppin_party,503.0,0.45,129.19921875,133.33333333332828,225.99,,18.24,False,夜行性ハイズ (Cover),poppin_party,226.0,,F#,A#,0.371,True,major,minor,False,True,夜行性ハイズ (Cover),poppin_party,minor,夜行性ハイズ (Cover),poppin_party,226.0,,3.47,2.716914176940918,-12.055807459997643,0,夜行性ハイズ (Cover),-12.330451011657717,-13.535320281982422,-10.818406105041504,1.1860661506652832,6.839509963989258,5.974823951721191,7.593357086181641,0.6886211633682251,poppin_party,226.0,,150,夜行性ハイズ (Cover),poppin_party,226.0,,5.95,150,夜行性ハイズ (Cover),6.0897,4.5848,6.7884,0.7888,poppin_party,1.1771764755249023,0.7857,0.8494902849197388,,226.0,,夜行性ハイズ (Cover),0.0002229731035185,2.155375796064618e-06,0.0094932187348604,0.0469757318496704,poppin_party,226.0,,6.13,150,夜行性ハイズ (Cover),poppin_party,226.0,,0.67738,150.0,夜行性ハイズ (Cover),0.9996042847633362,0.8743175864219666,0.9999929666519164,0.1134941652417182,poppin_party,0.0007834975258447,0.0003898102149832,0.0013604017440229,0.0004054676974192,226.0,,1.45,113.0,-20.09,5.0,夜行性ハイズ (Cover),poppin_party,226.0,,451,夜行性ハイズ (Cover),0.0732815489172935,0.0103698102757334,0.2603487968444824,0.1055865436792373,,26,0.4891150442477874,medium
472,poppin_party,メランコリック (Cover),poppin_party,515.0,0.43,135.99917763157896,139.53488372093034,220.52,,17.3,False,メランコリック (Cover),poppin_party,220.97,,F,D,0.452,False,major,minor,False,False,メランコリック (Cover),poppin_party,minor,メランコリック (Cover),poppin_party,220.97,,1.87,4.383916854858398,-10.86223907163026,0,メランコリック (Cover),-10.521626472473145,-14.148704528808594,-9.764787673950195,5.999144077301025,6.853798866271973,5.736130714416504,7.484182357788086,0.7740151286125183,poppin_party,220.966625,,147,メランコリック (Cover),poppin_party,220.97,,5.91,147,メランコリック (Cover),5.9246,5.0289,6.7628,0.6907,poppin_party,1.036831259727478,0.2416,0.964477002620697,,220.97,,メランコリック (Cover),0.0002225705975433,3.877183189615607e-06,0.07011229544878,0.1901401430368423,poppin_party,220.97,,5.97,147,メランコリック (Cover),poppin_party,220.97,,0.797465,147.0,メランコリック (Cover),0.9998520612716676,0.9612526893615724,0.9999989867210388,0.1123118549585342,poppin_party,0.0007115200278349,0.0003579056356102,0.0013951357686892,0.0004906564718112,220.97,,1.41,111.0,-21.81,5.0,メランコリック (Cover),poppin_party,220.96666666666667,,440,メランコリック (Cover),0.0637833327054977,0.0134388403967022,0.2162284255027771,0.0864777937531471,,31,0.0610951820509143,medium
473,poppin_party,怪獣の花唄 (Cover),poppin_party,557.0,0.4,99.38401442307692,149.99999999999787,222.73,,17.27,False,怪獣の花唄 (Cover),poppin_party,223.1,,D,D,0.689,False,major,major,False,True,怪獣の花唄 (Cover),poppin_party,major,怪獣の花唄 (Cover),poppin_party,223.1,,1.39,4.9669694900512695,-10.300035785601052,0,怪獣の花唄 (Cover),-9.659296989440918,-13.915227890014648,-8.948258399963379,1.996510624885559,6.837841033935547,6.168230056762695,7.395341396331787,0.4964096546173095,poppin_party,223.1,,148,怪獣の花唄 (Cover),poppin_party,223.1,,5.84,148,怪獣の花唄 (Cover),5.959,5.416,6.5931,0.4572,poppin_party,1.142924189567566,0.6778,0.8749485611915588,,223.1,,怪獣の花唄 (Cover),0.0001848580141086,8.332748620887287e-06,0.0156299378722906,0.0329094044864177,poppin_party,223.1,,5.8,148,怪獣の花唄 (Cover),poppin_party,223.1,,0.743964,148.0,怪獣の花唄 (Cover),0.9999390840530396,0.9988773465156556,0.9999964237213136,0.0213551688939332,poppin_party,0.0011573345400393,0.0005912679480388,0.0017358709592372,0.0005165422335267,223.1,,1.45,112.0,-19.68,5.0,怪獣の花唄 (Cover),poppin_party,223.1,,445,怪獣の花唄 (Cover),0.0670827850699424,0.0105478558689355,0.234357014298439,0.0862847045063972,,21,0.1962348722545944,medium
474,poppin_party,光るなら (Cover),poppin_party,682.0,0.37,151.99908088235293,162.16216216216017,253.49,,19.94,False,光るなら (Cover),poppin_party,253.77,,A,F#,0.546,False,major,minor,False,True,光るなら (Cover),poppin_party,minor,光るなら (Cover),poppin_party,253.77,,2.25,3.13739013671875,-10.978680834160754,0,光るなら (Cover),-10.813176155090332,-12.859984397888184,-9.722594261169434,2.039837121963501,7.048092842102051,6.077339172363281,7.6484055519104,0.7483774423599243,poppin_party,253.766625,,169,光るなら (Cover),poppin_party,253.77,,6.11,169,光るなら (Cover),6.4581,5.5331,7.0863,0.6451,poppin_party,1.1782445907592771,0.7888,0.8487202525138855,,253.77,,光るなら (Cover),0.0010331922676414,2.8998996640439145e-05,0.0564525499939918,0.1334178447723388,poppin_party,253.77,,6.09,169,光るなら (Cover),poppin_party,253.77,,0.594307,169.0,光るなら (Cover),0.9997758269309998,0.9585586786270142,0.9999969005584716,0.1626651138067245,poppin_party,0.0008556912653148,0.0004381653561722,0.0014332028804346,0.0005387690034694,253.77,,1.62,127.0,-19.19,5.0,光るなら (Cover),poppin_party,253.76666666666668,,506,光るなら (Cover),0.067695528268814,0.0059942589141428,0.2157712876796722,0.0909221470355987,,42,0.2589780425770029,fast
475,poppin_party,ミュージック・アワー (Cover),poppin_party,630.0,0.44,258.3984375,136.36363636362827,280.36,,21.42,False,ミュージック・アワー (Cover),poppin_party,280.83,,Bb,A#,0.347,True,major,major,False,True,ミュージック・アワー (Cover),poppin_party,major,ミュージック・アワー (Cover),poppin_party,280.83,,3.4,2.544191360473633,-10.695506632148415,0,ミュージック・アワー (Cover),-10.640058517456056,-12.227435111999512,-9.68324375152588,4.444310188293457,7.318676948547363,6.417104244232178,7.894397258758545,0.7757964730262756,poppin_party,280.8333125,,187,ミュージック・アワー (Cover),poppin_party,280.83,,8.22,187,ミュージック・アワー (Cover),6.5295,5.5735,7.1753,0.7618,poppin_party,1.2688391208648682,0.9331,0.7881219387054443,,280.83,,ミュージック・アワー (Cover),6.065475827199407e-05,2.769309048744617e-06,0.005164761096239,0.0833451673388481,poppin_party,280.83,,7.38,187,ミュージック・アワー (Cover),poppin_party,280.83,,0.673708,187.0,ミュージック・アワー (Cover),0.9999239444732666,0.9913905262947084,0.9999983906745912,0.127317190170288,poppin_party,0.0008297460153698,0.0004292053636163,0.0013575361808761,0.0044605508446693,280.83,,1.8,141.0,-18.64,5.0,ミュージック・アワー (Cover),poppin_party,280.8333333333333,,560,ミュージック・アワー (Cover),0.0820751339197158,0.0129875857383012,0.2408233731985092,0.0916531458497047,,39,0.2056735599890863,medium
476,poppin_party,only my railgun (Cover),poppin_party,602.0,0.42,135.99917763157896,142.85714285714226,252.86,,19.09,False,only my railgun (Cover),poppin_party,253.27,,Ab,D#,0.334,True,minor,minor,False,False,only my railgun (Cover),poppin_party,minor,only my railgun (Cover),poppin_party,253.27,,2.34,5.599569320678711,-11.281568366348468,0,only my railgun (Cover),-10.984994888305664,-15.51279354095459,-9.91322422027588,2.809530735015869,6.971066951751709,5.793202877044678,7.752456188201904,0.8074673414230347,poppin_party,253.266625,,169,only my railgun (Cover),poppin_party,253.27,,7.52,169,only my railgun (Cover),5.7063,3.9573,6.4746,1.0253,poppin_party,1.0959596633911133,0.4726,0.91244238615036,,253.27,,only my railgun (Cover),2.626019522722345e-05,1.5618675774931037e-07,0.0017473336774855,0.0607153587043285,poppin_party,253.27,,7.36,169,only my railgun (Cover),poppin_party,253.27,,0.692352,169.0,only my railgun (Cover),0.9999860525131226,0.9261224269866944,0.9999994039535522,0.1324500143527984,poppin_party,0.001097226398997,0.0004652083152905,0.0018718048231676,0.0005206405767239,253.27,,1.59,127.0,-22.75,5.0,only my railgun (Cover),poppin_party,253.26666666666668,,505,only my railgun (Cover),0.0763624534010887,0.0069965091533958,0.2499172240495681,0.0953097119927406,,13,0.0,medium
477,poppin_party,ロミオとシンデレラ (Cover),poppin_party,795.0,0.35,151.99908088235293,171.4285714285707,280.13,,21.89,False,ロミオとシンデレラ (Cover),poppin_party,280.33,,F#,F#,0.544,False,major,major,False,False,ロミオとシンデレラ (Cover),poppin_party,major,ロミオとシンデレラ (Cover),poppin_party,280.33,,3.81,2.4153404235839844,-11.260091842374264,0,ロミオとシンデレラ (Cover),-11.153705596923828,-12.748623847961426,-10.33328342437744,3.737119674682617,6.80278205871582,5.876263618469238,7.490334987640381,0.6637136936187744,poppin_party,280.3333125,,187,ロミオとシンデレラ (Cover),poppin_party,280.33,,8.31,187,ロミオとシンデレラ (Cover),6.4279,5.518,7.1757,0.6492,poppin_party,1.3310556411743164,0.9742,0.7512834072113037,,280.33,,ロミオとシンデレラ (Cover),2.6070953026646748e-05,4.791666015080409e-07,0.0019544959068298,0.0758547037839889,poppin_party,280.33,,8.23,187,ロミオとシンデレラ (Cover),poppin_party,280.33,,0.701783,187.0,ロミオとシンデレラ (Cover),0.9995667338371276,0.9406583309173584,0.999971330165863,0.1175742745399475,poppin_party,0.0008359948988072,0.0004919717903248,0.0013545751571655,0.0005603246972896,280.33,,1.61,141.0,-18.91,5.0,ロミオとシンデレラ (Cover),poppin_party,280.3333333333333,,559,ロミオとシンデレラ (Cover),0.0748137235641479,0.0141343101859092,0.2171435356140136,0.0818667039275169,,36,0.3131271829478029,fast
478,poppin_party,Daydream café (Cover),poppin_party,573.0,0.4,143.5546875,149.99999999999787,228.67,,18.37,False,Daydream café (Cover),poppin_party,229.03,,C,F,0.537,True,minor,minor,False,True,Daydream café (Cover),poppin_party,minor,Daydream café (Cover),poppin_party,229.03,,3.96,3.744224548339844,-11.639410390323103,0,Daydream café (Cover),-11.499354362487791,-14.363374710083008,-10.619150161743164,4.8621907234191895,7.120562553405762,6.18739652633667,7.703451156616211,0.6586758494377136,poppin_party,229.0333125,,152,Daydream café (Cover),poppin_party,229.03,,7.09,152,Daydream café (Cover),6.3969,5.6083,6.9798,0.579,poppin_party,1.1002914905548096,0.4939,0.908850073814392,,229.03,,Daydream café (Cover),0.0001443517394363,1.6082396541605704e-05,0.0081903599202632,0.084114171564579,poppin_party,229.03,,6.73,152,Daydream café (Cover),poppin_party,229.03,,0.614184,152.0,Daydream café (Cover),0.999619722366333,0.9832269549369812,0.999984085559845,0.1243792101740837,poppin_party,0.001098693232052,0.0006077018333598,0.0020160914864391,0.0007070024148561,229.03,,1.24,115.0,-20.84,5.0,Daydream café (Cover),poppin_party,229.03333333333333,,457,Daydream café (Cover),0.0614591799676418,0.0084250280633568,0.2173641920089721,0.0843571722507476,,35,0.1496725095196279,medium
479,poppin_party,君じゃなきゃダメみたい (Cover),poppin_party,523.0,0.46,103.359375,130.43478260869554,239.73,,18.17,False,君じゃなきゃダメみたい (Cover),poppin_party,239.73,,F,D,0.507,True,minor,minor,False,False,君じゃなきゃダメみたい (Cover),poppin_party,minor,君じゃなきゃダメみたい (Cover),poppin_party,239.73,,3.51,3.799150466918945,-10.645960384036089,0,君じゃなきゃダメみたい (Cover),-10.555145263671877,-13.030961036682127,-9.231810569763184,5.7330241203308105,6.998553276062012,6.25825309753418,7.639743804931641,0.6350153684616089,poppin_party,239.7333125,,160,君じゃなきゃダメみたい (Cover),poppin_party,239.73,,7.18,160,君じゃなきゃダメみたい (Cover),5.6918,4.6857,6.3957,0.6868,poppin_party,1.2165864706039429,0.8693,0.8219719529151917,,239.73,,君じゃなきゃダメみたい (Cover),1.1002173778251745e-05,9.998148016165942e-07,0.0003791551862377,0.0075890831649303,poppin_party,239.73,,6.75,160,君じゃなきゃダメみたい (Cover),poppin_party,239.73,,0.71482,160.0,君じゃなきゃダメみたい (Cover),0.999754011631012,0.7872435450553894,0.9999891519546508,0.163912147283554,poppin_party,0.0008716618176549,0.0003448798088356,0.0019264281727373,0.0007669663173146,239.73,,1.2,120.0,-20.97,5.0,君じゃなきゃダメみたい (Cover),poppin_party,239.7333333333333,,478,君じゃなきゃダメみたい (Cover),0.0946448147296905,0.0106679592281579,0.2672171294689178,0.1023235246539115,,46,0.1140433617138206,medium
480,poppin_party,＊〜アスタリスク〜 (Cover),poppin_party,538.0,0.47,123.046875,127.6595744680854,252.22,,18.89,False,＊〜アスタリスク〜 (Cover),poppin_party,252.67,,C,G,0.365,True,major,major,False,True,＊〜アスタリスク〜 (Cover),poppin_party,major,＊〜アスタリスク〜 (Cover),poppin_party,252.67,,1.64,2.8481264114379883,-10.13681917416508,0,＊〜アスタリスク〜 (Cover),-10.113765716552734,-11.77833652496338,-8.93021011352539,1.6999980211257937,7.0126824378967285,5.80842399597168,7.519089221954346,0.6922340393066406,poppin_party,252.666625,,168,＊〜アスタリスク〜 (Cover),poppin_party,252.67,,6.37,168,＊〜アスタリスク〜 (Cover),6.0072,4.9989,6.5938,0.6714,poppin_party,1.1159495115280151,0.5562,0.8960978984832764,,252.67,,＊〜アスタリスク〜 (Cover),0.0005836256896145,2.264708746224641e-05,0.0252993684262037,0.0727121457457542,poppin_party,252.67,,6.4,168,＊〜アスタリスク〜 (Cover),poppin_party,252.67,,0.772263,168.0,＊〜アスタリスク〜 (Cover),0.9996227025985718,0.9834138751029968,0.9999842643737792,0.1309917867183685,poppin_party,0.0008948445902206,0.0005137795815244,0.0018831186462193,0.0006736809154972,252.67,,1.36,127.0,-18.13,5.0,＊〜アスタリスク〜 (Cover),poppin_party,252.66666666666663,,504,＊〜アスタリスク〜 (Cover),0.0850773379206657,0.0203926768153905,0.233067438006401,0.0909839272499084,,28,0.461556690175075,medium
481,poppin_party,DAYS of DASH (Cover),poppin_party,678.0,0.37,161.4990234375,162.16216216216017,253.36,,19.55,False,DAYS of DASH (Cover),poppin_party,253.67,,A,F#,0.698,False,major,minor,False,False,DAYS of DASH (Cover),poppin_party,minor,DAYS of DASH (Cover),poppin_party,253.67,,2.0,3.004775047302246,-11.41737374497439,0,DAYS of DASH (Cover),-11.252613067626951,-13.438992500305176,-10.43421745300293,4.580937385559082,6.813302516937256,6.149099349975586,7.428135395050049,0.616405189037323,poppin_party,253.666625,,169,DAYS of DASH (Cover),poppin_party,253.67,,6.25,169,DAYS of DASH (Cover),6.0982,5.2208,6.8443,0.6657,poppin_party,1.1782118082046509,0.7872,0.8487438559532166,,253.67,,DAYS of DASH (Cover),8.603427704656497e-05,2.7196840619581053e-06,0.0007134303450584,0.0697380974888801,poppin_party,253.67,,6.36,169,DAYS of DASH (Cover),poppin_party,253.67,,0.734701,169.0,DAYS of DASH (Cover),0.999486207962036,0.943162202835083,0.9999836087226868,0.0961012691259384,poppin_party,0.0007144731353037,0.0003702367248479,0.0012873286614194,0.0004326116177253,253.67,,1.61,127.0,-19.9,5.0,DAYS of DASH (Cover),poppin_party,253.66666666666663,,506,DAYS of DASH (Cover),0.0682744905352592,0.0079247411340475,0.2384516149759292,0.0942623540759086,,40,0.1247306073644376,fast
482,poppin_party,檄！帝国華撃団 (Cover),poppin_party,439.0,0.42,172.265625,142.85714285714226,184.13,,13.97,False,檄！帝国華撃団 (Cover),poppin_party,184.6,,G,E,0.419,False,major,minor,False,False,檄！帝国華撃団 (Cover),poppin_party,minor,檄！帝国華撃団 (Cover),poppin_party,184.6,,2.15,3.3640356063842773,-11.135666642909351,0,檄！帝国華撃団 (Cover),-11.33944320678711,-13.178775787353516,-9.814740180969238,4.638383865356445,7.022802829742432,5.757895469665527,7.736671924591064,0.7967857718467712,poppin_party,184.6,,123,檄！帝国華撃団 (Cover),poppin_party,184.6,,4.06,123,檄！帝国華撃団 (Cover),6.4148,5.3436,7.3639,0.7747,poppin_party,1.0593063831329346,0.3191,0.9440139532089232,,184.6,,檄！帝国華撃団 (Cover),3.535308132995851e-05,3.05851881421404e-06,0.0007725610630586,0.0107770198956131,poppin_party,184.6,,4.28,123,檄！帝国華撃団 (Cover),poppin_party,184.6,,0.725279,123.0,檄！帝国華撃団 (Cover),0.9995242357254028,0.9454466700553894,0.9999912977218628,0.1431742161512375,poppin_party,0.000767235585954,0.0003878733259625,0.0014371447032317,0.0004350366943981,184.6,,1.19,93.0,-19.08,5.0,檄！帝国華撃団 (Cover),poppin_party,184.6,,368,檄！帝国華撃団 (Cover),0.0459398180246353,0.0073369634337723,0.1853514909744262,0.0773931369185447,,21,0.1939328277356446,medium
483,poppin_party,DAYS (Cover),poppin_party,527.0,0.44,135.99917763157896,136.36363636363265,234.62,,17.82,False,DAYS (Cover),poppin_party,235.1,,F,G,0.456,True,major,minor,False,True,DAYS (Cover),poppin_party,minor,DAYS (Cover),poppin_party,235.1,,3.61,3.276938438415528,-12.296550934250009,0,DAYS (Cover),-12.291437149047852,-14.12748908996582,-10.850550651550291,2.202950954437256,6.769888401031494,6.0970540046691895,7.46177339553833,0.6415367126464844,poppin_party,235.1,,157,DAYS (Cover),poppin_party,235.1,,6.5,157,DAYS (Cover),5.8315,5.1884,6.696,0.6417,poppin_party,1.2818474769592283,0.9438,0.7801240086555481,,235.1,,DAYS (Cover),0.001173767959699,7.847561209928244e-05,0.0392920859158039,0.0647933408617973,poppin_party,235.1,,6.35,157,DAYS (Cover),poppin_party,235.1,,0.771459,157.0,DAYS (Cover),0.999953269958496,0.9418559074401855,0.9999995231628418,0.1535433679819107,poppin_party,0.0009098181035369,0.0004604904970619,0.0016628098674118,0.0004752279201056,235.1,,1.45,118.0,-21.68,5.0,DAYS (Cover),poppin_party,235.1,,469,DAYS (Cover),0.0613792836666107,0.0095814922824501,0.2147579044103622,0.0914265885949134,,27,0.1570395576350489,medium
484,poppin_party,ディスカバリー！ (Cover),poppin_party,799.0,0.35,151.99908088235293,171.4285714285742,277.96,,21.49,False,ディスカバリー！ (Cover),poppin_party,278.23,,C#,C#,0.464,False,major,major,False,True,ディスカバリー！ (Cover),poppin_party,major,ディスカバリー！ (Cover),poppin_party,278.23,,3.08,3.5184898376464844,-9.511866370292102,0,ディスカバリー！ (Cover),-9.351808547973633,-12.156543731689451,-8.638053894042969,4.679144382476807,6.995124816894531,6.23728609085083,7.756830215454102,0.7150042653083801,poppin_party,278.2333125,,185,ディスカバリー！ (Cover),poppin_party,278.23,,7.42,185,ディスカバリー！ (Cover),6.1477,4.8436,7.0481,0.8617,poppin_party,1.0691763162612915,0.3602,0.9352996945381165,,278.23,,ディスカバリー！ (Cover),0.0001460990606574,6.769909646209271e-07,0.0115382876247167,0.0642338320612907,poppin_party,278.23,,7.54,185,ディスカバリー！ (Cover),poppin_party,278.23,,0.725598,185.0,ディスカバリー！ (Cover),0.999439775943756,0.5578146576881409,0.9999880790710448,0.2404455542564392,poppin_party,,,,,,,1.6,,-19.31,5.0,ディスカバリー！ (Cover),poppin_party,278.2333333333333,,555,ディスカバリー！ (Cover),0.0546932741999626,0.0087588746100664,0.2251723408699035,0.0914556384086608,,30,0.1483646597033875,fast
485,poppin_party,チェリボム (Cover),poppin_party,780.0,0.32,172.265625,187.500000000004,246.13,,19.02,False,チェリボム (Cover),poppin_party,246.4,,F#,F#,0.375,False,major,minor,True,True,チェリボム (Cover),poppin_party,minor,チェリボム (Cover),poppin_party,246.4,,3.28,2.096015930175781,-10.2283579594422,0,チェリボム (Cover),-9.976991653442385,-11.532861709594728,-9.436845779418944,3.632495164871216,6.8251953125,6.175941467285156,7.401909351348877,0.5117433071136475,poppin_party,246.4,,164,チェリボム (Cover),poppin_party,246.4,,6.94,164,チェリボム (Cover),5.6467,4.9225,6.1971,0.5097,poppin_party,1.2901593446731567,0.9468,0.7750980257987976,,246.4,,チェリボム (Cover),2.0498995581874624e-05,1.2135768656662549e-06,0.0008302974747493,0.0068121296353638,poppin_party,246.4,,6.78,164,チェリボム (Cover),poppin_party,246.4,,0.799368,164.0,チェリボム (Cover),0.9993270635604858,0.9522343277931212,0.9999411702156068,0.0912516415119171,poppin_party,0.0008051621261984,0.0003738028754014,0.001601803000085,0.0021443702280521,246.4,,1.39,124.0,-17.66,5.0,チェリボム (Cover),poppin_party,246.4,,491,チェリボム (Cover),0.0942487195134162,0.0171621944755315,0.2777804136276245,0.102898322045803,,49,0.0191558441558441,fast
486,poppin_party,ヴァンパイア (Cover),poppin_party,500.0,0.37,107.666015625,162.1621621621664,182.16,,14.58,False,ヴァンパイア (Cover),poppin_party,182.17,,C#,C#,0.451,False,minor,major,True,True,ヴァンパイア (Cover),poppin_party,major,ヴァンパイア (Cover),poppin_party,182.17,,1.94,4.137833595275879,-11.022406054814194,0,ヴァンパイア (Cover),-10.861787796020508,-13.94573974609375,-9.807906150817873,4.656134128570557,7.14947509765625,5.788776874542236,7.764506340026855,0.7375999689102173,poppin_party,182.166625,,121,ヴァンパイア (Cover),poppin_party,182.17,,5.62,121,ヴァンパイア (Cover),6.3499,5.4582,6.9748,0.6256,poppin_party,1.0564390420913696,0.31,0.9465762376785278,,182.17,,ヴァンパイア (Cover),0.0001486257388023,2.5772355911612976e-06,0.1544845104217529,0.1551734507083892,poppin_party,182.17,,5.88,121,ヴァンパイア (Cover),poppin_party,182.17,,0.717999,121.0,ヴァンパイア (Cover),0.9998576641082764,0.9798714518547058,0.9999927282333374,0.1087677106261253,poppin_party,,,,,,,1.11,,-20.35,5.0,ヴァンパイア (Cover),poppin_party,182.16666666666663,,363,ヴァンパイア (Cover),0.0848167613148689,0.0166075434535741,0.2602224349975586,0.1011176705360412,,30,0.3125708700170552,fast
487,poppin_party,怪物 (Cover),poppin_party,586.0,0.35,112.34714673913044,171.4285714285707,206.4,,16.33,False,怪物 (Cover),poppin_party,206.57,,Ab,G#,0.559,True,minor,minor,False,False,怪物 (Cover),poppin_party,minor,怪物 (Cover),poppin_party,206.57,,2.1,4.681266784667969,-11.200997081909977,0,怪物 (Cover),-11.474510192871094,-13.868019104003906,-9.186752319335938,1.9937629699707031,6.8695878982543945,5.776644706726074,7.345980167388916,0.6734776496887207,poppin_party,206.566625,,137,怪物 (Cover),poppin_party,206.57,,5.85,137,怪物 (Cover),5.9379,5.2338,6.5761,0.5713,poppin_party,1.095908284187317,0.4711,0.9124851822853088,,206.57,,怪物 (Cover),0.0014867364661768,3.942607872886583e-05,0.0451430417597293,0.078164517879486,poppin_party,206.57,,5.82,137,怪物 (Cover),poppin_party,206.57,,0.635687,137.0,怪物 (Cover),0.9997748732566832,0.9526337385177612,0.9999960660934448,0.1103218123316764,poppin_party,0.0006948920781724,0.0003623512166086,0.0013999041402712,0.0004224932345096,206.57,,1.33,104.0,-20.91,5.0,怪物 (Cover),poppin_party,206.56666666666663,,412,怪物 (Cover),0.0934125036001205,0.0181534849107265,0.2648923695087433,0.1002342775464057,,29,0.4624172520557071,fast
488,poppin_party,大河よ共に泣いてくれ (Cover),poppin_party,603.0,0.34,172.265625,176.47058823529235,207.42,,16.15,False,大河よ共に泣いてくれ (Cover),poppin_party,207.67,,F,F,0.409,False,minor,minor,False,False,大河よ共に泣いてくれ (Cover),poppin_party,minor,大河よ共に泣いてくれ (Cover),poppin_party,207.67,,2.8,3.0395708084106445,-11.011702938589222,0,大河よ共に泣いてくれ (Cover),-10.7412748336792,-13.092520713806152,-10.052949905395508,5.0645036697387695,6.715701103210449,5.56346607208252,7.511127948760986,0.7554593086242676,poppin_party,207.666625,,138,大河よ共に泣いてくれ (Cover),poppin_party,207.67,,4.77,138,大河よ共に泣いてくれ (Cover),5.6796,4.8103,6.5072,0.7288,poppin_party,1.0454187393188477,0.2629,0.9565545320510864,,207.67,,大河よ共に泣いてくれ (Cover),6.269619916565716e-06,2.268294707619134e-07,0.0206589717417955,0.1774864494800567,poppin_party,207.67,,5.51,138,大河よ共に泣いてくれ (Cover),poppin_party,207.67,,0.679863,138.0,大河よ共に泣いてくれ (Cover),0.99935382604599,0.949209213256836,0.9999645352363586,0.10088911652565,poppin_party,0.0011602640151977,0.0004345800844021,0.0022578290663659,0.0021042488515377,207.67,,1.35,104.0,-20.76,5.0,大河よ共に泣いてくれ (Cover),poppin_party,207.66666666666663,,414,大河よ共に泣いてくれ (Cover),0.0674145072698593,0.0077100321650505,0.2268029451370239,0.0897203683853149,,35,0.0494060945619888,fast
489,poppin_party,空色デイズ (Cover),poppin_party,738.0,0.34,117.45383522727272,176.47058823529235,253.66,,19.71,False,空色デイズ (Cover),poppin_party,253.83,,B,F#,0.425,True,minor,minor,False,True,空色デイズ (Cover),poppin_party,minor,空色デイズ (Cover),poppin_party,253.83,,3.02,3.3510398864746094,-10.378341734857312,0,空色デイズ (Cover),-10.08856964111328,-12.698739051818848,-9.347699165344238,1.8598915338516235,7.331072807312012,6.468419075012207,7.933026313781738,0.5774428844451904,poppin_party,253.8333125,,169,空色デイズ (Cover),poppin_party,253.83,,6.19,169,空色デイズ (Cover),5.8261,4.7161,6.6416,0.6953,poppin_party,1.144052505493164,0.6824,0.8740857839584351,,253.83,,空色デイズ (Cover),4.695994903158862e-06,1.8193979656189185e-07,0.0003784154832828,0.043990820646286,poppin_party,253.83,,6.09,169,空色デイズ (Cover),poppin_party,253.83,,0.640098,169.0,空色デイズ (Cover),0.9994133710861206,0.818794310092926,0.9999864101409912,0.1974357813596725,poppin_party,0.0009590652189217,0.000442664255388,0.001772902207449,0.0005456061917357,253.83,,1.61,127.0,-19.06,5.0,空色デイズ (Cover),poppin_party,253.8333333333333,,506,空色デイズ (Cover),0.0628902465105056,0.0077396421693265,0.2267661392688751,0.0880701541900634,,26,0.1222849438140276,fast
490,raise_a_suilen,Invincible Fighter,raise_a_suilen,823.0,0.3,95.703125,199.9999999999924,250.56,,19.19,False,Invincible Fighter,raise_a_suilen,250.87,,G,F,0.244,True,minor,major,False,False,Invincible Fighter,raise_a_suilen,major,Invincible Fighter,raise_a_suilen,250.87,,3.51,4.295710563659668,-11.0690055264371,0,Invincible Fighter,-10.998639106750488,-13.998488426208496,-9.702777862548828,2.407832145690918,6.750316619873047,5.719940185546875,7.466095447540283,0.7174851298332214,raise_a_suilen,250.866625,,167,Invincible Fighter,raise_a_suilen,250.87,,6.82,167,Invincible Fighter,5.6904,4.4815,6.4849,0.7759,raise_a_suilen,0.9894267320632936,0.1125,1.0106863975524902,,250.87,,Invincible Fighter,4.237420853314688e-06,1.7737690427566124e-07,0.0256173703819513,0.1521715521812439,raise_a_suilen,250.87,,6.63,167,Invincible Fighter,raise_a_suilen,250.87,,0.662906,167.0,Invincible Fighter,0.999885082244873,0.9610323309898376,0.9999986886978148,0.0605419725179672,raise_a_suilen,0.0010177108924835,0.0004958285135217,0.0017356257885694,0.0018703833920881,250.87,,1.61,126.0,-21.17,5.0,Invincible Fighter,raise_a_suilen,250.86666666666667,,500,Invincible Fighter,0.0724473595619201,0.0085493829101324,0.2398786842823028,0.0928418189287185,,21,0.0519797990317068,fast
491,raise_a_suilen,A DECLARATION OF ×××,raise_a_suilen,789.0,0.4,143.5546875,149.99999999999787,315.43,,24.06,False,A DECLARATION OF ×××,raise_a_suilen,315.77,,C#,A#,0.312,True,minor,minor,False,True,A DECLARATION OF ×××,raise_a_suilen,minor,A DECLARATION OF ×××,raise_a_suilen,315.77,,4.19,2.8031463623046875,-11.12541166752142,0,A DECLARATION OF ×××,-11.029623031616213,-12.793578147888184,-9.990431785583496,1.1815085411071775,6.942952632904053,6.197468280792236,7.5011773109436035,0.5382062196731567,raise_a_suilen,315.766625,,211,A DECLARATION OF ×××,raise_a_suilen,315.77,,7.96,211,A DECLARATION OF ×××,5.2599,4.2271,6.3024,0.8184,raise_a_suilen,1.1426798105239868,0.6748,0.8751356601715088,,315.77,,A DECLARATION OF ×××,3.957539320254e-06,6.588238221638676e-08,0.0002253765997011,0.0592595115303993,raise_a_suilen,315.77,,8.4,211,A DECLARATION OF ×××,raise_a_suilen,315.77,,0.586433,211.0,A DECLARATION OF ×××,0.9999511241912842,0.9927571415901184,0.9999991655349731,0.0389304608106613,raise_a_suilen,0.0010289663914591,0.0005337295006029,0.0018293528119102,0.0145804844796657,315.77,,2.01,158.0,-19.81,5.0,A DECLARATION OF ×××,raise_a_suilen,315.76666666666665,,630,A DECLARATION OF ×××,0.0565210357308387,0.003817168995738,0.2202163487672805,0.0899297818541526,,36,0.1585347726080192,medium
492,raise_a_suilen,SOUL SOLDIER,raise_a_suilen,767.0,0.31,92.28515625,193.5483870967728,239.78,,18.57,False,SOUL SOLDIER,raise_a_suilen,239.93,,B,F#,0.38,True,minor,minor,False,True,SOUL SOLDIER,raise_a_suilen,minor,SOUL SOLDIER,raise_a_suilen,239.93,,4.26,3.9516525268554688,-9.870427418290758,0,SOUL SOLDIER,-9.607780456542969,-12.784025192260742,-8.832372665405273,5.87106466293335,6.949131965637207,6.244996547698975,7.444878578186035,0.5797766447067261,raise_a_suilen,239.9333125,,160,SOUL SOLDIER,raise_a_suilen,239.93,,6.5,160,SOUL SOLDIER,5.1682,3.6847,6.0339,0.8805,raise_a_suilen,0.9314414262771606,0.0213,1.073604941368103,,239.93,,SOUL SOLDIER,2.370305446675048e-05,2.873234450362361e-07,0.0009732550242915,0.0405408814549446,raise_a_suilen,239.93,,6.42,160,SOUL SOLDIER,raise_a_suilen,239.93,,0.668847,160.0,SOUL SOLDIER,0.9993188381195068,0.3968960344791412,0.9999898076057434,0.2514131665229797,raise_a_suilen,0.0008837089408189,0.0003674461040645,0.0019890060648322,0.0042682532221078,239.93,,1.56,120.0,-18.39,5.0,SOUL SOLDIER,raise_a_suilen,239.9333333333333,,478,SOUL SOLDIER,0.053383607417345,0.0071531939320266,0.192221388220787,0.0800553262233734,,25,0.1422061436846791,fast
493,raise_a_suilen,UNSTOPPABLE,raise_a_suilen,654.0,0.35,161.4990234375,171.4285714285707,230.27,,17.74,False,UNSTOPPABLE,raise_a_suilen,230.5,,E,G,0.401,False,minor,major,False,True,UNSTOPPABLE,raise_a_suilen,major,UNSTOPPABLE,raise_a_suilen,230.5,,3.97,3.8171911239624015,-9.956299955778658,0,UNSTOPPABLE,-9.858819007873535,-12.75291919708252,-8.935728073120117,4.113681316375732,7.203030109405518,6.227322578430176,7.865509986877441,0.6632077097892761,raise_a_suilen,230.5,,153,UNSTOPPABLE,raise_a_suilen,230.5,,6.08,153,UNSTOPPABLE,5.7203,4.8662,6.4292,0.7255,raise_a_suilen,1.020719051361084,0.1809,0.9797014594078064,,230.5,,UNSTOPPABLE,7.714862476859707e-06,5.05555760810239e-07,0.0109293442219495,0.0678185001015663,raise_a_suilen,230.5,,6.52,153,UNSTOPPABLE,raise_a_suilen,230.5,,0.687669,153.0,UNSTOPPABLE,0.999935746192932,0.9564417004585266,0.9999992847442628,0.087091751396656,raise_a_suilen,0.0008397868950851,0.0003688533906824,0.0014986330643296,0.0004452246648725,230.5,,1.49,116.0,-20.11,5.0,UNSTOPPABLE,raise_a_suilen,230.5,,460,UNSTOPPABLE,0.0828434526920318,0.0108465328812599,0.2591502964496612,0.0943448394536972,,31,0.0996095444685466,fast
494,raise_a_suilen,HELL! or HELL?,raise_a_suilen,925.0,0.3,95.703125,199.9999999999924,282.09,,21.2,False,HELL! or HELL?,raise_a_suilen,282.34,,E,E,0.759,False,minor,minor,False,False,HELL! or HELL?,raise_a_suilen,minor,HELL! or HELL?,raise_a_suilen,282.34,,3.47,2.8799304962158203,-10.929621474286296,0,HELL! or HELL?,-10.733997344970703,-12.722183227539062,-9.842252731323242,1.4031742811203003,6.746352672576904,5.86818265914917,7.56679105758667,0.6443991661071777,raise_a_suilen,282.335625,,188,HELL! or HELL?,raise_a_suilen,282.34,,7.36,188,HELL! or HELL?,5.3112,4.1349,6.3253,0.7812,raise_a_suilen,1.0845354795455933,0.4271,0.9220537543296814,,282.34,,HELL! or HELL?,2.321674401173368e-06,4.54806858840584e-08,0.0009581692283973,0.1291912347078323,raise_a_suilen,282.34,,7.13,188,HELL! or HELL?,raise_a_suilen,282.34,,0.632802,188.0,HELL! or HELL?,0.9935612082481384,0.6661185026168823,0.99995094537735,0.2034649699926376,raise_a_suilen,0.0007887293468229,0.0003844305174425,0.0017640949226915,0.0014491265174001,282.34,,1.74,142.0,-19.2,5.0,HELL! or HELL?,raise_a_suilen,282.3356462585034,,563,HELL! or HELL?,0.0419917739927768,0.0055480189621448,0.2122254073619842,0.0864064693450927,,29,0.0214638163356111,fast
495,raise_a_suilen,Beautiful Birthday,raise_a_suilen,747.0,0.34,172.265625,176.47058823529235,255.8,,19.13,False,Beautiful Birthday,raise_a_suilen,256.1,,B,B,0.703,False,minor,minor,False,False,Beautiful Birthday,raise_a_suilen,minor,Beautiful Birthday,raise_a_suilen,256.1,,2.27,3.1145801544189453,-10.442941830198434,0,Beautiful Birthday,-10.604620933532717,-11.997428894042969,-8.882848739624023,3.5358359813690186,6.616063594818115,6.023690700531006,7.2199554443359375,0.5417894721031189,raise_a_suilen,256.10225,,171,Beautiful Birthday,raise_a_suilen,256.1,,6.71,171,Beautiful Birthday,5.3479,4.3859,6.0974,0.703,raise_a_suilen,0.9857839941978456,0.1064,1.0144208669662476,,256.1,,Beautiful Birthday,9.963363845599817e-05,5.257393809188216e-07,0.0131624080240726,0.0383924022316932,raise_a_suilen,256.1,,5.96,171,Beautiful Birthday,raise_a_suilen,256.1,,0.651287,171.0,Beautiful Birthday,0.9999278783798218,0.940262258052826,0.99999737739563,0.1660409420728683,raise_a_suilen,,,,,,,1.29,,-18.51,5.0,Beautiful Birthday,raise_a_suilen,256.10226757369617,,511,Beautiful Birthday,0.0368481054902076,0.0040760654956102,0.1744100004434585,0.0753057748079299,,22,0.0407649579501552,fast
496,raise_a_suilen,Takin’ my Heart,raise_a_suilen,880.0,0.33,123.046875,181.8181818181906,286.63,,23.07,False,Takin’ my Heart,raise_a_suilen,286.93,,G,G,0.425,False,minor,minor,False,False,Takin’ my Heart,raise_a_suilen,minor,Takin’ my Heart,raise_a_suilen,286.93,,4.28,5.494786262512207,-12.209445534948214,0,Takin’ my Heart,-12.644058227539062,-15.97299861907959,-10.478212356567385,4.392703533172607,6.49049711227417,5.681287288665772,6.962088584899902,0.6942645311355591,raise_a_suilen,286.9333125,,191,Takin’ my Heart,raise_a_suilen,286.93,,7.76,191,Takin’ my Heart,5.0947,3.9855,6.5985,0.9347,raise_a_suilen,1.1313172578811646,0.6277,0.8839254379272461,,286.93,,Takin’ my Heart,5.803391104564071e-05,4.445420529464173e-07,0.0224201697856187,0.07523924857378,raise_a_suilen,286.93,,8.44,191,Takin’ my Heart,raise_a_suilen,286.93,,0.652836,191.0,Takin’ my Heart,0.9996672868728638,0.3738606572151184,0.9999991655349731,0.2707284390926361,raise_a_suilen,0.0009810044430196,0.0003790703194681,0.0018486184999346,0.0006954179261811,286.93,,1.45,144.0,-24.52,5.0,Takin’ my Heart,raise_a_suilen,286.93333333333334,,572,Takin’ my Heart,0.0735091269016265,0.0101126367226243,0.2742259800434112,0.1043214946985244,,33,0.0865706193990155,fast
497,raise_a_suilen,DRIVE US CRAZY,raise_a_suilen,429.0,0.57,117.45383522727272,105.2631578947368,245.13,,19.26,False,DRIVE US CRAZY,raise_a_suilen,245.67,,Ab,F,0.342,True,major,minor,False,False,DRIVE US CRAZY,raise_a_suilen,minor,DRIVE US CRAZY,raise_a_suilen,245.67,,3.9,2.5790328979492188,-10.416032925227553,0,DRIVE US CRAZY,-10.440890312194824,-11.89172077178955,-9.312687873840332,1.3911584615707395,6.333559036254883,5.554066181182861,7.1765851974487305,0.6490042805671692,raise_a_suilen,245.666625,,164,DRIVE US CRAZY,raise_a_suilen,245.67,,6.5,164,DRIVE US CRAZY,4.8003,3.6594,6.0173,0.914,raise_a_suilen,1.0041801929473877,0.1368,0.9958372116088868,,245.67,,DRIVE US CRAZY,9.558212695992552e-06,2.869793434001622e-07,0.00118100841064,0.07647555321455,raise_a_suilen,245.67,,6.65,164,DRIVE US CRAZY,raise_a_suilen,245.67,,0.592006,164.0,DRIVE US CRAZY,0.9994489550590516,0.7232709527015686,0.999989688396454,0.1958805173635482,raise_a_suilen,0.0009347302257083,0.0005437950603663,0.0024160074535757,0.0101150767877697,245.67,,1.46,123.0,-18.42,5.0,DRIVE US CRAZY,raise_a_suilen,245.66666666666663,,490,DRIVE US CRAZY,0.0467623174190521,0.005026573780924,0.1896046996116638,0.0801403522491455,,20,0.0451017600829578,medium
498,raise_a_suilen,!NVADE SHOW!,raise_a_suilen,750.0,0.35,80.74951171875,171.4285714285603,265.48,,20.79,False,!NVADE SHOW!,raise_a_suilen,265.67,,C#,C#,0.345,False,minor,major,True,False,!NVADE SHOW!,raise_a_suilen,major,!NVADE SHOW!,raise_a_suilen,265.67,,3.62,3.042994499206543,-9.832154728704223,0,!NVADE SHOW!,-9.890369415283203,-11.612287521362305,-8.569293022155762,3.62326979637146,6.647578239440918,5.824051856994629,7.326725482940674,0.6243645548820496,raise_a_suilen,265.666625,,177,!NVADE SHOW!,raise_a_suilen,265.67,,7.09,177,!NVADE SHOW!,5.3383,4.2677,6.088,0.6978,raise_a_suilen,1.0206142663955688,0.1793,0.9798020720481871,,265.67,,!NVADE SHOW!,1.9950128262280487e-05,5.798952429358906e-07,0.0029056379571557,0.0744291692972183,raise_a_suilen,265.67,,7.49,177,!NVADE SHOW!,raise_a_suilen,265.67,,0.593934,177.0,!NVADE SHOW!,0.9999802112579346,0.9069578647613524,0.9999990463256836,0.1181210651993751,raise_a_suilen,0.0009058147552423,0.0005968860932625,0.0015899128047749,0.0017621016595512,265.67,,1.68,133.0,-17.71,5.0,!NVADE SHOW!,raise_a_suilen,265.6666666666667,,530,!NVADE SHOW!,0.0684507861733436,0.0070603969506919,0.2109811305999755,0.0842471048235893,,17,0.0649686272766133,fast
499,raise_a_suilen,REIGNING,raise_a_suilen,757.0,0.33,117.45383522727272,181.81818181818275,249.25,,19.46,False,REIGNING,raise_a_suilen,249.4,,F,F,0.796,False,major,major,False,False,REIGNING,raise_a_suilen,major,REIGNING,raise_a_suilen,249.4,,2.72,5.21248722076416,-9.62594417157021,0,REIGNING,-9.47004222869873,-13.864335060119627,-8.651847839355469,5.846593856811523,6.578500270843506,5.022568702697754,7.5644683837890625,0.9900519847869872,raise_a_suilen,249.4,,166,REIGNING,raise_a_suilen,249.4,,6.83,166,REIGNING,4.961,4.1567,5.8122,0.6507,raise_a_suilen,0.9858638644218444,0.1079,1.014338731765747,,249.4,,REIGNING,9.061419405043123e-06,6.085547283873893e-07,0.0754198879003524,0.2219434380531311,raise_a_suilen,249.4,,6.68,166,REIGNING,raise_a_suilen,249.4,,0.681161,166.0,REIGNING,0.9992656111717224,0.8622300624847412,0.9999954104423524,0.2340147048234939,raise_a_suilen,0.0008676914148963,0.0004827701777685,0.0020007884595543,0.000835545361042,249.4,,1.59,125.0,-21.47,5.0,REIGNING,raise_a_suilen,249.4,,497,REIGNING,0.0433743745088577,0.0051744007505476,0.1977824121713638,0.0878097563982009,,39,0.1477947072975139,fast
500,raise_a_suilen,EXPOSE ‘Burn out!!!’,raise_a_suilen,898.0,0.32,117.45383522727272,187.500000000004,283.43,,22.39,False,EXPOSE ‘Burn out!!!’,raise_a_suilen,283.74,,C,C,0.865,False,minor,minor,False,False,EXPOSE ‘Burn out!!!’,raise_a_suilen,minor,EXPOSE ‘Burn out!!!’,raise_a_suilen,283.74,,3.59,3.7510251998901367,-10.103760074928392,0,EXPOSE ‘Burn out!!!’,-10.081113815307615,-12.482565879821776,-8.73154067993164,1.5455471277236938,6.858577251434326,6.269753456115723,7.588718414306641,0.5039703845977783,raise_a_suilen,283.735625,,189,EXPOSE ‘Burn out!!!’,raise_a_suilen,283.74,,7.25,189,EXPOSE ‘Burn out!!!’,5.6169,4.5776,6.3309,0.8075,raise_a_suilen,1.023522973060608,0.1884,0.9770176410675048,,283.74,,EXPOSE ‘Burn out!!!’,3.4739816783258e-06,1.158187927785548e-07,9.845289605436848e-05,0.0148797603324055,raise_a_suilen,283.74,,7.28,189,EXPOSE ‘Burn out!!!’,raise_a_suilen,283.74,,0.631441,189.0,EXPOSE ‘Burn out!!!’,0.9998038411140442,0.9326183199882508,0.9999966621398926,0.1197156459093093,raise_a_suilen,0.0008829336147755,0.0004684298764914,0.001910867751576,0.0013861214974895,283.74,,1.71,142.0,-19.81,5.0,EXPOSE ‘Burn out!!!’,raise_a_suilen,283.7356462585034,,566,EXPOSE ‘Burn out!!!’,0.0687247365713119,0.0108377821743488,0.2274135053157806,0.087903968989849,,44,0.0771140388169444,fast
501,raise_a_suilen,R・I・O・T,raise_a_suilen,702.0,0.43,135.99917763157896,139.53488372093034,301.02,,23.05,False,R・I・O・T,raise_a_suilen,301.5,,G,G,0.706,False,minor,minor,False,False,R・I・O・T,raise_a_suilen,minor,R・I・O・T,raise_a_suilen,301.5,,2.94,3.071439743041992,-10.809123471797047,0,R・I・O・T,-10.857240676879885,-12.684222221374512,-9.61278247833252,4.282467842102051,7.002654075622559,6.18463659286499,7.850513935089111,0.6701757907867432,raise_a_suilen,301.5,,201,R・I・O・T,raise_a_suilen,301.5,,9.13,201,R・I・O・T,5.279,4.3829,6.0652,0.6507,raise_a_suilen,1.0642409324645996,0.3404,0.939637005329132,,301.5,,R・I・O・T,6.136738193163183e-06,8.043384980283008e-08,0.0017413683235645,0.0987568646669387,raise_a_suilen,301.5,,8.64,201,R・I・O・T,raise_a_suilen,301.5,,0.64846,201.0,R・I・O・T,0.9998763799667358,0.9695875644683838,0.9999994039535522,0.1296430677175521,raise_a_suilen,0.0010472534922882,0.0005114053492434,0.002134546637535,0.0011586268665269,301.5,,1.72,151.0,-21.33,5.0,R・I・O・T,raise_a_suilen,301.5,,602,R・I・O・T,0.0559918656945228,0.0061784093268215,0.2277421951293945,0.095380961894989,,22,0.0664676616915421,medium
502,raise_a_suilen,V.I.P MONSTER,raise_a_suilen,694.0,0.35,112.34714673913044,171.4285714285742,241.59,,17.92,False,V.I.P MONSTER,raise_a_suilen,241.9,,D,D,0.726,False,minor,minor,False,False,V.I.P MONSTER,raise_a_suilen,minor,V.I.P MONSTER,raise_a_suilen,241.9,,2.3,5.11460018157959,-10.418215190995909,0,V.I.P MONSTER,-10.57227897644043,-14.162229537963867,-9.047629356384276,3.172645568847656,6.731639385223389,5.884547233581543,7.454718589782715,0.6804395318031311,raise_a_suilen,241.9,,161,V.I.P MONSTER,raise_a_suilen,241.9,,6.32,161,V.I.P MONSTER,4.5337,3.4759,5.5905,0.8328,raise_a_suilen,1.1557002067565918,0.7204,0.8652762770652771,,241.9,,V.I.P MONSTER,7.023711532383459e-07,4.312774581904932e-09,0.0003285100101493,0.0482496134936809,raise_a_suilen,241.9,,6.16,161,V.I.P MONSTER,raise_a_suilen,241.9,,0.775753,161.0,V.I.P MONSTER,0.9979268312454224,0.5755194425582886,0.9999722242355348,0.2335533052682876,raise_a_suilen,0.0007921520736999,0.0004443081852514,0.0015742877731099,0.0005824834806844,241.9,,1.44,121.0,-21.81,5.0,V.I.P MONSTER,raise_a_suilen,241.9,,482,V.I.P MONSTER,0.0867059528827667,0.0141164781525731,0.2703140079975128,0.1045204997062683,,52,0.0938404299297231,fast
503,raise_a_suilen,mind of Prominence,raise_a_suilen,833.0,0.32,172.265625,187.500000000004,266.02,,20.67,False,mind of Prominence,raise_a_suilen,266.23,,Ab,A#,0.46,True,major,minor,False,False,mind of Prominence,raise_a_suilen,minor,mind of Prominence,raise_a_suilen,266.23,,2.94,2.4384307861328125,-9.806558861787998,0,mind of Prominence,-9.787513732910156,-11.314151763916016,-8.875720977783203,4.08889627456665,6.7941741943359375,6.271741390228272,7.482727527618408,0.5212735533714294,raise_a_suilen,266.2333125,,177,mind of Prominence,raise_a_suilen,266.23,,7.18,177,mind of Prominence,4.7612,3.7786,5.6953,0.7479,raise_a_suilen,1.1624176502227783,0.7432,0.8602758646011353,,266.23,,mind of Prominence,3.891690084856236e-06,8.452635569256017e-08,9.408737241756172e-05,0.0096703581511974,raise_a_suilen,266.23,,7.25,177,mind of Prominence,raise_a_suilen,266.23,,0.693819,177.0,mind of Prominence,0.9996286630630492,0.8746885061264038,0.9999797344207764,0.1178775206208229,raise_a_suilen,,,,,,,1.69,,-18.31,5.0,mind of Prominence,raise_a_suilen,266.2333333333333,,531,mind of Prominence,0.0660837739706039,0.0057803764939308,0.2763680815696716,0.1075994819402694,,33,0.0664830245268836,fast
504,raise_a_suilen,Ray of hope,raise_a_suilen,404.0,0.47,123.046875,127.6595744680854,190.45,,14.51,False,Ray of hope,raise_a_suilen,190.77,,D,D,0.525,False,minor,minor,False,False,Ray of hope,raise_a_suilen,minor,Ray of hope,raise_a_suilen,190.77,,1.81,4.853482246398926,-11.662117955327956,0,Ray of hope,-11.584476470947266,-15.088094711303713,-10.234612464904783,3.905677556991577,6.511424541473389,5.032929420471191,7.242981910705566,1.0376007556915283,raise_a_suilen,190.766625,,127,Ray of hope,raise_a_suilen,190.77,,5.85,127,Ray of hope,4.7741,3.8358,5.7352,0.7354,raise_a_suilen,1.0841761827468872,0.4255,0.9223593473434448,,190.77,,Ray of hope,1.194863307318883e-05,8.63453465171915e-07,0.0016928210388869,0.0196270775049924,raise_a_suilen,190.77,,5.44,127,Ray of hope,raise_a_suilen,190.77,,0.719303,127.0,Ray of hope,0.9998045563697816,0.6492611765861511,0.9999973177909852,0.25932377576828,raise_a_suilen,0.0009748096927069,0.0004781778261531,0.0021120812743902,0.0011541554704308,190.77,,1.21,96.0,-22.06,5.0,Ray of hope,raise_a_suilen,190.76666666666668,,380,Ray of hope,0.083193153142929,0.0114334970712661,0.2595306932926178,0.1012453585863113,,24,0.2222610276230748,medium
505,raise_a_suilen,EXIST,raise_a_suilen,555.0,0.43,69.83741554054055,139.53488372093034,237.99,,18.25,False,EXIST,raise_a_suilen,238.47,,C,G,0.517,True,minor,major,False,True,EXIST,raise_a_suilen,major,EXIST,raise_a_suilen,238.47,,2.5,4.60672664642334,-10.26263933085808,0,EXIST,-10.132194519042969,-13.4453763961792,-8.83864974975586,3.7672274112701416,6.616123676300049,5.146945476531982,7.582021713256836,0.9485161900520324,raise_a_suilen,238.466625,,159,EXIST,raise_a_suilen,238.47,,6.74,159,EXIST,5.1048,3.9929,5.9994,0.7579,raise_a_suilen,1.0715713500976562,0.3693,0.9332090020179749,,238.47,,EXIST,0.0001270711363758,3.839485543721821e-06,0.5876450538635254,0.2607356011867523,raise_a_suilen,238.47,,6.47,159,EXIST,raise_a_suilen,238.47,,0.580948,159.0,EXIST,0.9980884194374084,0.7341254353523254,0.9999886751174928,0.1863530427217483,raise_a_suilen,0.0009708497091196,0.000510818848852,0.0016437072772532,0.0005864337435923,238.47,,1.51,120.0,-20.36,5.0,EXIST,raise_a_suilen,238.46666666666667,,475,EXIST,0.0529866963624954,0.0058938064612448,0.2219315469264984,0.0858693867921829,,36,0.1353648190378791,medium
506,raise_a_suilen,Sacred world,raise_a_suilen,709.0,0.42,215.33203125,142.85714285713743,300.36,,23.7,False,Sacred world,raise_a_suilen,300.83,,B,F#,0.429,True,major,minor,False,True,Sacred world,raise_a_suilen,minor,Sacred world,raise_a_suilen,300.83,,3.06,2.766307830810547,-9.430990347394008,0,Sacred world,-9.301130294799805,-11.09743595123291,-8.331128120422363,4.357222080230713,7.083023548126221,6.360278129577637,7.934645652770996,0.7110792994499207,raise_a_suilen,300.8333125,,201,Sacred world,raise_a_suilen,300.83,,8.42,201,Sacred world,5.5771,4.5539,6.3415,0.7822,raise_a_suilen,1.0939792394638062,0.4635,0.9140939712524414,,300.83,,Sacred world,9.261875675292686e-05,2.335179260626319e-06,0.0193310603499412,0.0270621627569198,raise_a_suilen,300.83,,8.56,201,Sacred world,raise_a_suilen,300.83,,0.589031,201.0,Sacred world,0.9999696016311646,0.9466950297355652,0.9999992847442628,0.1478786319494247,raise_a_suilen,0.0009960690513253,0.0004507414705585,0.0016106696566566,0.0006612094584852,300.83,,1.88,151.0,-17.77,5.0,Sacred world,raise_a_suilen,300.8333333333333,,600,Sacred world,0.0680553242564201,0.0112234577536582,0.2335877865552902,0.0920216739177703,,19,0.0664819852518024,medium
507,raise_a_suilen,-N-E-M-E-S-I-S-,raise_a_suilen,645.0,0.41,135.99917763157896,146.34146341463284,267.33,,21.16,False,-N-E-M-E-S-I-S-,raise_a_suilen,267.8,,Eb,F#,0.43,True,minor,major,False,False,-N-E-M-E-S-I-S-,raise_a_suilen,major,-N-E-M-E-S-I-S-,raise_a_suilen,267.8,,4.2,1.953409194946289,-10.639711756968502,0,-N-E-M-E-S-I-S-,-10.696425437927246,-11.60552215576172,-9.65211296081543,3.054126977920532,6.739805221557617,5.647858142852783,7.555627822875977,0.7378729581832886,raise_a_suilen,267.8,,178,-N-E-M-E-S-I-S-,raise_a_suilen,267.8,,7.12,178,-N-E-M-E-S-I-S-,4.4186,2.9817,5.2662,0.9476,raise_a_suilen,1.1315401792526243,0.6292,0.8837513327598572,,267.8,,-N-E-M-E-S-I-S-,2.308908051418257e-07,4.475158910111077e-09,5.380439688451588e-05,0.0065720663405954,raise_a_suilen,267.8,,7.95,178,-N-E-M-E-S-I-S-,raise_a_suilen,267.8,,0.733153,178.0,-N-E-M-E-S-I-S-,0.9990444183349608,0.6163076162338257,0.9999909996986388,0.1880402565002441,raise_a_suilen,0.0011507289018481,0.0005756538594141,0.0026972070336341,0.0022534776944667,267.8,,1.68,134.0,-18.18,5.0,-N-E-M-E-S-I-S-,raise_a_suilen,267.8,,534,-N-E-M-E-S-I-S-,0.0651387572288513,0.0078332545235753,0.2252948433160781,0.0928781554102897,,42,0.0578043315907393,medium
508,raise_a_suilen,DANCING DARING,raise_a_suilen,674.0,0.32,129.19921875,187.500000000004,214.86,,16.02,False,DANCING DARING,raise_a_suilen,215.07,,D,A,0.43,True,minor,minor,False,True,DANCING DARING,raise_a_suilen,minor,DANCING DARING,raise_a_suilen,215.07,,2.36,1.7508487701416016,-9.304248789692782,0,DANCING DARING,-9.154760360717772,-10.320446014404297,-8.569597244262695,0.7946415543556213,6.745158672332764,6.009504318237305,7.308590888977051,0.540604829788208,raise_a_suilen,215.066625,,143,DANCING DARING,raise_a_suilen,215.07,,5.66,143,DANCING DARING,5.1895,3.9699,6.0915,0.8341,raise_a_suilen,1.162851095199585,0.7447,0.859955370426178,,215.07,,DANCING DARING,1.616451845620759e-05,1.1496939578137245e-07,0.000906249100808,0.027516733855009,raise_a_suilen,215.07,,5.95,143,DANCING DARING,raise_a_suilen,215.07,,0.718973,143.0,DANCING DARING,0.9999061822891236,0.7424411773681641,0.9999954700469972,0.1412178426980972,raise_a_suilen,0.0008975293603725,0.0004778756992891,0.0017427765997126,0.0005029228632338,215.07,,1.35,108.0,-16.65,5.0,DANCING DARING,raise_a_suilen,215.06666666666663,,429,DANCING DARING,0.067702904343605,0.0086067579686641,0.2193584591150283,0.0900195017457008,,26,0.1212647123697387,fast
509,raise_a_suilen,BATTLE CRY,raise_a_suilen,734.0,0.32,117.45383522727272,187.500000000004,234.23,,18.47,False,BATTLE CRY,raise_a_suilen,234.37,,C,C,0.478,False,major,minor,True,True,BATTLE CRY,raise_a_suilen,minor,BATTLE CRY,raise_a_suilen,234.37,,2.71,1.4557428359985352,-9.90248913365128,0,BATTLE CRY,-9.98595905303955,-10.645472526550291,-9.189729690551758,3.904705762863159,6.712718963623047,6.066009998321533,7.276644706726074,0.4828887581825256,raise_a_suilen,234.366625,,156,BATTLE CRY,raise_a_suilen,234.37,,6.26,156,BATTLE CRY,4.9833,3.9485,5.9338,0.7762,raise_a_suilen,1.096522569656372,0.4772,0.9119738340377808,,234.37,,BATTLE CRY,6.609101319554611e-07,8.344938962068227e-09,7.344436016865075e-05,0.0037779086269438,raise_a_suilen,234.37,,6.81,156,BATTLE CRY,raise_a_suilen,234.37,,0.735905,156.0,BATTLE CRY,0.9992541074752808,0.8096741437911987,0.9999712705612184,0.1793352216482162,raise_a_suilen,0.0009808572940528,0.000560964399483,0.0017423616955056,0.0007067048572935,234.37,,1.48,118.0,-16.68,5.0,BATTLE CRY,raise_a_suilen,234.36666666666667,,467,BATTLE CRY,0.0568148083984851,0.0076714106835424,0.2118103802204132,0.0918816924095153,,51,0.0674157243443567,fast
510,raise_a_suilen,Domination to world,raise_a_suilen,860.0,0.3,75.99954044117646,200.0000000000001,257.9,,20.31,False,Domination to world,raise_a_suilen,258.2,,D,A,0.467,True,minor,minor,False,True,Domination to world,raise_a_suilen,minor,Domination to world,raise_a_suilen,258.2,,2.6,1.9239530563354488,-8.999244161893499,0,Domination to world,-8.829425811767578,-10.171626091003418,-8.247673034667969,1.212555170059204,6.591671943664551,5.887117862701416,7.060472011566162,0.4825307428836822,raise_a_suilen,258.2,,172,Domination to world,raise_a_suilen,258.2,,6.82,172,Domination to world,4.6297,3.3981,5.6301,0.8336,raise_a_suilen,1.1575431823730469,0.7234,0.8638986349105835,,258.2,,Domination to world,8.988909939944278e-06,9.314683779848565e-08,0.0039986078627407,0.0178636647760868,raise_a_suilen,258.2,,6.78,172,Domination to world,raise_a_suilen,258.2,,0.672889,172.0,Domination to world,0.9994895458221436,0.7175644040107727,0.9999964237213136,0.1912197917699813,raise_a_suilen,,,,,,,1.63,,-16.77,5.0,Domination to world,raise_a_suilen,258.2,,515,Domination to world,0.0511225536465644,0.0059971949085593,0.210426315665245,0.0877395570278167,,26,0.0,fast
511,raise_a_suilen,THE WAY OF LIFE,raise_a_suilen,677.0,0.35,172.265625,171.4285714285707,237.96,,18.41,False,THE WAY OF LIFE,raise_a_suilen,238.2,,G,G,0.905,False,minor,minor,False,False,THE WAY OF LIFE,raise_a_suilen,minor,THE WAY OF LIFE,raise_a_suilen,238.2,,2.94,3.6168951988220215,-8.95631735174009,0,THE WAY OF LIFE,-8.777533531188965,-11.461640357971191,-7.84474515914917,5.546139717102051,6.96199893951416,5.982065200805664,7.600085735321045,0.7628693580627441,raise_a_suilen,238.2,,159,THE WAY OF LIFE,raise_a_suilen,238.2,,6.35,159,THE WAY OF LIFE,5.2626,4.3792,6.1884,0.7338,raise_a_suilen,1.058618426322937,0.3161,0.944627285003662,,238.2,,THE WAY OF LIFE,5.690146281267516e-06,2.1254548698834697e-07,0.0001144712878158,0.0529363267123699,raise_a_suilen,238.2,,6.68,159,THE WAY OF LIFE,raise_a_suilen,238.2,,0.739149,159.0,THE WAY OF LIFE,0.9997010827064514,0.9158170223236084,0.9999850988388062,0.1523637771606445,raise_a_suilen,,,,,,,1.53,,-19.8,5.0,THE WAY OF LIFE,raise_a_suilen,238.2,,475,THE WAY OF LIFE,0.0902999192476272,0.0110328150913119,0.2805419564247131,0.1168295815587043,,34,0.1471032745591939,fast
512,raise_a_suilen,灼熱 Bonfire!,raise_a_suilen,578.0,0.39,151.99908088235293,153.8461538461536,224.34,,17.78,False,灼熱 Bonfire!,raise_a_suilen,224.8,,Ab,C,0.711,True,major,minor,False,False,灼熱 Bonfire!,raise_a_suilen,minor,灼熱 Bonfire!,raise_a_suilen,224.8,,3.1,2.300168991088867,-9.093648539423835,0,灼熱 Bonfire!,-8.858572959899902,-10.566075325012209,-8.26590633392334,3.95298171043396,6.905470371246338,6.160995006561279,7.427474021911621,0.6134099364280701,raise_a_suilen,224.8,,150,灼熱 Bonfire!,raise_a_suilen,224.8,,4.87,150,灼熱 Bonfire!,5.1275,4.1808,5.9445,0.7676,raise_a_suilen,1.0846998691558838,0.4286,0.921914041042328,,224.8,,灼熱 Bonfire!,5.0115049816668034e-05,8.714811770005326e-07,0.0016027122037485,0.0092760445550084,raise_a_suilen,224.8,,5.78,150,灼熱 Bonfire!,raise_a_suilen,224.8,,0.67467,150.0,灼熱 Bonfire!,0.99903666973114,0.9178161025047302,0.9999899864196776,0.1164981052279472,raise_a_suilen,0.0009427351760677,0.0005208630464039,0.0019614344928413,0.0014552435604855,224.8,,1.42,113.0,-18.05,5.0,灼熱 Bonfire!,raise_a_suilen,224.8,,448,灼熱 Bonfire!,0.0839869901537895,0.0125769302248954,0.2653989195823669,0.0978534966707229,,28,0.1638790035587188,medium
513,raise_a_suilen,Repaint,raise_a_suilen,768.0,0.29,135.99917763157896,206.89655172413347,234.3,,18.59,False,Repaint,raise_a_suilen,234.6,,Eb,C#,0.163,True,minor,major,False,False,Repaint,raise_a_suilen,major,Repaint,raise_a_suilen,234.6,,2.77,7.106066703796387,-10.334878281606004,0,Repaint,-11.03575611114502,-15.370820045471191,-8.264753341674805,5.654319763183594,6.982966423034668,5.775603771209717,7.684858322143555,0.7995253801345825,raise_a_suilen,234.6,,156,Repaint,raise_a_suilen,234.6,,5.55,156,Repaint,5.6732,4.7505,6.6094,0.7643,raise_a_suilen,1.0312799215316772,0.2188,0.9696689248085022,,234.6,,Repaint,4.427211388247088e-05,2.7131147817272e-07,0.0016162022948265,0.0110163139179348,raise_a_suilen,234.6,,5.89,156,Repaint,raise_a_suilen,234.6,,0.680564,156.0,Repaint,0.9793497323989868,0.0279709119349718,0.9999891519546508,0.4034667313098907,raise_a_suilen,0.0006201945943757,0.0003890472871717,0.0027381672989577,0.0026317713782191,234.6,,1.28,118.0,-23.38,5.0,Repaint,raise_a_suilen,234.6,,468,Repaint,0.0456842146813869,0.005866358987987,0.227535992860794,0.0928589180111885,,26,0.0610400682011934,fast
514,raise_a_suilen,Life on the Lotus,raise_a_suilen,409.0,0.59,135.99917763157896,101.6949152542367,242.73,,18.4,False,Life on the Lotus,raise_a_suilen,243.33,,B,B,0.472,False,minor,minor,False,False,Life on the Lotus,raise_a_suilen,minor,Life on the Lotus,raise_a_suilen,243.33,,2.8,7.142940521240234,-10.982697783794434,0,Life on the Lotus,-10.803670883178713,-16.615522384643555,-9.47258186340332,7.088303089141846,6.437144756317139,4.455191612243652,7.145405292510986,0.976225197315216,raise_a_suilen,243.3333125,,162,Life on the Lotus,raise_a_suilen,243.33,,5.96,162,Life on the Lotus,4.7336,3.5071,5.8628,0.9253,raise_a_suilen,1.031125545501709,0.2173,0.9698140025138856,,243.33,,Life on the Lotus,5.062411673861789e-06,2.229284845611801e-08,0.0106372218579053,0.115688681602478,raise_a_suilen,243.33,,5.48,162,Life on the Lotus,raise_a_suilen,243.33,,0.734093,162.0,Life on the Lotus,0.9986684322357178,0.1714431643486023,0.999988615512848,0.3314289450645447,raise_a_suilen,0.0008728980319574,0.0003676030319184,0.0015878956764936,0.0021163148339837,243.33,,1.16,122.0,-23.96,5.0,Life on the Lotus,raise_a_suilen,243.3333333333333,,485,Life on the Lotus,0.06772942841053,0.0070134657435119,0.2569081783294678,0.1035058870911598,,42,0.1141643640129514,medium
515,raise_a_suilen,CORUSCATE -DNA-,raise_a_suilen,858.0,0.4,95.703125,149.99999999999787,286.96,,22.23,True,CORUSCATE -DNA-,raise_a_suilen,287.43,,C,G,0.364,True,minor,minor,False,True,CORUSCATE -DNA-,raise_a_suilen,minor,CORUSCATE -DNA-,raise_a_suilen,287.43,,3.25,2.4991331100463867,-10.261728635052345,0,CORUSCATE -DNA-,-10.080653190612791,-11.79950714111328,-9.300374031066896,5.030542850494385,7.1093292236328125,6.130937576293945,7.772538661956787,0.6915600299835205,raise_a_suilen,287.4333125,,192,CORUSCATE -DNA-,raise_a_suilen,287.43,,7.48,192,CORUSCATE -DNA-,5.3959,4.3411,6.1477,0.7103,raise_a_suilen,1.1921665668487549,0.8298,0.8388088941574097,,287.43,,CORUSCATE -DNA-,7.362371434282977e-06,3.514145419103443e-07,0.0010235192021355,0.069795548915863,raise_a_suilen,287.43,,7.7,192,CORUSCATE -DNA-,raise_a_suilen,287.43,,0.692061,192.0,CORUSCATE -DNA-,0.9997951984405518,0.934291124343872,0.9999921917915344,0.1365708857774734,raise_a_suilen,0.0008526323363184,0.0004596135404426,0.0020545115694403,0.0015150385443121,287.43,,1.51,144.0,-18.03,5.0,CORUSCATE -DNA-,raise_a_suilen,287.43333333333334,,573,CORUSCATE -DNA-,0.0701265558600425,0.0061210850253701,0.2462389022111892,0.0991582125425338,,33,0.099431737876647,medium
516,raise_a_suilen,That Is How I Roll!,raise_a_suilen,801.0,0.33,184.5703125,181.8181818181749,265.56,,20.66,False,That Is How I Roll!,raise_a_suilen,265.87,,A,B,0.604,True,major,minor,False,False,That Is How I Roll!,raise_a_suilen,minor,That Is How I Roll!,raise_a_suilen,265.87,,2.4,3.309709548950196,-9.523362287025956,0,That Is How I Roll!,-9.443379402160645,-11.56613540649414,-8.256425857543945,2.065941095352173,7.06684684753418,6.19820499420166,7.728119373321533,0.6196387410163879,raise_a_suilen,265.866625,,177,That Is How I Roll!,raise_a_suilen,265.87,,6.97,177,That Is How I Roll!,5.9861,4.7359,6.7224,0.7456,raise_a_suilen,1.1459736824035645,0.6869,0.8726204037666321,,265.87,,That Is How I Roll!,2.5660678147687577e-05,6.942924528630101e-07,0.0013218163512647,0.0238843597471714,raise_a_suilen,265.87,,7.61,177,That Is How I Roll!,raise_a_suilen,265.87,,0.653003,177.0,That Is How I Roll!,0.9987311959266664,0.8619042634963989,0.9999587535858154,0.1308522969484329,raise_a_suilen,0.0015647906111553,0.0006840126006864,0.0042411019094288,0.0074476916342973,265.87,,1.53,133.0,-18.12,5.0,That Is How I Roll!,raise_a_suilen,265.8666666666667,,530,That Is How I Roll!,0.070602923631668,0.0097845662385225,0.2198586165904998,0.0891192480921745,,66,0.1181043036841536,fast
517,raise_a_suilen,しゅわりん☆どり～みん,raise_a_suilen,740.0,0.34,107.666015625,176.47058823529235,265.27,,20.95,False,しゅわりん☆どり～みん,raise_a_suilen,265.34,,Ab,G#,0.511,True,major,major,False,True,しゅわりん☆どり～みん,raise_a_suilen,major,しゅわりん☆どり～みん,raise_a_suilen,265.34,,3.46,7.454291343688965,-11.695915902393317,0,しゅわりん☆どり～みん,-11.496053695678713,-17.64577293395996,-10.191481590270996,3.824793100357056,6.6251091957092285,4.929672718048096,7.621717929840088,1.0144349336624146,raise_a_suilen,265.3419375,,177,しゅわりん☆どり～みん,raise_a_suilen,265.34,,7.41,177,しゅわりん☆どり～みん,6.208,5.0068,7.0303,0.7989,raise_a_suilen,1.1698395013809204,0.766,0.8548180460929871,,265.34,,しゅわりん☆どり～みん,6.552603008458391e-05,2.585857146186754e-06,0.0168090127408504,0.085604228079319,raise_a_suilen,265.34,,7.69,177,しゅわりん☆どり～みん,raise_a_suilen,265.34,,0.598301,177.0,しゅわりん☆どり～みん,0.9983214735984802,0.750989556312561,0.9999873042106628,0.1798777729272842,raise_a_suilen,0.0011816397309303,0.0004095764597877,0.0060276868753135,0.0172824449837207,265.34,,1.67,133.0,-27.36,5.0,しゅわりん☆どり～みん,raise_a_suilen,265.3419501133787,,529,しゅわりん☆どり～みん,0.0911251232028007,0.0151866497471928,0.2516975998878479,0.0926677510142326,,41,0.0535912269804692,fast
518,raise_a_suilen,パスパレボリューションず☆,raise_a_suilen,673.0,0.34,143.5546875,176.47058823529235,231.46,,17.92,False,パスパレボリューションず☆,raise_a_suilen,231.72,,F#,F#,0.4,False,minor,major,True,False,パスパレボリューションず☆,raise_a_suilen,major,パスパレボリューションず☆,raise_a_suilen,231.72,,2.33,3.609696388244629,-11.124309338644018,0,パスパレボリューションず☆,-11.05255889892578,-13.30287265777588,-9.69317626953125,2.780607223510742,6.867666244506836,5.733415603637695,7.737637996673584,0.8992284536361694,raise_a_suilen,231.72475,,154,パスパレボリューションず☆,raise_a_suilen,231.72,,6.84,154,パスパレボリューションず☆,6.388,5.6187,6.9611,0.603,raise_a_suilen,1.1915395259857178,0.8283,0.8392503261566162,,231.72,,パスパレボリューションず☆,9.09496593521908e-05,5.232184321357636e-06,0.005647400394082,0.1437212079763412,raise_a_suilen,231.72,,6.79,154,パスパレボリューションず☆,raise_a_suilen,231.72,,0.571584,154.0,パスパレボリューションず☆,0.9994733333587646,0.918078064918518,0.9999876022338868,0.1320214420557022,raise_a_suilen,0.0011412005405873,0.0005123388255015,0.002031649230048,0.0074278526008129,231.72,,1.43,116.0,-21.21,5.0,パスパレボリューションず☆,raise_a_suilen,231.7247619047619,,462,パスパレボリューションず☆,0.0828049480915069,0.0139293996617197,0.2546702623367309,0.0984834432601928,,35,0.0119969921210401,fast
519,raise_a_suilen,えがおのオーケストラっ！,raise_a_suilen,587.0,0.44,161.4990234375,136.36363636363706,255.14,,20.73,False,えがおのオーケストラっ！,raise_a_suilen,255.57,,Bb,A#,0.774,True,major,major,False,False,えがおのオーケストラっ！,raise_a_suilen,major,えがおのオーケストラっ！,raise_a_suilen,255.57,,2.92,7.40523624420166,-13.022050411024084,0,えがおのオーケストラっ！,-13.61402416229248,-18.06978988647461,-10.66455364227295,3.6514217853546143,6.720114707946777,4.883440971374512,7.645092010498047,1.0566257238388062,raise_a_suilen,255.566625,,170,えがおのオーケストラっ！,raise_a_suilen,255.57,,6.35,170,えがおのオーケストラっ！,6.2103,4.6518,6.7588,0.7945,raise_a_suilen,1.1510788202285769,0.7036,0.8687502145767212,,255.57,,えがおのオーケストラっ！,0.0087257921695709,0.0001883399527287,0.1593267768621444,0.1677262336015701,raise_a_suilen,255.57,,6.89,170,えがおのオーケストラっ！,raise_a_suilen,255.57,,0.6078,170.0,えがおのオーケストラっ！,0.9995473623275756,0.8896065950393677,0.9999926686286926,0.169573113322258,raise_a_suilen,0.0008989912457764,0.0003584204532671,0.0025308874901384,0.0117675689980387,255.57,,1.33,128.0,-27.84,5.0,えがおのオーケストラっ！,raise_a_suilen,255.56666666666663,,510,えがおのオーケストラっ！,0.111686386168003,0.0221198312938213,0.2508423924446106,0.0910724177956581,,63,0.1788182976703488,medium
520,raise_a_suilen,Don't be afraid!,raise_a_suilen,410.0,0.33,161.4990234375,181.8181818181749,143.61,,10.86,False,Don't be afraid!,raise_a_suilen,143.9,,Ab,A#,0.322,True,major,minor,False,True,Don't be afraid!,raise_a_suilen,minor,Don't be afraid!,raise_a_suilen,143.9,,2.15,9.69633960723877,-12.2274857191362,0,Don't be afraid!,-12.47879123687744,-20.34991836547852,-10.653578758239746,5.433736801147461,6.832761764526367,4.457677364349365,7.535723686218262,1.0817996263504028,raise_a_suilen,143.9,,95,Don't be afraid!,raise_a_suilen,143.9,,3.83,95,Don't be afraid!,6.0103,4.5914,6.8971,0.8723,raise_a_suilen,1.081790328025818,0.4134,0.9243936538696288,,143.9,,Don't be afraid!,5.3797964937984943e-05,1.171322878690262e-06,0.0218886602669954,0.1063791960477829,raise_a_suilen,143.9,,4.69,95,Don't be afraid!,raise_a_suilen,143.9,,0.755431,95.0,Don't be afraid!,0.9945966005325316,0.6597846746444702,0.9999678134918212,0.1686374843120575,raise_a_suilen,0.0008075552759692,0.0004298847925383,0.0169359222054481,0.0194982457906007,143.9,,0.86,72.0,-32.18,5.0,Don't be afraid!,raise_a_suilen,143.9,,286,Don't be afraid!,0.0668636858463287,0.0092213489115238,0.235081136226654,0.093653954565525,,13,0.1054899235580263,fast
521,raise_a_suilen,ゆら・ゆらRing-Dong-Dance,raise_a_suilen,858.0,0.35,161.4990234375,171.4285714285742,294.56,,23.05,False,ゆら・ゆらRing-Dong-Dance,raise_a_suilen,294.87,,D,D,0.336,False,minor,minor,False,True,ゆら・ゆらRing-Dong-Dance,raise_a_suilen,minor,ゆら・ゆらRing-Dong-Dance,raise_a_suilen,294.87,,4.23,8.524768829345703,-10.115656415116396,0,ゆら・ゆらRing-Dong-Dance,-10.460440635681152,-16.4901180267334,-7.965349197387695,3.6420955657958975,6.974972724914551,5.009040832519531,7.792803287506103,1.0438263416290283,raise_a_suilen,294.866625,,197,ゆら・ゆらRing-Dong-Dance,raise_a_suilen,294.87,,7.97,197,ゆら・ゆらRing-Dong-Dance,5.9914,4.8947,6.545,0.6745,raise_a_suilen,1.077383041381836,0.3875,0.928175151348114,,294.87,,ゆら・ゆらRing-Dong-Dance,0.0001985895942198,3.54205053554324e-06,0.0438705198466777,0.178128644824028,raise_a_suilen,294.87,,8.03,197,ゆら・ゆらRing-Dong-Dance,raise_a_suilen,294.87,,0.553894,197.0,ゆら・ゆらRing-Dong-Dance,0.999437153339386,0.9249524474143982,0.9999902844429016,0.0735761150717735,raise_a_suilen,0.0014634077670052,0.000625712564215,0.0051169302314519,0.0100687826052308,294.87,,1.82,148.0,-24.45,5.0,ゆら・ゆらRing-Dong-Dance,raise_a_suilen,294.8666666666667,,588,ゆら・ゆらRing-Dong-Dance,0.0694770514965057,0.0122915329411625,0.2217201888561248,0.0844096541404724,,40,0.0922450760057459,fast
522,raise_a_suilen,Hey-day狂騒曲(カプリチオ),raise_a_suilen,641.0,0.38,117.45383522727272,157.89473684210716,241.14,,18.64,False,Hey-day狂騒曲(カプリチオ),raise_a_suilen,241.23,,D,G,0.273,True,minor,major,False,True,Hey-day狂騒曲(カプリチオ),raise_a_suilen,major,Hey-day狂騒曲(カプリチオ),raise_a_suilen,241.23,,2.53,3.868595123291016,-10.32546008483514,0,Hey-day狂騒曲(カプリチオ),-10.407219886779783,-12.830509185791016,-8.9619140625,3.9664840698242174,7.428151607513428,6.250831127166748,8.108884811401367,0.9010590314865112,raise_a_suilen,241.2333125,,161,Hey-day狂騒曲(カプリチオ),raise_a_suilen,241.23,,5.57,161,Hey-day狂騒曲(カプリチオ),5.9572,5.2332,7.0034,0.8039,raise_a_suilen,1.1172869205474854,0.5669,0.8950253129005432,,241.23,,Hey-day狂騒曲(カプリチオ),1.1401199117244689e-05,4.168605869381281e-07,0.0021015622187405,0.0762981325387954,raise_a_suilen,241.23,,6.51,161,Hey-day狂騒曲(カプリチオ),raise_a_suilen,241.23,,0.688219,161.0,Hey-day狂騒曲(カプリチオ),0.997436821460724,0.8224145770072937,0.999946117401123,0.1893560588359832,raise_a_suilen,0.0014961645938456,0.0005417703068815,0.0045100408606231,0.018817726522684,241.23,,1.53,121.0,-21.31,5.0,Hey-day狂騒曲(カプリチオ),raise_a_suilen,241.2333333333333,,481,Hey-day狂騒曲(カプリチオ),0.0795702785253524,0.0118408454582095,0.2220065593719482,0.0874470621347427,,46,0.1539587961242924,medium
523,raise_a_suilen,Scarlet Sky,raise_a_suilen,724.0,0.33,161.4990234375,181.8181818181749,246.46,,18.68,False,Scarlet Sky,raise_a_suilen,246.47,,A,A,0.625,False,major,major,False,False,Scarlet Sky,raise_a_suilen,major,Scarlet Sky,raise_a_suilen,246.47,,2.63,3.9564437866210938,-10.470032663521604,0,Scarlet Sky,-10.744121551513672,-12.848888397216797,-8.892444610595703,3.293385982513428,7.100568771362305,6.379573345184326,7.819257259368896,0.7393473982810974,raise_a_suilen,246.466625,,164,Scarlet Sky,raise_a_suilen,246.47,,6.91,164,Scarlet Sky,6.2183,5.5077,6.9274,0.6123,raise_a_suilen,1.1984986066818235,0.8419,0.8343772888183594,,246.47,,Scarlet Sky,1.6173100448213518e-05,9.378489380651444e-07,0.0007186724105849,0.0246053710579872,raise_a_suilen,246.47,,6.49,164,Scarlet Sky,raise_a_suilen,246.47,,0.692702,164.0,Scarlet Sky,0.9975923299789428,0.7226352095603943,0.9999735355377196,0.1723665446043014,raise_a_suilen,0.001109582837671,0.0005258716992102,0.002523016417399,0.0080266306176781,246.47,,1.58,124.0,-19.53,5.0,Scarlet Sky,raise_a_suilen,246.46666666666667,,491,Scarlet Sky,0.068103477358818,0.0103782443329691,0.1940284073352813,0.077794536948204,,24,0.2043278161069942,fast
524,raise_a_suilen,ゴーカ！ごーかい！？ファントムシーフ！,raise_a_suilen,831.0,0.28,172.265625,214.28571428571345,241.82,,18.84,False,ゴーカ！ごーかい！？ファントムシーフ！,raise_a_suilen,242.37,,Ab,G#,0.505,True,minor,minor,False,False,ゴーカ！ごーかい！？ファントムシーフ！,raise_a_suilen,minor,ゴーカ！ごーかい！？ファントムシーフ！,raise_a_suilen,242.37,,2.86,5.750246047973633,-10.891689129639174,0,ゴーカ！ごーかい！？ファントムシーフ！,-11.077991485595703,-15.070361137390137,-9.320115089416504,5.217751502990723,6.762190818786621,5.219396591186523,7.728645324707031,0.9998835921287536,raise_a_suilen,242.366625,,161,ゴーカ！ごーかい！？ファントムシーフ！,raise_a_suilen,242.37,,6.29,161,ゴーカ！ごーかい！？ファントムシーフ！,6.1924,5.0253,6.9269,0.6902,raise_a_suilen,1.1847400665283203,0.81,0.8440669775009155,,242.37,,ゴーカ！ごーかい！？ファントムシーフ！,0.0005124285817146,2.926271918113344e-05,0.0782933756709098,0.0990701913833618,raise_a_suilen,242.37,,6.31,161,ゴーカ！ごーかい！？ファントムシーフ！,raise_a_suilen,242.37,,0.60679,161.0,ゴーカ！ごーかい！？ファントムシーフ！,0.9990776777267456,0.6965456604957581,0.9999778270721436,0.201857790350914,raise_a_suilen,0.0012601818889379,0.0004735652473755,0.0049631237052381,0.0151909524574875,242.37,,1.55,122.0,-25.1,5.0,ゴーカ！ごーかい！？ファントムシーフ！,raise_a_suilen,242.36666666666667,,483,ゴーカ！ごーかい！？ファントムシーフ！,0.0760384202003479,0.0106383115053176,0.2186140865087509,0.0885166674852371,,47,0.0863980121030453,boost
526,raise_a_suilen,That Is How I Roll! (ライブ / アンコール),raise_a_suilen,843.0,0.33,161.4990234375,181.8181818181749,282.74,,21.9,False,That Is How I Roll! (ライブ / アンコール),raise_a_suilen,283.0,,B,B,0.596,False,minor,minor,False,False,That Is How I Roll! (ライブ / アンコール),raise_a_suilen,minor,That Is How I Roll! (ライブ / アンコール),raise_a_suilen,283.0,,2.91,10.530330657958984,-10.161411657662496,0,That Is How I Roll! (ライブ / アンコール),-10.165305137634276,-19.38248443603516,-8.852153778076172,4.65261173248291,7.234505653381348,4.793251514434815,7.928202152252197,1.0873758792877195,raise_a_suilen,283.0,,189,That Is How I Roll! (ライブ / アンコール),raise_a_suilen,283.0,,6.97,189,That Is How I Roll! (ライブ / アンコール),5.8684,4.7308,6.5845,0.7398,raise_a_suilen,1.0350441932678225,0.2356,0.9661422967910768,,283.0,,That Is How I Roll! (ライブ / アンコール),4.611600161297247e-06,1.948676811025507e-07,0.0040145013481378,0.1171012297272682,raise_a_suilen,283.0,,7.19,189,That Is How I Roll! (ライブ / アンコール),raise_a_suilen,283.0,,0.658665,189.0,That Is How I Roll! (ライブ / アンコール),0.997266173362732,0.8420847058296204,0.9998567700386048,0.1113926246762275,raise_a_suilen,0.001546565326862,0.0007131707970984,0.0334845632314682,0.0245008859783411,283.0,,1.8,142.0,-27.15,5.0,That Is How I Roll! (ライブ / アンコール),raise_a_suilen,283.0,,565,That Is How I Roll! (ライブ / アンコール),0.0690058544278144,0.0113246673718094,0.2348683327436447,0.0892649143934249,,56,0.1845229681978799,fast
527,raise_a_suilen,R･I･O･T (ライブ / アンコール),raise_a_suilen,778.0,0.43,151.99908088235293,139.534883720928,347.65,,27.48,False,R･I･O･T (ライブ / アンコール),raise_a_suilen,348.13,,G,G,0.699,False,minor,minor,False,False,R･I･O･T (ライブ / アンコール),raise_a_suilen,minor,R･I･O･T (ライブ / アンコール),raise_a_suilen,348.13,,3.78,8.62346363067627,-10.735656378760051,0,R･I･O･T (ライブ / アンコール),-11.433807373046877,-17.442415237426758,-8.818951606750488,6.95900297164917,7.039297103881836,4.969909191131592,7.82361888885498,1.059719204902649,raise_a_suilen,348.1333125,,232,R･I･O･T (ライブ / アンコール),raise_a_suilen,348.13,,9.12,232,R･I･O･T (ライブ / アンコール),5.5829,4.4363,6.4241,0.7594,raise_a_suilen,1.0473477840423584,0.2675,0.9547925591468812,,348.13,,R･I･O･T (ライブ / アンコール),7.051613010844449e-06,7.758642794897241e-08,0.0357982963323593,0.1387738138437271,raise_a_suilen,348.13,,7.72,232,R･I･O･T (ライブ / アンコール),raise_a_suilen,348.13,,0.642078,232.0,R･I･O･T (ライブ / アンコール),0.99645733833313,0.5797660946846008,0.999986171722412,0.2005802243947982,raise_a_suilen,,,,,,,2.22,,-29.38,5.0,R･I･O･T (ライブ / アンコール),raise_a_suilen,348.1333333333333,,695,R･I･O･T (ライブ / アンコール),0.0698278471827507,0.008721156977117,0.2316532284021377,0.0921661108732223,,72,0.1455189408369709,medium
528,raise_a_suilen,Apocalypse,raise_a_suilen,629.0,0.4,151.99908088235293,149.99999999999787,252.14,,19.56,False,Apocalypse,raise_a_suilen,252.6,,D,D,0.76,False,minor,minor,False,False,Apocalypse,raise_a_suilen,minor,Apocalypse,raise_a_suilen,252.6,,2.94,3.447306632995605,-10.86805219656338,0,Apocalypse,-10.607589721679688,-13.295275688171388,-9.84796905517578,5.799118518829346,6.790621280670166,5.914332866668701,7.556758880615234,0.6166447997093201,raise_a_suilen,252.6,,168,Apocalypse,raise_a_suilen,252.6,,6.74,168,Apocalypse,4.9024,3.7378,6.0542,0.856,raise_a_suilen,1.1108458042144775,0.5365,0.9002151489257812,,252.6,,Apocalypse,8.030891876842361e-06,2.69362061544598e-08,0.0011287874076515,0.0063195507973432,raise_a_suilen,252.6,,6.98,168,Apocalypse,raise_a_suilen,252.6,,0.783055,168.0,Apocalypse,0.9989291429519652,0.9560933709144592,0.9999974966049194,0.1722573190927505,raise_a_suilen,0.0009364705183543,0.0004010025586467,0.0023166961036622,0.0007719825953245,252.6,,1.58,127.0,-20.11,5.0,Apocalypse,raise_a_suilen,252.6,,504,Apocalypse,0.0950293466448783,0.0118838204070925,0.2697850167751312,0.1010883003473281,,34,0.393586698337292,medium
529,raise_a_suilen,TWIN TALE,raise_a_suilen,632.0,0.31,135.99917763157896,193.5483870967728,217.27,,17.31,True,TWIN TALE,raise_a_suilen,217.51,,E,G,0.526,False,minor,major,False,True,TWIN TALE,raise_a_suilen,major,TWIN TALE,raise_a_suilen,217.51,,2.43,2.752547264099121,-9.356601520208836,0,TWIN TALE,-9.197407722473145,-11.286819458007812,-8.534272193908691,5.379789352416992,7.134311676025391,6.324008941650391,7.631867408752441,0.6264016628265381,raise_a_suilen,217.506625,,145,TWIN TALE,raise_a_suilen,217.51,,6.05,145,TWIN TALE,4.9561,3.8114,5.972,0.8273,raise_a_suilen,1.0795406103134155,0.3982,0.9263200163841248,,217.51,,TWIN TALE,2.248271186999773e-07,4.0691632285927434e-09,0.0050642401911318,0.030294083058834,raise_a_suilen,217.51,,5.7,145,TWIN TALE,raise_a_suilen,217.51,,0.761293,145.0,TWIN TALE,0.9998810291290284,0.9752355217933656,0.9999979734420776,0.1133396103978157,raise_a_suilen,0.0008779278141446,0.0004722441954072,0.0016027437523007,0.0005059270188212,217.51,,1.38,109.0,-17.35,5.0,TWIN TALE,raise_a_suilen,217.50666666666663,,434,TWIN TALE,0.0925431922078132,0.0129276663064956,0.2957809567451477,0.1127446442842483,,23,0.1035370464184003,fast
530,raise_a_suilen,STRAY CERBERUS,raise_a_suilen,769.0,0.33,117.45383522727272,181.8181818181749,255.83,,18.87,False,STRAY CERBERUS,raise_a_suilen,256.13,,E,E,0.316,False,minor,minor,False,True,STRAY CERBERUS,raise_a_suilen,minor,STRAY CERBERUS,raise_a_suilen,256.13,,2.71,6.967288970947266,-11.001640875146684,0,STRAY CERBERUS,-10.692832946777344,-16.52149200439453,-9.554203033447266,4.334680080413818,6.595695972442627,5.2515950202941895,7.228436470031738,0.8059987425804138,raise_a_suilen,256.1333125,,171,STRAY CERBERUS,raise_a_suilen,256.13,,6.86,171,STRAY CERBERUS,4.7857,3.8406,5.5018,0.7276,raise_a_suilen,0.9543667435646056,0.0593,1.0478153228759766,,256.13,,STRAY CERBERUS,2.508585021132604e-05,2.3764351908539538e-07,0.0111527079716324,0.1524086743593216,raise_a_suilen,256.13,,7.25,171,STRAY CERBERUS,raise_a_suilen,256.13,,0.71947,171.0,STRAY CERBERUS,0.9999170303344728,0.814298152923584,0.9999986886978148,0.1673888862133026,raise_a_suilen,,,,,,,1.61,,-23.55,5.0,STRAY CERBERUS,raise_a_suilen,256.1333333333333,,511,STRAY CERBERUS,0.0559579282999038,0.0043069692328572,0.2166320234537124,0.0908121839165687,,32,0.0203019227775372,fast
531,raise_a_suilen,BERSER-KEY,raise_a_suilen,462.0,0.5,117.45383522727272,120.0,230.51,,18.29,False,BERSER-KEY,raise_a_suilen,230.97,,F#,F#,0.967,False,minor,minor,False,False,BERSER-KEY,raise_a_suilen,minor,BERSER-KEY,raise_a_suilen,230.97,,2.61,4.954272270202637,-11.861398972637764,0,BERSER-KEY,-11.325798988342283,-15.767340660095217,-10.813068389892578,6.381592273712158,6.742823600769043,5.777910709381104,7.425010681152344,0.7661045789718628,raise_a_suilen,230.966625,,154,BERSER-KEY,raise_a_suilen,230.97,,6.55,154,BERSER-KEY,5.2298,4.5824,6.0509,0.5988,raise_a_suilen,1.1411904096603394,0.6657,0.8762778639793396,,230.97,,BERSER-KEY,0.0001266212493646,1.2881891962024383e-06,0.0055690268054604,0.1174316704273223,raise_a_suilen,230.97,,6.56,154,BERSER-KEY,raise_a_suilen,230.97,,0.788338,154.0,BERSER-KEY,0.9997743368148804,0.3028383255004883,0.9999986886978148,0.2714724838733673,raise_a_suilen,0.0009433982195332,0.0004458091570995,0.0021926220506429,0.0018151038093492,230.97,,1.47,116.0,-23.34,5.0,BERSER-KEY,raise_a_suilen,230.96666666666667,,460,BERSER-KEY,0.0545368865132331,0.0083283027634024,0.2416916936635971,0.0965165644884109,,22,0.2008947718921587,medium
532,raise_a_suilen,POLARIS,raise_a_suilen,838.0,0.32,184.5703125,187.49999999999568,271.63,,20.7,False,POLARIS,raise_a_suilen,271.63,,B,G#,0.421,False,major,minor,False,True,POLARIS,raise_a_suilen,minor,POLARIS,raise_a_suilen,271.63,,2.63,2.4842309951782227,-10.86101129354006,0,POLARIS,-10.81649398803711,-12.479528427124023,-9.9952974319458,5.382374286651611,6.436262130737305,5.707347393035889,7.1082444190979,0.6618247032165527,raise_a_suilen,271.6333125,,181,POLARIS,raise_a_suilen,271.63,,6.5,181,POLARIS,5.1162,4.214,6.0758,0.7607,raise_a_suilen,1.0333715677261353,0.2295,0.9677058458328248,,271.63,,POLARIS,8.657028956804425e-06,9.850412396872345e-08,0.0033687425311654,0.0288528110831975,raise_a_suilen,271.63,,6.94,181,POLARIS,raise_a_suilen,271.63,,0.681682,181.0,POLARIS,0.99783593416214,0.6647218465805054,0.9999734163284302,0.202702060341835,raise_a_suilen,0.0010489120613783,0.0004899147897958,0.0022993155289441,0.0010355355916544,271.63,,1.65,136.0,-19.1,5.0,POLARIS,raise_a_suilen,271.6333333333333,,542,POLARIS,0.0523838251829147,0.0062189800664782,0.2150245904922485,0.0936212465167045,,25,0.1923916749920734,fast
533,raise_a_suilen,HOWLING AMBITION,raise_a_suilen,584.0,0.44,198.76802884615384,136.36363636363706,258.09,,19.82,False,HOWLING AMBITION,raise_a_suilen,258.57,,G,G,0.822,False,minor,minor,False,False,HOWLING AMBITION,raise_a_suilen,minor,HOWLING AMBITION,raise_a_suilen,258.57,,2.56,2.611070156097412,-8.40452794618075,0,HOWLING AMBITION,-8.363470077514648,-9.998908996582031,-7.387838840484619,3.845515489578247,7.316412925720215,6.6625800132751465,7.993956565856934,0.6389366984367371,raise_a_suilen,258.566625,,172,HOWLING AMBITION,raise_a_suilen,258.57,,7.64,172,HOWLING AMBITION,4.8789,3.8836,5.8006,0.8125,raise_a_suilen,1.0154448747634888,0.1641,0.984790027141571,,258.57,,HOWLING AMBITION,6.59769170852087e-07,4.1513100512702295e-08,2.0135616068728268e-05,0.0105078257620334,raise_a_suilen,258.57,,6.85,172,HOWLING AMBITION,raise_a_suilen,258.57,,0.669298,172.0,HOWLING AMBITION,0.9995568990707396,0.9780728220939636,0.9999964237213136,0.0822140872478485,raise_a_suilen,0.0008492349879816,0.0004889685078524,0.0016077476320788,0.0005632580723613,258.57,,1.59,130.0,-16.7,5.0,HOWLING AMBITION,raise_a_suilen,258.56666666666666,,516,HOWLING AMBITION,0.0712671652436256,0.0080489069223403,0.2298205494880676,0.0884955376386642,,31,0.0922005855839414,medium
534,raise_a_suilen,VIVID FIRST TIME,raise_a_suilen,766.0,0.3,135.99917763157896,200.0000000000019,229.66,,17.21,False,VIVID FIRST TIME,raise_a_suilen,229.97,,C#,B,0.837,True,minor,major,False,False,VIVID FIRST TIME,raise_a_suilen,major,VIVID FIRST TIME,raise_a_suilen,229.97,,2.63,1.3012285232543943,-9.26282585766074,0,VIVID FIRST TIME,-9.273426055908203,-10.02171230316162,-8.720483779907227,4.597308158874512,7.206711292266846,6.524894714355469,7.832584381103516,0.5405763983726501,raise_a_suilen,229.966625,,153,VIVID FIRST TIME,raise_a_suilen,229.97,,5.76,153,VIVID FIRST TIME,5.4177,4.3464,6.6,0.9063,raise_a_suilen,1.1818071603775024,0.7964,0.8461617231369019,,229.97,,VIVID FIRST TIME,6.308071078819921e-07,5.08031894330685e-10,6.343786662910134e-05,0.0068615986965596,raise_a_suilen,229.97,,6.52,153,VIVID FIRST TIME,raise_a_suilen,229.97,,0.73093,153.0,VIVID FIRST TIME,0.9998282194137572,0.8730996251106262,0.9999962449073792,0.1291093826293945,raise_a_suilen,0.0006975719588808,0.0004046122776344,0.0012500969460234,0.0004313533136155,229.97,,1.09,115.0,-16.58,5.0,VIVID FIRST TIME,raise_a_suilen,229.96666666666667,,458,VIVID FIRST TIME,0.071908138692379,0.0091607719659805,0.2482692152261734,0.0992256328463554,,36,0.2968256000121755,fast
535,raise_a_suilen,'FIGHT' ADDICT,raise_a_suilen,751.0,0.31,143.5546875,193.5483870967728,231.29,,17.95,False,'FIGHT' ADDICT,raise_a_suilen,231.6,,C#,B,0.7,True,minor,major,False,False,'FIGHT' ADDICT,raise_a_suilen,major,'FIGHT' ADDICT,raise_a_suilen,231.6,,2.12,2.2420902252197266,-7.911344793904711,0,'FIGHT' ADDICT,-7.75120210647583,-9.328695297241213,-7.086605072021484,4.746547222137451,7.219334125518799,6.290477752685547,8.003190040588379,0.8280747532844543,raise_a_suilen,231.6,,154,'FIGHT' ADDICT,raise_a_suilen,231.6,,6.54,154,'FIGHT' ADDICT,5.665,4.564,6.5845,0.8008,raise_a_suilen,1.0104230642318726,0.1565,0.9896844029426576,,231.6,,'FIGHT' ADDICT,3.3019873626471963e-06,2.0827059188377461e-07,0.0182404592633247,0.1657973825931549,raise_a_suilen,231.6,,6.33,154,'FIGHT' ADDICT,raise_a_suilen,231.6,,0.625955,154.0,'FIGHT' ADDICT,0.9999094009399414,0.9784174561500548,0.9999989867210388,0.0786482021212577,raise_a_suilen,0.0006591659039258,0.0004371219838503,0.0013489951379597,0.000754032691475,231.6,,1.08,116.0,-16.65,5.0,'FIGHT' ADDICT,raise_a_suilen,231.6,,462,'FIGHT' ADDICT,0.0795803368091583,0.0109153129160404,0.2662267684936523,0.1016924008727073,,34,0.280915371329879,fast
536,raise_a_suilen,Drown Out the Noise and Push Through the Trash,raise_a_suilen,414.0,0.47,184.5703125,127.6595744680854,215.56,,17.23,True,Drown Out the Noise and Push Through the Trash,raise_a_suilen,216.04,,C#,C#,0.394,False,minor,major,True,True,Drown Out the Noise and Push Through the Trash,raise_a_suilen,major,Drown Out the Noise and Push Through the Trash,raise_a_suilen,216.04,,2.35,5.103025436401367,-8.545724437023516,0,Drown Out the Noise and Push Through the Trash,-8.87722396850586,-12.100618362426758,-6.997592926025391,4.622714042663574,7.048437118530273,5.958254814147949,7.653793811798096,0.7265203595161438,raise_a_suilen,216.04,,144,Drown Out the Noise and Push Through the Trash,raise_a_suilen,216.04,,5.51,144,Drown Out the Noise and Push Through the Trash,4.8352,3.692,5.7273,0.8202,raise_a_suilen,1.0244908332824707,0.193,0.9760944843292236,,216.04,,Drown Out the Noise and Push Through the Trash,9.631159628042951e-06,1.8534126411395849e-07,0.0028042891062796,0.063362643122673,raise_a_suilen,216.04,,5.6,144,Drown Out the Noise and Push Through the Trash,raise_a_suilen,216.04,,0.770215,144.0,Drown Out the Noise and Push Through the Trash,0.9872552156448364,0.8155925869941711,0.9999575018882751,0.1582300364971161,raise_a_suilen,,,,,,,1.28,,-20.34,5.0,Drown Out the Noise and Push Through the Trash,raise_a_suilen,216.04,,431,Drown Out the Noise and Push Through the Trash,0.0614337474107742,0.0062349666841328,0.2411292195320129,0.0923512652516365,,27,0.0620255508239214,medium
537,raise_a_suilen,FIVE as ONE,raise_a_suilen,744.0,0.32,135.99917763157896,187.500000000004,254.93,,20.3,False,FIVE as ONE,raise_a_suilen,255.16,,B,B,0.566,False,major,major,False,False,FIVE as ONE,raise_a_suilen,major,FIVE as ONE,raise_a_suilen,255.16,,2.17,3.3801169395446777,-8.146544651476425,0,FIVE as ONE,-8.10659408569336,-10.43528938293457,-7.055172443389893,6.464111328125,6.532959938049316,4.586983680725098,7.181536674499512,0.9373540282249452,raise_a_suilen,255.16,,170,FIVE as ONE,raise_a_suilen,255.16,,6.56,170,FIVE as ONE,5.0026,4.2087,5.9294,0.6416,raise_a_suilen,1.0327969789505005,0.2249,0.9682446122169496,,255.16,,FIVE as ONE,6.266358832363039e-05,6.160808538879792e-07,0.7959511280059814,0.2985656857490539,raise_a_suilen,255.16,,6.54,170,FIVE as ONE,raise_a_suilen,255.16,,0.583809,170.0,FIVE as ONE,0.9999569654464722,0.9871031641960144,0.9999997615814208,0.108381301164627,raise_a_suilen,0.0009078171569854,0.0004734342801384,0.0019077623728662,0.0008080499828793,255.16,,1.57,128.0,-16.19,5.0,FIVE as ONE,raise_a_suilen,255.16,,509,FIVE as ONE,0.052855048328638,0.0061416286043822,0.1912953406572342,0.0824388116598129,,34,0.0922558394732715,fast
538,raise_a_suilen,EXPOSE 'Burn out!!!' (English),raise_a_suilen,899.0,0.32,123.046875,187.500000000004,283.56,,22.07,False,EXPOSE 'Burn out!!!' (English),raise_a_suilen,283.73,,C,C,0.811,False,minor,minor,False,False,EXPOSE 'Burn out!!!' (English),raise_a_suilen,minor,EXPOSE 'Burn out!!!' (English),raise_a_suilen,283.73,,2.66,3.723162651062012,-10.544044739657114,0,EXPOSE 'Burn out!!!' (English),-10.499725341796877,-12.985272407531738,-9.262109756469728,1.5485919713974,6.672993183135986,5.954412460327148,7.409702301025391,0.575364887714386,raise_a_suilen,283.7305,,189,EXPOSE 'Burn out!!!' (English),raise_a_suilen,283.73,,7.08,189,EXPOSE 'Burn out!!!' (English),5.2082,4.1176,5.9225,0.8387,raise_a_suilen,1.0330463647842407,0.2264,0.9680107235908508,,283.73,,EXPOSE 'Burn out!!!' (English),1.2782115845766384e-06,4.169111988971964e-08,4.138365329708904e-05,0.0177331287413835,raise_a_suilen,283.73,,6.98,189,EXPOSE 'Burn out!!!' (English),raise_a_suilen,283.73,,0.707856,189.0,EXPOSE 'Burn out!!!' (English),0.9997685551643372,0.8356884717941284,0.999996304512024,0.1245608329772949,raise_a_suilen,0.0007073347805999,0.0004096172924619,0.0014426347333937,0.000621419691015,283.73,,1.77,142.0,-20.29,5.0,EXPOSE 'Burn out!!!' (English),raise_a_suilen,283.7333333333333,,566,EXPOSE 'Burn out!!!' (English),0.0612180233001709,0.0110492706298828,0.2564866244792938,0.1018129587173461,,16,0.0343280024776782,fast
539,raise_a_suilen,Takin' my Heart (English),raise_a_suilen,874.0,0.33,123.046875,181.8181818181906,284.76,,22.15,False,Takin' my Heart (English),raise_a_suilen,285.0,,G,G,0.266,False,minor,minor,False,True,Takin' my Heart (English),raise_a_suilen,minor,Takin' my Heart (English),raise_a_suilen,285.0,,2.89,5.626151084899902,-10.88450166514265,0,Takin' my Heart (English),-11.358163833618164,-14.811726570129396,-9.185575485229492,4.3463664054870605,6.428172111511231,5.587106227874756,6.992528915405273,0.6843879818916321,raise_a_suilen,285.0,,190,Takin' my Heart (English),raise_a_suilen,285.0,,8.78,190,Takin' my Heart (English),5.068,3.9854,6.2966,0.8522,raise_a_suilen,1.1152204275131226,0.5502,0.8966836929321289,,285.0,,Takin' my Heart (English),1.5626224922016263e-05,1.965735236808541e-07,0.0124802999198436,0.0446814224123954,raise_a_suilen,285.0,,8.18,190,Takin' my Heart (English),raise_a_suilen,285.0,,0.699611,190.0,Takin' my Heart (English),0.9997745752334596,0.6129862666130066,0.9999980330467224,0.2550538778305053,raise_a_suilen,0.0008844099938869,0.000324818684021,0.001440096180886,0.0004966468550264,285.0,,1.8,143.0,-22.91,5.0,Takin' my Heart (English),raise_a_suilen,285.0,,569,Takin' my Heart (English),0.0622474625706672,0.0090924249961972,0.2382794320583343,0.0972465351223945,,25,0.1377543859649123,fast
540,raise_a_suilen,WELCOME TO PANDEMONIUM,raise_a_suilen,865.0,0.29,143.5546875,206.89655172412333,254.54,,19.43,False,WELCOME TO PANDEMONIUM,raise_a_suilen,254.83,,F#,F#,0.881,False,minor,minor,False,False,WELCOME TO PANDEMONIUM,raise_a_suilen,minor,WELCOME TO PANDEMONIUM,raise_a_suilen,254.83,,2.27,1.2802228927612305,-8.384285162240356,0,WELCOME TO PANDEMONIUM,-8.353267669677734,-9.084900856018066,-7.804677963256836,1.278233289718628,6.8835859298706055,6.309169292449951,7.427994728088379,0.4890470206737518,raise_a_suilen,254.8333125,,170,WELCOME TO PANDEMONIUM,raise_a_suilen,254.83,,7.2,170,WELCOME TO PANDEMONIUM,5.1687,4.1549,5.8562,0.6543,raise_a_suilen,1.1085166931152344,0.5243,0.9021063446998596,,254.83,,WELCOME TO PANDEMONIUM,9.095902555600332e-07,4.452757096373716e-08,4.885320959147066e-05,0.0061957547441124,raise_a_suilen,254.83,,7.29,170,WELCOME TO PANDEMONIUM,raise_a_suilen,254.83,,0.821299,170.0,WELCOME TO PANDEMONIUM,0.9984936118125916,0.7110346555709839,0.99993634223938,0.1818016469478607,raise_a_suilen,0.0008190216613002,0.0004446197126526,0.0014388778945431,0.0016524799866601,254.83,,1.6,128.0,-15.2,5.0,WELCOME TO PANDEMONIUM,raise_a_suilen,254.8333333333333,,508,WELCOME TO PANDEMONIUM,0.0795183628797531,0.0130447028204798,0.2663036584854126,0.1025507226586341,,38,0.0470895933470251,fast
541,raise_a_suilen,WHAT AN EXPLOSION,raise_a_suilen,637.0,0.31,73.828125,193.5483870967728,190.68,,14.63,False,WHAT AN EXPLOSION,raise_a_suilen,190.9,,A,A,0.758,False,minor,minor,False,False,WHAT AN EXPLOSION,raise_a_suilen,minor,WHAT AN EXPLOSION,raise_a_suilen,190.9,,1.72,3.555502891540528,-10.20812213183438,0,WHAT AN EXPLOSION,-10.25251579284668,-12.25897216796875,-8.703469276428223,6.252314567565918,6.620962142944336,5.970213413238525,7.244607925415039,0.5964341759681702,raise_a_suilen,190.9,,127,WHAT AN EXPLOSION,raise_a_suilen,190.9,,4.63,127,WHAT AN EXPLOSION,4.7455,3.5645,5.8172,0.8195,raise_a_suilen,1.2012039422988892,0.8465,0.8324980735778809,,190.9,,WHAT AN EXPLOSION,9.38450227749854e-07,1.2236267110665722e-08,1.878627153928392e-05,0.0073498906567692,raise_a_suilen,190.9,,5.48,127,WHAT AN EXPLOSION,raise_a_suilen,190.9,,0.706933,127.0,WHAT AN EXPLOSION,0.9989308714866638,0.8116073608398438,0.9999499320983888,0.1530705988407135,raise_a_suilen,0.0010838056914508,0.0004373759147711,0.0028485998045653,0.0029206136241555,190.9,,1.23,96.0,-19.49,5.0,WHAT AN EXPLOSION,raise_a_suilen,190.9,,380,WHAT AN EXPLOSION,0.1127451509237289,0.0195864345878362,0.2983707785606384,0.1106845661997795,,20,0.1502357255107385,fast
542,raise_a_suilen,RUNAWAY STAR,raise_a_suilen,763.0,0.3,123.046875,200.0000000000007,228.71,,17.32,False,RUNAWAY STAR,raise_a_suilen,228.9,,F#,F#,0.597,False,minor,minor,False,True,RUNAWAY STAR,raise_a_suilen,minor,RUNAWAY STAR,raise_a_suilen,228.9,,2.08,2.300654411315918,-10.651682667534676,0,RUNAWAY STAR,-10.570898056030272,-11.989770889282228,-9.689116477966309,1.1256916522979736,6.805643081665039,5.904930591583252,7.417478084564209,0.7130954265594482,raise_a_suilen,228.9,,152,RUNAWAY STAR,raise_a_suilen,228.9,,6.62,152,RUNAWAY STAR,5.4285,4.6287,6.2528,0.602,raise_a_suilen,1.2693350315093994,0.9347,0.7878140211105347,,228.9,,RUNAWAY STAR,4.158871888648719e-05,1.0058349744213049e-06,0.0012017897097393,0.0677621439099311,raise_a_suilen,228.9,,6.54,152,RUNAWAY STAR,raise_a_suilen,228.9,,0.763495,152.0,RUNAWAY STAR,0.9987818002700806,0.6721293330192566,0.999980926513672,0.1924988925457,raise_a_suilen,0.0007493796874769,0.0004623078857548,0.001534043578431,0.0005689844838343,228.9,,1.23,115.0,-18.11,5.0,RUNAWAY STAR,raise_a_suilen,228.9,,456,RUNAWAY STAR,0.064633160829544,0.0120864175260066,0.2409475445747375,0.1028922647237777,,22,0.1302752293577981,fast
543,raise_a_suilen,Bad Kids All Bet,raise_a_suilen,648.0,0.35,117.45383522727272,171.4285714285707,228.06,,17.97,False,Bad Kids All Bet,raise_a_suilen,228.2,,B,B,0.53,False,minor,minor,False,True,Bad Kids All Bet,raise_a_suilen,minor,Bad Kids All Bet,raise_a_suilen,228.2,,2.23,1.5845956802368164,-8.508318062927788,0,Bad Kids All Bet,-8.363147735595703,-9.552739143371582,-7.968143463134766,4.202926158905029,7.311509132385254,6.413186550140381,7.875411033630371,0.7090770602226257,raise_a_suilen,228.2,,152,Bad Kids All Bet,raise_a_suilen,228.2,,6.25,152,Bad Kids All Bet,5.1694,4.2117,6.0186,0.6676,raise_a_suilen,1.123880386352539,0.5973,0.8897743821144104,,228.2,,Bad Kids All Bet,1.9196668290533125e-06,3.3330479709547944e-08,0.0038175536319613,0.0685648024082183,raise_a_suilen,228.2,,6.22,152,Bad Kids All Bet,raise_a_suilen,228.2,,0.714822,152.0,Bad Kids All Bet,0.9999486207962036,0.9970093965530396,0.9999988675117492,0.0764534547924995,raise_a_suilen,,,,,,,1.23,,-15.69,5.0,Bad Kids All Bet,raise_a_suilen,228.2,,455,Bad Kids All Bet,0.061919879168272,0.0070271398872137,0.2233510464429855,0.0898562893271446,,50,0.2484662576687117,fast
544,raise_a_suilen,Light a fire,raise_a_suilen,618.0,0.43,135.99917763157896,139.534883720928,268.53,,20.92,False,Light a fire,raise_a_suilen,269.0,,B,B,0.686,False,major,major,False,False,Light a fire,raise_a_suilen,major,Light a fire,raise_a_suilen,269.0,,3.18,10.85951328277588,-11.62492476284796,0,Light a fire,-11.908212661743164,-20.48183250427246,-9.622319221496582,4.994710445404053,5.922820091247559,3.809054374694824,6.839578628540039,1.1192957162857056,raise_a_suilen,269.0,,179,Light a fire,raise_a_suilen,269.0,,6.84,179,Light a fire,4.9499,4.2082,5.7635,0.6385,raise_a_suilen,1.0024120807647705,0.1337,0.9975938200950624,,269.0,,Light a fire,0.0104259802028536,8.814398461254314e-05,0.9420207142829896,0.3648965358734131,raise_a_suilen,269.0,,6.54,179,Light a fire,raise_a_suilen,269.0,,0.594207,179.0,Light a fire,0.9998611211776732,0.3585894703865051,0.9999969601631165,0.2656833827495575,raise_a_suilen,0.0008939793333411,0.0003892287495546,0.0029877398628741,0.0022943974472582,269.0,,1.75,135.0,-24.88,5.0,Light a fire,raise_a_suilen,269.0,,537,Light a fire,0.0416935496032238,0.0045508933253586,0.2375814318656921,0.0985479056835174,,28,0.1922676579925652,medium
545,raise_a_suilen,Embrace of light,raise_a_suilen,686.0,0.39,67.99958881578948,153.846153846148,271.69,,20.28,False,Embrace of light,raise_a_suilen,271.97,,A,A,0.327,False,minor,major,True,True,Embrace of light,raise_a_suilen,major,Embrace of light,raise_a_suilen,271.97,,2.5,10.314759254455566,-10.996354919865883,0,Embrace of light,-10.177913665771484,-19.14129447937012,-8.82653522491455,5.933763980865479,6.019962310791016,4.566275119781494,6.838085174560547,0.9427257776260376,raise_a_suilen,271.966625,,181,Embrace of light,raise_a_suilen,271.97,,7.62,181,Embrace of light,5.0335,4.3239,5.7016,0.512,raise_a_suilen,0.931525707244873,0.0228,1.0735076665878296,,271.97,,Embrace of light,0.0273334812372922,3.685456977109425e-05,0.9625577330589294,0.4000303745269775,raise_a_suilen,271.97,,7.63,181,Embrace of light,raise_a_suilen,271.97,,0.67867,181.0,Embrace of light,0.9999624490737916,0.9459549188613892,0.9999990463256836,0.2042281180620193,raise_a_suilen,0.0008616676786914,0.000442885531811,0.0017463128315284,0.0006776646478101,271.97,,1.74,136.0,-25.8,5.0,Embrace of light,raise_a_suilen,271.96666666666664,,542,Embrace of light,0.040923498570919,0.0048871091566979,0.1795082837343216,0.0804828330874443,,37,0.2156881805607166,medium
546,raise_a_suilen,OUTSIDER RODEO,raise_a_suilen,769.0,0.4,135.99917763157896,149.99999999999787,268.61,,20.2,True,OUTSIDER RODEO,raise_a_suilen,269.07,,E,G,0.514,False,minor,major,False,True,OUTSIDER RODEO,raise_a_suilen,major,OUTSIDER RODEO,raise_a_suilen,269.07,,2.2,2.849599838256836,-10.693087273206393,0,OUTSIDER RODEO,-10.520638465881348,-12.694634437561035,-9.8450345993042,5.070738315582275,7.110167026519775,6.3101348876953125,7.636882781982422,0.5763696432113647,raise_a_suilen,269.066625,,179,OUTSIDER RODEO,raise_a_suilen,269.07,,7.21,179,OUTSIDER RODEO,5.4429,4.2424,6.336,0.8549,raise_a_suilen,1.0427647829055786,0.2584,0.9589890837669371,,269.07,,OUTSIDER RODEO,4.83231042380794e-06,1.1224938845089129e-07,0.0002469512983225,0.0074615431949496,raise_a_suilen,269.07,,7.59,179,OUTSIDER RODEO,raise_a_suilen,269.07,,0.647643,179.0,OUTSIDER RODEO,0.996592938899994,0.4813056886196136,0.9998507499694824,0.2175259292125702,raise_a_suilen,0.0009862527949735,0.0005832400056533,0.0024235039018094,0.0024023840669542,269.07,,1.74,135.0,-19.6,5.0,OUTSIDER RODEO,raise_a_suilen,269.06666666666666,,537,OUTSIDER RODEO,0.0847754925489425,0.0059370249509811,0.2553375959396362,0.1034846156835556,,41,0.1690287282404665,medium
547,raise_a_suilen,JUST THE WAY I AM,raise_a_suilen,778.0,0.33,71.77734375,181.8181818181749,258.48,,19.17,False,JUST THE WAY I AM,raise_a_suilen,258.7,,D,D,0.503,False,minor,minor,False,True,JUST THE WAY I AM,raise_a_suilen,minor,JUST THE WAY I AM,raise_a_suilen,258.7,,2.5,2.782477378845215,-9.835844307109996,0,JUST THE WAY I AM,-9.85247802734375,-11.460074424743652,-8.677597045898438,3.0341241359710693,6.774864673614502,6.096530914306641,7.460659980773926,0.5713411569595337,raise_a_suilen,258.7,,172,JUST THE WAY I AM,raise_a_suilen,258.7,,7.24,172,JUST THE WAY I AM,5.0626,4.0,5.974,0.8056,raise_a_suilen,1.162987470626831,0.7462,0.8598545789718628,,258.7,,JUST THE WAY I AM,6.14846885582665e-06,1.163729450581741e-07,0.0001479621714679,0.0049823047593235,raise_a_suilen,258.7,,6.99,172,JUST THE WAY I AM,raise_a_suilen,258.7,,0.676831,172.0,JUST THE WAY I AM,0.9984135627746582,0.5827924013137817,0.9999597668647766,0.2117330878973007,raise_a_suilen,0.0008485908620059,0.0003809499612543,0.0016025163931772,0.0063871308229863,258.7,,1.68,130.0,-18.32,5.0,JUST THE WAY I AM,raise_a_suilen,258.7,,516,JUST THE WAY I AM,0.0878881141543388,0.0086754374206066,0.2472164332866668,0.0971560701727867,,41,0.0899884035562428,fast
548,raise_a_suilen,ラスハピーポー！,raise_a_suilen,654.0,0.31,184.5703125,193.548387096775,200.07,,15.34,False,ラスハピーポー！,raise_a_suilen,200.37,,D,D,0.768,False,major,major,False,False,ラスハピーポー！,raise_a_suilen,major,ラスハピーポー！,raise_a_suilen,200.37,,1.58,2.6054906845092773,-10.740699661384353,0,ラスハピーポー！,-10.65858554840088,-12.358356475830078,-9.7528657913208,5.655655860900879,6.777252197265625,5.951066017150879,7.404943466186523,0.6333153247833252,raise_a_suilen,200.366625,,133,ラスハピーポー！,raise_a_suilen,200.37,,5.64,133,ラスハピーポー！,5.7721,4.8553,6.4875,0.6805,raise_a_suilen,1.1887753009796145,0.8176,0.8412018418312073,,200.37,,ラスハピーポー！,0.0001396368606947,3.2968698633339955e-06,0.0051632826216518,0.0255958922207355,raise_a_suilen,200.37,,5.66,133,ラスハピーポー！,raise_a_suilen,200.37,,0.659077,133.0,ラスハピーポー！,0.9986634254455566,0.8324315547943115,0.9999879598617554,0.1615593135356903,raise_a_suilen,0.0011856912169605,0.0005292835412546,0.0039176200516521,0.0050935675390064,200.37,,1.26,101.0,-19.39,5.0,ラスハピーポー！,raise_a_suilen,200.36666666666667,,399,ラスハピーポー！,0.0751900523900985,0.0105530861765146,0.2185132652521133,0.0930954664945602,,26,0.0955248611374083,fast
549,raise_a_suilen,1/3の純情な感情 (Cover),raise_a_suilen,563.0,0.39,151.99908088235293,153.846153846148,222.42,,17.45,False,1/3の純情な感情 (Cover),raise_a_suilen,222.9,,F#,F#,0.412,False,major,major,False,True,1/3の純情な感情 (Cover),raise_a_suilen,major,1/3の純情な感情 (Cover),raise_a_suilen,222.9,,2.58,3.2197790145874023,-10.719113692609897,0,1/3の純情な感情 (Cover),-10.930675506591797,-12.793832778930664,-9.574053764343262,3.193387031555176,6.769112586975098,5.986654281616211,7.356569766998291,0.6580557227134705,raise_a_suilen,222.9,,148,1/3の純情な感情 (Cover),raise_a_suilen,222.9,,6.45,148,1/3の純情な感情 (Cover),5.4503,4.3401,6.1117,0.725,raise_a_suilen,1.0623407363891602,0.3374,0.9413174390792848,,222.9,,1/3の純情な感情 (Cover),1.0230294719804078e-05,7.142558615669259e-07,0.0019305329769849,0.1196207851171493,raise_a_suilen,222.9,,6.46,148,1/3の純情な感情 (Cover),raise_a_suilen,222.9,,0.675932,148.0,1/3の純情な感情 (Cover),0.9999698996543884,0.9243449568748474,0.9999991059303284,0.1708962321281433,raise_a_suilen,0.0009600706398487,0.0004796513530891,0.0018998577725142,0.0009747128351591,222.9,,1.41,112.0,-19.28,5.0,1/3の純情な感情 (Cover),raise_a_suilen,222.9,,444,1/3の純情な感情 (Cover),0.0505292788147926,0.0060629518702626,0.1668624728918075,0.0733190327882766,,31,0.0937640197397936,medium
550,raise_a_suilen,ヒトリノ夜 (Cover),raise_a_suilen,690.0,0.34,172.265625,176.47058823529235,237.51,,18.87,False,ヒトリノ夜 (Cover),raise_a_suilen,237.8,,F#,A#,0.485,True,major,minor,False,True,ヒトリノ夜 (Cover),raise_a_suilen,minor,ヒトリノ夜 (Cover),raise_a_suilen,237.8,,2.6,2.1456098556518555,-10.862621409338558,0,ヒトリノ夜 (Cover),-10.841679573059082,-12.10592555999756,-9.960315704345703,1.105626106262207,7.014077186584473,6.3599066734313965,7.549221515655518,0.5830095410346985,raise_a_suilen,237.8,,158,ヒトリノ夜 (Cover),raise_a_suilen,237.8,,6.18,158,ヒトリノ夜 (Cover),5.3842,4.3143,6.2553,0.7943,raise_a_suilen,1.19943368434906,0.8435,0.8337269425392151,,237.8,,ヒトリノ夜 (Cover),1.1845040717162192e-05,6.579231239811634e-07,0.0002512940263841,0.0064755845814943,raise_a_suilen,237.8,,6.11,158,ヒトリノ夜 (Cover),raise_a_suilen,237.8,,0.72694,158.0,ヒトリノ夜 (Cover),0.9998953342437744,0.7135868668556213,0.999997854232788,0.1874655187129974,raise_a_suilen,0.0007638394017703,0.000394035509089,0.0013646207517012,0.0003649332502391,237.8,,1.48,119.0,-19.49,5.0,ヒトリノ夜 (Cover),raise_a_suilen,237.8,,474,ヒトリノ夜 (Cover),0.0830289870500564,0.0134232016280293,0.2238086462020874,0.0875764042139053,,23,0.1148023549201009,fast
551,raise_a_suilen,激動 (Cover),raise_a_suilen,629.0,0.53,112.34714673913044,113.20754716981108,333.16,,26.03,False,激動 (Cover),raise_a_suilen,333.6,,B,B,0.457,False,minor,minor,False,False,激動 (Cover),raise_a_suilen,minor,激動 (Cover),raise_a_suilen,333.6,,4.14,8.959354400634766,-11.602619586963652,0,激動 (Cover),-11.46621799468994,-18.987625122070312,-10.028270721435549,3.727947473526001,6.492489337921143,5.201477527618408,7.531706809997559,0.9416186213493348,raise_a_suilen,333.6,,223,激動 (Cover),raise_a_suilen,333.6,,9.2,223,激動 (Cover),5.4062,3.9937,6.3173,0.9264,raise_a_suilen,1.082157850265503,0.4164,0.9240797758102416,,333.6,,激動 (Cover),8.081234227574896e-06,1.1675068378735889e-07,0.0040094926953315,0.0668302401900291,raise_a_suilen,333.6,,8.64,223,激動 (Cover),raise_a_suilen,333.6,,0.704459,223.0,激動 (Cover),0.996576488018036,0.4537554979324341,0.9999744296073914,0.2628646790981293,raise_a_suilen,0.0007890036213211,0.0004289083299227,0.0015022581210359,0.0006327924202196,333.6,,2.12,167.0,-24.36,5.0,激動 (Cover),raise_a_suilen,333.6,,666,激動 (Cover),0.0554435476660728,0.0071739656850695,0.2129748165607452,0.0925972387194633,,35,0.1194244604316547,medium
552,raise_a_suilen,メギツネ (Cover),raise_a_suilen,575.0,0.42,112.34714673913044,142.85714285714226,250.82,,18.54,False,メギツネ (Cover),raise_a_suilen,250.83,,F,F,0.451,False,minor,minor,False,False,メギツネ (Cover),raise_a_suilen,minor,メギツネ (Cover),raise_a_suilen,250.83,,2.56,2.679231643676758,-10.639038284689365,0,メギツネ (Cover),-11.013988494873049,-12.115657806396484,-9.436426162719728,4.164731979370117,6.65673828125,5.889733791351318,7.213784694671631,0.5380105972290039,raise_a_suilen,250.8333125,,167,メギツネ (Cover),raise_a_suilen,250.83,,7.37,167,メギツネ (Cover),4.1434,2.8495,5.2092,0.9432,raise_a_suilen,1.0498697757720947,0.2872,0.9524990916252136,,250.83,,メギツネ (Cover),9.263059155273368e-07,5.554901871818174e-09,6.612959259655327e-05,0.0069196200929582,raise_a_suilen,250.83,,6.05,167,メギツネ (Cover),raise_a_suilen,250.83,,0.750306,167.0,メギツネ (Cover),0.9923313856124878,0.7096810340881348,0.999870240688324,0.1605030298233032,raise_a_suilen,0.0009481011074967,0.0004631462506949,0.0017361913342028,0.0007749436190351,250.83,,1.44,126.0,-17.89,5.0,メギツネ (Cover),raise_a_suilen,250.8333333333333,,500,メギツネ (Cover),0.0650428831577301,0.0073870485648512,0.2055482864379882,0.0797803327441215,,33,0.0616345412567208,medium
553,raise_a_suilen,Bling-Bang-Bang-Born (Cover),raise_a_suilen,441.0,0.38,151.99908088235293,157.89473684210495,168.35,,14.04,False,Bling-Bang-Bang-Born (Cover),raise_a_suilen,168.7,,F,F,0.633,False,minor,minor,False,False,Bling-Bang-Bang-Born (Cover),raise_a_suilen,minor,Bling-Bang-Bang-Born (Cover),raise_a_suilen,168.7,,1.8,1.91572380065918,-11.09772634781026,0,Bling-Bang-Bang-Born (Cover),-10.915803909301758,-12.238277435302734,-10.322553634643556,1.160760760307312,7.020607948303223,6.160101890563965,7.59880256652832,0.5883147120475769,raise_a_suilen,168.7,,112,Bling-Bang-Bang-Born (Cover),raise_a_suilen,168.7,,3.96,112,Bling-Bang-Bang-Born (Cover),5.3356,4.7225,5.9367,0.5369,raise_a_suilen,1.4194453954696655,0.9894,0.7045004963874817,,168.7,,Bling-Bang-Bang-Born (Cover),7.000464279371954e-07,4.6367684802817166e-08,0.0002147400518879,0.0005570209468714,raise_a_suilen,168.7,,3.64,112,Bling-Bang-Bang-Born (Cover),raise_a_suilen,168.7,,0.793852,112.0,Bling-Bang-Bang-Born (Cover),0.9944249391555786,0.8672890067100525,0.9999800324440002,0.0665544420480728,raise_a_suilen,0.0009156020241789,0.0005427997093647,0.0014547791797667,0.0004226909368298,168.7,,0.83,85.0,-22.12,5.0,Bling-Bang-Bang-Born (Cover),raise_a_suilen,168.7,,336,Bling-Bang-Bang-Born (Cover),0.132711112499237,0.0396663695573806,0.2774117588996887,0.0921536460518837,,32,0.2513337285121517,medium
554,raise_a_suilen,第六感 (Cover),raise_a_suilen,431.0,0.45,135.99917763157896,133.33333333333408,192.82,,15.54,False,第六感 (Cover),raise_a_suilen,193.27,,E,E,0.441,False,minor,minor,False,False,第六感 (Cover),raise_a_suilen,minor,第六感 (Cover),raise_a_suilen,193.27,,1.92,3.769874572753906,-10.136061131586802,0,第六感 (Cover),-10.07692050933838,-12.621227264404297,-8.85135269165039,1.6471906900405884,6.798042297363281,6.060366630554199,7.669355392456055,0.6498127579689026,raise_a_suilen,193.266625,,128,第六感 (Cover),raise_a_suilen,193.27,,5.23,128,第六感 (Cover),5.7612,4.6729,6.6344,0.7656,raise_a_suilen,1.1576697826385498,0.7249,0.8638042211532593,,193.27,,第六感 (Cover),2.425322600174696e-05,1.782174336995013e-07,0.0017804305534809,0.080338604748249,raise_a_suilen,193.27,,5.2,128,第六感 (Cover),raise_a_suilen,193.27,,0.637225,128.0,第六感 (Cover),0.999968647956848,0.9943765997886658,0.9999987483024596,0.0605552233755588,raise_a_suilen,0.0008885347633622,0.0005445499555207,0.001637729932554,0.00053943839157,193.27,,0.9,97.0,-20.25,5.0,第六感 (Cover),raise_a_suilen,193.26666666666668,,385,第六感 (Cover),0.118998534977436,0.0263198912143707,0.2800233960151672,0.1012365445494651,,28,0.2472231537574213,medium
555,raise_a_suilen,革命道中 (Cover),raise_a_suilen,615.0,0.32,103.359375,187.49999999999983,197.98,,15.54,False,革命道中 (Cover),raise_a_suilen,198.17,,E,B,0.505,True,minor,minor,False,True,革命道中 (Cover),raise_a_suilen,minor,革命道中 (Cover),raise_a_suilen,198.17,,1.79,5.022731781005859,-11.011554572409338,0,革命道中 (Cover),-11.334612846374512,-14.279220581054688,-9.256488800048828,5.0836052894592285,6.675373554229736,4.9441399574279785,7.430646419525146,0.9078112840652466,raise_a_suilen,198.166625,,132,革命道中 (Cover),raise_a_suilen,198.17,,5.47,132,革命道中 (Cover),5.5407,4.4968,6.3293,0.6991,raise_a_suilen,1.0808428525924685,0.4012,0.9252039194107056,,198.17,,革命道中 (Cover),7.084777462296188e-05,1.901829705275304e-06,0.0328079834580421,0.1039617806673049,raise_a_suilen,198.17,,5.16,132,革命道中 (Cover),raise_a_suilen,198.17,,0.632299,132.0,革命道中 (Cover),0.9999514818191528,0.9677304029464722,0.9999986886978148,0.0846387147903442,raise_a_suilen,,,,,,,0.96,,-21.21,5.0,革命道中 (Cover),raise_a_suilen,198.16666666666663,,395,革命道中 (Cover),0.0839642435312271,0.0134937902912497,0.269487977027893,0.0997300893068313,,21,0.4059208992934293,fast
556,raise_a_suilen,Get Wild (Cover),raise_a_suilen,445.0,0.45,129.19921875,133.3333333333346,199.16,,15.84,False,Get Wild (Cover),raise_a_suilen,199.63,,F,F,0.426,False,minor,major,True,True,Get Wild (Cover),raise_a_suilen,major,Get Wild (Cover),raise_a_suilen,199.63,,1.93,3.0340499877929688,-9.83094078891965,0,Get Wild (Cover),-9.68724536895752,-11.922101974487305,-8.888051986694336,4.961912631988525,6.892185211181641,5.196452617645264,7.531796455383301,0.9298420548439026,raise_a_suilen,199.626625,,133,Get Wild (Cover),raise_a_suilen,199.63,,5.64,133,Get Wild (Cover),4.8393,3.9941,5.5603,0.623,raise_a_suilen,1.0390772819519043,0.2492,0.9623923301696776,,199.63,,Get Wild (Cover),1.2803050140064445e-06,3.4922347680321764e-08,0.0009823632426559,0.0356301218271255,raise_a_suilen,199.63,,5.53,133,Get Wild (Cover),raise_a_suilen,199.63,,0.675779,133.0,Get Wild (Cover),0.999948024749756,0.8369027376174927,0.9999975562095642,0.1913864314556121,raise_a_suilen,0.0010292596416547,0.0005135889514349,0.0017075322102755,0.0006952725816518,199.63,,1.29,100.0,-19.6,5.0,Get Wild (Cover),raise_a_suilen,199.6266666666667,,398,Get Wild (Cover),0.1022735014557838,0.0144010400399565,0.2841349840164184,0.1093454286456108,,20,0.0,medium
557,raise_a_suilen,ボッカデラべリタ (Cover),raise_a_suilen,572.0,0.35,123.046875,171.4285714285707,201.59,,16.8,False,ボッカデラべリタ (Cover),raise_a_suilen,201.84,,D,D,0.577,False,minor,major,True,True,ボッカデラべリタ (Cover),raise_a_suilen,major,ボッカデラべリタ (Cover),raise_a_suilen,201.84,,1.95,2.146397590637207,-10.399119605067318,0,ボッカデラべリタ (Cover),-10.543622970581056,-11.524593353271484,-9.378195762634276,0.835943877696991,6.349400997161865,4.555871486663818,7.245479583740234,1.010236740112305,raise_a_suilen,201.84,,134,ボッカデラべリタ (Cover),raise_a_suilen,201.84,,4.83,134,ボッカデラべリタ (Cover),5.4052,2.5141,6.4472,1.554,raise_a_suilen,1.2024033069610596,0.8495,0.8316676616668701,,201.84,,ボッカデラべリタ (Cover),1.7687747458694503e-05,4.353093885356429e-09,0.001660173642449,0.0016757156699895,raise_a_suilen,201.84,,5.13,134,ボッカデラべリタ (Cover),raise_a_suilen,201.84,,0.756691,134.0,ボッカデラべリタ (Cover),0.9992246627807616,0.0799957662820816,0.9999889731407166,0.365760862827301,raise_a_suilen,0.0006483211764134,0.0003104027418885,0.0012597787426784,0.000451904896181,201.84,,1.29,101.0,-17.8,5.0,ボッカデラべリタ (Cover),raise_a_suilen,201.84,,402,ボッカデラべリタ (Cover),0.0544905066490173,0.0087467636913061,0.1749785542488098,0.0765879675745964,,19,0.1925287356321839,fast
558,raise_a_suilen,第ゼロ感 (Cover),raise_a_suilen,716.0,0.4,143.5546875,149.99999999999787,288.3,,23.07,False,第ゼロ感 (Cover),raise_a_suilen,288.77,,G,G,0.788,False,minor,minor,False,False,第ゼロ感 (Cover),raise_a_suilen,minor,第ゼロ感 (Cover),raise_a_suilen,288.77,,2.7,4.745462417602539,-9.455042023619892,0,第ゼロ感 (Cover),-9.423867225646973,-13.220869064331056,-8.475406646728516,8.529340744018555,6.8125176429748535,5.942343235015869,7.633851051330566,0.8546571731567383,raise_a_suilen,288.7733125,,193,第ゼロ感 (Cover),raise_a_suilen,288.77,,8.39,193,第ゼロ感 (Cover),4.8631,4.186,5.7079,0.6055,raise_a_suilen,0.939793825149536,0.0334,1.0640631914138794,,288.77,,第ゼロ感 (Cover),6.39125710222288e-06,3.4804585880010563e-08,0.0007523305830545,0.0668832510709762,raise_a_suilen,288.77,,8.37,193,第ゼロ感 (Cover),raise_a_suilen,288.77,,0.754835,193.0,第ゼロ感 (Cover),0.9993368983268738,0.8418331742286682,0.9999917149543762,0.2188588082790374,raise_a_suilen,0.0007612972985953,0.0003959051973652,0.0015471196966245,0.0004899886553175,288.77,,1.83,145.0,-23.1,5.0,第ゼロ感 (Cover),raise_a_suilen,288.7733333333333,,576,第ゼロ感 (Cover),0.0752394050359726,0.0079372972249984,0.2377192080020904,0.0923942774534225,,51,0.1522993593159341,medium
559,raise_a_suilen,劣等上等 (Cover),raise_a_suilen,633.0,0.37,86.1328125,162.16216216216017,236.86,,19.19,False,劣等上等 (Cover),raise_a_suilen,237.07,,C#,F#,0.259,True,minor,minor,False,True,劣等上等 (Cover),raise_a_suilen,minor,劣等上等 (Cover),raise_a_suilen,237.07,,2.0,3.253974914550781,-10.088958601915042,0,劣等上等 (Cover),-10.243996620178224,-12.001080513000488,-8.747105598449707,4.312402248382568,6.83705997467041,6.207324981689453,7.223760604858398,0.5475125908851624,raise_a_suilen,237.066625,,158,劣等上等 (Cover),raise_a_suilen,237.07,,6.79,158,劣等上等 (Cover),4.9085,3.8323,5.9176,0.785,raise_a_suilen,1.218563199043274,0.8754,0.8206385970115662,,237.07,,劣等上等 (Cover),3.816900425590575e-05,1.011652216220682e-06,0.0014856016496196,0.0090732537209987,raise_a_suilen,237.07,,6.16,158,劣等上等 (Cover),raise_a_suilen,237.07,,0.647324,158.0,劣等上等 (Cover),0.9995566606521606,0.9635452032089232,0.9999808669090272,0.1054421588778495,raise_a_suilen,0.0009356876835227,0.0004658056423068,0.0022520720958709,0.0012349562020972,237.07,,1.54,119.0,-19.09,5.0,劣等上等 (Cover),raise_a_suilen,237.06666666666663,,473,劣等上等 (Cover),0.0686740130186081,0.0109580419957637,0.1954784989356994,0.0823848024010658,,36,0.24516308306708,fast
560,raise_a_suilen,Just Awake (Cover),raise_a_suilen,709.0,0.31,135.99917763157896,193.5483870967728,222.8,,17.18,False,Just Awake (Cover),raise_a_suilen,222.97,,Ab,D#,0.62,True,major,major,False,False,Just Awake (Cover),raise_a_suilen,major,Just Awake (Cover),raise_a_suilen,222.97,,2.07,2.959458351135254,-10.762274806274492,0,Just Awake (Cover),-10.618099212646484,-12.586877822875977,-9.627419471740724,3.635455846786499,6.5147247314453125,5.829888343811035,7.177820682525635,0.5712482929229736,raise_a_suilen,222.966625,,148,Just Awake (Cover),raise_a_suilen,222.97,,6.96,148,Just Awake (Cover),4.4273,3.4439,5.4635,0.8042,raise_a_suilen,1.087913155555725,0.4483,0.9191911816596984,,222.97,,Just Awake (Cover),5.392220828071004e-06,1.1437818869808325e-07,0.0006994638242758,0.1275787353515625,raise_a_suilen,222.97,,5.36,148,Just Awake (Cover),raise_a_suilen,222.97,,0.679014,148.0,Just Awake (Cover),0.9730137586593628,0.2569448947906494,0.9995377659797668,0.2895656824111938,raise_a_suilen,0.0009320800309069,0.0004591776814777,0.0016029897378757,0.0005953735671937,222.97,,1.41,112.0,-18.67,5.0,Just Awake (Cover),raise_a_suilen,222.96666666666667,,444,Just Awake (Cover),0.0648493468761444,0.0050560543313622,0.2419384270906448,0.099482849240303,,27,0.0037673789274014,fast
561,raise_a_suilen,Keep the Heat and Fire Yourself Up (Cover),raise_a_suilen,584.0,0.38,184.5703125,157.89473684210526,205.37,,16.18,False,Keep the Heat and Fire Yourself Up (Cover),raise_a_suilen,205.84,,Bb,A#,0.411,True,minor,minor,False,False,Keep the Heat and Fire Yourself Up (Cover),raise_a_suilen,minor,Keep the Heat and Fire Yourself Up (Cover),raise_a_suilen,205.84,,1.82,3.5201292037963867,-10.223273889842554,0,Keep the Heat and Fire Yourself Up (Cover),-10.113910675048828,-12.46439266204834,-8.944263458251953,1.6649030447006226,7.164953708648682,6.432975769042969,7.555046558380127,0.6102026104927063,raise_a_suilen,205.84,,137,Keep the Heat and Fire Yourself Up (Cover),raise_a_suilen,205.84,,6.54,137,Keep the Heat and Fire Yourself Up (Cover),4.9139,3.9523,5.9572,0.9033,raise_a_suilen,1.061560869216919,0.3313,0.9420088529586792,,205.84,,Keep the Heat and Fire Yourself Up (Cover),5.237783625489101e-06,5.680158565724015e-08,0.0029565782751888,0.1158690303564071,raise_a_suilen,205.84,,5.52,137,Keep the Heat and Fire Yourself Up (Cover),raise_a_suilen,205.84,,0.767159,137.0,Keep the Heat and Fire Yourself Up (Cover),0.9735273718833924,0.370828628540039,0.999955415725708,0.2591862082481384,raise_a_suilen,0.0007757020066492,0.0004414725408423,0.002342305611819,0.0021011421922594,205.84,,1.33,103.0,-19.06,5.0,Keep the Heat and Fire Yourself Up (Cover),raise_a_suilen,205.84,,410,Keep the Heat and Fire Yourself Up (Cover),0.068075880408287,0.0078125577419996,0.2136450558900833,0.0875068679451942,,22,0.1664399533618344,medium
562,raise_a_suilen,ボッカデラベリタ (Cover),raise_a_suilen,572.0,0.35,123.046875,171.4285714285707,201.69,,15.3,False,ボッカデラベリタ (Cover),raise_a_suilen,202.0,,D,D,0.585,False,minor,major,True,True,ボッカデラベリタ (Cover),raise_a_suilen,major,ボッカデラベリタ (Cover),raise_a_suilen,202.0,,1.81,1.9524450302124023,-10.132983667812654,0,ボッカデラベリタ (Cover),-10.18017578125,-11.19489288330078,-9.24244785308838,0.748957097530365,6.42682695388794,4.878705978393555,7.0811309814453125,0.875194787979126,raise_a_suilen,202.0,,134,ボッカデラベリタ (Cover),raise_a_suilen,202.0,,6.63,134,ボッカデラベリタ (Cover),5.1595,2.4643,6.2102,1.4764,raise_a_suilen,1.2128242254257202,0.8663,0.8245217800140381,,202.0,,ボッカデラベリタ (Cover),2.0083185518160462e-05,1.6949186942838423e-08,0.0015200225170701,0.0022828315850347,raise_a_suilen,202.0,,6.18,134,ボッカデラベリタ (Cover),raise_a_suilen,202.0,,0.771658,134.0,ボッカデラベリタ (Cover),0.9988557696342468,0.059753593057394,0.9999863505363464,0.3688253462314605,raise_a_suilen,0.0006613410077989,0.0003185459063388,0.0012845197925344,0.0004542143433354,202.0,,1.12,101.0,-17.4,5.0,ボッカデラベリタ (Cover),raise_a_suilen,202.0,,403,ボッカデラベリタ (Cover),0.0572159141302108,0.0092318784445524,0.1796727180480957,0.0778915509581565,,24,0.2021782178217822,fast
563,raise_a_suilen,VORACITY (Cover),raise_a_suilen,690.0,0.3,95.703125,200.0000000000007,207.23,,16.41,False,VORACITY (Cover),raise_a_suilen,207.53,,Ab,G#,0.553,True,minor,minor,False,True,VORACITY (Cover),raise_a_suilen,minor,VORACITY (Cover),raise_a_suilen,207.53,,2.06,4.865944862365723,-10.091568872991044,0,VORACITY (Cover),-9.935333251953123,-13.381834983825684,-8.515890121459961,2.374204635620117,6.695562362670898,5.828957557678223,7.334598541259766,0.6590332984924316,raise_a_suilen,207.5333125,,138,VORACITY (Cover),raise_a_suilen,207.53,,6.17,138,VORACITY (Cover),5.1778,4.1237,6.0848,0.7575,raise_a_suilen,0.9960917830467224,0.1246,1.0039235353469849,,207.53,,VORACITY (Cover),6.253458559513092e-05,1.51319522956328e-06,0.0024401163682341,0.1294578611850738,raise_a_suilen,207.53,,5.88,138,VORACITY (Cover),raise_a_suilen,207.53,,0.591186,138.0,VORACITY (Cover),0.9998854398727416,0.9793661236763,0.9999974966049194,0.0779331550002098,raise_a_suilen,0.0009963479824364,0.0005536720273084,0.0020574263762682,0.000971833767835,207.53,,1.13,104.0,-22.5,5.0,VORACITY (Cover),raise_a_suilen,207.53333333333333,,414,VORACITY (Cover),0.0919187068939209,0.013157982379198,0.2435975223779678,0.0910139232873916,,29,0.0199485986290156,fast
564,raise_a_suilen,神っぽいな (Cover),raise_a_suilen,458.0,0.42,135.99917763157896,142.85714285713743,203.82,,16.03,False,神っぽいな (Cover),raise_a_suilen,204.3,,G,G,0.812,False,minor,major,True,False,神っぽいな (Cover),raise_a_suilen,major,神っぽいな (Cover),raise_a_suilen,204.3,,1.41,2.7640457153320312,-10.024666007014927,0,神っぽいな (Cover),-10.214824676513672,-11.680927276611328,-8.916881561279297,2.31782341003418,7.034254550933838,6.310118198394775,7.702166557312012,0.7675369381904602,raise_a_suilen,204.3,,136,神っぽいな (Cover),raise_a_suilen,204.3,,4.13,136,神っぽいな (Cover),5.5704,4.6591,6.5213,0.7598,raise_a_suilen,1.164189338684082,0.7477,0.8589667081832886,,204.3,,神っぽいな (Cover),3.228346031391993e-05,1.7214331364812097e-06,0.0014522231649607,0.0455075688660144,raise_a_suilen,204.3,,4.92,136,神っぽいな (Cover),raise_a_suilen,204.3,,0.661088,136.0,神っぽいな (Cover),0.9997944235801696,0.9855512380599976,0.999996304512024,0.1297559142112732,raise_a_suilen,,,,,,,1.18,,-20.57,5.0,神っぽいな (Cover),raise_a_suilen,204.3,,407,神っぽいな (Cover),0.1447707712650299,0.0227480009198188,0.3019584715366363,0.1092312708497047,,30,0.2785119921683799,medium
565,raise_a_suilen,狂乱 Hey Kids!! (Cover),raise_a_suilen,801.0,0.22,92.28515625,272.7272727272741,249.45,,20.43,True,狂乱 Hey Kids!! (Cover),raise_a_suilen,249.9,,C,G,0.755,True,minor,minor,False,False,狂乱 Hey Kids!! (Cover),raise_a_suilen,minor,狂乱 Hey Kids!! (Cover),raise_a_suilen,249.9,,2.66,1.8688993453979488,-10.03131300058175,0,狂乱 Hey Kids!! (Cover),-9.847159385681152,-11.23955535888672,-9.37065601348877,1.2546818256378174,7.139240264892578,6.330739498138428,7.8183274269104,0.5833168029785156,raise_a_suilen,249.9,,166,狂乱 Hey Kids!! (Cover),raise_a_suilen,249.9,,6.24,166,狂乱 Hey Kids!! (Cover),5.2432,4.1936,6.266,0.8135,raise_a_suilen,1.1322603225708008,0.6322,0.8831891417503357,,249.9,,狂乱 Hey Kids!! (Cover),1.6484900697832927e-06,2.9561372016928544e-08,8.581862493883818e-05,0.0031140886712819,raise_a_suilen,249.9,,6.02,166,狂乱 Hey Kids!! (Cover),raise_a_suilen,249.9,,0.838796,166.0,狂乱 Hey Kids!! (Cover),0.9981365203857422,0.1493324041366577,0.9999809861183168,0.3450486958026886,raise_a_suilen,0.0007134294137358,0.000311145937303,0.0015401013661175,0.0005802516825497,249.9,,1.55,125.0,-17.89,5.0,狂乱 Hey Kids!! (Cover),raise_a_suilen,249.9,,498,狂乱 Hey Kids!! (Cover),0.0508225224912166,0.0090790307149291,0.1949417293071746,0.0824926793575286,,30,0.1917567026810725,boost
566,raise_a_suilen,SAVIOR OF SONG (Cover),raise_a_suilen,797.0,0.31,123.046875,193.5483870967728,248.95,,19.83,False,SAVIOR OF SONG (Cover),raise_a_suilen,249.2,,C,A,0.735,False,major,minor,False,False,SAVIOR OF SONG (Cover),raise_a_suilen,minor,SAVIOR OF SONG (Cover),raise_a_suilen,249.2,,3.13,7.006274223327637,-10.472039247510338,0,SAVIOR OF SONG (Cover),-9.928056716918944,-16.134586334228516,-9.12831211090088,4.1366868019104,6.860544204711914,5.205935001373291,7.579793453216553,0.9679490327835084,raise_a_suilen,249.2,,166,SAVIOR OF SONG (Cover),raise_a_suilen,249.2,,6.18,166,SAVIOR OF SONG (Cover),5.5393,4.7005,6.4915,0.7183,raise_a_suilen,0.9845974445343018,0.1033,1.0156434774398804,,249.2,,SAVIOR OF SONG (Cover),0.0002313678851351,3.881905286107212e-06,0.1452095806598663,0.1882403343915939,raise_a_suilen,249.2,,6.03,166,SAVIOR OF SONG (Cover),raise_a_suilen,249.2,,0.726667,166.0,SAVIOR OF SONG (Cover),0.9998812079429626,0.8991918563842773,0.9999987483024596,0.1058707535266876,raise_a_suilen,0.0008891918114386,0.0004076421028003,0.0017998194089159,0.0007607078878208,249.2,,1.57,125.0,-22.55,5.0,SAVIOR OF SONG (Cover),raise_a_suilen,249.2,,497,SAVIOR OF SONG (Cover),0.081134058535099,0.0123436814174056,0.243362545967102,0.0963151529431343,,27,0.265008025682183,fast
567,raise_a_suilen,恋しさとせつなさと心強さと (Cover),raise_a_suilen,543.0,0.46,103.359375,130.43478260869338,250.51,,19.2,False,恋しさとせつなさと心強さと (Cover),raise_a_suilen,250.73,,D,F,0.359,False,minor,major,False,False,恋しさとせつなさと心強さと (Cover),raise_a_suilen,major,恋しさとせつなさと心強さと (Cover),raise_a_suilen,250.73,,2.72,3.997011184692383,-11.38490705454988,0,恋しさとせつなさと心強さと (Cover),-11.835960388183594,-13.52012062072754,-9.523109436035156,4.590971946716309,6.972379684448242,6.323777675628662,7.725639343261719,0.583702564239502,raise_a_suilen,250.7333125,,167,恋しさとせつなさと心強さと (Cover),raise_a_suilen,250.73,,6.69,167,恋しさとせつなさと心強さと (Cover),5.8397,5.0098,6.6117,0.6427,raise_a_suilen,1.1530399322509766,0.7097,0.8672727346420288,,250.73,,恋しさとせつなさと心強さと (Cover),0.0004174782952759,2.9365251066337805e-06,0.013757293112576,0.0430877916514873,raise_a_suilen,250.73,,6.18,167,恋しさとせつなさと心強さと (Cover),raise_a_suilen,250.73,,0.636729,167.0,恋しさとせつなさと心強さと (Cover),0.9994912147521972,0.8891491293907166,0.9999756217002868,0.1411382853984832,raise_a_suilen,0.0007352390093728,0.0003889361978508,0.0013423354830592,0.000650450005196,250.73,,1.6,126.0,-20.68,5.0,恋しさとせつなさと心強さと (Cover),raise_a_suilen,250.7333333333333,,500,恋しさとせつなさと心強さと (Cover),0.1071688830852508,0.0158977564424276,0.2803123593330383,0.1045591980218887,,50,0.1791544504196937,medium
568,raise_a_suilen,DEPARTURES (Cover),raise_a_suilen,553.0,0.6,95.703125,100.00000000000097,332.3,,25.57,False,DEPARTURES (Cover),raise_a_suilen,332.93,,G,D,0.48,True,major,major,False,False,DEPARTURES (Cover),raise_a_suilen,major,DEPARTURES (Cover),raise_a_suilen,332.93,,2.52,7.681570053100586,-11.907509266255335,0,DEPARTURES (Cover),-12.70644760131836,-17.05131721496582,-9.369747161865234,3.748898983001709,6.674078941345215,5.187931537628174,7.208798408508301,0.7857648730278015,raise_a_suilen,332.9333125,,222,DEPARTURES (Cover),raise_a_suilen,332.93,,8.0,222,DEPARTURES (Cover),5.6624,4.944,6.6223,0.6743,raise_a_suilen,1.0812933444976809,0.4073,0.9248183965682985,,332.93,,DEPARTURES (Cover),0.115804523229599,0.0002022901171585,0.9189072847366332,0.3588634431362152,raise_a_suilen,332.93,,8.06,222,DEPARTURES (Cover),raise_a_suilen,332.93,,0.552207,222.0,DEPARTURES (Cover),0.9950482845306396,0.4437439143657684,0.9999374747276306,0.2674723267555237,raise_a_suilen,0.0006021363078616,0.0003748493036255,0.0010630196193233,0.0004037515027448,332.93,,2.1,167.0,-23.59,5.0,DEPARTURES (Cover),raise_a_suilen,332.93333333333334,,664,DEPARTURES (Cover),0.0737331584095954,0.0079616690054535,0.2644851207733154,0.1038808152079582,,75,0.4684420719310586,medium
569,raise_a_suilen,CORE PRIDE (Cover),raise_a_suilen,793.0,0.32,123.046875,187.49999999999568,257.02,,20.22,False,CORE PRIDE (Cover),raise_a_suilen,257.23,,D,D,0.356,False,minor,minor,False,False,CORE PRIDE (Cover),raise_a_suilen,minor,CORE PRIDE (Cover),raise_a_suilen,257.23,,2.54,1.2890853881835938,-9.52349162053714,0,CORE PRIDE (Cover),-9.38776397705078,-10.23193359375,-8.942848205566406,1.540813446044922,6.865342140197754,6.114428520202637,7.37801456451416,0.5278860926628113,raise_a_suilen,257.2333125,,171,CORE PRIDE (Cover),raise_a_suilen,257.23,,6.64,171,CORE PRIDE (Cover),5.2213,4.3252,6.1276,0.7269,raise_a_suilen,1.1265029907226562,0.6109,0.887703001499176,,257.23,,CORE PRIDE (Cover),7.889564585639164e-06,1.081224922927504e-07,0.0002382460079388,0.0551560930907726,raise_a_suilen,257.23,,6.66,171,CORE PRIDE (Cover),raise_a_suilen,257.23,,0.674087,171.0,CORE PRIDE (Cover),0.9976390600204468,0.6153214573860168,0.999921441078186,0.2246984094381332,raise_a_suilen,0.0007414333522319,0.0004208619066048,0.0011999115813523,0.0006085104541853,257.23,,1.64,129.0,-16.21,5.0,CORE PRIDE (Cover),raise_a_suilen,257.2333333333333,,513,CORE PRIDE (Cover),0.0601237900555133,0.0094678541645407,0.2164551466703415,0.0883594304323196,,19,0.0975767627353955,fast
570,roselia,Neo-Aspect,roselia,922.0,0.33,172.265625,181.8181818181749,307.01,,23.44,False,Neo-Aspect,roselia,307.29,,B,B,0.704,False,major,major,False,False,Neo-Aspect,roselia,major,Neo-Aspect,roselia,307.29,,2.16,3.1904897689819336,-9.731862722276668,0,Neo-Aspect,-9.572464942932127,-11.82493019104004,-8.634440422058105,1.4732365608215332,6.894420146942139,6.033880710601807,7.874936103820801,0.768486738204956,roselia,307.2903125,,205,Neo-Aspect,roselia,307.29,,8.34,205,Neo-Aspect,5.3767,4.6154,6.1863,0.6119,roselia,1.1050177812576294,0.5106,0.9049627780914308,,307.29,,Neo-Aspect,5.589836746366927e-06,1.3205320215092797e-07,0.063587762415409,0.2285466343164444,roselia,307.29,,8.22,205,Neo-Aspect,roselia,307.29,,0.638236,205.0,Neo-Aspect,0.998745322227478,0.9186115264892578,0.9999908208847046,0.0909603983163833,roselia,0.0007365695782937,0.0003757509985007,0.0015049846842885,0.0007012324640527,307.29,,1.95,154.0,-17.04,5.0,Neo-Aspect,roselia,307.2903401360544,,613,Neo-Aspect,0.0609670989215374,0.008236551657319,0.2177313268184662,0.088104024529457,,27,0.2527902151181924,fast
571,roselia,BLACK SHOUT,roselia,712.0,0.32,92.28515625,187.49999999998727,247.05,,18.89,False,BLACK SHOUT,roselia,247.05,,E,E,0.754,False,minor,minor,False,False,BLACK SHOUT,roselia,minor,BLACK SHOUT,roselia,247.05,,1.57,4.969873428344727,-11.799876945008537,0,BLACK SHOUT,-11.889162063598633,-15.096275329589844,-10.126401901245115,2.778700590133667,6.576953411102295,4.872537612915039,7.280675411224365,0.9213781356811525,roselia,247.051,,165,BLACK SHOUT,roselia,247.05,,6.98,165,BLACK SHOUT,5.513,4.6499,6.3363,0.6479,roselia,1.0667871236801147,0.3556,0.9373941421508788,,247.05,,BLACK SHOUT,0.0001852621498983,5.0850503612309694e-06,0.4558212757110595,0.2377202212810516,roselia,247.05,,7.01,165,BLACK SHOUT,roselia,247.05,,0.695999,165.0,BLACK SHOUT,0.9997034668922424,0.7740705609321594,0.9999991655349731,0.2133896499872207,roselia,0.0009796482045203,0.0004397067823447,0.0017707413062453,0.0005891174077987,247.05,,1.59,124.0,-22.75,5.0,BLACK SHOUT,roselia,247.05102040816325,,493,BLACK SHOUT,0.0739190354943275,0.0110557507723569,0.1985929757356643,0.0810854956507682,,27,0.0461443183796058,fast
572,roselia,Opera of the wasteland,roselia,871.0,0.23,287.109375,260.8695652173868,284.32,,21.5,True,Opera of the wasteland,roselia,284.8,,F#,F#,0.426,False,minor,major,True,True,Opera of the wasteland,roselia,major,Opera of the wasteland,roselia,284.8,,3.4,4.361546516418457,-9.841238024235144,0,Opera of the wasteland,-9.811759948730469,-12.881823539733888,-8.52027702331543,5.37871789932251,6.618626117706299,5.153458118438721,7.318188190460205,0.8038048148155212,roselia,284.8,,190,Opera of the wasteland,roselia,284.8,,7.87,190,Opera of the wasteland,5.4116,4.7696,5.9979,0.5189,roselia,1.0835493803024292,0.424,0.9228928685188292,,284.8,,Opera of the wasteland,0.0001965201518032,2.1427943863727705e-07,0.2018373757600784,0.2289423048496246,roselia,284.8,,8.25,190,Opera of the wasteland,roselia,284.8,,0.641445,190.0,Opera of the wasteland,0.999342679977417,0.5351495146751404,0.999994158744812,0.2321638613939285,roselia,0.0008985690656118,0.0003643525997176,0.0019522896036505,0.0007314509130083,284.8,,1.57,143.0,-18.03,5.0,Opera of the wasteland,roselia,284.8,,568,Opera of the wasteland,0.047775525599718,0.0078622233122587,0.1929458230733871,0.0847610905766487,,18,0.067626404494382,boost
573,roselia,陽だまりロードナイト,roselia,688.0,0.42,135.99917763157896,142.85714285714226,289.36,,22.47,False,陽だまりロードナイト,roselia,289.84,,D,D,0.815,False,major,major,False,False,陽だまりロードナイト,roselia,major,陽だまりロードナイト,roselia,289.84,,2.83,2.334108352661133,-13.542394654800416,0,陽だまりロードナイト,-13.66923999786377,-14.92347526550293,-12.589366912841797,3.591099977493286,6.480823040008545,5.570389747619629,7.326669216156006,0.7398443222045898,roselia,289.836,,193,陽だまりロードナイト,roselia,289.84,,8.16,193,陽だまりロードナイト,5.9385,4.9649,6.8682,0.7471,roselia,1.1975895166397097,0.8404,0.8350106477737427,,289.84,,陽だまりロードナイト,2.409045555396005e-05,4.706439256096928e-07,0.0184244755655527,0.1878472566604614,roselia,289.84,,8.35,193,陽だまりロードナイト,roselia,289.84,,0.740831,193.0,陽だまりロードナイト,0.9999508857727052,0.968323051929474,0.9999997615814208,0.1221440210938453,roselia,0.0007514983299188,0.0003589541302062,0.0014876985223963,0.0004765352350659,289.84,,1.46,145.0,-20.72,5.0,陽だまりロードナイト,roselia,289.8360544217687,,578,陽だまりロードナイト,0.0565775632858276,0.0094322469085454,0.1861099600791931,0.0779905840754509,,16,0.053202489252006,medium
574,roselia,ONENESS,roselia,731.0,0.32,135.99917763157896,187.500000000004,238.98,,18.01,False,ONENESS,roselia,239.23,,F#,F#,0.548,False,minor,minor,False,False,ONENESS,roselia,minor,ONENESS,roselia,239.23,,2.14,3.76362419128418,-11.894921764497536,0,ONENESS,-11.998937606811523,-14.432671546936035,-10.669047355651855,2.991438627243042,6.972319602966309,5.650884628295898,7.653146266937256,0.8455867171287537,roselia,239.2303125,,159,ONENESS,roselia,239.23,,6.81,159,ONENESS,5.4326,4.742,5.9931,0.562,roselia,1.1025017499923706,0.5046,0.907028079032898,,239.23,,ONENESS,4.610448286257451e-06,3.159084940307366e-07,0.2328995317220688,0.2439374774694442,roselia,239.23,,7.28,159,ONENESS,roselia,239.23,,0.687243,159.0,ONENESS,0.999831199645996,0.955798089504242,0.9999977946281432,0.0877975523471832,roselia,0.0009810600895434,0.0003651630540844,0.0022543692030012,0.0029791875276714,239.23,,1.25,120.0,-20.5,5.0,ONENESS,roselia,239.2303854875284,,477,ONENESS,0.0719588845968246,0.0134792309254407,0.2299678325653076,0.0883365124464035,,43,0.1830035170074035,fast
575,roselia,Re:birth day,roselia,763.0,0.35,151.99908088235293,171.4285714285707,268.42,,21.33,False,Re:birth day,roselia,268.73,,G,D,0.457,True,major,major,False,False,Re:birth day,roselia,major,Re:birth day,roselia,268.73,,2.17,3.7707767486572266,-12.088886053759284,0,Re:birth day,-12.4459810256958,-14.119853973388672,-10.349077224731444,5.452518939971924,6.403259754180908,5.498919486999512,7.21233606338501,0.7629497647285461,roselia,268.726,,179,Re:birth day,roselia,268.73,,7.33,179,Re:birth day,5.6171,4.6945,6.8185,0.8202,roselia,1.089715838432312,0.4514,0.9176703095436096,,268.73,,Re:birth day,0.0003299067029729,5.342083568393719e-06,0.0532315261662006,0.1854545921087265,roselia,268.73,,7.77,179,Re:birth day,roselia,268.73,,0.680204,179.0,Re:birth day,0.9999043941497804,0.9430431723594666,0.9999988079071044,0.2013419419527053,roselia,0.0007238214020617,0.0004040452477056,0.0013590408489108,0.0004420608456712,268.73,,1.55,135.0,-20.61,5.0,Re:birth day,roselia,268.72603174603177,,536,Re:birth day,0.0473273918032646,0.0049722604453563,0.1782842278480529,0.078036792576313,,28,0.1334444440051286,fast
576,roselia,Legendary,roselia,700.0,0.42,215.33203125,142.85714285714712,291.55,,22.7,False,Legendary,roselia,291.98,,A,A,0.441,False,minor,minor,False,True,Legendary,roselia,minor,Legendary,roselia,291.98,,2.91,2.31672477722168,-10.565411106833633,0,Legendary,-10.638580322265623,-11.816190719604492,-9.499465942382812,0.9863765835762024,6.711234092712402,5.721384048461914,7.483589649200439,0.7725927233695984,roselia,291.98375,,195,Legendary,roselia,291.98,,7.21,195,Legendary,5.6552,5.0007,6.4557,0.5929,roselia,1.2646605968475342,0.9255,0.7907260060310364,,291.98,,Legendary,0.0014610487269237,3.955443025915884e-05,0.0548148527741432,0.138926163315773,roselia,291.98,,7.61,195,Legendary,roselia,291.98,,0.649698,195.0,Legendary,0.9995959401130676,0.918505609035492,0.9999986290931702,0.1039595305919647,roselia,0.0010545360855758,0.0004338531871326,0.0019204079871997,0.0010567349381744,291.98,,1.83,146.0,-17.58,5.0,Legendary,roselia,291.9837641723356,,582,Legendary,0.0685391575098037,0.0083160754293203,0.1887351125478744,0.0779520720243454,,19,0.1037728761076438,medium
577,roselia,- HEROIC ADVENT -,roselia,674.0,0.33,172.265625,181.81818181818275,221.8,,16.78,False,- HEROIC ADVENT -,roselia,222.1,,G,D,0.381,True,major,major,False,True,- HEROIC ADVENT -,roselia,major,- HEROIC ADVENT -,roselia,222.1,,1.74,2.280059814453125,-11.085622026877411,0,- HEROIC ADVENT -,-11.009023666381836,-12.320417404174805,-10.04035758972168,2.6607463359832764,6.780776023864746,6.128208160400391,7.505640983581543,0.5901991128921509,roselia,222.096625,,148,- HEROIC ADVENT -,roselia,222.1,,5.7,148,- HEROIC ADVENT -,6.0588,4.9717,6.8874,0.7461,roselia,1.0827760696411133,0.421,0.9235520362854004,,222.1,,- HEROIC ADVENT -,4.08313462685328e-05,4.533275443918683e-07,0.0088867573067545,0.1202028468251228,roselia,222.1,,6.3,148,- HEROIC ADVENT -,roselia,222.1,,0.648286,148.0,- HEROIC ADVENT -,0.9996989965438844,0.9827685952186584,0.999997615814209,0.1290715634822845,roselia,,,,,,,1.39,,-19.43,5.0,- HEROIC ADVENT -,roselia,222.09668934240364,,443,- HEROIC ADVENT -,0.0714704617857933,0.0100146122276782,0.2276046425104141,0.0880617871880531,,34,0.1050893656394582,fast
578,roselia,Determination Symphony,roselia,892.0,0.32,172.265625,187.500000000004,281.66,,21.65,False,Determination Symphony,roselia,281.89,,G,D,0.376,True,major,major,False,True,Determination Symphony,roselia,major,Determination Symphony,roselia,281.89,,2.99,2.4821605682373047,-11.41852590410004,0,Determination Symphony,-11.270816802978516,-12.96062469482422,-10.478464126586914,1.5649540424346924,6.85039758682251,5.986518859863281,7.712949275970459,0.7105740904808044,roselia,281.8863125,,188,Determination Symphony,roselia,281.89,,7.94,188,Determination Symphony,5.5781,4.7598,6.5125,0.6428,roselia,1.0743621587753296,0.3739,0.9307848215103148,,281.89,,Determination Symphony,7.166745035647182e-06,3.152695171593223e-07,0.0014586037723347,0.158259242773056,roselia,281.89,,7.38,188,Determination Symphony,roselia,281.89,,0.731212,188.0,Determination Symphony,0.999553680419922,0.9276598691940308,0.9999942183494568,0.0526517182588577,roselia,0.0006294112536124,0.0003643631935119,0.0010961246443912,0.000355937401764,281.89,,1.66,141.0,-19.2,5.0,Determination Symphony,roselia,281.8863492063492,,562,Determination Symphony,0.0551180765032768,0.0071600247174501,0.191042885184288,0.0812786221504211,,21,0.129342895696892,fast
579,roselia,熱色スターマイン,roselia,874.0,0.32,184.5703125,187.5,280.14,,20.78,False,熱色スターマイン,roselia,280.28,,E,B,0.245,True,minor,minor,False,False,熱色スターマイン,roselia,minor,熱色スターマイン,roselia,280.28,,2.67,2.946386337280273,-11.105645883352556,0,熱色スターマイン,-11.261842727661133,-12.793203353881836,-9.846817016601562,1.7546422481536863,6.547285556793213,5.636194229125977,7.274245262145996,0.7190386652946472,roselia,280.2803125,,187,熱色スターマイン,roselia,280.28,,7.58,187,熱色スターマイン,5.8195,4.8451,6.6691,0.7195,roselia,1.0182124376296997,0.1702,0.9821135401725768,,280.28,,熱色スターマイン,1.4519518117594998e-05,6.804089025536086e-08,0.3704347908496856,0.1833769530057907,roselia,280.28,,7.65,187,熱色スターマイン,roselia,280.28,,0.641586,187.0,熱色スターマイン,0.9997496008872986,0.965160310268402,0.9999966621398926,0.1193662881851196,roselia,,,,,,,1.63,,-19.37,5.0,熱色スターマイン,roselia,280.2803628117914,,559,熱色スターマイン,0.0470857247710228,0.005044630728662,0.163239449262619,0.0703968405723571,,28,0.0144141379859363,fast
580,roselia,軌跡,roselia,443.0,0.71,83.35433467741936,84.50704225352357,312.05,,23.2,False,軌跡,roselia,312.53,,A,A,0.487,False,major,major,False,True,軌跡,roselia,major,軌跡,roselia,312.53,,2.66,12.8460693359375,-11.509514611485038,0,軌跡,-12.646077156066896,-21.707761764526367,-8.861692428588867,5.900655269622803,5.987321376800537,3.770324945449829,6.917961120605469,1.2430957555770874,roselia,312.5333125,,209,軌跡,roselia,312.53,,7.87,209,軌跡,5.1243,4.3451,6.3333,0.7553,roselia,0.9679264426231384,0.076,1.0331364870071411,,312.53,,軌跡,0.1642947793006897,0.0012977506266906,0.9699608087539672,0.4013324975967407,roselia,312.53,,8.64,209,軌跡,roselia,312.53,,0.415649,209.0,軌跡,0.9996992349624634,0.2448222786188125,0.9999909996986388,0.2857770025730133,roselia,0.0007735192775726,0.0004173456109128,0.0015884559834375,0.0026287261862307,312.53,,1.96,157.0,-27.33,5.0,軌跡,roselia,312.53333333333336,,624,軌跡,0.0495593175292015,0.0042744544334709,0.202446311712265,0.0824937149882316,,39,0.1949231822041406,slow
581,roselia,LOUDER,roselia,701.0,0.31,123.046875,193.5483870967728,215.92,,16.8,False,LOUDER,roselia,216.22,,D,D,0.501,False,major,major,False,False,LOUDER,roselia,major,LOUDER,roselia,216.22,,2.11,3.433417320251465,-11.746618199537536,0,LOUDER,-11.901609420776367,-13.77050495147705,-10.337087631225586,4.983799934387207,6.716906547546387,5.032810688018799,7.602011680603027,0.9152982234954834,roselia,216.2193125,,144,LOUDER,roselia,216.22,,6.46,144,LOUDER,5.5489,4.7673,6.5125,0.7023,roselia,1.0477782487869265,0.2705,0.9544004201889038,,216.22,,LOUDER,0.000136227114126,4.945059686178865e-07,0.0965322107076644,0.2191374450922012,roselia,216.22,,5.96,144,LOUDER,roselia,216.22,,0.68385,144.0,LOUDER,0.99986332654953,0.7201744318008423,0.9999988675117492,0.2133468687534332,roselia,,,,,,,1.39,,-20.0,5.0,LOUDER,roselia,216.21936507936508,,431,LOUDER,0.055327896028757,0.0077730761840939,0.1960267722606659,0.0807516053318977,,26,0.1519752797361475,fast
582,roselia,R,roselia,891.0,0.32,184.5703125,187.500000000004,284.99,,20.97,False,R,roselia,285.3,,D,D,0.905,False,minor,minor,False,False,R,roselia,minor,R,roselia,285.3,,2.73,4.8900299072265625,-10.15649884876053,0,R,-9.910253524780272,-13.73076343536377,-8.840733528137207,3.128661155700684,7.171693801879883,5.756289482116699,7.8705315589904785,0.892306923866272,roselia,285.3,,190,R,roselia,285.3,,7.58,190,R,5.5442,4.5302,6.4002,0.7212,roselia,1.0520557165145874,0.2933,0.9505199790000916,,285.3,,R,3.593987457861658e-06,6.820039288868429e-08,0.0232059247791767,0.2019034475088119,roselia,285.3,,7.74,190,R,roselia,285.3,,0.767623,190.0,R,0.9995265007019044,0.891630232334137,0.9999969005584716,0.1678355932235717,roselia,0.0006055074045434,0.0003015883849002,0.0012074194382876,0.0003811799397226,285.3,,1.82,143.0,-21.04,5.0,R,roselia,285.3,,569,R,0.068721055984497,0.0101003944873809,0.2148969173431396,0.0859869867563247,,24,0.1099193831055029,fast
583,roselia,BRAVE JEWEL,roselia,792.0,0.31,184.5703125,193.5483870967728,247.26,,18.57,False,BRAVE JEWEL,roselia,247.47,,A,A,0.399,False,minor,minor,False,False,BRAVE JEWEL,roselia,minor,BRAVE JEWEL,roselia,247.47,,2.05,4.5473480224609375,-11.227343357067465,0,BRAVE JEWEL,-11.070890426635742,-14.586954116821287,-10.039606094360352,2.655555009841919,6.834015369415283,5.432926177978516,7.716434955596924,0.9550143480300904,roselia,247.4638125,,165,BRAVE JEWEL,roselia,247.46,,6.6,165,BRAVE JEWEL,5.7256,4.7104,6.5067,0.687,roselia,1.076820969581604,0.3845,0.9286594986915588,,247.47,,BRAVE JEWEL,6.208932609297335e-05,8.970638987193524e-07,0.0512163043022155,0.1751732230186462,roselia,247.46,,7.14,165,BRAVE JEWEL,roselia,247.47,,0.693173,165.0,BRAVE JEWEL,0.9992915391921996,0.8944538235664368,0.999992847442627,0.2163077592849731,roselia,0.0007394543499685,0.0003872156667057,0.0014386784750968,0.0004246750613674,247.47,,1.57,124.0,-21.67,5.0,BRAVE JEWEL,roselia,247.46666666666667,,493,BRAVE JEWEL,0.0780817121267318,0.010019801557064,0.2404154539108276,0.0915927365422248,,31,0.1077316719649388,fast
584,roselia,FIRE BIRD,roselia,840.0,0.4,123.046875,149.99999999999787,359.74,,27.14,False,FIRE BIRD,roselia,360.33,,G,G,0.664,False,minor,minor,False,False,FIRE BIRD,roselia,minor,FIRE BIRD,roselia,360.33,,3.39,6.208261489868164,-18.11424700597569,0,FIRE BIRD,-17.68889045715332,-22.767581939697266,-16.5593204498291,2.464888334274292,6.145306587219238,4.123857975006104,6.889354228973389,1.0539546012878418,roselia,360.32725,,241,FIRE BIRD,roselia,360.33,,9.23,241,FIRE BIRD,5.0053,4.0885,5.9037,0.7009,roselia,0.9909761548042296,0.1155,1.0091060400009155,,360.33,,FIRE BIRD,6.894172838656232e-05,2.3856619009166025e-06,0.9408286809921264,0.355309396982193,roselia,360.33,,10.29,241,FIRE BIRD,roselia,360.33,,0.799487,241.0,FIRE BIRD,0.9570339918136596,0.4348349869251251,0.9993533492088318,0.2393927723169326,roselia,0.0015054018003866,0.0006619537598453,0.0049940608441829,0.0114192375913262,360.33,,2.23,181.0,-29.01,5.0,FIRE BIRD,roselia,360.3273015873016,,719,FIRE BIRD,0.0597378574311733,0.007877055555582,0.1911245435476303,0.07200738042593,,49,0.0081592482668101,medium
585,roselia,Safe and Sound,roselia,785.0,0.33,117.45383522727272,181.81818181818275,258.29,,19.21,False,Safe and Sound,roselia,258.53,,C,G,0.385,True,major,major,False,True,Safe and Sound,roselia,major,Safe and Sound,roselia,258.53,,2.74,4.542701721191406,-10.108620765290524,0,Safe and Sound,-9.819205284118652,-13.51238250732422,-8.969680786132812,3.3637640476226807,6.645687103271484,5.011951446533203,7.269238948822021,0.9099579453468324,roselia,258.5333125,,172,Safe and Sound,roselia,258.53,,6.65,172,Safe and Sound,5.6414,4.7311,6.4455,0.6825,roselia,0.9547624588012696,0.0608,1.0473809242248535,,258.53,,Safe and Sound,0.0012006789911538,2.1915351680945605e-05,0.2223942875862121,0.23002590239048,roselia,258.53,,6.36,172,Safe and Sound,roselia,258.53,,0.647713,172.0,Safe and Sound,0.999781370162964,0.8593087792396545,0.999997079372406,0.1878493577241897,roselia,0.0008551384089514,0.0004594842612277,0.0014538783580064,0.0004177386581432,258.53,,1.65,130.0,-21.29,5.0,Safe and Sound,roselia,258.53333333333336,,516,Safe and Sound,0.0492328405380249,0.0045726904645562,0.1815200448036193,0.0814831182360649,,22,0.0943785304315158,fast
586,roselia,Avant-garde HISTORY,roselia,1121.0,0.26,215.33203125,230.76923076922623,306.32,,22.84,False,Avant-garde HISTORY,roselia,306.8,,F#,F#,0.666,False,minor,minor,False,False,Avant-garde HISTORY,roselia,minor,Avant-garde HISTORY,roselia,306.8,,2.62,2.935392379760742,-10.667537395015126,0,Avant-garde HISTORY,-10.766748428344728,-12.52197551727295,-9.586583137512209,1.2430976629257202,6.418674468994141,5.65696382522583,7.047286987304688,0.5656358599662781,roselia,306.8,,205,Avant-garde HISTORY,roselia,306.8,,8.25,205,Avant-garde HISTORY,5.4512,4.6105,6.3581,0.6684,roselia,1.053480863571167,0.2964,0.949234127998352,,306.8,,Avant-garde HISTORY,0.0002269555116072,1.627415372240648e-06,0.0312497150152921,0.096622996032238,roselia,306.8,,8.32,205,Avant-garde HISTORY,roselia,306.8,,0.687672,205.0,Avant-garde HISTORY,0.9989194869995116,0.4507421553134918,0.9999840259552002,0.2429159432649612,roselia,0.0008920257678255,0.0003895772970281,0.001739794621244,0.0007791012758389,306.8,,1.94,154.0,-17.33,5.0,Avant-garde HISTORY,roselia,306.8,,612,Avant-garde HISTORY,0.0520587638020515,0.007056915666908,0.226398229598999,0.0970013812184333,,23,0.0750325945241199,boost
587,roselia,Break your desire,roselia,892.0,0.29,135.99917763157896,206.89655172413347,261.08,,20.08,False,Break your desire,roselia,261.37,,C#,F,0.353,True,major,minor,False,True,Break your desire,roselia,minor,Break your desire,roselia,261.37,,3.68,2.9952287673950195,-10.310021933438074,0,Break your desire,-10.07827377319336,-12.242419242858888,-9.247190475463867,2.5193278789520264,6.536410331726074,5.490024089813232,7.258294105529785,0.6796027421951294,roselia,261.366625,,174,Break your desire,roselia,261.37,,7.22,174,Break your desire,5.4559,4.7211,6.3413,0.5944,roselia,1.0129958391189575,0.1596,0.9871708750724792,,261.37,,Break your desire,0.0001634478248888,4.010258180642268e-06,0.0067365383729338,0.055158607661724,roselia,261.37,,7.1,174,Break your desire,roselia,261.37,,0.617979,174.0,Break your desire,0.9996668696403505,0.6458122730255127,0.9999977946281432,0.2046152502298355,roselia,0.0009028597269207,0.0003499411977827,0.001723913475871,0.0011533121578395,261.37,,1.65,131.0,-18.06,5.0,Break your desire,roselia,261.3666666666667,,521,Break your desire,0.0494103468954563,0.0052592633292078,0.1682864725589752,0.0744061172008514,,19,0.1088891636199812,fast
589,roselia,約束,roselia,624.0,0.49,151.99908088235293,122.448979591838,304.13,,22.75,False,約束,roselia,304.6,,G,E,0.699,False,major,minor,False,False,約束,roselia,minor,約束,roselia,304.6,,3.25,2.9090309143066406,-10.541399811417495,0,約束,-10.34604835510254,-12.449464797973633,-9.540433883666992,4.57452917098999,6.688951015472412,5.714746952056885,7.35252046585083,0.6559127569198608,roselia,304.6,,203,約束,roselia,304.6,,8.66,203,約束,5.6365,4.6922,6.4789,0.6533,roselia,1.007962703704834,0.1459,0.992100179195404,,304.6,,約束,0.000290819996735,4.166560756857507e-06,0.0436052121222019,0.1353955566883087,roselia,304.6,,8.27,203,約束,roselia,304.6,,0.693809,203.0,約束,0.9997815489768982,0.771112859249115,0.9999948740005492,0.1554749459028244,roselia,0.0007532646413892,0.0004060996870975,0.0014627345371991,0.0004066400579176,304.6,,1.97,153.0,-18.43,5.0,約束,roselia,304.6,,608,約束,0.047905545681715,0.0062402845360338,0.1784418374300003,0.0773387178778648,,25,0.0837820091923834,medium
590,roselia,"""UNIONS"" Road",roselia,696.0,0.44,129.19921875,136.36363636363487,308.83,,23.99,False,"""UNIONS"" Road",roselia,309.27,,F,F,0.467,False,major,major,False,False,"""UNIONS"" Road",roselia,major,"""UNIONS"" Road",roselia,309.27,,3.29,4.536842346191406,-10.71571035383188,0,"""UNIONS"" Road",-10.80416488647461,-13.549028396606444,-9.01218605041504,3.96705174446106,6.614360809326172,5.458808422088623,7.4663166999816895,0.8139592409133911,roselia,309.266625,,206,"""UNIONS"" Road",roselia,309.27,,8.78,206,"""UNIONS"" Road",5.6035,4.7354,6.2723,0.5989,roselia,1.1079177856445312,0.5228,0.9025940895080566,,309.27,,"""UNIONS"" Road",0.000195107946638,2.10969255931559e-06,0.0199350528419017,0.1651477962732315,roselia,309.27,,8.56,206,"""UNIONS"" Road",roselia,309.27,,0.640045,206.0,"""UNIONS"" Road",0.999604880809784,0.8516014814376831,0.9999953508377076,0.1945561468601226,roselia,0.0008844978292472,0.0004523827228695,0.0016250615008175,0.0008715506410226,309.27,,1.98,155.0,-18.45,5.0,"""UNIONS"" Road",roselia,309.26666666666665,,617,"""UNIONS"" Road",0.0679890662431716,0.0066869859583675,0.2157780677080154,0.0871526077389717,,28,0.0537400265587932,medium
591,roselia,Song I am.,roselia,768.0,0.32,172.265625,187.500000000004,242.27,,18.17,False,Song I am.,roselia,242.57,,F,F,0.37,False,major,minor,True,True,Song I am.,roselia,minor,Song I am.,roselia,242.57,,1.76,5.2587080001831055,-10.399366486826198,0,Song I am.,-10.55852222442627,-14.529120445251465,-9.27041244506836,3.37905502319336,6.857922554016113,5.390973567962647,7.581981182098389,0.8965308666229248,roselia,242.566625,,162,Song I am.,roselia,242.57,,7.07,162,Song I am.,5.0156,4.1452,5.7344,0.6881,roselia,0.950151026248932,0.0441,1.0524643659591677,,242.57,,Song I am.,1.6249796317424623e-06,2.802647891542165e-08,0.0018256909679621,0.1133647710084915,roselia,242.57,,6.68,162,Song I am.,roselia,242.57,,0.744867,162.0,Song I am.,0.9956167936325072,0.4497354030609131,0.9999884963035583,0.2455061078071594,roselia,0.0006747334264218,0.0003147984098177,0.0013900034828111,0.0004094282048754,242.57,,1.55,122.0,-20.97,5.0,Song I am.,roselia,242.56666666666663,,484,Song I am.,0.0476221367716789,0.0064628706313669,0.1487154066562652,0.0621222108602523,,16,0.1022399252576675,fast
592,roselia,Sage der Rosen,roselia,648.0,0.38,117.45383522727272,157.89473684210716,244.68,,18.27,False,Sage der Rosen,roselia,244.97,,D,D,0.533,False,minor,minor,False,False,Sage der Rosen,roselia,minor,Sage der Rosen,roselia,244.97,,2.27,6.756220817565918,-10.492504019177131,0,Sage der Rosen,-10.633930206298828,-15.933357238769531,-9.177136421203612,6.673015117645264,6.430237770080566,5.159327507019043,7.108967304229736,0.8331260681152344,roselia,244.966625,,163,Sage der Rosen,roselia,244.97,,7.25,163,Sage der Rosen,5.3148,3.9844,6.0458,0.7688,roselia,1.0391026735305786,0.2508,0.9623687863349916,,244.97,,Sage der Rosen,0.0006362003041431,1.5910413821984548e-06,0.0614461936056613,0.1471100449562072,roselia,244.97,,6.5,163,Sage der Rosen,roselia,244.97,,0.688825,163.0,Sage der Rosen,0.9996271133422852,0.6704167127609253,0.9999920725822448,0.1827054172754287,roselia,0.0011227346258237,0.0003605920646805,0.002437635557726,0.0009940933668985,244.97,,1.56,123.0,-21.67,5.0,Sage der Rosen,roselia,244.96666666666667,,488,Sage der Rosen,0.0508038029074668,0.0077529228292405,0.1727943122386932,0.0730581507086753,,33,0.1445094447790988,medium
593,roselia,覚悟のLiberation,roselia,703.0,0.33,123.046875,181.8181818181906,260.54,,20.42,False,覚悟のLiberation,roselia,260.83,,C#,F,0.53,True,major,minor,False,False,覚悟のLiberation,roselia,minor,覚悟のLiberation,roselia,260.83,,1.87,2.9315061569213867,-10.867860419420966,0,覚悟のLiberation,-10.788949966430664,-12.631028175354004,-9.699522018432615,5.188522815704346,6.30274772644043,5.395518779754639,6.979747772216797,0.6587540507316589,roselia,260.8333125,,174,覚悟のLiberation,roselia,260.83,,7.28,174,覚悟のLiberation,5.3173,3.9596,5.9837,0.757,roselia,1.1169418096542358,0.5623,0.8953019380569458,,260.83,,覚悟のLiberation,6.279363879002631e-05,3.118873792118393e-06,0.0034722094424068,0.1527553498744964,roselia,260.83,,7.58,174,覚悟のLiberation,roselia,260.83,,0.76849,174.0,覚悟のLiberation,0.9990457892417908,0.792738139629364,0.9999887943267822,0.1407368034124374,roselia,0.0008223142358474,0.0004497900081332,0.0014843948883935,0.0007859066827222,260.83,,1.28,131.0,-18.41,5.0,覚悟のLiberation,roselia,260.8333333333333,,520,覚悟のLiberation,0.0579531788825988,0.006313226185739,0.20676289498806,0.0836636796593666,,30,0.1528945442660472,fast
594,roselia,Keep Heart,roselia,811.0,0.3,143.5546875,199.9999999999924,245.7,,19.02,False,Keep Heart,roselia,246.0,,G,E,0.532,False,major,minor,False,True,Keep Heart,roselia,minor,Keep Heart,roselia,246.0,,2.36,3.098125457763672,-10.420406866094252,0,Keep Heart,-10.132831573486328,-12.598662376403809,-9.500536918640137,5.857967853546143,6.798551082611084,5.768121242523193,7.553699970245361,0.7706046104431152,roselia,246.0,,164,Keep Heart,roselia,246.0,,6.72,164,Keep Heart,5.7561,4.7094,6.536,0.6652,roselia,1.0819681882858276,0.4149,0.9242414236068726,,246.0,,Keep Heart,6.289606972131878e-05,1.06060576854361e-06,0.0079014413058757,0.0957534909248352,roselia,246.0,,6.71,164,Keep Heart,roselia,246.0,,0.657837,164.0,Keep Heart,0.999807596206665,0.9203748106956482,0.9999980926513672,0.1525804549455642,roselia,0.0008056452497839,0.0004094590549357,0.0016220053657889,0.000564087415114,246.0,,1.21,123.0,-17.97,5.0,Keep Heart,roselia,246.0,,491,Keep Heart,0.0562396310269832,0.0113816829398274,0.1838316023349762,0.0718237310647964,,35,0.1330081300813008,fast
595,roselia,Original Call,roselia,654.0,0.34,172.265625,176.47058823529235,225.03,,17.59,False,Original Call,roselia,225.33,,Eb,D#,0.71,True,major,major,False,False,Original Call,roselia,major,Original Call,roselia,225.33,,2.45,5.724236488342285,-11.006685166001398,0,Original Call,-11.012959480285645,-15.036154747009276,-9.311918258666992,5.695017337799072,6.624788284301758,5.201114177703857,7.293062210083008,0.8111511468887329,roselia,225.3333125,,150,Original Call,roselia,225.33,,5.88,150,Original Call,5.2641,4.6546,6.1289,0.579,roselia,1.0025951862335205,0.1353,0.9974115490913392,,225.33,,Original Call,3.9933227526489645e-05,3.078958457081171e-07,0.3057291805744171,0.2350591868162155,roselia,225.33,,6.1,150,Original Call,roselia,225.33,,0.711366,150.0,Original Call,0.9994324445724488,0.7596655488014221,0.9999984502792358,0.1884389519691467,roselia,0.0006719959783367,0.0003439144056756,0.0014146893518045,0.0005594638059847,225.33,,1.09,113.0,-22.43,5.0,Original Call,roselia,225.3333333333333,,449,Original Call,0.0475053377449512,0.0063414052128791,0.1777636408805847,0.0755645930767059,,19,0.1223076696916291,fast
596,roselia,Always recall.,roselia,778.0,0.32,123.046875,187.49999999999568,252.05,,19.37,False,Always recall.,roselia,252.33,,G,E,0.335,False,major,minor,False,False,Always recall.,roselia,minor,Always recall.,roselia,252.33,,2.45,5.136735916137695,-10.30225736535281,0,Always recall.,-10.427413940429688,-14.010212898254396,-8.8734769821167,3.621536493301392,6.681467056274414,5.51071310043335,7.34520149230957,0.7819662094116211,roselia,252.3333125,,168,Always recall.,roselia,252.33,,6.47,168,Always recall.,5.1444,4.2309,6.1843,0.7783,roselia,0.9702937006950378,0.0805,1.0306158065795898,,252.33,,Always recall.,7.176329745561816e-06,1.9080376389979392e-08,0.0496815666556358,0.1713580936193466,roselia,252.33,,6.35,168,Always recall.,roselia,252.33,,0.756913,168.0,Always recall.,0.9992038011550904,0.4808601140975952,0.9999908804893494,0.2466873824596405,roselia,0.0007291987421922,0.000376009644242,0.0012485276674851,0.0003597378672566,252.33,,1.18,127.0,-20.41,5.0,Always recall.,roselia,252.3333333333333,,503,Always recall.,0.0568614825606346,0.0064671519212424,0.2224141806364059,0.0880143120884895,,23,0.2108321976829265,fast
597,roselia,Floral Haven,roselia,730.0,0.32,71.77734375,187.500000000004,281.64,,21.48,True,Floral Haven,roselia,281.93,,B,B,0.403,False,major,major,False,False,Floral Haven,roselia,major,Floral Haven,roselia,281.93,,2.9,7.623120307922363,-10.331601191873531,0,Floral Haven,-9.823955535888672,-16.2148380279541,-8.591717720031738,4.473301410675049,6.383910179138184,4.233574390411377,7.315117359161377,1.1360281705856323,roselia,281.9333125,,188,Floral Haven,roselia,281.93,,7.28,188,Floral Haven,4.7539,4.026,5.6715,0.6435,roselia,1.0278534889221191,0.2036,0.9729013442993164,,281.93,,Floral Haven,1.77013916982105e-05,1.279241701013234e-06,0.97732275724411,0.405303806066513,roselia,281.93,,7.02,188,Floral Haven,roselia,281.93,,0.675433,188.0,Floral Haven,0.9989176988601683,0.8969621658325195,0.9999837279319764,0.1704533994197845,roselia,0.0007609438034705,0.0005131179350428,0.0017990783089771,0.0015102933393791,281.93,,1.69,141.0,-20.83,5.0,Floral Haven,roselia,281.93333333333334,,562,Floral Haven,0.0371817611157894,0.0041860793717205,0.1803685426712036,0.0796142667531967,,37,0.0715771944346782,fast
598,roselia,Sprechchor,roselia,774.0,0.4,95.703125,149.99999999999787,309.63,,23.47,False,Sprechchor,roselia,310.0,,G,E,0.393,False,major,minor,False,True,Sprechchor,roselia,minor,Sprechchor,roselia,310.0,,2.84,7.476831436157227,-11.108781934637737,0,Sprechchor,-11.151683807373049,-16.85857391357422,-9.381742477416992,3.449915170669556,6.579805374145508,4.614632606506348,7.511243343353271,1.0882577896118164,roselia,310.0,,207,Sprechchor,roselia,310.0,,7.72,207,Sprechchor,5.3453,4.3911,6.2256,0.7019,roselia,1.0314785242080688,0.2204,0.969482123851776,,310.0,,Sprechchor,0.0001444838417228,1.5385820688607057e-06,0.7538172602653503,0.2936410307884216,roselia,310.0,,8.41,207,Sprechchor,roselia,310.0,,0.692435,207.0,Sprechchor,0.9997970461845398,0.6887992024421692,0.9999977946281432,0.2211828082799911,roselia,0.0009468164644204,0.0004498647758737,0.0015747691504657,0.0005033685592934,310.0,,1.97,155.0,-21.98,5.0,Sprechchor,roselia,310.0,,619,Sprechchor,0.0477769784629344,0.0029133537318557,0.1916211247444152,0.0768877044320106,,30,0.0863225806451613,medium
599,roselia,閃光,roselia,650.0,0.34,172.265625,176.4705882352942,218.38,,17.21,False,閃光,roselia,218.6,,E,C#,0.734,False,major,minor,False,False,閃光,roselia,minor,閃光,roselia,218.6,,2.12,3.461094856262207,-11.710571207265202,0,閃光,-11.69472312927246,-13.927115440368652,-10.466020584106444,1.7824081182479858,6.837859153747559,5.950328350067139,7.611110210418701,0.6988298892974854,roselia,218.60225,,145,閃光,roselia,218.6,,5.69,145,閃光,5.9322,5.193,6.6253,0.5722,roselia,1.1612234115600586,0.7356,0.8611606955528259,,218.6,,閃光,0.0042987782508134,0.0001889119157567,0.0592484846711158,0.0991805642843246,roselia,218.6,,5.53,145,閃光,roselia,218.6,,0.731269,145.0,閃光,0.9999175071716307,0.956526219844818,0.9999943971633912,0.1259231865406036,roselia,0.0007396806031465,0.0004197938833385,0.0014266611542552,0.0005349572747945,218.6,,1.37,110.0,-21.2,5.0,閃光,roselia,218.60231292517005,,436,閃光,0.0680309236049652,0.0107066556811332,0.2374079674482345,0.09456417709589,,37,0.1479398805536422,fast
600,roselia,THE HISTORIC...,roselia,792.0,0.34,117.45383522727272,176.47058823529235,271.03,,20.62,False,THE HISTORIC...,roselia,271.3,,E,E,0.701,False,minor,minor,False,False,THE HISTORIC...,roselia,minor,THE HISTORIC...,roselia,271.3,,2.74,3.493891716003418,-11.434581561211283,0,THE HISTORIC...,-11.326519966125488,-13.796106338500977,-10.30221462249756,4.837207794189453,6.551770687103272,5.488631248474121,7.276829242706299,0.7790074944496155,roselia,271.30225,,181,THE HISTORIC...,roselia,271.3,,7.17,181,THE HISTORIC...,5.1755,4.2959,5.9626,0.7098,roselia,1.0864406824111938,0.4377,0.9204367399215698,,271.3,,THE HISTORIC...,3.5952668895333773e-06,3.4192243703046194e-08,0.0008174356771633,0.1114980950951576,roselia,271.3,,7.12,181,THE HISTORIC...,roselia,271.3,,0.685014,181.0,THE HISTORIC...,0.999319553375244,0.7852166891098022,0.999991536140442,0.1930705606937408,roselia,0.0007400796748697,0.0003216244513168,0.0013572080060839,0.0004031425050925,271.3,,1.72,136.0,-21.47,5.0,THE HISTORIC...,roselia,271.30231292517004,,541,THE HISTORIC...,0.0558026134967803,0.0053114839829504,0.2209566086530685,0.0872640237212181,,40,0.0735710647508763,fast
601,roselia,ROZEN HORIZON,roselia,958.0,0.38,215.33203125,157.89473684210716,366.09,,27.6,False,ROZEN HORIZON,roselia,366.57,,E,E,0.918,False,minor,minor,False,False,ROZEN HORIZON,roselia,minor,ROZEN HORIZON,roselia,366.57,,3.61,5.046029090881348,-10.68114553268073,0,ROZEN HORIZON,-10.4185791015625,-14.412378311157228,-9.36634922027588,3.2439000606536865,6.632359981536865,5.073171615600586,7.527535438537598,1.0015952587127686,roselia,366.5689375,,245,ROZEN HORIZON,roselia,366.57,,10.03,245,ROZEN HORIZON,5.2717,4.4755,6.3709,0.8021,roselia,0.992439031600952,0.1185,1.0076185464859009,,366.57,,ROZEN HORIZON,4.509694917942397e-05,9.61574869506876e-07,0.8778031468391418,0.3169324100017547,roselia,366.57,,8.36,245,ROZEN HORIZON,roselia,366.57,,0.693482,245.0,ROZEN HORIZON,0.999478042125702,0.874710738658905,0.9999836087226868,0.141578659415245,roselia,0.0007667524041607,0.0003528609813656,0.0013634067727252,0.0006719403900206,366.57,,2.28,184.0,-19.38,5.0,ROZEN HORIZON,roselia,366.5689795918368,,732,ROZEN HORIZON,0.0536242425441741,0.0048462999984622,0.1996673643589019,0.0783155858516693,,41,0.1157762931399001,medium
602,roselia,廻廻奇譚,roselia,682.0,0.32,234.90767045454547,187.49999999999568,220.95,,16.39,False,廻廻奇譚,roselia,221.24,,E,C#,0.417,False,major,minor,False,False,廻廻奇譚,roselia,minor,廻廻奇譚,roselia,221.24,,1.9,5.835674285888672,-10.46472000338097,0,廻廻奇譚,-10.472783088684082,-14.72195053100586,-8.886276245117188,2.85217833518982,6.776978969573975,5.424078941345215,7.686376571655273,0.8467197418212891,roselia,221.235625,,147,廻廻奇譚,roselia,221.24,,5.85,147,廻廻奇譚,5.6129,4.3889,6.5568,0.8309,roselia,1.0613542795181274,0.3283,0.9421923756599426,,221.24,,廻廻奇譚,2.4543503968743607e-05,2.4616346649963816e-07,0.0072802198119461,0.1726737767457962,roselia,221.24,,6.4,147,廻廻奇譚,roselia,221.24,,0.756815,147.0,廻廻奇譚,0.9997590184211732,0.946313738822937,0.999996781349182,0.0507039353251457,roselia,0.0006014427053742,0.0003680250665638,0.0010234708897769,0.0004104869149159,221.24,,1.44,111.0,-20.57,5.0,廻廻奇譚,roselia,221.2356462585034,,441,廻廻奇譚,0.0719600245356559,0.0117854783311486,0.2453166246414184,0.0940821170806884,,26,0.4359153278320344,fast
603,roselia,鳥の詩,roselia,725.0,0.49,117.45383522727272,122.44897959183446,356.33,,28.18,False,鳥の詩,roselia,356.8,,B,F#,0.299,True,minor,minor,False,True,鳥の詩,roselia,minor,鳥の詩,roselia,356.8,,3.46,4.843774795532227,-12.167061401948676,0,鳥の詩,-12.204900741577148,-15.580869674682615,-10.73709487915039,3.9783921241760254,6.403257369995117,4.849582672119141,7.237773418426514,0.8580315113067627,roselia,356.8021875,,238,鳥の詩,roselia,356.8,,9.8,238,鳥の詩,6.1096,5.0427,7.0026,0.7126,roselia,1.2149615287780762,0.8678,0.823071300983429,,356.8,,鳥の詩,0.0005725956289097,5.337966285878792e-06,0.5259889960289001,0.2628194689750671,roselia,356.8,,10.8,238,鳥の詩,roselia,356.8,,0.721636,238.0,鳥の詩,0.999817192554474,0.8340785503387451,0.9999962449073792,0.2527243494987488,roselia,0.0006529669626615,0.0003325845173094,0.0011386853875592,0.0003741057007573,356.8,,2.28,179.0,-22.92,5.0,鳥の詩,roselia,356.8022222222222,,712,鳥の詩,0.037420131266117,0.0029637536499649,0.203220933675766,0.0882896780967712,,33,0.1497187868069778,medium
604,roselia,Synchrogazer,roselia,710.0,0.38,151.99908088235293,157.89473684210716,266.55,,20.15,False,Synchrogazer,roselia,266.74,,Bb,D#,0.431,True,minor,minor,False,False,Synchrogazer,roselia,minor,Synchrogazer,roselia,266.74,,2.96,2.9366703033447266,-11.79211488929463,0,Synchrogazer,-11.556940078735352,-13.713212966918944,-10.77654266357422,2.8480749130249023,6.780866622924805,5.814133167266846,7.374044418334961,0.654920756816864,roselia,266.7355625,,178,Synchrogazer,roselia,266.74,,7.13,178,Synchrogazer,5.2919,4.1754,6.1493,0.7677,roselia,1.105946660041809,0.5137,0.9042027592658995,,266.74,,Synchrogazer,7.853328497731127e-06,3.140518245459134e-08,0.0008427482680417,0.1467195153236389,roselia,266.74,,8.23,178,Synchrogazer,roselia,266.74,,0.737969,178.0,Synchrogazer,0.9998944401741028,0.8473730683326721,0.9999968409538268,0.1657975018024444,roselia,0.0008511857595294,0.0004610351170413,0.0014926014700904,0.0004474356828723,266.74,,1.69,134.0,-19.97,5.0,Synchrogazer,roselia,266.73555555555555,,532,Synchrogazer,0.0576476119458675,0.0052329725585877,0.2031527161598205,0.0830560848116874,,38,0.1091717944434199,medium
605,roselia,名前のない怪物,roselia,905.0,0.33,143.5546875,181.8181818181749,300.98,,22.42,False,名前のない怪物,roselia,301.27,,F,F,0.328,False,major,major,False,False,名前のない怪物,roselia,major,名前のない怪物,roselia,301.27,,3.66,7.775582313537598,-12.59737434111644,0,名前のない怪物,-12.691545486450195,-18.274639129638672,-10.499056816101074,4.310342788696289,6.168036460876465,4.42147159576416,7.250603675842285,1.0376782417297363,roselia,301.2689375,,201,名前のない怪物,roselia,301.27,,8.52,201,名前のない怪物,5.5628,4.2749,6.7733,0.9501,roselia,1.0179816484451294,0.1672,0.9823358654975892,,301.27,,名前のない怪物,0.0003288086445536,4.583303052640986e-06,0.5383623838424683,0.2781625986099243,roselia,301.27,,8.71,201,名前のない怪物,roselia,301.27,,0.697298,201.0,名前のない怪物,0.9975025057792664,0.5773695707321167,0.9999977350234984,0.2271584421396255,roselia,0.000875744735822,0.000443757046014,0.0020043088588863,0.0006654429598711,301.27,,1.87,151.0,-25.75,5.0,名前のない怪物,roselia,301.2689342403628,,601,名前のない怪物,0.0450298525393009,0.0037205000407993,0.1902651786804199,0.0816056802868843,,69,0.0942015470811687,fast
606,roselia,Dazzle the Destiny,roselia,767.0,0.31,92.28515625,193.5483870967728,240.95,,18.1,False,Dazzle the Destiny,roselia,241.17,,F#,A,0.348,False,minor,major,False,False,Dazzle the Destiny,roselia,major,Dazzle the Destiny,roselia,241.17,,2.26,1.7610797882080078,-9.7982067988636,0,Dazzle the Destiny,-9.756942749023438,-10.903264045715332,-9.142184257507324,2.552232265472412,6.813990116119385,5.872805595397949,7.398960590362549,0.6517131924629211,roselia,241.166625,,161,Dazzle the Destiny,roselia,241.17,,7.5,161,Dazzle the Destiny,5.4348,4.7221,5.9349,0.5362,roselia,1.092193365097046,0.4574,0.9155887961387634,,241.17,,Dazzle the Destiny,7.80025075073354e-05,3.051043904633844e-06,0.0048622163012623,0.154571995139122,roselia,241.17,,7.54,161,Dazzle the Destiny,roselia,241.17,,0.719179,161.0,Dazzle the Destiny,0.9997727274894714,0.703599750995636,0.999991536140442,0.1960628628730774,roselia,0.0009411285282112,0.0004293040547054,0.0017114245565608,0.0007866219384595,241.17,,1.52,121.0,-16.29,5.0,Dazzle the Destiny,roselia,241.16666666666663,,481,Dazzle the Destiny,0.0524010546505451,0.007039207033813,0.216045081615448,0.0877357497811317,,21,0.1144436666859306,fast
607,roselia,Grateful Melting,roselia,434.0,0.5,99.38401442307692,120.0,217.1,,16.66,False,Grateful Melting,roselia,217.27,,C,C,0.596,False,major,major,False,False,Grateful Melting,roselia,major,Grateful Melting,roselia,217.27,,2.57,7.327752113342285,-11.22742444572647,0,Grateful Melting,-10.754697799682615,-17.014442443847656,-9.686690330505373,3.2384636402130127,6.310678482055664,4.781333923339844,6.931639671325684,0.7665024399757385,roselia,217.266625,,145,Grateful Melting,roselia,217.27,,6.5,145,Grateful Melting,5.2419,4.4171,6.1397,0.6527,roselia,0.9564687609672546,0.0623,1.045512318611145,,217.27,,Grateful Melting,0.0005427942960523,1.3796094208373688e-05,0.9222155213356018,0.3215827643871307,roselia,217.27,,6.7,145,Grateful Melting,roselia,217.27,,0.716888,145.0,Grateful Melting,0.9996792078018188,0.3503115177154541,0.9999990463256836,0.280025452375412,roselia,0.0009916574927046,0.0005251050461083,0.0015987706137821,0.000424884550739,217.27,,1.36,109.0,-23.86,5.0,Grateful Melting,roselia,217.26666666666668,,433,Grateful Melting,0.0605922415852546,0.0063406629487872,0.2423874735832214,0.095454029738903,,17,0.2188094297704981,medium
608,roselia,Second to None,roselia,725.0,0.32,123.046875,187.49999999999983,233.59,,18.44,False,Second to None,roselia,233.73,,D,D,0.49,False,minor,minor,False,True,Second to None,roselia,minor,Second to None,roselia,233.73,,1.78,2.7554636001586914,-9.136827806744485,0,Second to None,-8.942312240600586,-10.809409141540527,-8.053945541381836,2.879594564437866,6.928733825683594,5.9410905838012695,7.469282627105713,0.6855048537254333,roselia,233.7333125,,156,Second to None,roselia,233.73,,5.93,156,Second to None,5.4375,3.4966,6.3834,1.0919,roselia,1.0492271184921265,0.2812,0.9530826210975648,,233.73,,Second to None,6.333122291835025e-05,1.6492446519578152e-08,0.0029279587324708,0.0455576814711093,roselia,233.73,,7.1,156,Second to None,roselia,233.73,,0.698689,156.0,Second to None,0.9999207258224488,0.7597803473472595,0.999999463558197,0.1667182147502899,roselia,0.0009419234120287,0.0003612212603911,0.0017472498584538,0.0016009609680622,233.73,,1.47,117.0,-16.56,5.0,Second to None,roselia,233.7333333333333,,466,Second to None,0.0468621402978897,0.0076248692348599,0.2044429183006286,0.0823601335287094,,18,0.0616942274504015,fast
609,roselia,Steadfast Spirits,roselia,719.0,0.31,129.19921875,193.5483870967728,224.61,,17.43,False,Steadfast Spirits,roselia,224.89,,A,E,0.594,True,minor,minor,False,True,Steadfast Spirits,roselia,minor,Steadfast Spirits,roselia,224.89,,3.21,2.4268150329589844,-9.655096487775154,0,Steadfast Spirits,-9.488531112670898,-11.269606590270996,-8.842791557312012,1.485692262649536,6.697565078735352,6.165574550628662,7.201427459716797,0.4673314392566681,roselia,224.8933125,,150,Steadfast Spirits,roselia,224.89,,5.95,150,Steadfast Spirits,5.5665,4.3244,6.1924,0.6923,roselia,1.0992743968963623,0.4863,0.9096909761428832,,224.89,,Steadfast Spirits,0.0002492552157491,9.797222446650269e-07,0.0037675632629543,0.0166291203349828,roselia,224.89,,6.29,150,Steadfast Spirits,roselia,224.89,,0.715524,150.0,Steadfast Spirits,0.9998747706413268,0.7081514000892639,0.9999961853027344,0.1949093639850616,roselia,0.0009010271169245,0.0004049215349368,0.0017055154312402,0.0007132511818781,224.89,,1.41,113.0,-17.08,5.0,Steadfast Spirits,roselia,224.8933333333333,,448,Steadfast Spirits,0.0631365776062011,0.0106644434854388,0.245004653930664,0.0883088707923889,,51,0.1831089955406646,fast
610,roselia,紫炎,roselia,701.0,0.32,92.28515625,187.500000000004,221.14,,17.23,False,紫炎,roselia,221.37,,A,E,0.312,True,minor,minor,False,True,紫炎,roselia,minor,紫炎,roselia,221.37,,2.24,2.432229995727539,-9.719733997273291,0,紫炎,-9.825450897216797,-11.073143005371094,-8.640913009643555,3.435199737548828,6.874719619750977,6.275842189788818,7.41426420211792,0.485480934381485,roselia,221.3733125,,147,紫炎,roselia,221.37,,5.7,147,紫炎,5.5517,4.8681,6.4504,0.6007,roselia,1.114570379257202,0.5456,0.8972066640853882,,221.37,,紫炎,1.56551759573631e-05,4.826185318052012e-07,0.0004268697521183,0.0023638892453163,roselia,221.37,,5.87,147,紫炎,roselia,221.37,,0.687827,147.0,紫炎,0.9994426369667052,0.8418269157409668,0.9999935626983644,0.1431295126676559,roselia,0.0009006029576994,0.0003925942291971,0.0015944526530802,0.0005459502572193,221.37,,1.4,111.0,-17.33,5.0,紫炎,roselia,221.3733333333333,,441,紫炎,0.0691905915737152,0.0126642175018787,0.2313921451568603,0.0892209708690643,,38,0.1709329317493577,fast
611,roselia,XV,roselia,756.0,0.31,215.33203125,193.5483870967728,234.79,,18.87,False,XV,roselia,235.07,,C,E,0.553,True,major,minor,False,True,XV,roselia,minor,XV,roselia,235.07,,2.19,4.390998840332031,-9.582757154614551,0,XV,-9.22290325164795,-13.15308666229248,-8.76208782196045,3.171597957611084,6.6994218826293945,5.681298732757568,7.626054763793945,0.8660984039306641,roselia,235.066625,,156,XV,roselia,235.07,,6.42,156,XV,5.4239,4.6457,6.2888,0.6527,roselia,0.9801238775253296,0.0897,1.0202791690826416,,235.07,,XV,1.1193309546797536e-05,5.105710556563281e-07,0.1299545168876648,0.2320603132247924,roselia,235.07,,6.08,156,XV,roselia,235.07,,0.661765,156.0,XV,0.9999078512191772,0.978069543838501,0.9999982714653016,0.1451130211353302,roselia,0.0011218858417123,0.0004492334264796,0.0020384890958666,0.0006630654679611,235.07,,1.47,118.0,-18.48,5.0,XV,roselia,235.06666666666663,,469,XV,0.053858682513237,0.0063995374366641,0.1975220739841461,0.0813600718975067,,20,0.1511060558080991,fast
612,roselia,Blessing Chord,roselia,701.0,0.39,287.109375,153.8461538461536,276.78,,20.8,False,Blessing Chord,roselia,277.2,,F,C,0.301,True,major,major,False,True,Blessing Chord,roselia,major,Blessing Chord,roselia,277.2,,2.57,3.261063575744629,-11.457763367735833,0,Blessing Chord,-11.368426322937012,-13.466300010681152,-10.205236434936523,4.099884986877441,6.56672477722168,5.608229160308838,7.451498508453369,0.7797428965568542,roselia,277.2,,185,Blessing Chord,roselia,277.2,,6.69,185,Blessing Chord,5.7834,4.705,6.6167,0.7388,roselia,1.0662518739700315,0.348,0.9378646016120912,,277.2,,Blessing Chord,0.0005463368725031,4.118316610401962e-06,0.0271993000060319,0.1018021330237388,roselia,277.2,,7.78,185,Blessing Chord,roselia,277.2,,0.644968,185.0,Blessing Chord,0.9988208413124084,0.7847968339920044,0.9999949932098388,0.1587835848331451,roselia,0.0008996601682156,0.0003921151219401,0.0019819620065391,0.0007450315752066,277.2,,1.76,139.0,-18.86,5.0,Blessing Chord,roselia,277.2,,553,Blessing Chord,0.05689437687397,0.0091093834489583,0.19633349776268,0.0778911337256431,,23,0.0888167388167389,medium
613,roselia,Fear Nothing,roselia,509.0,0.52,99.38401442307692,115.38461538461628,228.72,,18.43,True,Fear Nothing,roselia,228.97,,G,C,0.503,True,minor,major,False,False,Fear Nothing,roselia,major,Fear Nothing,roselia,228.97,,2.15,2.462488174438477,-10.26789710391563,0,Fear Nothing,-10.17117691040039,-11.804563522338867,-9.34207534790039,3.3656554222106934,6.8293561935424805,5.831955432891846,7.597280025482178,0.6937588453292847,roselia,228.966625,,152,Fear Nothing,roselia,228.97,,5.98,152,Fear Nothing,5.0585,4.121,5.8714,0.672,roselia,1.13965904712677,0.6581,0.8774554133415222,,228.97,,Fear Nothing,1.1458856533863582e-05,3.484280739485257e-07,0.0022971576545387,0.0085008740425109,roselia,228.97,,6.64,152,Fear Nothing,roselia,228.97,,0.752398,152.0,Fear Nothing,0.999801754951477,0.946654498577118,0.9999923706054688,0.1327467113733291,roselia,0.0008208745275624,0.0004265190509613,0.0013278656406328,0.0027579257730394,228.97,,1.15,115.0,-17.1,5.0,Fear Nothing,roselia,228.96666666666667,,456,Fear Nothing,0.051163762807846,0.0059442277997732,0.2021097838878631,0.0878408551216125,,19,0.0520599748817172,medium
614,roselia,PASSIONATE ANTHEM,roselia,789.0,0.31,95.703125,193.5483870967728,242.68,,18.11,False,PASSIONATE ANTHEM,roselia,242.97,,A,F#,0.284,True,minor,minor,False,True,PASSIONATE ANTHEM,roselia,minor,PASSIONATE ANTHEM,roselia,242.97,,2.27,3.775532722473145,-10.209567991912902,0,PASSIONATE ANTHEM,-9.860756874084473,-13.004878997802734,-9.22934627532959,4.448061466217041,6.766969680786133,6.069987773895264,7.521302223205566,0.6387652158737183,roselia,242.966625,,162,PASSIONATE ANTHEM,roselia,242.97,,6.46,162,PASSIONATE ANTHEM,5.7758,4.6312,6.5343,0.752,roselia,1.0009615421295166,0.1307,0.999039351940155,,242.97,,PASSIONATE ANTHEM,4.878057006862946e-05,1.216384475810628e-06,0.0008955220691859,0.0521334074437618,roselia,242.97,,6.39,162,PASSIONATE ANTHEM,roselia,242.97,,0.707816,162.0,PASSIONATE ANTHEM,0.999519407749176,0.887479841709137,0.9999840259552002,0.1273884028196334,roselia,0.0008539364207535,0.0005672752158716,0.0016479212790727,0.0004456359602045,242.97,,0.82,122.0,-18.14,5.0,PASSIONATE ANTHEM,roselia,242.96666666666667,,484,PASSIONATE ANTHEM,0.0583695545792579,0.006438001524657,0.18366339802742,0.0729660391807556,,19,0.118370136646819,fast
615,roselia,Requiem for Fate,roselia,607.0,0.39,99.38401442307692,153.8461538461536,238.01,,18.27,False,Requiem for Fate,roselia,238.37,,D,E,0.323,True,minor,major,False,True,Requiem for Fate,roselia,major,Requiem for Fate,roselia,238.37,,2.08,3.712754249572754,-8.923838648133378,0,Requiem for Fate,-8.921011924743652,-11.483798027038574,-7.77104377746582,1.7392334938049316,6.974511623382568,6.026611804962158,7.594832420349121,0.6804967522621155,roselia,238.366625,,159,Requiem for Fate,roselia,238.37,,5.82,159,Requiem for Fate,5.2583,4.2265,6.2615,0.7764,roselia,1.1086333990097046,0.5258,0.902011513710022,,238.37,,Requiem for Fate,1.7258775187656283e-05,8.752872560080507e-08,0.0022394505795091,0.1147915199398994,roselia,238.37,,5.74,159,Requiem for Fate,roselia,238.37,,0.681817,159.0,Requiem for Fate,0.9982330799102784,0.4479002058506012,0.9999747276306152,0.2467151135206222,roselia,0.0010232361964881,0.0004756535345222,0.0019603935070335,0.001811251277104,238.37,,0.75,120.0,-17.1,5.0,Requiem for Fate,roselia,238.36666666666667,,475,Requiem for Fate,0.0806361213326454,0.0132349878549575,0.2405179291963577,0.0925280526280403,,30,0.1522863802015119,medium
616,roselia,Sanctuary,roselia,944.0,0.33,89.10290948275862,181.81818181818275,310.64,,24.2,False,Sanctuary,roselia,310.93,,G,G,0.534,False,major,major,False,True,Sanctuary,roselia,major,Sanctuary,roselia,310.93,,2.57,5.152824401855469,-10.195493528376703,0,Sanctuary,-10.188791275024414,-13.789369583129885,-8.636545181274414,5.207057952880859,6.556694030761719,4.819387912750244,7.376142024993896,0.973357319831848,roselia,310.9333125,,207,Sanctuary,roselia,310.93,,8.51,207,Sanctuary,5.3829,4.6056,6.041,0.5802,roselia,0.9539796113967896,0.0578,1.0482404232025146,,310.93,,Sanctuary,0.0017767653334885,8.541313582099974e-05,0.4110561311244964,0.2611928284168243,roselia,310.93,,8.91,207,Sanctuary,roselia,310.93,,0.644102,207.0,Sanctuary,0.9997264742851256,0.7214896082878113,0.9999880790710448,0.1810659766197204,roselia,0.0007307585328817,0.0003696962958201,0.0012652165023609,0.0003893808170687,310.93,,1.43,156.0,-20.15,5.0,Sanctuary,roselia,310.93333333333334,,620,Sanctuary,0.0447886064648628,0.0036456142552196,0.2047853320837021,0.0852329432964325,,26,0.0759005044087017,fast
617,roselia,Sunlit Musical,roselia,716.0,0.32,123.046875,187.49999999999568,231.78,,17.76,False,Sunlit Musical,roselia,232.07,,Bb,G,0.426,True,major,minor,False,False,Sunlit Musical,roselia,minor,Sunlit Musical,roselia,232.07,,2.15,4.38339900970459,-10.420645667521368,0,Sunlit Musical,-10.47468090057373,-13.59131908416748,-9.20792007446289,5.5133795738220215,6.715420722961426,5.045830726623535,7.540143013000488,0.9898122549057008,roselia,232.066625,,154,Sunlit Musical,roselia,232.07,,5.71,154,Sunlit Musical,5.7135,4.5947,6.5541,0.766,roselia,1.028006911277771,0.2082,0.9727559685707092,,232.07,,Sunlit Musical,1.82378262252314e-05,1.9264794559603613e-07,0.0121035361662507,0.1471097916364669,roselia,232.07,,6.14,154,Sunlit Musical,roselia,232.07,,0.752405,154.0,Sunlit Musical,0.9989727735519408,0.6656967401504517,0.99997740983963,0.2210860848426818,roselia,,,,,,,1.2,,-19.47,5.0,Sunlit Musical,roselia,232.06666666666663,,463,Sunlit Musical,0.0669168159365654,0.0109922382980585,0.1979756355285644,0.0741600394248962,,20,0.2999137909442517,fast
618,roselia,Talk to My Tone,roselia,426.0,0.58,198.76802884615384,103.44827586206928,245.49,,19.54,False,Talk to My Tone,roselia,245.97,,C,C,0.781,False,major,major,False,False,Talk to My Tone,roselia,major,Talk to My Tone,roselia,245.97,,1.9,6.99337100982666,-10.473046610735832,0,Talk to My Tone,-10.236452102661133,-16.022747039794922,-9.029376029968262,3.834014654159546,6.544854164123535,4.628939151763916,7.269256591796875,0.9635597467422484,roselia,245.966625,,164,Talk to My Tone,roselia,245.97,,6.46,164,Talk to My Tone,5.4772,4.7663,6.1695,0.5724,roselia,0.9888285994529724,0.1109,1.0112974643707275,,245.97,,Talk to My Tone,0.000399518670747,6.292749731073855e-06,0.9709999561309814,0.342503547668457,roselia,245.97,,6.99,164,Talk to My Tone,roselia,245.97,,0.701917,164.0,Talk to My Tone,0.9998233318328856,0.5504736304283142,0.9999957084655762,0.2405403554439544,roselia,0.0007380202878266,0.0003830002096947,0.0013254615478217,0.0003855204267892,245.97,,1.55,123.0,-21.74,5.0,Talk to My Tone,roselia,245.96666666666667,,490,Talk to My Tone,0.0517334677278995,0.0058180196210742,0.2006852030754089,0.0810904577374458,,31,0.1457107885798559,medium
619,roselia,一逢のFull Glory,roselia,751.0,0.3,198.76802884615384,200.00000000000043,231.97,,17.89,False,一逢のFull Glory,roselia,232.43,,A,A,0.705,False,major,major,False,False,一逢のFull Glory,roselia,major,一逢のFull Glory,roselia,232.43,,1.85,8.865795135498047,-10.819926604689488,0,一逢のFull Glory,-10.517352104187012,-17.839675903320312,-8.973880767822266,6.726902008056641,5.924761772155762,4.376822471618652,6.86927604675293,0.910704791545868,roselia,232.4333125,,155,一逢のFull Glory,roselia,232.43,,6.57,155,一逢のFull Glory,5.4394,4.5412,6.206,0.629,roselia,1.0096020698547363,0.1535,0.9904891848564148,,232.43,,一逢のFull Glory,0.001042983494699,2.177244095946662e-05,0.8349136710166931,0.3193729519844055,roselia,232.43,,6.7,155,一逢のFull Glory,roselia,232.43,,0.664895,155.0,一逢のFull Glory,0.999937891960144,0.589483916759491,0.9999996423721312,0.2518603801727295,roselia,0.0010817904258146,0.0005005244747735,0.0020560552366077,0.0007286660838872,232.43,,1.49,117.0,-24.57,5.0,一逢のFull Glory,roselia,232.4333333333333,,463,一逢のFull Glory,0.0559289045631885,0.0066943704150617,0.2166933268308639,0.0849756821990013,,26,0.1504947385460457,fast
620,roselia,礎の花冠,roselia,717.0,0.34,172.265625,176.47058823529235,246.76,,19.3,False,礎の花冠,roselia,246.93,,A,F#,0.492,False,major,minor,False,True,礎の花冠,roselia,minor,礎の花冠,roselia,246.93,,1.95,3.6245641708374015,-9.65544116994694,0,礎の花冠,-9.558205604553224,-12.182013511657717,-8.557449340820312,3.2108404636383057,6.837509632110596,5.812542915344238,7.478320598602295,0.6907671093940735,roselia,246.9333125,,164,礎の花冠,roselia,246.93,,6.49,164,礎の花冠,5.4325,4.339,6.3159,0.7421,roselia,1.0495811700820925,0.2827,0.9527609944343568,,246.93,,礎の花冠,1.7530297554912977e-05,3.581025964649598e-07,0.0426271632313728,0.1582909077405929,roselia,246.93,,6.84,164,礎の花冠,roselia,246.93,,0.721832,164.0,礎の花冠,0.9997692108154296,0.6406901478767395,0.9999960064888,0.1785482317209243,roselia,0.0010391803225502,0.000399510608986,0.0017903195694088,0.0007701279828324,246.93,,1.56,124.0,-18.3,5.0,礎の花冠,roselia,246.9333333333333,,492,礎の花冠,0.0644632279872894,0.0073379282839596,0.22848641872406,0.0896856039762497,,30,0.0717602470706926,fast
621,roselia,FRONTIER FANTASIA,roselia,739.0,0.34,89.10290948275862,176.4705882352942,262.05,,20.15,False,FRONTIER FANTASIA,roselia,262.53,,G,E,0.347,True,minor,minor,False,False,FRONTIER FANTASIA,roselia,minor,FRONTIER FANTASIA,roselia,262.53,,2.42,6.981655597686768,-9.60041480416008,0,FRONTIER FANTASIA,-9.58176326751709,-14.775712966918944,-7.794057369232178,5.188530921936035,6.8065595626831055,5.136641979217529,7.598171710968018,0.9930371046066284,roselia,262.5333125,,175,FRONTIER FANTASIA,roselia,262.53,,7.01,175,FRONTIER FANTASIA,5.7903,4.5172,6.664,0.8154,roselia,1.0488754510879517,0.2751,0.953402042388916,,262.53,,FRONTIER FANTASIA,0.001086801290512,7.789458322804421e-06,0.3825044333934784,0.2367080450057983,roselia,262.53,,6.56,175,FRONTIER FANTASIA,roselia,262.53,,0.682979,175.0,FRONTIER FANTASIA,0.9998451471328736,0.5974523425102234,0.999995231628418,0.256782978773117,roselia,0.0007060674251988,0.0003310604661237,0.0013523602392524,0.0005507057067006,262.53,,1.65,132.0,-19.76,5.0,FRONTIER FANTASIA,roselia,262.53333333333336,,524,FRONTIER FANTASIA,0.0689760744571685,0.0096226902678608,0.2037184834480285,0.0787007436156272,,25,0.2923818733522928,fast
622,roselia,Dear Gleam,roselia,827.0,0.31,95.703125,193.548387096775,253.24,,19.83,False,Dear Gleam,roselia,253.47,,Bb,A#,0.637,True,major,major,False,False,Dear Gleam,roselia,major,Dear Gleam,roselia,253.47,,2.26,4.783730506896973,-10.25787500187672,0,Dear Gleam,-10.600231170654297,-13.369952201843262,-8.586221694946289,2.9797022342681885,6.572310924530029,5.863490104675293,7.231736183166504,0.6849539875984192,roselia,253.466625,,169,Dear Gleam,roselia,253.47,,5.64,169,Dear Gleam,5.321,4.3706,6.0137,0.598,roselia,1.1442465782165527,0.6839,0.8739374876022339,,253.47,,Dear Gleam,0.0001299506257055,5.098057158647862e-07,0.0068292147479951,0.167535051703453,roselia,253.47,,6.25,169,Dear Gleam,roselia,253.47,,0.64572,169.0,Dear Gleam,0.9993280172348022,0.4924474358558655,0.9999969005584716,0.2268567532300949,roselia,0.0007990023586899,0.000381680089049,0.0015925107290968,0.0006270922604016,253.47,,1.63,127.0,-18.79,5.0,Dear Gleam,roselia,253.46666666666667,,505,Dear Gleam,0.0533616989850997,0.0043361131101846,0.197239264845848,0.0829192474484443,,22,0.1357180319800408,fast
623,roselia,Call the shots,roselia,834.0,0.32,117.45383522727272,187.500000000004,265.06,,20.61,False,Call the shots,roselia,265.33,,F,F,0.885,False,minor,minor,False,False,Call the shots,roselia,minor,Call the shots,roselia,265.33,,2.6,2.3241424560546875,-11.607854580295252,0,Call the shots,-11.65739631652832,-12.927374839782717,-10.603232383728027,2.284672498703003,6.5055365562438965,5.536944389343262,7.168424129486084,0.6293798685073853,roselia,265.3333125,,177,Call the shots,roselia,265.33,,6.32,177,Call the shots,5.7539,4.5398,6.4269,0.7394,roselia,1.168894648551941,0.7614,0.8555091619491577,,265.33,,Call the shots,1.376713680656394e-05,6.049738772162527e-07,0.0002108934277202,0.0107419909909367,roselia,265.33,,6.75,177,Call the shots,roselia,265.33,,0.749233,177.0,Call the shots,0.9980466365814208,0.552085280418396,0.9999629259109496,0.2276501506567001,roselia,0.0006930681411176,0.0003602876095101,0.0012564788339659,0.0005306684179231,265.33,,1.66,133.0,-18.92,5.0,Call the shots,roselia,265.3333333333333,,529,Call the shots,0.0768042281270027,0.009320274926722,0.2363871932029724,0.093323640525341,,52,0.0762060181837283,fast
624,roselia,THRONE OF ROSE,roselia,836.0,0.37,151.99908088235293,162.16216216216017,312.06,,24.77,False,THRONE OF ROSE,roselia,312.37,,E,E,0.878,False,minor,minor,False,False,THRONE OF ROSE,roselia,minor,THRONE OF ROSE,roselia,312.37,,3.76,2.413413047790528,-9.88219025061212,0,THRONE OF ROSE,-9.880927085876465,-11.344867706298828,-8.9314546585083,4.491047859191895,6.565564155578613,5.887566089630127,7.274201393127441,0.5637627840042114,roselia,312.366625,,208,THRONE OF ROSE,roselia,312.37,,8.34,208,THRONE OF ROSE,5.4548,4.7004,6.0956,0.5521,roselia,1.080299735069275,0.3997,0.925669014453888,,312.37,,THRONE OF ROSE,0.0002450291067361,1.86624367870536e-06,0.0497996769845485,0.1650277972221374,roselia,312.37,,7.87,208,THRONE OF ROSE,roselia,312.37,,0.649683,208.0,THRONE OF ROSE,0.9996317625045776,0.8065208196640015,0.9999974966049194,0.1481748223304748,roselia,0.0008486171718686,0.0004760160809382,0.0014305415097624,0.0005119130364619,312.37,,1.99,157.0,-16.65,5.0,THRONE OF ROSE,roselia,312.3666666666667,,623,THRONE OF ROSE,0.048403225839138,0.0059246602468192,0.1743457615375518,0.070591501891613,,51,0.1133283458723492,fast
625,roselia,VIOLET LINE,roselia,807.0,0.3,143.5546875,199.9999999999924,290.43,,22.03,False,VIOLET LINE,roselia,290.73,,A,A,0.606,False,major,major,False,False,VIOLET LINE,roselia,major,VIOLET LINE,roselia,290.73,,2.76,5.768559455871582,-11.085336961795612,0,VIOLET LINE,-10.822425842285156,-15.38731288909912,-9.61875343322754,3.1091456413269043,6.547241687774658,5.497603893280029,7.264092922210693,0.6919697523117065,roselia,290.7333125,,194,VIOLET LINE,roselia,290.73,,7.15,194,VIOLET LINE,5.1109,4.3403,5.9789,0.6598,roselia,1.1001945734024048,0.4924,0.9089301228523254,,290.73,,VIOLET LINE,1.4378945706994273e-05,2.547968449562177e-07,0.0035460274666547,0.0587569214403629,roselia,290.73,,7.44,194,VIOLET LINE,roselia,290.73,,0.776518,194.0,VIOLET LINE,0.9992673993110656,0.3215199410915375,0.9999885559082032,0.2651526033878326,roselia,0.0008892362238839,0.0004474438901524,0.001662383088842,0.0005130696808919,290.73,,1.83,146.0,-22.65,5.0,VIOLET LINE,roselia,290.7333333333333,,580,VIOLET LINE,0.038734808564186,0.0028792212251573,0.1580306589603424,0.0720603018999099,,34,0.0901857242911997,fast
626,roselia,Ringing Bloom,roselia,1086.0,0.31,78.30255681818181,193.5483870967728,334.57,,25.43,False,Ringing Bloom,roselia,334.87,,A,C#,0.342,True,major,minor,False,True,Ringing Bloom,roselia,minor,Ringing Bloom,roselia,334.87,,3.17,4.830105781555176,-10.40787535533068,0,Ringing Bloom,-10.191804885864258,-14.006216049194336,-9.17611026763916,3.382309675216675,6.695900917053223,5.361205101013184,7.606213569641113,0.9022964835166932,roselia,334.8689375,,224,Ringing Bloom,roselia,334.87,,9.32,224,Ringing Bloom,5.2931,4.1685,6.0904,0.7117,roselia,1.021894454956055,0.1854,0.9785746932029724,,334.87,,Ringing Bloom,8.182549208868295e-06,4.8482252879011873e-08,0.0022088335826992,0.0933042392134666,roselia,334.87,,8.88,224,Ringing Bloom,roselia,334.87,,0.69119,224.0,Ringing Bloom,0.999303936958313,0.599500298500061,0.999997615814209,0.2241528779268264,roselia,0.0007374221459031,0.0002834237529896,0.0014332378050312,0.0005167700001038,334.87,,2.1,168.0,-19.3,5.0,Ringing Bloom,roselia,334.8689795918368,,668,Ringing Bloom,0.0598487108945846,0.0070972703397274,0.1959520429372787,0.0759529247879982,,21,0.0976501258701164,fast
627,roselia,ZEAL of proud,roselia,906.0,0.31,123.046875,193.5483870967728,278.79,,21.44,False,ZEAL of proud,roselia,279.07,,F#,D#,0.464,False,major,minor,False,False,ZEAL of proud,roselia,minor,ZEAL of proud,roselia,279.07,,2.66,3.444216728210449,-10.392202668355491,0,ZEAL of proud,-10.222055435180664,-12.80083465576172,-9.35661792755127,5.150066375732422,6.915692329406738,5.919268608093262,7.53618049621582,0.656618595123291,roselia,279.066625,,186,ZEAL of proud,roselia,279.07,,7.29,186,ZEAL of proud,5.0962,4.0702,6.1096,0.7983,roselia,1.1422830820083618,0.6733,0.8754397630691528,,279.07,,ZEAL of proud,9.128195870289346e-07,1.2033925855803318e-08,0.0001282213488593,0.0713003948330879,roselia,279.07,,7.74,186,ZEAL of proud,roselia,279.07,,0.727573,186.0,ZEAL of proud,0.9988049864768982,0.8104566335678101,0.9999860525131226,0.180412009358406,roselia,0.0008641754975542,0.0003715093189384,0.0015573012642562,0.0005306269740685,279.07,,1.79,140.0,-17.56,5.0,ZEAL of proud,roselia,279.06666666666666,,557,ZEAL of proud,0.0626051127910614,0.0098955063149333,0.2085820287466049,0.0810771137475967,,24,0.1310081125322419,fast
628,roselia,Singing “OURS”,roselia,659.0,0.48,161.4990234375,124.99999999999989,315.91,,23.74,False,Singing “OURS”,roselia,316.2,,E,E,0.48,False,minor,minor,False,True,Singing “OURS”,roselia,minor,Singing “OURS”,roselia,316.2,,2.79,9.12324333190918,-12.961117413349152,0,Singing “OURS”,-13.287075996398926,-19.665918350219727,-10.542675018310549,5.763757705688477,5.8012471199035645,4.222141265869141,6.993144512176514,1.101940393447876,roselia,316.2,,211,Singing “OURS”,roselia,316.2,,8.59,211,Singing “OURS”,5.3349,4.51,6.2733,0.705,roselia,1.0078555345535278,0.1444,0.992205798625946,,316.2,,Singing “OURS”,0.0182172451168298,0.0002701673074625,0.9785314798355104,0.4083935916423797,roselia,316.2,,9.41,211,Singing “OURS”,roselia,316.2,,0.621709,211.0,Singing “OURS”,0.9998167157173156,0.7499203681945801,0.9999988079071044,0.2453260570764541,roselia,,,,,,,1.98,,-28.47,5.0,Singing “OURS”,roselia,316.2,,631,Singing “OURS”,0.0613221302628517,0.0037732159253209,0.2166775315999984,0.0891401767730712,,26,0.0752055660974067,medium
629,roselia,競宴Red×Violet,roselia,648.0,0.41,143.5546875,146.34146341463537,262.99,,19.23,False,競宴Red×Violet,roselia,263.47,,E,E,0.607,False,minor,minor,False,False,競宴Red×Violet,roselia,minor,競宴Red×Violet,roselia,263.47,,2.91,2.956822395324707,-12.10484501180651,0,競宴Red×Violet,-12.25557804107666,-13.716218948364258,-10.75939655303955,1.422077178955078,6.377754211425781,5.662993907928467,7.131690979003906,0.6123091578483582,roselia,263.466625,,176,競宴Red×Violet,roselia,263.47,,7.98,176,競宴Red×Violet,5.915,5.092,6.6368,0.6353,roselia,1.1366194486618042,0.6459,0.8798019289970398,,263.47,,競宴Red×Violet,6.382910214597359e-05,7.794682232997729e-07,0.0031899830792099,0.0128012616187334,roselia,263.47,,7.66,176,競宴Red×Violet,roselia,263.47,,0.588555,176.0,競宴Red×Violet,0.9999372959136964,0.9811065196990968,0.9999997615814208,0.1188346147537231,roselia,0.0009115719003602,0.0004993437323719,0.0016574470791965,0.0008663113694638,263.47,,1.71,132.0,-19.89,5.0,競宴Red×Violet,roselia,263.46666666666664,,525,競宴Red×Violet,0.0683031305670738,0.0096084494143724,0.2126657217741012,0.083847165107727,,40,0.1840839935409291,medium
630,roselia,overtuRe,roselia,786.0,0.31,135.99917763157896,193.5483870967728,243.85,,17.88,False,overtuRe,roselia,244.13,,D,D,0.377,False,minor,minor,False,False,overtuRe,roselia,minor,overtuRe,roselia,244.13,,2.14,2.856684684753418,-10.68229761499457,0,overtuRe,-10.673261642456056,-12.434168815612791,-9.577484130859377,2.219778299331665,6.835422039031982,6.169010162353516,7.737216949462891,0.6392835378646851,roselia,244.1333125,,163,overtuRe,roselia,244.13,,7.01,163,overtuRe,5.6578,4.6897,6.4397,0.6729,roselia,1.0607430934906006,0.3252,0.9427353739738464,,244.13,,overtuRe,2.979572491312865e-05,4.921515142086719e-07,0.0027245001401752,0.0378780178725719,roselia,244.13,,6.91,163,overtuRe,roselia,244.13,,0.649539,163.0,overtuRe,0.9998395442962646,0.8854053020477295,0.9999980330467224,0.1374270915985107,roselia,,,,,,,1.41,,-17.91,5.0,overtuRe,roselia,244.13333333333333,,487,overtuRe,0.0581512637436389,0.0078869815915822,0.218273788690567,0.0856740996241569,,28,0.1063353177335954,fast
631,roselia,Proud of oneself,roselia,753.0,0.31,161.4990234375,193.5483870967728,235.59,,18.64,False,Proud of oneself,roselia,235.77,,A,E,0.39,True,minor,minor,False,False,Proud of oneself,roselia,minor,Proud of oneself,roselia,235.77,,2.41,4.926919937133789,-10.762266849585346,0,Proud of oneself,-10.538141250610352,-14.34970474243164,-9.422784805297852,4.210746765136719,6.700057506561279,5.723718166351318,7.364294528961182,0.6941430568695068,roselia,235.766625,,157,Proud of oneself,roselia,235.77,,6.28,157,Proud of oneself,5.7516,4.7777,6.528,0.6537,roselia,1.0498244762420654,0.2857,0.952540159225464,,235.77,,Proud of oneself,0.0001005845333565,2.419589236524189e-06,0.0278707314282655,0.2046687602996826,roselia,235.77,,6.72,157,Proud of oneself,roselia,235.77,,0.640094,157.0,Proud of oneself,0.999596893787384,0.8191736936569214,0.9999940991401672,0.1483723372220993,roselia,0.0008378137717954,0.0003890073276124,0.0016026879893615,0.0005102859577164,235.77,,1.32,118.0,-20.02,5.0,Proud of oneself,roselia,235.76666666666668,,470,Proud of oneself,0.0578423626720905,0.0069401618093252,0.1979085952043533,0.0796108394861221,,14,0.1032376552349024,fast
632,roselia,Sing Alive,roselia,970.0,0.31,95.703125,193.5483870967728,315.14,,23.01,False,Sing Alive,roselia,315.4,,F,A#,0.264,True,major,major,False,False,Sing Alive,roselia,major,Sing Alive,roselia,315.4,,4.57,7.676883697509766,-10.79031106698744,0,Sing Alive,-10.64264678955078,-17.193525314331055,-9.516641616821287,4.629613876342773,6.47200345993042,5.130125045776367,7.281691551208496,0.8942970037460327,roselia,315.4,,210,Sing Alive,roselia,315.4,,8.49,210,Sing Alive,5.2218,4.3741,5.9429,0.6191,roselia,0.9288129806518556,0.0198,1.076642990112305,,315.4,,Sing Alive,7.020382327027619e-05,4.613767430328153e-07,0.1659043729305267,0.2331846803426742,roselia,315.4,,8.22,210,Sing Alive,roselia,315.4,,0.654508,210.0,Sing Alive,0.9997825622558594,0.2615184187889099,0.999997079372406,0.2922236323356628,roselia,0.0007705424213781,0.0003485962806735,0.0013251269701868,0.0005343447555787,315.4,,1.96,158.0,-24.27,5.0,Sing Alive,roselia,315.4,,629,Sing Alive,0.0484902374446392,0.005692021921277,0.1961173713207245,0.0836228802800178,,30,0.2443880786303108,fast
633,roselia,Swear ～Night & Day～,roselia,577.0,0.53,117.45383522727272,113.20754716981108,304.01,,23.5,False,Swear ～Night & Day～,roselia,304.02,,F,D,0.623,False,major,minor,False,False,Swear ～Night & Day～,roselia,minor,Swear ～Night & Day～,roselia,304.02,,3.0,8.81259536743164,-23.6947927005578,0,Swear ～Night & Day～,-23.62249565124512,-31.128314971923828,-22.315719604492188,5.544402599334717,5.311811447143555,4.073295593261719,6.239997863769531,0.8440938591957092,roselia,304.018875,,203,Swear ～Night & Day～,roselia,304.02,,8.63,203,Swear ～Night & Day～,4.6739,4.0577,5.2526,0.4906,roselia,0.9524054527282716,0.0532,1.0499730110168457,,304.02,,Swear ～Night & Day～,0.000648075772915,1.243209499079967e-05,0.549583375453949,0.23938849568367,roselia,304.02,,8.92,203,Swear ～Night & Day～,roselia,304.02,,0.732081,203.0,Swear ～Night & Day～,0.9678853154182434,0.2268636673688888,0.999392867088318,0.3048676550388336,roselia,,,,,,,1.95,,-40.62,5.0,Swear ～Night & Day～,roselia,304.0188662131519,,607,Swear ～Night & Day～,0.0479240529239177,0.0030784129630774,0.2025573104619979,0.0899134054780006,,34,0.0851920789457562,medium
634,roselia,Reweave (Cover),roselia,727.0,0.33,71.77734375,181.81818181818275,238.13,,18.31,False,Reweave (Cover),roselia,238.13,,F#,D#,0.614,False,major,minor,False,False,Reweave (Cover),roselia,minor,Reweave (Cover),roselia,238.13,,2.25,2.359251022338867,-10.0675727644154,0,Reweave (Cover),-9.764416694641112,-11.56006145477295,-9.200810432434082,2.502229690551758,6.780218601226807,5.685256481170654,7.457211494445801,0.8062971830368042,roselia,238.1333125,,159,Reweave (Cover),roselia,238.13,,7.47,159,Reweave (Cover),5.4012,4.2932,6.1262,0.7225,roselia,1.1199359893798828,0.5805,0.8929080367088318,,238.13,,Reweave (Cover),2.889330426114612e-05,4.564279834085028e-07,0.0008824203978292,0.0414208173751831,roselia,238.13,,7.08,159,Reweave (Cover),roselia,238.13,,0.773845,159.0,Reweave (Cover),0.9999020099639891,0.9354212880134584,0.9999987483024596,0.1811244487762451,roselia,,,,,,,1.48,,-20.07,5.0,Reweave (Cover),roselia,238.13333333333333,,475,Reweave (Cover),0.076034590601921,0.0111922547221183,0.2234813719987869,0.0903818234801292,,47,0.3463605217034358,fast
635,roselia,ヒバナ -Reloaded- (Cover),roselia,685.0,0.3,143.5546875,200.0000000000019,205.26,,15.99,False,ヒバナ -Reloaded- (Cover),roselia,205.27,,F#,D#,0.337,False,major,minor,False,True,ヒバナ -Reloaded- (Cover),roselia,minor,ヒバナ -Reloaded- (Cover),roselia,205.27,,2.2,2.474000930786133,-9.50797586614362,0,ヒバナ -Reloaded- (Cover),-9.578350067138672,-10.907007217407228,-8.433006286621094,1.0235140323638916,7.357708930969238,6.687849998474121,7.90492057800293,0.5067946314811707,roselia,205.266625,,136,ヒバナ -Reloaded- (Cover),roselia,205.27,,5.65,136,ヒバナ -Reloaded- (Cover),5.7913,4.379,6.6379,0.8764,roselia,1.192718744277954,0.8313,0.838420569896698,,205.27,,ヒバナ -Reloaded- (Cover),4.997346536583791e-07,6.0718496897038685e-09,3.739473322639242e-05,0.0007266720058396,roselia,205.27,,6.16,136,ヒバナ -Reloaded- (Cover),roselia,205.27,,0.727864,136.0,ヒバナ -Reloaded- (Cover),0.999832034111023,0.9791820049285888,0.9999918341636658,0.0875329747796058,roselia,0.0007753634708933,0.000385973486118,0.0014141387073323,0.0004110914596822,205.27,,1.32,103.0,-17.52,5.0,ヒバナ -Reloaded- (Cover),roselia,205.26666666666668,,409,ヒバナ -Reloaded- (Cover),0.0843061208724975,0.0156441442668437,0.2655528485774994,0.1055440306663513,,34,0.1938941017889228,fast
636,roselia,ファタール (Cover),roselia,576.0,0.38,123.046875,157.89473684209534,220.63,,16.9,False,ファタール (Cover),roselia,220.84,,G,G,0.34,False,major,major,False,True,ファタール (Cover),roselia,major,ファタール (Cover),roselia,220.84,,2.14,4.430371284484863,-10.48305228011691,0,ファタール (Cover),-10.056342124938965,-13.596117973327637,-9.165746688842772,4.088569641113281,6.805771350860596,5.225613117218018,7.816438674926758,1.0946485996246338,roselia,220.84,,147,ファタール (Cover),roselia,220.84,,6.51,147,ファタール (Cover),5.911,4.8116,6.7221,0.7748,roselia,1.2414075136184692,0.8982,0.805537223815918,,220.84,,ファタール (Cover),0.0002574005338829,9.04685293789953e-06,0.0358600430190563,0.1547865122556686,roselia,220.84,,6.52,147,ファタール (Cover),roselia,220.84,,0.733124,147.0,ファタール (Cover),0.9999096393585204,0.9952152371406556,0.9999969005584716,0.0691668987274169,roselia,0.0008445169660262,0.0004953389288857,0.0013131750747561,0.0003419621498323,220.84,,1.06,111.0,-19.16,5.0,ファタール (Cover),roselia,220.84,,440,ファタール (Cover),0.1050155162811279,0.0219330359250307,0.297830194234848,0.1058192327618599,,33,0.2836442673428727,medium
637,roselia,HONEY (Cover),roselia,692.0,0.33,151.99908088235293,181.81818181818275,227.41,,17.0,False,HONEY (Cover),roselia,227.6,,A,F#,0.437,False,major,minor,False,True,HONEY (Cover),roselia,minor,HONEY (Cover),roselia,227.6,,2.3,4.394733428955078,-10.265306061845685,0,HONEY (Cover),-9.919170379638672,-13.297072410583496,-8.902338981628418,2.2397615909576416,6.666578769683838,5.51127815246582,7.587071895599365,0.8152351379394531,roselia,227.6,,151,HONEY (Cover),roselia,227.6,,6.53,151,HONEY (Cover),6.0345,4.7024,6.9978,0.9305,roselia,1.1400103569030762,0.6641,0.877185046672821,,227.6,,HONEY (Cover),5.608512583421543e-05,1.4217303032637574e-06,0.0209286995232105,0.1017379015684127,roselia,227.6,,6.52,151,HONEY (Cover),roselia,227.6,,0.706295,151.0,HONEY (Cover),0.9996412992477416,0.50827956199646,0.9999969005584716,0.2429562658071518,roselia,0.0007336096605286,0.0004502477822825,0.0013346637133508,0.0003968238306697,227.6,,1.06,114.0,-19.21,5.0,HONEY (Cover),roselia,227.6,,454,HONEY (Cover),0.0607357397675514,0.0042509911581873,0.2103902250528335,0.0895335525274276,,41,0.1609841827768015,fast
638,roselia,悪魔の子 (Cover),roselia,503.0,0.34,107.666015625,176.47058823529235,226.32,,17.16,True,悪魔の子 (Cover),roselia,227.17,,B,B,0.472,False,minor,major,True,False,悪魔の子 (Cover),roselia,major,悪魔の子 (Cover),roselia,227.17,,2.71,9.727693557739258,-10.79028510501072,0,悪魔の子 (Cover),-10.9661865234375,-18.53501510620117,-8.807321548461914,8.113489151000977,6.011351108551025,3.809303522109986,6.859903335571289,1.1756250858306885,roselia,227.166625,,151,悪魔の子 (Cover),roselia,227.17,,5.68,151,悪魔の子 (Cover),4.9087,4.0718,6.0175,0.7538,roselia,0.9430069327354432,0.035,1.060437560081482,,227.17,,悪魔の子 (Cover),0.0034579639323055,6.857218977529556e-05,0.9260929226875304,0.3274058401584625,roselia,227.17,,5.38,151,悪魔の子 (Cover),roselia,227.17,,0.528254,151.0,悪魔の子 (Cover),0.9999277591705322,0.3006871342658996,0.9999983310699464,0.2823390364646911,roselia,0.0009733371553011,0.0003252489841543,0.0017697995062917,0.0005771502037532,227.17,,1.2,114.0,-30.97,5.0,悪魔の子 (Cover),roselia,227.16666666666663,,453,悪魔の子 (Cover),0.0460946038365364,0.003231591777876,0.2051895707845688,0.0869069471955299,,15,0.202934684250304,fast
639,roselia,slash (Cover),roselia,432.0,0.56,215.33203125,107.1428571428574,240.55,,18.46,False,slash (Cover),roselia,241.13,,F,F,0.632,False,minor,minor,False,False,slash (Cover),roselia,minor,slash (Cover),roselia,241.13,,3.41,7.627873420715332,-11.098013863885404,0,slash (Cover),-10.582042694091797,-17.236988067626953,-9.60911464691162,4.974698543548584,6.139642715454102,4.7996320724487305,6.995788097381592,0.8713728189468384,roselia,241.1333125,,161,slash (Cover),roselia,241.13,,5.97,161,slash (Cover),5.3309,4.5348,6.2189,0.6401,roselia,0.9526920914649964,0.0547,1.049657106399536,,241.13,,slash (Cover),0.0002384789549978,2.9268553589645308e-06,0.6987866163253784,0.281140387058258,roselia,241.13,,6.33,161,slash (Cover),roselia,241.13,,0.649155,161.0,slash (Cover),0.999911904335022,0.6881418824195862,0.9999961853027344,0.2248215228319168,roselia,0.0009163704817183,0.0003951711114495,0.001488241017796,0.0005305123049765,241.13,,1.32,121.0,-24.03,5.0,slash (Cover),roselia,241.13333333333333,,481,slash (Cover),0.0734476298093795,0.0077156387269496,0.2650646269321441,0.1112124025821685,,39,0.1783245475662587,medium
640,roselia,右肩の蝶 (Cover),roselia,643.0,0.43,172.265625,139.53488372093028,276.02,,21.95,False,右肩の蝶 (Cover),roselia,276.5,,C,E,0.445,True,major,minor,False,True,右肩の蝶 (Cover),roselia,minor,右肩の蝶 (Cover),roselia,276.5,,2.16,2.787832260131836,-10.787496101157435,0,右肩の蝶 (Cover),-10.82741355895996,-12.5540189743042,-9.766186714172363,2.829960584640503,6.683009147644043,5.847684860229492,7.413713455200195,0.6453045010566711,roselia,276.5,,184,右肩の蝶 (Cover),roselia,276.5,,7.21,184,右肩の蝶 (Cover),5.6603,4.394,6.3053,0.7178,roselia,1.1412979364395142,0.6672,0.8761953115463257,,276.5,,右肩の蝶 (Cover),4.045597597723827e-05,4.245984825956839e-07,0.0132172759622335,0.1379198580980301,roselia,276.5,,7.27,184,右肩の蝶 (Cover),roselia,276.5,,0.701082,184.0,右肩の蝶 (Cover),0.9999538064002992,0.9687788486480712,0.9999991655349731,0.1031356379389762,roselia,0.0007211433839984,0.0004100677615497,0.0015498360153287,0.0005425902199931,276.5,,1.73,139.0,-17.88,5.0,右肩の蝶 (Cover),roselia,276.5,,552,右肩の蝶 (Cover),0.0608454346656799,0.0096262944862246,0.1824672967195511,0.0704762190580368,,30,0.1198553345388788,medium
641,roselia,乙女解剖 (Cover),roselia,499.0,0.45,129.19921875,133.3333333333346,223.62,,17.41,False,乙女解剖 (Cover),roselia,224.1,,C#,G#,0.414,True,minor,minor,False,True,乙女解剖 (Cover),roselia,minor,乙女解剖 (Cover),roselia,224.1,,2.1,3.440202713012696,-9.634900728239767,0,乙女解剖 (Cover),-9.658252716064451,-11.463982582092283,-8.02377986907959,2.162498950958252,6.970692157745361,6.208597660064697,7.639656066894531,0.5694889426231384,roselia,224.1,,149,乙女解剖 (Cover),roselia,224.1,,6.2,149,乙女解剖 (Cover),6.0539,5.1455,6.6853,0.6632,roselia,1.200953722000122,0.845,0.8326716423034668,,224.1,,乙女解剖 (Cover),2.585810761956964e-05,2.1850714801985305e-06,0.0012378904502838,0.005585859529674,roselia,224.1,,5.87,149,乙女解剖 (Cover),roselia,224.1,,0.759586,149.0,乙女解剖 (Cover),0.999874711036682,0.9091233611106871,0.9999936819076538,0.0889313668012619,roselia,,,,,,,1.43,,-19.21,5.0,乙女解剖 (Cover),roselia,224.1,,447,乙女解剖 (Cover),0.0870929732918739,0.0180229526013135,0.2482256740331649,0.096707634627819,,31,0.4365015618027668,medium
642,roselia,六兆年と一夜物語 (Cover),roselia,669.0,0.32,89.10290948275862,187.49999999999983,216.14,,16.69,False,六兆年と一夜物語 (Cover),roselia,216.37,,B,F#,0.857,True,minor,minor,False,False,六兆年と一夜物語 (Cover),roselia,minor,六兆年と一夜物語 (Cover),roselia,216.37,,2.05,4.6146440505981445,-11.735903269173306,0,六兆年と一夜物語 (Cover),-11.766441345214844,-14.9479341506958,-10.333290100097656,5.039818286895752,6.621281623840332,5.308165550231934,7.566264152526855,1.0222160816192627,roselia,216.366625,,144,六兆年と一夜物語 (Cover),roselia,216.37,,5.97,144,六兆年と一夜物語 (Cover),5.8187,4.4603,6.7345,0.8589,roselia,1.202528476715088,0.8511,0.8315811157226562,,216.37,,六兆年と一夜物語 (Cover),7.866229861974716e-05,9.666868550084473e-08,0.323233962059021,0.225526824593544,roselia,216.37,,5.94,144,六兆年と一夜物語 (Cover),roselia,216.37,,0.739808,144.0,六兆年と一夜物語 (Cover),0.999906063079834,0.6284977197647095,0.9999979734420776,0.2380145341157913,roselia,0.0008208680083043,0.000307129259454,0.0015170637052506,0.0004827358061447,216.37,,1.36,109.0,-24.25,5.0,六兆年と一夜物語 (Cover),roselia,216.36666666666667,,431,六兆年と一夜物語 (Cover),0.0674025192856788,0.0130225718021392,0.2076487839221954,0.0828217789530754,,30,0.4226158890563964,fast
643,roselia,残酷な天使のテーゼ (Cover),roselia,598.0,0.43,172.265625,139.534883720928,261.32,,19.76,False,残酷な天使のテーゼ (Cover),roselia,261.8,,Eb,F,0.348,True,major,minor,False,True,残酷な天使のテーゼ (Cover),roselia,minor,残酷な天使のテーゼ (Cover),roselia,261.8,,3.14,4.854504585266113,-12.501610059301685,0,残酷な天使のテーゼ (Cover),-12.707207679748535,-15.461584091186523,-10.60707950592041,3.7481186389923096,6.438004493713379,4.547518253326416,7.243821620941162,0.9205095171928406,roselia,261.8,,174,残酷な天使のテーゼ (Cover),roselia,261.8,,6.46,174,残酷な天使のテーゼ (Cover),5.5583,4.3456,6.7254,0.9026,roselia,1.0012428760528564,0.1322,0.9987586140632628,,261.8,,残酷な天使のテーゼ (Cover),0.0001142549954238,1.1237373200856382e-06,0.3032211065292358,0.2545248866081238,roselia,261.8,,6.58,174,残酷な天使のテーゼ (Cover),roselia,261.8,,0.701885,174.0,残酷な天使のテーゼ (Cover),0.9999104142189026,0.8766238689422607,0.9999997615814208,0.2306892424821853,roselia,0.0008593657403253,0.0004283157468307,0.0017706966027617,0.0007553559844382,261.8,,1.6,131.0,-21.91,5.0,残酷な天使のテーゼ (Cover),roselia,261.8,,522,残酷な天使のテーゼ (Cover),0.0679497867822647,0.0119828861206769,0.2147281169891357,0.0791486352682113,,34,0.2702826585179526,medium
644,roselia,海色 (Cover),roselia,834.0,0.31,135.99917763157896,193.5483870967728,256.62,,19.63,False,海色 (Cover),roselia,256.83,,F,F,0.475,False,minor,minor,False,False,海色 (Cover),roselia,minor,海色 (Cover),roselia,256.83,,3.83,3.973658561706543,-10.47262609843994,0,海色 (Cover),-10.372499465942385,-13.306930541992188,-9.333271980285645,3.396081924438477,6.831206321716309,5.34177827835083,7.528716087341309,0.8922447562217712,roselia,256.8333125,,171,海色 (Cover),roselia,256.83,,6.0,171,海色 (Cover),5.8293,4.7842,6.7479,0.7654,roselia,1.0180517435073853,0.1687,0.9822683930397034,,256.83,,海色 (Cover),0.0004014288133475,1.3339996257855091e-05,0.2655513286590576,0.2135454416275024,roselia,256.83,,6.35,171,海色 (Cover),roselia,256.83,,0.582545,171.0,海色 (Cover),0.9999258518218994,0.972071886062622,0.999997615814209,0.1117229759693145,roselia,0.0010440913029015,0.00048935652012,0.0018475815886631,0.000592173601035,256.83,,1.58,129.0,-21.05,5.0,海色 (Cover),roselia,256.8333333333333,,512,海色 (Cover),0.08805613219738,0.0054925954900681,0.2946528196334839,0.1118545979261398,,27,0.0,fast
645,roselia,ETERNAL BLAZE (Cover),roselia,781.0,0.39,129.19921875,153.84615384615924,308.72,,23.21,False,ETERNAL BLAZE (Cover),roselia,309.2,,G,G,0.221,False,minor,minor,False,False,ETERNAL BLAZE (Cover),roselia,minor,ETERNAL BLAZE (Cover),roselia,309.2,,5.36,3.923731803894043,-11.571725237280113,0,ETERNAL BLAZE (Cover),-11.276485443115234,-14.48261833190918,-10.558886528015137,3.926826238632202,6.993636131286621,5.277250289916992,7.960216045379639,0.9818618297576904,roselia,309.2,,206,ETERNAL BLAZE (Cover),roselia,309.2,,8.74,206,ETERNAL BLAZE (Cover),5.901,4.8205,6.7201,0.755,roselia,1.0556161403656006,0.307,0.9473142623901368,,309.2,,ETERNAL BLAZE (Cover),1.570587483001873e-05,3.70873635802127e-07,0.3331615328788757,0.2472632229328155,roselia,309.2,,8.93,206,ETERNAL BLAZE (Cover),roselia,309.2,,0.653939,206.0,ETERNAL BLAZE (Cover),0.9998505115509032,0.9534146785736084,0.9999969005584716,0.1643176674842834,roselia,0.0007391844992525,0.0003925123019143,0.0015819804975762,0.0005063393036834,309.2,,1.71,155.0,-20.43,5.0,ETERNAL BLAZE (Cover),roselia,309.2,,617,ETERNAL BLAZE (Cover),0.0542642287909984,0.0057283896021544,0.1946789175271988,0.0787583068013191,,28,0.1751617076326002,medium
646,roselia,魂のルフラン (Cover),roselia,583.0,0.46,143.5546875,130.43478260869338,269.22,,20.71,False,魂のルフラン (Cover),roselia,269.53,,A,C,0.31,False,minor,major,False,True,魂のルフラン (Cover),roselia,major,魂のルフラン (Cover),roselia,269.53,,3.59,6.510985374450684,-12.448533030008043,0,魂のルフラン (Cover),-13.661795616149902,-16.802841186523438,-10.291855812072754,4.978642463684082,6.526439189910889,4.716252326965332,7.170096397399902,0.9397446513175964,roselia,269.5333125,,180,魂のルフラン (Cover),roselia,269.53,,7.79,180,魂のルフラン (Cover),5.6485,4.6858,6.7906,0.7724,roselia,1.0193588733673096,0.1748,0.9810088276863098,,269.53,,魂のルフラン (Cover),0.001200107159093,4.183969394944143e-06,0.9270759224891664,0.3184185028076172,roselia,269.53,,6.79,180,魂のルフラン (Cover),roselia,269.53,,0.666475,180.0,魂のルフラン (Cover),0.999698042869568,0.9517650604248048,0.9999889135360718,0.1606681793928146,roselia,0.0007882372010499,0.0003906441270373,0.001386530813761,0.0004726624174509,269.53,,1.62,135.0,-23.47,5.0,魂のルフラン (Cover),roselia,269.53333333333336,,538,魂のルフラン (Cover),0.0561362542212009,0.0047188652679324,0.2284209579229354,0.0984857454895973,,46,0.1147167767257023,medium
647,roselia,This game (Cover),roselia,694.0,0.41,95.703125,146.34146341463537,283.2,,21.37,False,This game (Cover),roselia,283.63,,E,E,0.271,False,minor,minor,False,False,This game (Cover),roselia,minor,This game (Cover),roselia,283.63,,3.76,11.989209175109863,-10.956583803647764,0,This game (Cover),-10.939258575439451,-21.81224632263184,-9.823037147521973,5.805849552154541,7.088136672973633,5.276832580566406,7.773744583129883,0.9317307472229004,roselia,283.6333125,,189,This game (Cover),roselia,283.63,,8.23,189,This game (Cover),6.1315,5.0613,7.0025,0.7178,roselia,1.129428505897522,0.6201,0.8854036331176758,,283.63,,This game (Cover),0.0001011854037642,5.25163886777591e-06,0.0888936892151832,0.1666102260351181,roselia,283.63,,7.94,189,This game (Cover),roselia,283.63,,0.628647,189.0,This game (Cover),0.9997314810752868,0.0741573870182037,0.9999939799308776,0.3183793723583221,roselia,0.0010213002096861,0.0003414401144254,0.0019449902465566,0.0007652593194507,283.63,,1.76,142.0,-26.56,5.0,This game (Cover),roselia,283.6333333333333,,566,This game (Cover),0.0599901303648948,0.0057968883775174,0.2124929875135421,0.0868703424930572,,29,0.2181689654822885,medium
648,roselia,スカイクラッドの観測者 (Cover),roselia,757.0,0.36,184.5703125,166.66666666666694,273.35,,21.79,False,スカイクラッドの観測者 (Cover),roselia,273.8,,Ab,D#,0.67,True,minor,minor,False,False,スカイクラッドの観測者 (Cover),roselia,minor,スカイクラッドの観測者 (Cover),roselia,273.8,,4.22,11.98438549041748,-11.10245792348367,0,スカイクラッドの観測者 (Cover),-10.764888763427734,-21.89451789855957,-9.91013240814209,4.79783296585083,6.796018123626709,4.343758583068848,7.426281452178955,1.154319167137146,roselia,273.8,,183,スカイクラッドの観測者 (Cover),roselia,273.8,,8.06,183,スカイクラッドの観測者 (Cover),5.8234,4.4826,6.8618,0.8943,roselia,1.0953418016433716,0.4696,0.9129570126533508,,273.8,,スカイクラッドの観測者 (Cover),2.0890731320832856e-05,2.1202021116550893e-07,0.1462155431509018,0.1834612190723419,roselia,273.8,,7.87,183,スカイクラッドの観測者 (Cover),roselia,273.8,,0.762244,183.0,スカイクラッドの観測者 (Cover),0.9997648596763612,0.0911011397838592,0.999998152256012,0.3283886015415191,roselia,0.0007416558801196,0.0003234428004361,0.0015892366645857,0.0006093341507948,273.8,,1.72,137.0,-28.1,5.0,スカイクラッドの観測者 (Cover),roselia,273.8,,546,スカイクラッドの観測者 (Cover),0.0582592487335205,0.0073066810145974,0.2121017575263977,0.0878459215164184,,40,0.2381300219138057,fast
649,roselia,シャルル (Cover),roselia,560.0,0.41,215.33203125,146.34146341463028,232.17,,18.18,False,シャルル (Cover),roselia,232.63,,G,G,0.64,False,major,major,False,True,シャルル (Cover),roselia,major,シャルル (Cover),roselia,232.63,,3.83,3.2442359924316406,-10.727595819405437,0,シャルル (Cover),-10.635139465332031,-12.739188194274902,-9.494952201843262,2.8486459255218506,6.93903923034668,6.022160053253174,7.91912317276001,0.9217448234558104,roselia,232.6333125,,155,シャルル (Cover),roselia,232.63,,7.32,155,シャルル (Cover),6.2381,5.4366,7.0076,0.6592,roselia,1.0850839614868164,0.4331,0.9215879440307616,,232.63,,シャルル (Cover),0.0006933163385838,1.8605709556140937e-05,0.3780510127544403,0.226165622472763,roselia,232.63,,6.82,155,シャルル (Cover),roselia,232.63,,0.593124,155.0,シャルル (Cover),0.9999892711639404,0.9678246974945068,0.9999998211860656,0.075184442102909,roselia,0.0010750063229352,0.0004510362632572,0.0020983044523745,0.0006878153653815,232.63,,1.45,117.0,-21.16,5.0,シャルル (Cover),roselia,232.63333333333333,,464,シャルル (Cover),0.0773640573024749,0.0093582402914762,0.2460063695907592,0.0924806073307991,,35,0.0339590138345368,medium
650,roselia,新時代 (Cover),roselia,633.0,0.34,123.046875,176.47058823529235,226.34,,16.97,False,新時代 (Cover),roselia,226.63,,E,E,0.405,False,minor,minor,False,False,新時代 (Cover),roselia,minor,新時代 (Cover),roselia,226.63,,2.37,5.1714582443237305,-11.58902899097344,0,新時代 (Cover),-11.464219093322754,-15.435684204101562,-10.264225959777832,4.143409252166748,6.774028301239014,4.617499351501465,7.504266262054443,1.023069977760315,roselia,226.6333125,,151,新時代 (Cover),roselia,226.63,,6.36,151,新時代 (Cover),6.0762,4.6413,7.3294,1.0128,roselia,1.191438913345337,0.8267,0.8393212556838989,,226.63,,新時代 (Cover),0.0004040826461277,1.5075556802912615e-05,0.0198127645999193,0.178431287407875,roselia,226.63,,6.67,151,新時代 (Cover),roselia,226.63,,0.758241,151.0,新時代 (Cover),0.999705970287323,0.8720830678939819,0.9999986886978148,0.1422425657510757,roselia,0.000788154953625,0.0003712951438501,0.0015990276588127,0.000675008748658,226.63,,1.45,114.0,-20.95,5.0,新時代 (Cover),roselia,226.63333333333333,,452,新時代 (Cover),0.0634114891290664,0.0088616432622075,0.2207722514867782,0.0853944197297096,,35,0.2886600440027865,fast
651,roselia,革命デュアリズム (Cover),roselia,809.0,0.29,80.74951171875,206.89655172413347,237.15,,18.61,False,革命デュアリズム (Cover),roselia,237.43,,A,A,0.935,False,minor,minor,False,False,革命デュアリズム (Cover),roselia,minor,革命デュアリズム (Cover),roselia,237.43,,3.11,2.9094810485839844,-10.301922507093987,0,革命デュアリズム (Cover),-10.109354972839355,-12.234367370605469,-9.324886322021484,3.674653291702272,6.743087768554688,5.959713935852051,7.380745410919189,0.6664287447929382,roselia,237.4333125,,158,革命デュアリズム (Cover),roselia,237.43,,6.27,158,革命デュアリズム (Cover),5.9023,5.1276,6.4758,0.5054,roselia,1.0664514303207395,0.3511,0.9376893043518066,,237.43,,革命デュアリズム (Cover),0.0006147219100967,2.999829348482308e-06,0.0478219799697399,0.1098601147532463,roselia,237.43,,5.83,158,革命デュアリズム (Cover),roselia,237.43,,0.566622,158.0,革命デュアリズム (Cover),0.9999006986618042,0.9434546232223512,0.9999980330467224,0.1218865811824798,roselia,0.0009961343603208,0.0004678642726503,0.0017406218685209,0.0008616712293587,237.43,,1.48,119.0,-18.15,5.0,革命デュアリズム (Cover),roselia,237.4333333333333,,473,革命デュアリズム (Cover),0.0426940619945526,0.0042440383695065,0.1540542393922805,0.0662088170647621,,25,0.1775656012976271,fast
652,roselia,Red fraction (Cover),roselia,474.0,0.42,89.10290948275862,142.85714285714226,200.54,,15.64,False,Red fraction (Cover),roselia,201.0,,E,E,0.769,False,minor,minor,False,False,Red fraction (Cover),roselia,minor,Red fraction (Cover),roselia,201.0,,3.98,3.732510566711426,-10.436078432162391,0,Red fraction (Cover),-10.397120475769045,-12.820894241333008,-9.088383674621582,3.9554576873779297,7.047000885009766,6.177388668060303,7.683143615722656,0.6668287515640259,roselia,201.0,,134,Red fraction (Cover),roselia,201.0,,4.62,134,Red fraction (Cover),5.3163,4.1073,6.3569,0.7845,roselia,1.033956527709961,0.2325,0.9671586155891418,,201.0,,Red fraction (Cover),6.208287004483282e-07,2.24593872388823e-08,0.0001483941887272,0.0194607339799404,roselia,201.0,,4.33,134,Red fraction (Cover),roselia,201.0,,0.782264,134.0,Red fraction (Cover),0.9997776746749878,0.8707602620124817,0.9999987483024596,0.1785351485013961,roselia,0.0008294232538901,0.0004271849466022,0.0024171366821974,0.0008578565320931,201.0,,1.26,101.0,-20.03,5.0,Red fraction (Cover),roselia,201.0,,401,Red fraction (Cover),0.0421633049845695,0.005547952838242,0.1761393547058105,0.0740520656108856,,17,0.0212935323383084,medium
653,roselia,深愛 (Cover),roselia,626.0,0.43,135.99917763157896,139.534883720928,272.76,,21.15,False,深愛 (Cover),roselia,273.23,,Ab,D#,0.28,True,major,minor,False,False,深愛 (Cover),roselia,minor,深愛 (Cover),roselia,273.23,,3.82,4.84788703918457,-10.878715391087017,0,深愛 (Cover),-10.650030136108398,-14.637784957885742,-9.789897918701172,4.939640522003174,6.825942039489746,5.372873783111572,7.647871971130371,0.8975766897201538,roselia,273.2333125,,182,深愛 (Cover),roselia,273.23,,7.26,182,深愛 (Cover),5.6085,4.7557,6.4744,0.6268,roselia,1.0052828788757324,0.1398,0.9947448968887328,,273.23,,深愛 (Cover),0.0003495679120533,9.451249752601145e-06,0.4594044983386993,0.2443256080150604,roselia,273.23,,7.01,182,深愛 (Cover),roselia,273.23,,0.624582,182.0,深愛 (Cover),0.9997785687446594,0.94818377494812,0.9999914169311525,0.1917834132909774,roselia,0.0008278148598037,0.0003975868748966,0.0014213300310075,0.0004994317423552,273.23,,1.71,137.0,-21.24,5.0,深愛 (Cover),roselia,273.2333333333333,,545,深愛 (Cover),0.0629891604185104,0.0063547436147928,0.2205358296632766,0.0867044925689697,,26,0.1699645952841597,medium
654,roselia,Paradisus‐Paradoxum (Cover),roselia,778.0,0.3,161.4990234375,200.0000000000019,232.39,,17.56,False,Paradisus‐Paradoxum (Cover),roselia,232.67,,F,F,0.458,False,major,major,False,True,Paradisus‐Paradoxum (Cover),roselia,major,Paradisus‐Paradoxum (Cover),roselia,232.67,,3.26,4.453550338745117,-11.45316257557622,0,Paradisus‐Paradoxum (Cover),-11.58492660522461,-14.279273986816406,-9.825723648071287,3.0950400829315186,6.23583984375,4.930410861968994,7.110645294189453,0.8430683612823486,roselia,232.666625,,155,Paradisus‐Paradoxum (Cover),roselia,232.67,,6.52,155,Paradisus‐Paradoxum (Cover),5.386,4.3589,6.2731,0.7401,roselia,1.04912006855011,0.2781,0.9531797170639038,,232.67,,Paradisus‐Paradoxum (Cover),0.0003208994749002,8.145163974404568e-07,0.4852822422981262,0.2399905771017074,roselia,232.67,,6.38,155,Paradisus‐Paradoxum (Cover),roselia,232.67,,0.594333,155.0,Paradisus‐Paradoxum (Cover),0.9999066591262816,0.9330953359603882,0.9999998807907104,0.2052288800477981,roselia,0.0010249604238197,0.0005570994107984,0.0020096232183277,0.0007099966169334,232.67,,1.46,117.0,-21.05,5.0,Paradisus‐Paradoxum (Cover),roselia,232.66666666666663,,464,Paradisus‐Paradoxum (Cover),0.0745415017008781,0.0060955388471484,0.2150274813175201,0.0953220874071121,,32,0.1585100144600632,fast
655,roselia,Realize (Cover),roselia,651.0,0.29,135.99917763157896,206.89655172412333,245.84,,18.53,True,Realize (Cover),roselia,246.13,,D,D,0.25,False,major,major,False,False,Realize (Cover),roselia,major,Realize (Cover),roselia,246.13,,2.32,5.844030380249023,-11.312517081347297,0,Realize (Cover),-11.256671905517578,-15.481051445007324,-9.6370210647583,4.213945865631104,6.388763427734375,4.933845520019531,7.563879489898682,0.99244487285614,roselia,246.1333125,,164,Realize (Cover),roselia,246.13,,7.07,164,Realize (Cover),5.0382,3.7311,6.3202,0.9623,roselia,0.9841431379318236,0.1018,1.0161123275756836,,246.13,,Realize (Cover),1.8431651369610336e-06,1.1294757129576284e-08,0.409130185842514,0.2204176187515258,roselia,246.13,,6.57,164,Realize (Cover),roselia,246.13,,0.738737,164.0,Realize (Cover),0.9999091625213624,0.9785252213478088,0.9999988079071044,0.1435320377349853,roselia,,,,,,,1.51,,-22.36,5.0,Realize (Cover),roselia,246.13333333333333,,491,Realize (Cover),0.0669246613979339,0.0075400425121188,0.2122682780027389,0.0817055776715278,,43,0.1817713668453131,fast
656,roselia,Preserved Roses (Cover),roselia,588.0,0.36,161.4990234375,166.66666666666694,210.63,,16.37,False,Preserved Roses (Cover),roselia,210.63,,F#,F#,0.254,False,major,major,False,False,Preserved Roses (Cover),roselia,major,Preserved Roses (Cover),roselia,210.63,,2.54,2.401641845703125,-11.474731186607212,0,Preserved Roses (Cover),-11.399361610412598,-12.921415328979492,-10.519773483276367,5.799492359161377,7.264951705932617,6.107932090759277,7.885319709777832,0.7507073879241943,roselia,210.6333125,,140,Preserved Roses (Cover),roselia,210.63,,6.28,140,Preserved Roses (Cover),6.2658,5.3201,6.9276,0.6649,roselia,1.1384872198104858,0.652,0.8783585429191589,,210.63,,Preserved Roses (Cover),2.9660195650649257e-06,1.822995443490072e-07,0.0001201837221742,0.025761991739273,roselia,210.63,,6.1,140,Preserved Roses (Cover),roselia,210.63,,0.727895,140.0,Preserved Roses (Cover),0.999984622001648,0.986627995967865,0.9999990463256836,0.1181385144591331,roselia,0.0008838298963382,0.000477681052871,0.0015741791576147,0.0004672635986935,210.63,,1.16,106.0,-19.77,5.0,Preserved Roses (Cover),roselia,210.63333333333333,,420,Preserved Roses (Cover),0.0434969775378704,0.0067862570285797,0.1664462387561798,0.074007973074913,,19,0.2017723924330605,fast
657,roselia,My Dearest (Cover),roselia,945.0,0.36,172.265625,166.6666666666735,336.95,,23.76,False,My Dearest (Cover),roselia,337.13,,C,C,0.955,False,major,major,False,False,My Dearest (Cover),roselia,major,My Dearest (Cover),roselia,337.13,,4.07,5.943078994750977,-12.204769984631255,0,My Dearest (Cover),-12.635162353515623,-16.006263732910156,-10.06318473815918,2.5034432411193848,6.513663291931152,5.319831371307373,7.202663898468018,0.8467385172843933,roselia,337.1333125,,225,My Dearest (Cover),roselia,337.13,,9.25,225,My Dearest (Cover),5.9667,5.1073,6.7293,0.6159,roselia,1.1233196258544922,0.5927,0.8902184963226318,,337.13,,My Dearest (Cover),0.0022758226841688,7.717881999269594e-06,0.879243791103363,0.3237455785274505,roselia,337.13,,9.29,225,My Dearest (Cover),roselia,337.13,,0.705853,225.0,My Dearest (Cover),0.9992538094520568,0.7099210023880005,0.9999967217445374,0.1716166287660598,roselia,0.0007216469384729,0.0003358172543812,0.0014250023523345,0.0007612742483615,337.13,,1.65,169.0,-22.34,5.0,My Dearest (Cover),roselia,337.1333333333333,,673,My Dearest (Cover),0.0412824675440788,0.0041386261582374,0.194785863161087,0.0856337770819664,,56,0.1517500306814772,fast
658,roselia,Shangri-La (Cover),roselia,608.0,0.39,215.33203125,153.84615384615924,238.53,,17.3,False,Shangri-La (Cover),roselia,239.0,,G,F,0.29,True,minor,major,False,True,Shangri-La (Cover),roselia,major,Shangri-La (Cover),roselia,239.0,,3.01,3.984901428222656,-10.302931296902006,0,Shangri-La (Cover),-10.373638153076172,-12.915958404541016,-8.93105697631836,1.867576003074646,6.871806144714356,5.163967132568359,7.522671699523926,0.88193678855896,roselia,239.0,,159,Shangri-La (Cover),roselia,239.0,,6.21,159,Shangri-La (Cover),5.8389,4.7668,6.5704,0.7045,roselia,1.0465179681777954,0.2644,0.9555497169494628,,239.0,,Shangri-La (Cover),1.3075880815449636e-05,2.854731917523168e-07,0.0231790747493505,0.2658376097679138,roselia,239.0,,5.57,159,Shangri-La (Cover),roselia,239.0,,0.679507,159.0,Shangri-La (Cover),0.9999120235443116,0.9910142421722412,0.9999982118606568,0.1262879222631454,roselia,0.0007026857929304,0.0003528074012137,0.0014384146779775,0.0007045172387734,239.0,,1.16,120.0,-19.13,5.0,Shangri-La (Cover),roselia,239.0,,477,Shangri-La (Cover),0.0519918724894523,0.0075523857958614,0.190621942281723,0.0727269649505615,,30,0.1562343096234309,medium
659,roselia,KING (Cover),roselia,374.0,0.36,161.4990234375,166.66666666666694,134.45,,10.94,False,KING (Cover),roselia,134.73,,A,C,0.457,False,minor,major,False,True,KING (Cover),roselia,major,KING (Cover),roselia,134.73,,1.63,2.213214874267578,-10.401900598600498,0,KING (Cover),-10.63332748413086,-11.564337730407717,-9.351122856140137,4.43792724609375,7.155942440032959,6.174590110778809,7.860868453979492,0.7054708003997803,roselia,134.7333125,,89,KING (Cover),roselia,134.73,,2.45,89,KING (Cover),5.3953,4.1145,6.524,0.9532,roselia,1.0278700590133667,0.2052,0.97288578748703,,134.73,,KING (Cover),1.1945211326747085e-06,3.57675156159587e-09,0.0004554784682113,0.0048177735880017,roselia,134.73,,2.86,89,KING (Cover),roselia,134.73,,0.785368,89.0,KING (Cover),0.9998973608016968,0.9478350281715392,0.9999992847442628,0.1433478891849517,roselia,0.0007589355809614,0.000369572895579,0.0014398081693798,0.000409392901929,134.73,,0.84,68.0,-18.76,5.0,KING (Cover),roselia,134.73333333333332,,268,KING (Cover),0.0656584799289703,0.0125298583880066,0.2355577498674392,0.0991529822349548,,18,0.3857989900423708,fast
660,mygo,素寄曲,mygo,463.0,0.51,215.33203125,117.64705882352824,238.18,,16.57,False,素寄曲,mygo,238.73,,G,D,0.71,True,major,major,False,False,素寄曲,mygo,major,素寄曲,mygo,238.73,,2.76,1.3835716247558594,-10.123042120774254,0,素寄曲,-10.02997875213623,-10.886710166931152,-9.503138542175291,0.7828964591026306,6.645925998687744,5.920464515686035,7.149884223937988,0.5406304597854614,mygo,238.7333125,,159,素寄曲,mygo,238.73,,6.48,159,素寄曲,5.5973,5.0397,6.2149,0.4964,mygo,1.454560160636902,0.9939,0.6874929666519165,,238.73,,素寄曲,0.0061138127930462,0.0007018359028734,0.0692894384264946,0.0657883584499359,mygo,238.73,,6.13,159,素寄曲,mygo,238.73,,0.833587,159.0,素寄曲,0.992929995059967,0.7147749662399292,0.9998195767402648,0.1566101163625717,mygo,0.0005117292748764,0.0003282285761088,0.0009089912637136,0.0002369665162404,238.73,,1.48,120.0,-16.51,5.0,素寄曲,mygo,238.7333333333333,,476,素寄曲,0.0701386481523513,0.0101965330541133,0.2384206354618072,0.0976383537054061,,35,0.0675230264725239,medium
661,mygo,羅永線,mygo,739.0,0.32,95.703125,187.500000000004,233.33,,16.05,False,羅永線,mygo,233.64,,Bb,A#,0.653,True,major,major,False,False,羅永線,mygo,major,羅永線,mygo,233.64,,1.95,2.566461563110352,-8.543955804280225,0,羅永線,-8.393196105957031,-10.21495532989502,-7.648493766784668,1.1491891145706177,6.649316787719727,5.656325340270996,7.239462852478027,0.6467172503471375,mygo,233.64,,156,羅永線,mygo,233.64,,6.4,156,羅永線,5.1974,4.4478,5.8997,0.557,mygo,1.16566002368927,0.7508,0.857883095741272,,233.64,,羅永線,0.0001225780288223,5.73357283428777e-06,0.0056806681677699,0.0854917392134666,mygo,233.64,,6.21,156,羅永線,mygo,233.64,,0.797026,156.0,羅永線,0.9958949089050292,0.826569139957428,0.999703049659729,0.1423888057470321,mygo,0.0006386911845766,0.0004067777481395,0.0010022789938375,0.0002844231203198,233.64,,1.49,117.0,-15.37,5.0,羅永線,mygo,233.64,,466,羅永線,0.0509531944990158,0.0036381634417921,0.2563478648662567,0.1025370061397552,,18,0.2099811676082862,fast
662,mygo,騒混出,mygo,682.0,0.33,123.046875,181.8181818181749,227.12,,14.99,False,騒混出,mygo,227.31,,C#,G#,0.741,True,major,major,False,False,騒混出,mygo,major,騒混出,mygo,227.31,,2.57,2.322331428527832,-9.561795593101577,0,騒混出,-9.30585479736328,-11.140629768371582,-8.81829833984375,2.543792247772217,6.837319850921631,5.946402549743652,7.395551681518555,0.6380811929702759,mygo,227.306625,,151,騒混出,mygo,227.31,,6.15,151,騒混出,5.2019,4.4237,5.8966,0.5901,mygo,1.1076651811599731,0.5198,0.9027999639511108,,227.31,,騒混出,9.714071893540677e-06,3.2278791195494705e-07,0.0028203027322888,0.0393768846988678,mygo,227.31,,6.13,151,騒混出,mygo,227.31,,0.827204,151.0,騒混出,0.9960098266601562,0.718805730342865,0.9999381303787231,0.2041494101285934,mygo,0.0006147009553387,0.0003925998171325,0.0010349611984565,0.0004262802540324,227.31,,1.41,114.0,-17.18,5.0,騒混出,mygo,227.30666666666667,,453,騒混出,0.0748251527547836,0.0091703105717897,0.278408944606781,0.1164907589554786,,23,0.405443416617472,fast
663,morfonica,深海少女 (Cover),morfonica,497.0,0.44,135.99917763157896,136.36363636363706,217.68,,13.47,False,深海少女 (Cover),morfonica,218.13,,Ab,G#,0.805,True,minor,minor,False,False,深海少女 (Cover),morfonica,minor,深海少女 (Cover),morfonica,218.13,,0.81,7.818209648132324,-10.936517713638604,0,深海少女 (Cover),-11.057470321655272,-16.349637985229492,-8.531428337097168,6.139237403869629,6.864576816558838,5.1882004737854,7.82050895690918,0.9945474863052368,morfonica,218.1333125,,145,深海少女 (Cover),morfonica,218.13,,3.21,145,深海少女 (Cover),5.7463,4.3931,6.7114,0.8939,morfonica,0.9313960075378418,0.0163,1.0736572742462158,1.120734084727481,218.13,,深海少女 (Cover),0.0001882919314084,2.7802466320281383e-06,0.1895514130592346,0.1997622996568679,morfonica,218.13,,7.03,145,深海少女 (Cover),morfonica,218.13,,0.668168,145.0,深海少女 (Cover),0.9993758797645568,0.8022194504737854,0.9999889135360718,0.1542897373437881,morfonica,,,,,,,1.39,,-24.32,5.0,深海少女 (Cover),morfonica,218.13333333333333,,435,深海少女 (Cover),0.0761414617300033,0.0097191119566559,0.2410808056592941,0.0906257256865501,,26,0.4937346245158494,medium
664,mugendai_mutype,等身大あんりみてっど,mugendai_mutype,323.0,0.52,135.99917763157896,115.3846153846154,168.27,,10.64,False,等身大あんりみてっど,mugendai_mutype,168.73,,F,A,0.77,True,major,minor,False,False,等身大あんりみてっど,mugendai_mutype,minor,等身大あんりみてっど,mugendai_mutype,168.73,,0.59,3.948678970336914,-10.0099921544701,0,等身大あんりみてっど,-9.997082710266112,-12.6384916305542,-8.689812660217285,1.956579327583313,7.377163887023926,6.584536075592041,7.919599533081055,0.576981782913208,mugendai_mutype,168.7333125,,112,等身大あんりみてっど,mugendai_mutype,168.73,,2.05,112,等身大あんりみてっど,6.0627,5.4492,6.7265,0.5174,mugendai_mutype,1.1631919145584106,0.6748,0.8597034811973572,0.906223159244432,168.73,,等身大あんりみてっど,5.4142059525474906e-05,1.123414790527022e-06,0.0007366674835793,0.0052350359037518,mugendai_mutype,168.73,,5.76,112,等身大あんりみてっど,mugendai_mutype,168.73,,0.641374,112.0,等身大あんりみてっど,0.9999834299087524,0.9405999779701232,0.9999996423721312,0.0687575861811637,mugendai_mutype,0.0008049123571254,0.0004568529839161,0.0012956996215507,0.0005298834876157,168.73,,1.02,85.0,-21.11,5.0,等身大あんりみてっど,mugendai_mutype,168.73333333333332,,336,等身大あんりみてっど,0.1035308241844177,0.0155269876122474,0.2998498380184173,0.114199161529541,,33,0.0640063058064238,medium
665,mugendai_mutype,好きになっちゃえ！,mugendai_mutype,458.0,0.45,75.99954044117646,133.3333333333367,207.22,,15.58,False,好きになっちゃえ！,mugendai_mutype,207.77,,Ab,G#,0.591,True,major,major,False,False,好きになっちゃえ！,mugendai_mutype,major,好きになっちゃえ！,mugendai_mutype,207.77,,0.76,7.591373443603516,-12.385176069893385,0,好きになっちゃえ！,-11.795806884765623,-18.66756820678711,-11.076194763183594,5.368412971496582,6.536563396453857,5.362892150878906,7.268601417541504,0.7453130483627319,mugendai_mutype,207.773375,,138,好きになっちゃえ！,mugendai_mutype,207.77,,2.65,138,好きになっちゃえ！,5.1988,4.4199,6.0257,0.6348,mugendai_mutype,1.1207629442214966,0.5122,0.8922494053840637,1.0830673505633197,207.77,,好きになっちゃえ！,4.090390120836673e-06,1.190498082337399e-07,0.000863185734488,0.030261792242527,mugendai_mutype,207.77,,6.43,138,好きになっちゃえ！,mugendai_mutype,207.77,,0.716261,138.0,好きになっちゃえ！,0.998060941696167,0.3137289583683014,0.9999955296516418,0.2809883654117584,mugendai_mutype,0.0009380276314914,0.0004264985327608,0.0020136060193181,0.0020808905828744,207.77,,1.1,104.0,-27.13,5.0,好きになっちゃえ！,mugendai_mutype,207.77337868480728,,414,好きになっちゃえ！,0.1015186309814453,0.0080264052376151,0.283500075340271,0.109249047935009,,27,0.0889430344049633,medium
666,mugendai_mutype,YoU kNOw the overture,mugendai_mutype,347.0,0.5,117.45383522727272,120.0,173.55,,15.55,False,YoU kNOw the overture,mugendai_mutype,174.0,,A,A,0.486,False,minor,minor,False,False,YoU kNOw the overture,mugendai_mutype,minor,YoU kNOw the overture,mugendai_mutype,174.0,,0.66,2.73038101196289,-12.259683948475669,0,YoU kNOw the overture,-12.143824577331545,-13.976669311523438,-11.246288299560549,1.4125648736953735,7.170190334320068,6.275071144104004,7.9361252784729,0.6356039643287659,mugendai_mutype,174.0,,115,YoU kNOw the overture,mugendai_mutype,174.0,,2.07,115,YoU kNOw the overture,5.8119,5.0006,6.5808,0.6024,mugendai_mutype,1.2766625881195068,0.8618,0.7832923531532288,0.9188367006999284,174.0,,YoU kNOw the overture,2.4080693037831225e-05,1.3248032360024808e-07,0.0004104794934391,0.0003921106399502,mugendai_mutype,174.0,,4.82,115,YoU kNOw the overture,mugendai_mutype,174.0,,0.68794,115.0,YoU kNOw the overture,0.999836564064026,0.9090458154678344,0.9999984502792358,0.1328691244125366,mugendai_mutype,0.0009156998130492,0.0005802977248094,0.0022616151254624,0.0098777916282415,174.0,,0.99,87.0,-22.71,5.0,YoU kNOw the overture,mugendai_mutype,174.0,,347,YoU kNOw the overture,0.1272101998329162,0.0307546071708202,0.2988615930080414,0.1035601869225502,,46,0.2445977011494252,medium
667,mugendai_mutype,唱 (Cover),mugendai_mutype,427.0,0.45,172.265625,133.33333333332828,194.15,,17.45,False,唱 (Cover),mugendai_mutype,194.61,,Eb,D#,0.334,True,minor,major,False,False,唱 (Cover),mugendai_mutype,major,唱 (Cover),mugendai_mutype,194.61,,0.75,2.949382781982422,-13.097829242336548,0,唱 (Cover),-13.122410774230955,-14.880243301391602,-11.93086051940918,3.75104546546936,6.807989597320557,5.284322738647461,7.617554187774658,0.8533989787101746,mugendai_mutype,194.6064375,,129,唱 (Cover),mugendai_mutype,194.61,,2.47,129,唱 (Cover),5.4498,4.6471,6.3232,0.6744,mugendai_mutype,1.1711541414260864,0.7154,0.8538585901260376,0.8666772483677464,194.61,,唱 (Cover),0.0001099016153602,1.8369178178545555e-06,0.0211382936686277,0.1162599325180053,mugendai_mutype,194.61,,5.22,129,唱 (Cover),mugendai_mutype,194.61,,0.331944,129.0,唱 (Cover),0.9999037981033324,0.9954959154129028,0.9999989867210388,0.0986073538661003,mugendai_mutype,0.0012818549294024,0.0005832031602039,0.0051131634972989,0.0026754469145089,194.61,,1.22,98.0,-24.21,5.0,唱 (Cover),mugendai_mutype,194.60648526077097,,388,唱 (Cover),0.0690934434533119,0.0066922958940267,0.2411688715219497,0.0889077112078666,,36,0.1775891349980601,medium
668,mugendai_mutype,インキャのキャキャキャ (Cover),mugendai_mutype,648.0,0.34,172.265625,176.47058823529235,220.34,,20.03,False,インキャのキャキャキャ (Cover),mugendai_mutype,220.61,,A,F#,0.939,False,major,minor,False,False,インキャのキャキャキャ (Cover),mugendai_mutype,minor,インキャのキャキャキャ (Cover),mugendai_mutype,220.61,,0.87,2.323589324951172,-15.481301563066296,0,インキャのキャキャキャ (Cover),-15.36568832397461,-16.915748596191406,-14.592159271240234,4.413754940032959,6.671763896942139,6.150606155395508,7.302963733673096,0.5153427124023438,mugendai_mutype,220.608,,147,インキャのキャキャキャ (Cover),mugendai_mutype,220.61,,3.04,147,インキャのキャキャキャ (Cover),5.9404,5.2815,6.5928,0.5168,mugendai_mutype,1.3909698724746704,0.9512,0.7189228534698486,0.8257931726878246,220.61,,インキャのキャキャキャ (Cover),4.4356300350045785e-05,3.035440613530227e-06,0.000941457808949,0.007946902886033,mugendai_mutype,220.61,,6.6,147,インキャのキャキャキャ (Cover),mugendai_mutype,220.61,,0.707838,147.0,インキャのキャキャキャ (Cover),0.9995703101158142,0.9900185465812684,0.9999802708625792,0.1042095199227333,mugendai_mutype,0.0008993891533464,0.0004418219032231,0.0018148134695366,0.0010935679310932,220.61,,1.39,111.0,-26.69,5.0,インキャのキャキャキャ (Cover),mugendai_mutype,220.6080272108844,,440,インキャのキャキャキャ (Cover),0.0865619853138923,0.0151930637657642,0.2405266016721725,0.0986208692193031,,32,0.0404336990176865,fast
669,mugendai_mutype,デビルじゃないもん (Cover),mugendai_mutype,416.0,0.39,135.99917763157896,153.8461538461536,163.58,,14.1,False,デビルじゃないもん (Cover),mugendai_mutype,164.0,,F,F,0.62,False,minor,minor,False,False,デビルじゃないもん (Cover),mugendai_mutype,minor,デビルじゃないもん (Cover),mugendai_mutype,164.0,,0.68,4.966100692749023,-14.811949981391225,0,デビルじゃないもん (Cover),-14.76003074645996,-18.18724250793457,-13.221141815185549,2.854612350463867,6.726010322570801,5.778131484985352,7.31695556640625,0.6628507971763611,mugendai_mutype,164.0025,,109,デビルじゃないもん (Cover),mugendai_mutype,164.0,,2.3,109,デビルじゃないもん (Cover),6.0393,5.1436,6.7897,0.6662,mugendai_mutype,1.1743738651275637,0.7398,0.8515176177024841,0.9929821186414672,164.0,,デビルじゃないもん (Cover),0.0007278072880581,2.071892777166795e-05,0.0066388645209372,0.1166206374764442,mugendai_mutype,164.0,,4.91,109,デビルじゃないもん (Cover),mugendai_mutype,164.0,,0.679399,109.0,デビルじゃないもん (Cover),0.9986572265625,0.584428608417511,0.9999470710754396,0.2155923396348953,mugendai_mutype,,,,,,,1.04,,-27.53,5.0,デビルじゃないもん (Cover),mugendai_mutype,164.0025396825397,,327,デビルじゃないもん (Cover),0.0786882117390632,0.0145724881440401,0.2892611920833587,0.1133200079202652,,29,0.2170697790164102,medium
670,mugendai_mutype,エイリアンエイリアン (Cover),mugendai_mutype,466.0,0.42,143.5546875,142.85714285714226,197.16,,18.1,False,エイリアンエイリアン (Cover),mugendai_mutype,197.63,,C#,C#,0.495,False,minor,minor,False,False,エイリアンエイリアン (Cover),mugendai_mutype,minor,エイリアンエイリアン (Cover),mugendai_mutype,197.63,,0.7,3.537837028503418,-11.113510617952947,0,エイリアンエイリアン (Cover),-11.59414291381836,-12.891608238220217,-9.353771209716797,4.719061851501465,7.224071502685547,6.363376140594482,7.625168800354004,0.6297911405563354,mugendai_mutype,197.6291875,,131,エイリアンエイリアン (Cover),mugendai_mutype,197.63,,2.71,131,エイリアンエイリアン (Cover),6.0948,5.389,6.7092,0.6068,mugendai_mutype,1.1046020984649658,0.4472,0.9053033590316772,1.022929756439399,197.63,,エイリアンエイリアン (Cover),1.908811645989772e-05,5.535729314942728e-07,0.0023218875285238,0.040771085768938,mugendai_mutype,197.63,,6.0,131,エイリアンエイリアン (Cover),mugendai_mutype,197.63,,0.70942,131.0,エイリアンエイリアン (Cover),0.9999476671218872,0.6086620092391968,0.9999984502792358,0.2110901772975921,mugendai_mutype,0.000864170899149,0.0005106361350044,0.0013333099195733,0.0004780235467478,197.63,,1.23,99.0,-20.78,5.0,エイリアンエイリアン (Cover),mugendai_mutype,197.6320181405896,,394,エイリアンエイリアン (Cover),0.0682189911603927,0.0099246427416801,0.2126227170228958,0.0821124762296676,,28,0.0433128238341968,medium
671,mugendai_mutype,ぼくたちいつでも しゅわっしゅわ！ (Cover),mugendai_mutype,738.0,0.23,129.19921875,260.86956521739484,184.35,,15.76,False,ぼくたちいつでも しゅわっしゅわ！ (Cover),mugendai_mutype,184.62,,E,G,0.21,True,major,major,False,False,ぼくたちいつでも しゅわっしゅわ！ (Cover),mugendai_mutype,major,ぼくたちいつでも しゅわっしゅわ！ (Cover),mugendai_mutype,184.62,,0.65,2.196626663208008,-12.494191336992342,0,ぼくたちいつでも しゅわっしゅわ！ (Cover),-12.592716217041016,-13.72014617919922,-11.523519515991213,2.211289882659912,6.403284549713135,5.674468517303467,7.049516201019287,0.603978157043457,mugendai_mutype,184.618625,,123,ぼくたちいつでも しゅわっしゅわ！ (Cover),mugendai_mutype,184.62,,2.45,123,ぼくたちいつでも しゅわっしゅわ！ (Cover),6.1922,5.5166,6.7887,0.5787,mugendai_mutype,1.217005491256714,0.8049,0.8216890692710876,0.8615814162091081,184.62,,ぼくたちいつでも しゅわっしゅわ！ (Cover),0.0008399079670198,1.2363577297946904e-05,0.0236248522996902,0.041011955589056,mugendai_mutype,184.62,,5.64,123,ぼくたちいつでも しゅわっしゅわ！ (Cover),mugendai_mutype,184.62,,0.567505,123.0,ぼくたちいつでも しゅわっしゅわ！ (Cover),0.9961259961128236,0.7229721546173096,0.9999632835388184,0.1808217912912368,mugendai_mutype,0.0010128383291885,0.0005708666867576,0.0026076072826981,0.0020478654187172,184.62,,1.18,93.0,-22.14,5.0,ぼくたちいつでも しゅわっしゅわ！ (Cover),mugendai_mutype,184.61868480725624,,368,ぼくたちいつでも しゅわっしゅわ！ (Cover),0.0891123786568641,0.0126910107210278,0.2432995587587356,0.0942061841487884,,15,0.0381326511163719,boost
672,mugendai_mutype,回レ!雪月花 (Cover),mugendai_mutype,627.0,0.37,161.4990234375,162.16216216216017,234.25,,17.54,False,回レ!雪月花 (Cover),mugendai_mutype,234.52,,C,C,0.837,False,minor,minor,False,False,回レ!雪月花 (Cover),mugendai_mutype,minor,回レ!雪月花 (Cover),mugendai_mutype,234.52,,0.89,2.997908592224121,-12.851208027574618,0,回レ!雪月花 (Cover),-12.868351936340332,-14.774015426635742,-11.77610683441162,4.371430397033691,6.772803783416748,5.958840370178223,7.345575332641602,0.6098163723945618,mugendai_mutype,234.5173125,,156,回レ!雪月花 (Cover),mugendai_mutype,234.52,,2.86,156,回レ!雪月花 (Cover),5.9939,5.2568,6.6676,0.5631,mugendai_mutype,1.1249457597732544,0.5447,0.8889318108558655,0.8963160349737943,234.52,,回レ!雪月花 (Cover),0.0008919162210077,3.839659984805621e-05,0.053396712988615,0.0820850282907486,mugendai_mutype,234.52,,6.98,156,回レ!雪月花 (Cover),mugendai_mutype,234.52,,0.669756,156.0,回レ!雪月花 (Cover),0.9993504285812378,0.9335561394691468,0.9999788999557496,0.180543765425682,mugendai_mutype,0.0009432627120986,0.0004952299641445,0.0018764532869681,0.0007170211756601,234.52,,1.49,118.0,-21.0,5.0,回レ!雪月花 (Cover),mugendai_mutype,234.5173242630385,,468,回レ!雪月花 (Cover),0.0921380296349525,0.0193206798285245,0.2847436368465423,0.1057652607560157,,42,0.1241699042554949,fast
673,mugendai_mutype,ビッグマウス feat.りむる (Cover),mugendai_mutype,420.0,0.41,287.109375,146.34146341463284,173.41,,13.71,False,ビッグマウス feat.りむる (Cover),mugendai_mutype,173.76,,Ab,G#,0.602,True,major,major,False,False,ビッグマウス feat.りむる (Cover),mugendai_mutype,major,ビッグマウス feat.りむる (Cover),mugendai_mutype,173.76,,0.66,4.563877105712891,-11.503267553237498,0,ビッグマウス feat.りむる (Cover),-10.952104568481444,-14.918025016784668,-10.354147911071776,1.6763997077941897,7.002136707305908,6.273574352264404,7.550203800201416,0.5054153203964233,mugendai_mutype,173.76,,115,ビッグマウス feat.りむる (Cover),mugendai_mutype,173.76,,2.0,115,ビッグマウス feat.りむる (Cover),5.222,4.4322,6.0082,0.6285,mugendai_mutype,1.0810151100158691,0.3415,0.9250564575195312,0.9938302169485744,173.76,,ビッグマウス feat.りむる (Cover),2.8558558824443026e-06,2.888478718432453e-07,9.996959124691784e-05,0.018254242837429,mugendai_mutype,173.76,,5.7,115,ビッグマウス feat.りむる (Cover),mugendai_mutype,173.76,,0.829989,115.0,ビッグマウス feat.りむる (Cover),0.9967679977416992,0.9171876907348632,0.9999157786369324,0.084073893725872,mugendai_mutype,0.0008764444501139,0.0005019698292016,0.0012660481734201,0.0003143524227198,173.76,,1.1,87.0,-20.22,5.0,ビッグマウス feat.りむる (Cover),mugendai_mutype,173.76,,346,ビッグマウス feat.りむる (Cover),0.0632709264755249,0.009915548376739,0.2371399700641632,0.0866991281509399,,16,0.3310313075506446,medium
674,mugendai_mutype,KiLLKiSS (Cover),mugendai_mutype,660.0,0.3,143.5546875,199.9999999999972,207.36,,13.77,False,KiLLKiSS (Cover),mugendai_mutype,207.66,,E,E,0.888,False,minor,minor,False,False,KiLLKiSS (Cover),mugendai_mutype,minor,KiLLKiSS (Cover),mugendai_mutype,207.66,,0.78,18.312314987182617,-12.674906001737568,0,KiLLKiSS (Cover),-13.052050590515137,-29.554298400878903,-11.241983413696287,7.565232276916504,6.070241928100586,4.390784740447998,6.767709255218506,0.8501577973365784,mugendai_mutype,207.6560625,,138,KiLLKiSS (Cover),mugendai_mutype,207.66,,3.07,138,KiLLKiSS (Cover),5.1629,4.2311,6.4441,0.8161,mugendai_mutype,0.9557980298995972,0.0488,1.0462461709976196,1.149739454848583,207.66,,KiLLKiSS (Cover),0.0003326377482153,1.42664612212684e-05,0.0435432977974414,0.0531242191791534,mugendai_mutype,207.66,,6.21,138,KiLLKiSS (Cover),mugendai_mutype,207.66,,0.683229,138.0,KiLLKiSS (Cover),0.987878680229187,0.2741579711437225,0.9999404549598694,0.3004164397716522,mugendai_mutype,0.0007922974182292,0.0003239374491386,0.0014237503055483,0.0005321020144037,207.66,,1.31,104.0,-34.35,5.0,KiLLKiSS (Cover),mugendai_mutype,207.65605442176872,,414,KiLLKiSS (Cover),0.0641560554504394,0.0044859792105853,0.266380101442337,0.1135741844773292,,22,0.0314943850965101,fast
675,mugendai_mutype,君が飛び降りるのならば (Cover),mugendai_mutype,605.0,0.29,123.046875,206.8965517241436,173.57,,11.36,False,君が飛び降りるのならば (Cover),mugendai_mutype,173.78,,Ab,G#,0.663,True,major,major,False,False,君が飛び降りるのならば (Cover),mugendai_mutype,major,君が飛び降りるのならば (Cover),mugendai_mutype,173.78,,0.66,6.592938423156738,-9.877351145286251,0,君が飛び降りるのならば (Cover),-9.323614120483398,-15.23347282409668,-8.640534400939941,4.8854756355285645,7.276538372039795,5.523006916046143,8.161784172058105,1.1075308322906494,mugendai_mutype,173.778125,,115,君が飛び降りるのならば (Cover),mugendai_mutype,173.78,,2.38,115,君が飛び降りるのならば (Cover),5.9134,4.7751,6.8188,0.8188,mugendai_mutype,1.045495629310608,0.2195,0.9564839005470276,1.0945040895262883,173.78,,君が飛び降りるのならば (Cover),2.535882595111616e-05,1.629692519600212e-06,0.0003381357819307,0.001432457473129,mugendai_mutype,173.78,,5.2,115,君が飛び降りるのならば (Cover),mugendai_mutype,173.78,,0.490423,115.0,君が飛び降りるのならば (Cover),0.9999183416366576,0.9968765377998352,0.9999991059303284,0.0834523439407348,mugendai_mutype,0.0010234400397166,0.0006028916686773,0.0022076545283198,0.0007693064399063,173.78,,1.12,87.0,-23.54,5.0,君が飛び降りるのならば (Cover),mugendai_mutype,173.77814058956915,,346,君が飛び降りるのならば (Cover),0.0858951285481453,0.0132922856137156,0.2524771094322204,0.0923447459936142,,15,0.1623909214728114,fast
676,mugendai_mutype,地球最後の告白を (Cover),mugendai_mutype,766.0,0.32,143.5546875,187.500000000004,266.87,,17.21,False,地球最後の告白を (Cover),mugendai_mutype,267.18,,Bb,A#,0.545,True,major,major,False,False,地球最後の告白を (Cover),mugendai_mutype,major,地球最後の告白を (Cover),mugendai_mutype,267.18,,1.05,10.929143905639648,-17.90908322247226,0,地球最後の告白を (Cover),-18.75516891479492,-26.722137451171875,-15.792993545532228,4.295101165771484,5.442927360534668,3.98263955116272,6.2777862548828125,0.813598096370697,mugendai_mutype,267.1758125,,178,地球最後の告白を (Cover),mugendai_mutype,267.18,,3.21,178,地球最後の告白を (Cover),4.7317,4.1837,5.5604,0.5472,mugendai_mutype,1.0833358764648438,0.3902,0.9230747818946838,1.0292358334834926,267.18,,地球最後の告白を (Cover),0.0010638991370797,1.5666417311877012e-05,0.4276930093765259,0.2478450685739517,mugendai_mutype,267.18,,8.03,178,地球最後の告白を (Cover),mugendai_mutype,267.18,,0.704065,178.0,地球最後の告白を (Cover),0.9774073362350464,0.2417195737361908,0.9997427463531494,0.2965260148048401,mugendai_mutype,0.0008319129701703,0.0004550803278107,0.0016915160231292,0.0008307227981276,267.18,,1.26,134.0,-35.11,5.0,地球最後の告白を (Cover),mugendai_mutype,267.1786848072562,,533,地球最後の告白を (Cover),0.0717731937766075,0.0083930557593703,0.2108647674322128,0.0906348228454589,,35,0.2733750984535395,fast
677,mugendai_mutype,パラレルラルラ (Cover),mugendai_mutype,501.0,0.32,117.45383522727272,187.500000000004,157.84,,10.16,False,パラレルラルラ (Cover),mugendai_mutype,157.99,,C#,C#,0.66,False,major,major,False,False,パラレルラルラ (Cover),mugendai_mutype,major,パラレルラルラ (Cover),mugendai_mutype,157.99,,0.58,5.893444061279297,-17.774589900901812,0,パラレルラルラ (Cover),-18.34897994995117,-21.58316421508789,-15.689720153808594,2.465679168701172,5.895001411437988,4.960238456726074,6.548147678375244,0.6556646823883057,mugendai_mutype,157.994625,,105,パラレルラルラ (Cover),mugendai_mutype,157.99,,1.62,105,パラレルラルラ (Cover),5.9921,5.0261,6.5739,0.6474,mugendai_mutype,1.1423016786575315,0.6179,0.8754254579544067,1.0136138548993188,157.99,,パラレルラルラ (Cover),0.0013566433917731,1.0616906365612522e-05,0.0255951508879661,0.055741362273693,mugendai_mutype,157.99,,4.57,105,パラレルラルラ (Cover),mugendai_mutype,157.99,,0.612085,105.0,パラレルラルラ (Cover),0.9981396198272704,0.4240471422672272,0.9999887943267822,0.2641571760177612,mugendai_mutype,0.0008009157027117,0.0004359416197985,0.0013341644080355,0.0004143113910686,157.99,,0.78,79.0,-30.32,5.0,パラレルラルラ (Cover),mugendai_mutype,157.994693877551,,314,パラレルラルラ (Cover),0.0905353277921676,0.0139909088611602,0.244474172592163,0.0895620733499527,,28,0.2779840303174751,fast
678,mugendai_mutype,夜もすがら君想ふ (Cover),mugendai_mutype,583.0,0.41,143.5546875,146.34146341463537,236.36,,15.77,False,夜もすがら君想ふ (Cover),mugendai_mutype,236.77,,Eb,A#,0.551,True,major,major,False,False,夜もすがら君想ふ (Cover),mugendai_mutype,major,夜もすがら君想ふ (Cover),mugendai_mutype,236.77,,0.9,1.8852272033691408,-17.496565448682215,0,夜もすがら君想ふ (Cover),-17.666175842285156,-18.47061920166016,-16.585391998291016,0.7996911406517029,6.530235290527344,6.092580795288086,6.93248176574707,0.3782033324241638,mugendai_mutype,236.768,,158,夜もすがら君想ふ (Cover),mugendai_mutype,236.77,,3.52,158,夜もすがら君想ふ (Cover),6.3026,5.8287,6.783,0.4049,mugendai_mutype,1.4063732624053955,0.9675,0.7110486626625061,0.8245332759654724,236.77,,夜もすがら君想ふ (Cover),0.001825054991059,3.072804247494787e-05,0.0183301828801631,0.0167740508913993,mugendai_mutype,236.77,,7.09,158,夜もすがら君想ふ (Cover),mugendai_mutype,236.77,,0.7243,158.0,夜もすがら君想ふ (Cover),0.9991424083709716,0.8774898648262024,0.999969244003296,0.1184341311454773,mugendai_mutype,0.0006724849808961,0.000439084629761,0.0011664965422824,0.0002818955108523,236.77,,1.12,119.0,-25.07,5.0,夜もすがら君想ふ (Cover),mugendai_mutype,236.7680272108844,,472,夜もすがら君想ふ (Cover),0.0787902176380157,0.0133277857676148,0.2130993753671646,0.0826462730765342,,34,0.3628867808131851,medium
679,mugendai_mutype,ジレンマ (Cover),mugendai_mutype,524.0,0.32,184.5703125,187.49999999999983,166.96,,10.99,False,ジレンマ (Cover),mugendai_mutype,167.26,,Ab,G#,0.553,True,major,major,False,False,ジレンマ (Cover),mugendai_mutype,major,ジレンマ (Cover),mugendai_mutype,167.26,,0.63,4.691434860229492,-18.00056487653377,0,ジレンマ (Cover),-17.79193687438965,-21.195632934570312,-16.50419807434082,1.9648680686950684,6.480514049530029,5.564642429351807,7.09697961807251,0.6596719622612,mugendai_mutype,167.264,,111,ジレンマ (Cover),mugendai_mutype,167.26,,2.3,111,ジレンマ (Cover),6.0713,5.36,6.6425,0.5215,mugendai_mutype,1.0383877754211426,0.2033,0.9630313515663148,1.026201001036222,167.26,,ジレンマ (Cover),0.0002658384037204,3.069600097660441e-06,0.0158254597336053,0.0355465225875377,mugendai_mutype,167.26,,5.65,111,ジレンマ (Cover),mugendai_mutype,167.26,,0.661781,111.0,ジレンマ (Cover),0.9995569586753844,0.9858831763267516,0.9999970197677612,0.1368843913078308,mugendai_mutype,0.0007951161824166,0.0003823383885901,0.0011821759399026,0.0003447548369877,167.26,,0.75,84.0,-28.15,5.0,ジレンマ (Cover),mugendai_mutype,167.26399092970522,,333,ジレンマ (Cover),0.0842792391777038,0.0190131142735481,0.2232399880886078,0.0855212584137916,,37,0.1204084560933613,fast
680,mugendai_mutype,glow (Cover),mugendai_mutype,553.0,0.37,184.5703125,162.16216216216017,287.57,,19.18,True,glow (Cover),mugendai_mutype,287.63,,A,A,0.636,False,major,major,False,False,glow (Cover),mugendai_mutype,major,glow (Cover),mugendai_mutype,287.63,,1.1,6.0379180908203125,-19.675927261682308,0,glow (Cover),-20.401338577270508,-23.746938705444336,-17.709020614624023,3.946211338043213,5.11069917678833,4.12835168838501,5.917031288146973,0.6800251603126526,mugendai_mutype,287.626625,,192,glow (Cover),mugendai_mutype,287.63,,3.54,192,glow (Cover),4.6899,4.2778,5.2474,0.388,mugendai_mutype,0.9917476177215576,0.0894,1.0083210468292236,1.1574720989306486,287.63,,glow (Cover),0.0791702270507812,0.0005565649480558,0.8516135215759277,0.3309859335422516,mugendai_mutype,287.63,,8.73,192,glow (Cover),mugendai_mutype,287.63,,0.676755,192.0,glow (Cover),0.9537472724914552,0.4453015625476837,0.9997212290763856,0.2588898837566376,mugendai_mutype,0.0008050936739891,0.0003890146326739,0.0012520322343334,0.0004152301407884,287.63,,1.65,144.0,-29.74,5.0,glow (Cover),mugendai_mutype,287.62666666666667,,574,glow (Cover),0.0329605378210544,0.0036265712697058,0.1544288098812103,0.0737140029668808,,19,0.0699517842898357,fast
681,mugendai_mutype,メンタルチェンソー (Cover),mugendai_mutype,557.0,0.32,103.359375,187.5,177.38,,11.47,False,メンタルチェンソー (Cover),mugendai_mutype,177.6,,G,D,0.607,True,minor,minor,False,False,メンタルチェンソー (Cover),mugendai_mutype,minor,メンタルチェンソー (Cover),mugendai_mutype,177.6,,0.67,3.74599838256836,-19.69698970551084,0,メンタルチェンソー (Cover),-19.525554656982425,-22.129688262939453,-18.383689880371094,1.3532555103302002,6.542140483856201,5.997369289398193,7.005452632904053,0.4302016198635101,mugendai_mutype,177.6,,118,メンタルチェンソー (Cover),mugendai_mutype,177.6,,1.94,118,メンタルチェンソー (Cover),6.091,5.4908,6.6098,0.4538,mugendai_mutype,1.487385869026184,0.9837,0.6723204255104065,0.8672243354080414,177.6,,メンタルチェンソー (Cover),0.0021835337392985,6.13727534073405e-05,0.0262343324720859,0.0671277865767479,mugendai_mutype,177.6,,5.09,118,メンタルチェンソー (Cover),mugendai_mutype,177.6,,0.693341,118.0,メンタルチェンソー (Cover),0.9459233283996582,0.380243182182312,0.99375718832016,0.2461964040994644,mugendai_mutype,0.0008779452764429,0.0003942088515032,0.0015543414046987,0.0004818355082534,177.6,,1.04,89.0,-29.32,5.0,メンタルチェンソー (Cover),mugendai_mutype,177.6,,354,メンタルチェンソー (Cover),0.1058269962668418,0.0238539446145296,0.3259125053882599,0.1200267225503921,,24,0.1531531531531531,fast
682,mugendai_mutype,ホシアイ (Cover),mugendai_mutype,775.0,0.36,161.4990234375,166.66666666666035,286.19,,18.65,False,ホシアイ (Cover),mugendai_mutype,286.67,,F,F,0.85,False,major,major,False,False,ホシアイ (Cover),mugendai_mutype,major,ホシアイ (Cover),mugendai_mutype,286.67,,1.12,4.999571800231934,-13.604703332090883,0,ホシアイ (Cover),-13.5580415725708,-17.095714569091797,-12.096142768859863,6.893014907836914,5.846127033233643,4.299918174743652,6.675590515136719,0.8597137928009033,mugendai_mutype,286.666625,,191,ホシアイ (Cover),mugendai_mutype,286.67,,4.18,191,ホシアイ (Cover),5.2462,4.4612,5.8568,0.5624,mugendai_mutype,1.114065170288086,0.4797,0.897613525390625,1.0649684925426215,286.67,,ホシアイ (Cover),0.0224809646606445,0.0002920684346463,0.5581461191177368,0.2602598071098327,mugendai_mutype,286.67,,8.25,191,ホシアイ (Cover),mugendai_mutype,286.67,,0.52483,191.0,ホシアイ (Cover),0.9989579916000366,0.7923554182052612,0.9999922513961792,0.1623911261558532,mugendai_mutype,0.0008276649168692,0.0004825795185752,0.0015180784976109,0.0005364643875509,286.67,,1.63,144.0,-24.63,5.0,ホシアイ (Cover),mugendai_mutype,286.6666666666667,,572,ホシアイ (Cover),0.0454083904623985,0.0053795017302036,0.186897337436676,0.0832414105534553,,27,0.163744174146499,fast
683,mugendai_mutype,フォニイ (Cover),mugendai_mutype,536.0,0.35,151.99908088235293,171.4285714285707,189.24,,12.57,False,フォニイ (Cover),mugendai_mutype,189.56,,A,A,0.203,False,minor,minor,False,False,フォニイ (Cover),mugendai_mutype,minor,フォニイ (Cover),mugendai_mutype,189.56,,0.7,7.244956970214844,-15.361696412247456,0,フォニイ (Cover),-16.004880905151367,-20.13315773010254,-12.888200759887695,3.60196304321289,6.342200756072998,5.232017517089844,7.044147491455078,0.7134841680526733,mugendai_mutype,189.5573125,,126,フォニイ (Cover),mugendai_mutype,189.56,,2.81,126,フォニイ (Cover),5.675,5.0148,6.5106,0.5677,mugendai_mutype,1.3543369770050049,0.9268,0.7383686900138855,0.9464706369773088,189.56,,フォニイ (Cover),8.643823093734682e-05,2.0694071167781658e-07,0.0224741883575916,0.1063727661967277,mugendai_mutype,189.56,,5.95,126,フォニイ (Cover),mugendai_mutype,189.56,,0.771612,126.0,フォニイ (Cover),0.9999067187309264,0.9116817712783812,0.9999994039535522,0.1226192936301231,mugendai_mutype,0.0006877090781927,0.0003009650390595,0.0010733531089499,0.0003370470076333,189.56,,1.07,95.0,-31.27,5.0,フォニイ (Cover),mugendai_mutype,189.5573242630385,,378,フォニイ (Cover),0.1319555044174194,0.0342154055833816,0.3030833899974823,0.1046385690569877,,33,0.3018611119720348,fast
684,mugendai_mutype,ELECT (Cover),mugendai_mutype,418.0,0.46,129.19921875,130.4347826086954,193.11,,13.1,False,ELECT (Cover),mugendai_mutype,193.4,,D,G,0.361,True,minor,minor,False,True,ELECT (Cover),mugendai_mutype,minor,ELECT (Cover),mugendai_mutype,193.4,,0.71,5.748743057250977,-16.9878968861183,0,ELECT (Cover),-17.432662963867188,-21.00839614868164,-15.259653091430664,4.646819114685059,6.457845687866211,5.42387056350708,7.487481117248535,0.8383117318153381,mugendai_mutype,193.399,,128,ELECT (Cover),mugendai_mutype,193.4,,2.05,128,ELECT (Cover),5.7095,4.8202,6.3208,0.6488,mugendai_mutype,1.297417163848877,0.9024,0.7707620859146118,1.012703508351761,193.4,,ELECT (Cover),2.8991362341912463e-05,4.067754275638437e-07,0.0044946451671421,0.0153441624715924,mugendai_mutype,193.4,,5.87,128,ELECT (Cover),mugendai_mutype,193.4,,0.696661,128.0,ELECT (Cover),0.9999806880950928,0.955596089363098,0.9999998211860656,0.1749932467937469,mugendai_mutype,0.0008308552205562,0.0004878111067228,0.0014563975855708,0.0004292387457098,193.4,,1.22,97.0,-29.11,5.0,ELECT (Cover),mugendai_mutype,193.3990476190476,,385,ELECT (Cover),0.1083030253648758,0.0126733761280775,0.2538436353206634,0.0937229394912719,,18,0.501346794274145,medium
685,mugendai_mutype,ユキトキ (Cover),mugendai_mutype,753.0,0.36,215.33203125,166.66666666666035,272.86,,17.3,False,ユキトキ (Cover),mugendai_mutype,273.11,,F,F,0.413,False,major,major,False,False,ユキトキ (Cover),mugendai_mutype,major,ユキトキ (Cover),mugendai_mutype,273.11,,1.03,3.277501106262207,-11.833982041660038,0,ユキトキ (Cover),-11.84102725982666,-13.995383262634276,-10.71788215637207,4.262269020080566,6.476911544799805,5.135179996490479,7.341114521026611,0.8365727663040161,mugendai_mutype,273.113125,,182,ユキトキ (Cover),mugendai_mutype,273.11,,3.36,182,ユキトキ (Cover),6.024,4.7474,6.6549,0.7058,mugendai_mutype,1.0571751594543457,0.2764,0.9459169507026672,0.9836542411574032,273.11,,ユキトキ (Cover),0.0243366099894046,0.0007884231745265,0.3923984467983246,0.2276357263326645,mugendai_mutype,273.11,,8.98,182,ユキトキ (Cover),mugendai_mutype,273.11,,0.70068,182.0,ユキトキ (Cover),0.9963873624801636,0.5142152905464172,0.999930739402771,0.2254658788442611,mugendai_mutype,0.0006366900051943,0.0003694162296596,0.0010432938579469,0.0002690337132662,273.11,,1.73,137.0,-21.29,5.0,ユキトキ (Cover),mugendai_mutype,273.1131519274376,,545,ユキトキ (Cover),0.0779439061880111,0.0079782698303461,0.2678788602352142,0.102927841246128,,44,0.008934024835399,fast
686,mugendai_mutype,スイートマジック (Cover),mugendai_mutype,444.0,0.49,80.74951171875,122.448979591838,216.1,,13.92,False,スイートマジック (Cover),mugendai_mutype,216.56,,C,G#,0.392,True,minor,major,False,True,スイートマジック (Cover),mugendai_mutype,major,スイートマジック (Cover),mugendai_mutype,216.56,,0.81,4.223960876464844,-12.98516328115264,0,スイートマジック (Cover),-13.203048706054688,-15.336557388305664,-11.11259651184082,5.351212024688721,6.747001647949219,5.98398494720459,7.359992027282715,0.5804343223571777,mugendai_mutype,216.560875,,144,スイートマジック (Cover),mugendai_mutype,216.56,,2.87,144,スイートマジック (Cover),5.4938,4.6642,6.3429,0.6757,mugendai_mutype,1.0321205854415894,0.1789,0.9688790440559388,1.0008134192033884,216.56,,スイートマジック (Cover),0.0001171712356153,3.503578454910894e-06,0.0033126475755125,0.0094337491318583,mugendai_mutype,216.56,,7.5,144,スイートマジック (Cover),mugendai_mutype,216.56,,0.714344,144.0,スイートマジック (Cover),0.9995606541633606,0.8289763927459717,0.9999948143959044,0.1547896265983581,mugendai_mutype,0.00068359792931,0.0003735978389158,0.0013444463256746,0.0004134726477786,216.56,,1.37,109.0,-21.4,5.0,スイートマジック (Cover),mugendai_mutype,216.56090702947847,,432,スイートマジック (Cover),0.1084838286042213,0.0119280200451612,0.3118618428707123,0.1243794783949852,,35,0.0,medium
687,mugendai_mutype,少年よ我に帰れ (Cover),mugendai_mutype,971.0,0.34,117.45383522727272,176.4705882353071,389.75,,25.37,False,少年よ我に帰れ (Cover),mugendai_mutype,390.02,,D,A,0.271,True,minor,minor,False,False,少年よ我に帰れ (Cover),mugendai_mutype,minor,少年よ我に帰れ (Cover),mugendai_mutype,390.02,,1.48,11.39167022705078,-13.407136812941523,0,少年よ我に帰れ (Cover),-13.779082298278809,-22.84749984741211,-11.455829620361328,4.431159019470215,5.251921653747559,3.791316032409668,5.968995571136475,0.8650319576263428,mugendai_mutype,390.016,,261,少年よ我に帰れ (Cover),mugendai_mutype,390.02,,5.32,261,少年よ我に帰れ (Cover),5.3864,4.1887,5.9752,0.6704,mugendai_mutype,1.069566011428833,0.3008,0.9349586367607116,1.0688089050874483,390.02,,少年よ我に帰れ (Cover),0.4249888658523559,0.0353209376335144,0.9174388647079468,0.3264773786067962,mugendai_mutype,390.02,,13.08,261,少年よ我に帰れ (Cover),mugendai_mutype,390.02,,0.711659,261.0,少年よ我に帰れ (Cover),0.7914832234382629,0.0513050965964794,0.9954718351364136,0.3728566169738769,mugendai_mutype,,,,,,,2.49,,-30.77,5.0,少年よ我に帰れ (Cover),mugendai_mutype,390.0160090702948,,779,少年よ我に帰れ (Cover),0.0586894191801548,0.0071201669052243,0.2368022501468658,0.1022944450378418,,59,0.0732790332193049,fast
688,mugendai_mutype,One Last Kiss (Cover),mugendai_mutype,443.0,0.54,143.5546875,111.11111111111276,259.56,,16.69,False,One Last Kiss (Cover),mugendai_mutype,259.56,,Ab,C#,0.591,True,minor,minor,False,False,One Last Kiss (Cover),mugendai_mutype,minor,One Last Kiss (Cover),mugendai_mutype,259.56,,0.96,9.867137908935549,-16.366779685830785,0,One Last Kiss (Cover),-16.98872947692871,-24.066123962402344,-14.198986053466797,5.570631980895996,4.583885669708252,3.216585159301758,5.807815074920654,0.951690435409546,mugendai_mutype,259.562625,,173,One Last Kiss (Cover),mugendai_mutype,259.56,,3.89,173,One Last Kiss (Cover),4.8011,3.9367,5.5473,0.5741,mugendai_mutype,1.2857282161712646,0.8862,0.7777693867683411,1.029350912088135,259.56,,One Last Kiss (Cover),0.0127056259661912,6.69518340146169e-05,0.8556880950927734,0.3280968070030212,mugendai_mutype,259.56,,9.32,173,One Last Kiss (Cover),mugendai_mutype,259.56,,0.651039,173.0,One Last Kiss (Cover),0.9821245670318604,0.1644960790872573,0.999965250492096,0.3320654034614563,mugendai_mutype,0.0006580175831913,0.0003915877605322,0.0015052701346576,0.0005146059556864,259.56,,1.67,130.0,-32.62,5.0,One Last Kiss (Cover),mugendai_mutype,259.56267573696147,,518,One Last Kiss (Cover),0.0465567633509635,0.0057658483274281,0.2461084276437759,0.0961814373731613,,17,0.2156704437728555,medium
689,mugendai_mutype,ミルククラウン・オン・ソーネチカ (Cover),mugendai_mutype,458.0,0.47,123.046875,127.6595744680854,215.02,,13.97,False,ミルククラウン・オン・ソーネチカ (Cover),mugendai_mutype,215.23,,E,E,0.574,False,major,major,False,False,ミルククラウン・オン・ソーネチカ (Cover),mugendai_mutype,major,ミルククラウン・オン・ソーネチカ (Cover),mugendai_mutype,215.23,,0.82,2.918516159057617,-15.208078763555402,0,ミルククラウン・オン・ソーネチカ (Cover),-15.02886962890625,-17.01368522644043,-14.095169067382812,2.994258165359497,6.84202766418457,5.454427242279053,7.55994701385498,0.7707017660140991,mugendai_mutype,215.22575,,143,ミルククラウン・オン・ソーネチカ (Cover),mugendai_mutype,215.23,,2.36,143,ミルククラウン・オン・ソーネチカ (Cover),6.1316,4.9922,7.0888,0.8071,mugendai_mutype,1.2252081632614136,0.8211,0.8161877989768982,0.9661616650496914,215.23,,ミルククラウン・オン・ソーネチカ (Cover),0.000973783142399,3.896123234881088e-05,0.0221988447010517,0.0167053267359733,mugendai_mutype,215.23,,7.32,143,ミルククラウン・オン・ソーネチカ (Cover),mugendai_mutype,215.23,,0.799999,143.0,ミルククラウン・オン・ソーネチカ (Cover),0.99960857629776,0.5486558675765991,0.9999939203262328,0.215533971786499,mugendai_mutype,0.0005487344460561,0.0003027240163646,0.0009210200514644,0.0002412524045212,215.23,,1.39,108.0,-24.6,5.0,ミルククラウン・オン・ソーネチカ (Cover),mugendai_mutype,215.22575963718825,,429,ミルククラウン・オン・ソーネチカ (Cover),0.0742577537894249,0.0140370745211839,0.2524815201759338,0.1019465699791908,,19,0.3139957945332416,medium
690,mugendai_mutype,決戦スピリット (Cover),mugendai_mutype,699.0,0.32,129.19921875,187.500000000004,272.25,,19.87,False,決戦スピリット (Cover),mugendai_mutype,272.56,,Eb,D#,0.44,True,major,major,False,True,決戦スピリット (Cover),mugendai_mutype,major,決戦スピリット (Cover),mugendai_mutype,272.56,,1.01,3.2539682388305664,-10.527981018985002,0,決戦スピリット (Cover),-10.582685470581056,-12.441020965576172,-9.187052726745604,1.8817330598831177,6.390832901000977,5.512799263000488,7.063793182373047,0.7240155935287476,mugendai_mutype,272.5558125,,182,決戦スピリット (Cover),mugendai_mutype,272.56,,3.3,182,決戦スピリット (Cover),5.3979,4.3911,6.0322,0.5911,mugendai_mutype,1.1283268928527832,0.5772,0.8862680196762085,0.9795133214989143,272.56,,決戦スピリット (Cover),0.0001514725299784,3.38997233484406e-06,0.0139811439439654,0.1230553314089775,mugendai_mutype,272.56,,9.1,182,決戦スピリット (Cover),mugendai_mutype,272.56,,0.627282,182.0,決戦スピリット (Cover),0.9993126392364502,0.3691478669643402,0.999988317489624,0.2706608474254608,mugendai_mutype,0.0007792597170919,0.0004086018889211,0.001406296622008,0.0004695762472692,272.56,,1.74,137.0,-17.99,5.0,決戦スピリット (Cover),mugendai_mutype,272.5558276643991,,544,決戦スピリット (Cover),0.0540320985019207,0.0094511676579713,0.1944579929113388,0.0840570852160453,,41,0.2152219246787472,fast
691,mugendai_mutype,ティアドロップス (Cover),mugendai_mutype,685.0,0.32,117.45383522727272,187.500000000004,216.27,,18.8,False,ティアドロップス (Cover),mugendai_mutype,216.55,,E,B,0.5,True,minor,minor,False,True,ティアドロップス (Cover),mugendai_mutype,minor,ティアドロップス (Cover),mugendai_mutype,216.55,,0.82,4.530837059020996,-14.544439920670312,0,ティアドロップス (Cover),-14.474502563476562,-17.4775390625,-12.946702003479004,1.9698973894119265,6.750338554382324,5.949388027191162,7.350757598876953,0.5259127020835876,mugendai_mutype,216.5493125,,144,ティアドロップス (Cover),mugendai_mutype,216.55,,2.8,144,ティアドロップス (Cover),5.7134,4.4373,6.4927,0.7644,mugendai_mutype,1.0064109563827517,0.122,0.99362975358963,0.9964910647489996,216.55,,ティアドロップス (Cover),1.99596252059564e-05,3.175460960846977e-07,0.0004542181268334,0.0010185174178332,mugendai_mutype,216.55,,6.16,144,ティアドロップス (Cover),mugendai_mutype,216.55,,0.682934,144.0,ティアドロップス (Cover),0.99947988986969,0.8725801110267639,0.9999969005584716,0.0993702635169029,mugendai_mutype,0.0009360382682643,0.0005172802484594,0.0016053066356107,0.0004525199765339,216.55,,1.39,109.0,-24.01,5.0,ティアドロップス (Cover),mugendai_mutype,216.5493424036281,,432,ティアドロップス (Cover),0.080997422337532,0.0159200429916381,0.2607223689556122,0.1027891710400581,,33,0.0287232415240173,fast
692,mugendai_mutype,ロウワー (Cover),mugendai_mutype,507.0,0.45,151.99908088235293,133.33333333332828,230.56,,23.53,False,ロウワー (Cover),mugendai_mutype,230.93,,F,F,0.501,False,minor,minor,False,False,ロウワー (Cover),mugendai_mutype,minor,ロウワー (Cover),mugendai_mutype,230.93,,0.83,6.723221778869629,-13.07655720497535,0,ロウワー (Cover),-13.293131828308104,-17.664262771606445,-10.941040992736816,3.721793174743652,6.819212436676025,5.788182735443115,7.465695381164551,0.6840721964836121,mugendai_mutype,230.9340625,,154,ロウワー (Cover),mugendai_mutype,230.93,,2.91,154,ロウワー (Cover),5.9446,5.1097,6.6405,0.6205,mugendai_mutype,1.127444624900818,0.5691,0.8869615197181702,0.97822743622122,230.93,,ロウワー (Cover),0.0002587297349236,2.3444411567652426e-07,0.0701202005147934,0.115573912858963,mugendai_mutype,230.93,,5.47,154,ロウワー (Cover),mugendai_mutype,230.93,,0.772425,154.0,ロウワー (Cover),0.999925434589386,0.9485072493553162,0.9999995827674866,0.1085694506764411,mugendai_mutype,0.0007779187289997,0.0004310401855036,0.0013948059640824,0.0003884855832438,230.93,,1.45,116.0,-23.98,5.0,ロウワー (Cover),mugendai_mutype,230.9340589569161,,460,ロウワー (Cover),0.0731470957398414,0.0142619665712118,0.2245810180902481,0.083122543990612,,39,0.3995945812454582,medium
693,mugendai_mutype,ハイドアンド・シーク (Cover),mugendai_mutype,610.0,0.43,258.3984375,139.534883720928,265.23,,26.19,False,ハイドアンド・シーク (Cover),mugendai_mutype,265.53,,G,E,0.892,False,major,minor,False,False,ハイドアンド・シーク (Cover),mugendai_mutype,minor,ハイドアンド・シーク (Cover),mugendai_mutype,265.53,,0.98,2.2287721633911133,-12.17444431301043,0,ハイドアンド・シーク (Cover),-12.106239318847656,-13.560745239257812,-11.3319730758667,0.8466737866401672,6.375245571136475,5.8197126388549805,6.896989345550537,0.4709687829017639,mugendai_mutype,265.53175,,177,ハイドアンド・シーク (Cover),mugendai_mutype,265.53,,3.36,177,ハイドアンド・シーク (Cover),5.9387,5.153,6.5228,0.5131,mugendai_mutype,1.578782558441162,0.9919,0.6333995461463928,0.7295234073966078,265.53,,ハイドアンド・シーク (Cover),0.0027309509459882,0.0003035634581465,0.145436018705368,0.1700101196765899,mugendai_mutype,265.53,,6.36,177,ハイドアンド・シーク (Cover),mugendai_mutype,265.53,,0.857321,177.0,ハイドアンド・シーク (Cover),0.9988424181938172,0.8088729381561279,0.9999303817749025,0.1936176121234893,mugendai_mutype,0.0008673807606101,0.0004642685235012,0.00135867705103,0.0003934593696612,265.53,,1.57,133.0,-19.47,5.0,ハイドアンド・シーク (Cover),mugendai_mutype,265.53179138322,,530,ハイドアンド・シーク (Cover),0.0837329775094986,0.0174243096262216,0.2366562187671661,0.0896962061524391,,30,0.0539295079756215,medium
694,mugendai_mutype,不可解 (Cover),mugendai_mutype,622.0,0.45,172.265625,133.3333333333367,277.28,,25.35,False,不可解 (Cover),mugendai_mutype,277.76,,F,F,0.426,False,major,major,False,True,不可解 (Cover),mugendai_mutype,major,不可解 (Cover),mugendai_mutype,277.76,,1.01,4.36296272277832,-12.10458315553427,0,不可解 (Cover),-11.730478286743164,-15.411280632019045,-11.048317909240724,4.187594890594482,6.264297008514404,5.007283687591553,7.032508850097656,0.7721517086029053,mugendai_mutype,277.7571875,,185,不可解 (Cover),mugendai_mutype,277.76,,3.75,185,不可解 (Cover),5.704,4.9062,6.3122,0.5531,mugendai_mutype,1.1215224266052246,0.5285,0.8916450142860413,0.9935044202190516,277.76,,不可解 (Cover),0.0017230707453563,2.5121662474703044e-05,0.0562863238155841,0.0685392841696739,mugendai_mutype,277.76,,6.01,185,不可解 (Cover),mugendai_mutype,277.76,,0.78074,185.0,不可解 (Cover),0.9979599714279176,0.1484741270542144,0.9999920129776,0.3186116516590118,mugendai_mutype,0.0007647898164577,0.0003860504657495,0.0012135906144976,0.0003383859293535,277.76,,1.55,139.0,-21.17,5.0,不可解 (Cover),mugendai_mutype,277.76,,554,不可解 (Cover),0.0975358933210372,0.0174300745129585,0.2623412907123565,0.0998796448111534,,30,0.4215149769585254,medium
695,mugendai_mutype,GURU (Cover),mugendai_mutype,439.0,0.435,89.10290948275862,137.9310344827579,191.5,,16.87,False,GURU (Cover),mugendai_mutype,191.51,,C#,G#,0.363,True,minor,major,False,True,GURU (Cover),mugendai_mutype,major,GURU (Cover),mugendai_mutype,191.51,,0.71,4.509629249572754,-14.500763019468083,0,GURU (Cover),-14.546268463134766,-17.141149520874023,-12.63152027130127,2.120145082473755,7.168307304382324,6.222923278808594,7.698952198028564,0.5517755746841431,mugendai_mutype,191.5065625,,127,GURU (Cover),mugendai_mutype,191.51,,2.74,127,GURU (Cover),5.9606,4.856,6.5571,0.6481,mugendai_mutype,1.377074956893921,0.9431,0.7261767983436584,0.8769029040072279,191.51,,GURU (Cover),1.7362082871841267e-05,9.730056262924336e-07,0.0002753988374024,0.0040482063777744,mugendai_mutype,191.51,,4.21,127,GURU (Cover),mugendai_mutype,191.51,,0.755445,127.0,GURU (Cover),0.9987217783927916,0.9014931321144104,0.9999974966049194,0.0973119512200355,mugendai_mutype,0.0012419912964105,0.0005260665202513,0.0022682147100567,0.0007890763808973,191.51,,0.94,96.0,-26.22,5.0,GURU (Cover),mugendai_mutype,191.50657596371883,,382,GURU (Cover),0.0917960852384567,0.0226589068770408,0.234270304441452,0.0864918604493141,,22,0.3834854277234535,medium
696,mugendai_mutype,経験値上昇中☆ (Cover),mugendai_mutype,660.0,0.35,258.3984375,171.4285714285707,231.53,,16.03,False,経験値上昇中☆ (Cover),mugendai_mutype,231.84,,G,E,0.525,False,major,minor,False,False,経験値上昇中☆ (Cover),mugendai_mutype,minor,経験値上昇中☆ (Cover),mugendai_mutype,231.84,,0.88,2.557104110717773,-15.642395845601811,0,経験値上昇中☆ (Cover),-15.585565567016602,-17.0933895111084,-14.536285400390623,1.5538514852523804,6.081689834594727,5.376842021942139,6.93612813949585,0.6419121623039246,mugendai_mutype,231.839625,,154,経験値上昇中☆ (Cover),mugendai_mutype,231.84,,2.86,154,経験値上昇中☆ (Cover),5.329,4.7983,6.0649,0.5024,mugendai_mutype,1.1689047813415527,0.6992,0.8555017113685608,0.9487226980764522,231.84,,経験値上昇中☆ (Cover),0.0062448345124721,8.11048157629557e-05,0.1432439982891082,0.1209265738725662,mugendai_mutype,231.84,,4.89,154,経験値上昇中☆ (Cover),mugendai_mutype,231.84,,0.654315,154.0,経験値上昇中☆ (Cover),0.9981415271759032,0.379655510187149,0.9999419450759888,0.2552520334720611,mugendai_mutype,0.0007147229043766,0.000448792532552,0.0010077672777697,0.0003303194826003,231.84,,1.09,116.0,-24.0,5.0,経験値上昇中☆ (Cover),mugendai_mutype,231.83963718820863,,462,経験値上昇中☆ (Cover),0.0783480703830719,0.0100049572065472,0.2518739700317383,0.0978398025035858,,23,0.1204280436238941,fast
697,mugendai_mutype,翼をください (Cover),mugendai_mutype,300.0,0.73,135.99917763157896,82.19178082191816,218.16,,14.51,False,翼をください (Cover),mugendai_mutype,218.99,,F,A#,0.511,True,major,major,False,True,翼をください (Cover),mugendai_mutype,major,翼をください (Cover),mugendai_mutype,218.99,,0.85,8.414929389953613,-15.103459460602824,0,翼をください (Cover),-14.937506675720217,-21.943340301513672,-13.52841091156006,4.678015232086182,4.025341510772705,3.424078226089477,4.798326015472412,0.5325055122375488,mugendai_mutype,218.986625,,146,翼をください (Cover),mugendai_mutype,218.99,,2.89,146,翼をください (Cover),4.4047,4.0686,5.1279,0.4356,mugendai_mutype,1.0116931200027466,0.1463,0.9884418845176696,1.0939838323800242,218.99,,翼をください (Cover),0.9871361255645752,0.3568524122238159,0.9983954429626464,0.2687928974628448,mugendai_mutype,218.99,,4.66,146,翼をください (Cover),mugendai_mutype,218.99,,0.377519,146.0,翼をください (Cover),0.9703117609024048,0.2277292013168335,0.999939501285553,0.3035891652107239,mugendai_mutype,0.0007125987904146,0.0003517855075187,0.0011284380452707,0.0003037165733985,218.99,,1.15,110.0,-27.14,5.0,翼をください (Cover),mugendai_mutype,218.98666666666668,,436,翼をください (Cover),0.0218190066516399,0.0010217323433607,0.173681765794754,0.0865898877382278,,18,0.0,slow
698,mugendai_mutype,元気を出して (Cover),mugendai_mutype,439.0,0.66,172.265625,90.90909090909138,289.38,,19.19,False,元気を出して (Cover),mugendai_mutype,290.01,,F,C,0.528,True,minor,major,False,True,元気を出して (Cover),mugendai_mutype,major,元気を出して (Cover),mugendai_mutype,290.01,,1.06,6.840465545654297,-12.24691223291009,0,元気を出して (Cover),-11.990280151367188,-18.0743350982666,-11.233869552612305,6.148481369018555,5.492109775543213,4.6099534034729,6.085621356964111,0.6259709596633911,mugendai_mutype,290.0053125,,193,元気を出して (Cover),mugendai_mutype,290.01,,3.95,193,元気を出して (Cover),5.1022,4.5198,5.6467,0.4417,mugendai_mutype,1.123055934906006,0.5366,0.8904275894165039,1.0284698651700954,290.01,,元気を出して (Cover),0.4013651013374328,0.0351847484707832,0.978351891040802,0.3413776457309723,mugendai_mutype,290.01,,6.14,193,元気を出して (Cover),mugendai_mutype,290.01,,0.768317,193.0,元気を出して (Cover),0.9241987466812134,0.3193771243095398,0.9974498152732848,0.2620262503623962,mugendai_mutype,,,,,,,1.87,,-24.54,5.0,元気を出して (Cover),mugendai_mutype,290.00535147392293,,579,元気を出して (Cover),0.0296601541340351,0.0023521224502474,0.2007507234811782,0.0925846099853515,,21,0.0276546598489769,medium
699,mugendai_mutype,ハッピー☆マテリアル (Cover),mugendai_mutype,612.0,0.37,107.666015625,162.1621621621621,224.57,,14.56,False,ハッピー☆マテリアル (Cover),mugendai_mutype,224.87,,Eb,F#,0.305,True,minor,major,False,True,ハッピー☆マテリアル (Cover),mugendai_mutype,major,ハッピー☆マテリアル (Cover),mugendai_mutype,224.87,,0.83,2.6202592849731445,-13.504736844430289,0,ハッピー☆マテリアル (Cover),-13.500978469848633,-15.210834503173828,-12.590575218200684,2.391389846801758,6.535329818725586,5.508391857147217,7.202051162719727,0.6347948312759399,mugendai_mutype,224.873625,,150,ハッピー☆マテリアル (Cover),mugendai_mutype,224.87,,3.22,150,ハッピー☆マテリアル (Cover),6.2773,5.2399,6.9664,0.6501,mugendai_mutype,1.1656529903411863,0.6829,0.8578882813453674,0.91830873386689,224.87,,ハッピー☆マテリアル (Cover),2.7353138648322783e-05,1.4611222241001087e-06,0.0007530819275416,0.1037661731243133,mugendai_mutype,224.87,,4.61,150,ハッピー☆マテリアル (Cover),mugendai_mutype,224.87,,0.683876,150.0,ハッピー☆マテリアル (Cover),0.9998219013214112,0.8410699367523193,0.9999933242797852,0.124951347708702,mugendai_mutype,0.000806403812021,0.0004214615037199,0.001330335624516,0.0003787408932112,224.87,,1.42,113.0,-21.84,5.0,ハッピー☆マテリアル (Cover),mugendai_mutype,224.8736961451247,,448,ハッピー☆マテリアル (Cover),0.0721580237150192,0.0104918088763952,0.2526982426643371,0.0984883084893226,,23,0.2548986528270454,fast
700,mugendai_mutype,時をかける少女 (Cover),mugendai_mutype,509.0,0.46,86.1328125,130.43478260870145,231.6,,14.35,False,時をかける少女 (Cover),mugendai_mutype,232.04,,A,F#,0.607,False,major,minor,False,False,時をかける少女 (Cover),mugendai_mutype,minor,時をかける少女 (Cover),mugendai_mutype,232.04,,0.91,3.409219741821289,-12.54050673630473,0,時をかける少女 (Cover),-12.374201774597168,-15.022828102111816,-11.613608360290527,4.651306629180908,5.718218803405762,5.052959442138672,6.328071117401123,0.5603058934211731,mugendai_mutype,232.042625,,154,時をかける少女 (Cover),mugendai_mutype,232.04,,2.95,154,時をかける少女 (Cover),5.5617,4.8018,6.2347,0.5545,mugendai_mutype,1.12522292137146,0.561,0.8887127041816711,0.9863492922186732,232.04,,時をかける少女 (Cover),0.216726616024971,0.021780539304018,0.5991612672805786,0.2376690953969955,mugendai_mutype,232.04,,4.82,154,時をかける少女 (Cover),mugendai_mutype,232.04,,0.787049,154.0,時をかける少女 (Cover),0.9585539698600768,0.3567811846733093,0.9981387257575988,0.2520395815372467,mugendai_mutype,,,,,,,1.45,,-22.38,5.0,時をかける少女 (Cover),mugendai_mutype,232.04267573696143,,463,時をかける少女 (Cover),0.0494917035102844,0.0056175962090492,0.2048889100551605,0.0892071053385734,,18,0.0179277358180054,medium
701,mugendai_mutype,TOMORROW (Cover),mugendai_mutype,510.0,0.57,215.33203125,105.2631578947381,289.04,,18.04,False,TOMORROW (Cover),mugendai_mutype,289.37,,F,F,0.344,False,major,major,False,False,TOMORROW (Cover),mugendai_mutype,major,TOMORROW (Cover),mugendai_mutype,289.37,,1.1,3.3977203369140625,-14.267739925978256,1,TOMORROW (Cover),-14.483084678649902,-16.214792251586914,-12.817071914672852,3.191343307495117,5.997556209564209,4.632953643798828,6.6317057609558105,0.811691164970398,mugendai_mutype,289.3670625,,193,TOMORROW (Cover),mugendai_mutype,289.37,,3.58,193,TOMORROW (Cover),5.782,4.8457,6.6519,0.6738,mugendai_mutype,1.2150334119796753,0.7967,0.8230227828025818,0.9612609939485278,289.37,,TOMORROW (Cover),0.0793739408254623,0.003445271635428,0.4493454396724701,0.1832468658685684,mugendai_mutype,289.37,,5.74,193,TOMORROW (Cover),mugendai_mutype,289.37,,0.746284,193.0,TOMORROW (Cover),0.8383552432060242,0.1949520260095596,0.9965215921401978,0.3341266810894012,mugendai_mutype,0.0006006608600728,0.0003693786857184,0.0010437767487019,0.0002703693462535,289.37,,1.82,145.0,-22.89,5.0,TOMORROW (Cover),mugendai_mutype,289.367074829932,,577,TOMORROW (Cover),0.0903895124793052,0.0086105000227689,0.2295714914798736,0.0920192301273346,,32,0.2046535175687288,medium
702,mugendai_mutype,PARTY☆NIGHT（D-POP version） (Cover),mugendai_mutype,746.0,0.42,117.45383522727272,142.85714285713743,319.91,,19.71,False,PARTY☆NIGHT（D-POP version） (Cover),mugendai_mutype,320.39,,F#,F#,0.595,False,major,major,False,True,PARTY☆NIGHT（D-POP version） (Cover),mugendai_mutype,major,PARTY☆NIGHT（D-POP version） (Cover),mugendai_mutype,320.39,,1.21,3.233464241027832,-10.360776203559713,0,PARTY☆NIGHT（D-POP version） (Cover),-10.106300354003906,-12.657876014709473,-9.42441177368164,5.360296249389648,6.935980319976807,5.151916980743408,7.550110816955566,0.9185335636138916,mugendai_mutype,320.3889375,,214,PARTY☆NIGHT（D-POP version） (Cover),mugendai_mutype,320.39,,4.29,214,PARTY☆NIGHT（D-POP version） (Cover),6.5699,5.3091,7.214,0.7845,mugendai_mutype,1.08391010761261,0.3984,0.9225857257843018,1.026622970271816,320.39,,PARTY☆NIGHT（D-POP version） (Cover),0.0007212879136204,1.979298986043432e-06,0.0384222492575645,0.1794799417257309,mugendai_mutype,320.39,,7.32,214,PARTY☆NIGHT（D-POP version） (Cover),mugendai_mutype,320.39,,0.604487,214.0,PARTY☆NIGHT（D-POP version） (Cover),0.9999039769172668,0.9365355372428894,0.999998927116394,0.1051353812217712,mugendai_mutype,0.0006682455423288,0.0004248416225891,0.0011326558887958,0.0003091638791374,320.39,,2.01,161.0,-20.39,5.0,PARTY☆NIGHT（D-POP version） (Cover),mugendai_mutype,320.3889342403628,,639,PARTY☆NIGHT（D-POP version） (Cover),0.0740652084350586,0.0148834129795432,0.2380762696266174,0.090123675763607,,24,0.0333969084060526,medium
703,mugendai_mutype,CH4NGE (Cover),mugendai_mutype,268.0,0.52,123.046875,115.38461538461549,139.1,,8.55,False,CH4NGE (Cover),mugendai_mutype,139.41,,Eb,D#,0.561,True,minor,major,False,False,CH4NGE (Cover),mugendai_mutype,major,CH4NGE (Cover),mugendai_mutype,139.41,,0.53,4.133637428283691,-10.287517434091576,0,CH4NGE (Cover),-10.416803359985352,-12.731111526489258,-8.597474098205566,4.563878059387207,6.837554931640625,5.04180908203125,7.579358100891113,0.9588778614997864,mugendai_mutype,139.412625,,92,CH4NGE (Cover),mugendai_mutype,139.41,,1.76,92,CH4NGE (Cover),5.2632,4.5815,5.908,0.5255,mugendai_mutype,1.1760551929473877,0.7561,0.8503001928329468,1.0071193981626902,139.41,,CH4NGE (Cover),1.8977111722051632e-06,7.017607117631999e-08,0.0038888768758624,0.0107126450166106,mugendai_mutype,139.41,,2.78,92,CH4NGE (Cover),mugendai_mutype,139.41,,0.754111,92.0,CH4NGE (Cover),0.9997060298919678,0.978270947933197,0.9999921917915344,0.1270317137241363,mugendai_mutype,0.0011292127892374,0.0005847693537361,0.0029037971980869,0.0014710144605487,139.41,,0.9,70.0,-22.64,5.0,CH4NGE (Cover),mugendai_mutype,139.4126530612245,,277,CH4NGE (Cover),0.0534628108143806,0.006168651394546,0.1925558298826217,0.0803637579083442,,12,0.3054241386746095,medium
704,mugendai_mutype,絶え間なく藍色 (Cover),mugendai_mutype,461.0,0.48,61.5234375,124.99999999999989,220.69,,13.3,False,絶え間なく藍色 (Cover),mugendai_mutype,221.1,,G,G,0.591,False,minor,minor,False,True,絶え間なく藍色 (Cover),mugendai_mutype,minor,絶え間なく藍色 (Cover),mugendai_mutype,221.1,,0.79,5.784608840942383,-14.187884562288197,1,絶え間なく藍色 (Cover),-14.220376968383787,-18.026397705078125,-12.241788864135742,2.3552935123443604,6.33705997467041,4.868647575378418,6.860055923461914,0.7361821532249451,mugendai_mutype,221.100375,,147,絶え間なく藍色 (Cover),mugendai_mutype,221.1,,3.65,147,絶え間なく藍色 (Cover),6.0121,5.1811,7.0238,0.7113,mugendai_mutype,1.088445782661438,0.4065,0.9187412858009338,1.0108128568228094,221.1,,絶え間なく藍色 (Cover),0.1851007640361786,0.0018439319683238,0.7154572010040283,0.2687794268131256,mugendai_mutype,221.1,,5.11,147,絶え間なく藍色 (Cover),mugendai_mutype,221.1,,0.546577,147.0,絶え間なく藍色 (Cover),0.999881386756897,0.9508525133132936,0.9999990463256836,0.0906634330749511,mugendai_mutype,0.0006485013291239,0.0002562920853961,0.0012717497302219,0.0004666545137297,221.1,,1.42,111.0,-25.13,5.0,絶え間なく藍色 (Cover),mugendai_mutype,221.1004081632653,,441,絶え間なく藍色 (Cover),0.0721542909741401,0.0115546500310301,0.2450055629014969,0.0957987904548645,,22,0.3143367818980457,medium
705,mugendai_mutype,撫でんな (Cover),mugendai_mutype,453.0,0.41,135.99917763157896,146.34146341463284,187.13,,11.52,False,撫でんな (Cover),mugendai_mutype,187.45,,B,G,0.571,True,minor,major,False,False,撫でんな (Cover),mugendai_mutype,major,撫でんな (Cover),mugendai_mutype,187.45,,0.68,6.5211029052734375,-15.145091615360403,0,撫でんな (Cover),-15.918643951416016,-19.460935592651367,-12.93983268737793,2.3888416290283203,6.652928352355957,5.058191299438477,7.23606538772583,0.8284162282943726,mugendai_mutype,187.4546875,,124,撫でんな (Cover),mugendai_mutype,187.45,,3.13,124,撫でんな (Cover),5.8979,4.9914,6.5615,0.6222,mugendai_mutype,1.147966384887695,0.626,0.8711056709289551,1.0522424832592348,187.45,,撫でんな (Cover),0.0001618957321625,7.434940130224278e-08,0.0203548092395067,0.1211139783263206,mugendai_mutype,187.45,,4.54,124,撫でんな (Cover),mugendai_mutype,187.45,,0.785917,124.0,撫でんな (Cover),0.9999693036079408,0.9201574921607972,0.9999995827674866,0.0902889519929885,mugendai_mutype,0.0006786638405174,0.0004482891527004,0.0010177390649914,0.0002529034100007,187.45,,1.19,94.0,-25.36,5.0,撫でんな (Cover),mugendai_mutype,187.45469387755105,,373,撫でんな (Cover),0.110040433704853,0.0282299779355525,0.26796355843544,0.0961168184876442,,30,0.3345874137625214,medium
706,mugendai_mutype,なにやってもうまくいかない (Cover),mugendai_mutype,315.0,0.48,117.45383522727272,124.99999999999989,150.75,,9.34,False,なにやってもうまくいかない (Cover),mugendai_mutype,151.04,,E,E,0.408,False,minor,minor,False,True,なにやってもうまくいかない (Cover),mugendai_mutype,minor,なにやってもうまくいかない (Cover),mugendai_mutype,151.04,,0.51,4.74992561340332,-12.475540116719484,0,なにやってもうまくいかない (Cover),-12.635934829711914,-15.411843299865724,-10.661917686462402,2.3212132453918457,6.490472793579102,5.158353328704834,7.436352252960205,0.8064790964126587,mugendai_mutype,151.0371875,,100,なにやってもうまくいかない (Cover),mugendai_mutype,151.04,,2.4,100,なにやってもうまくいかない (Cover),5.6674,4.6194,6.4533,0.7143,mugendai_mutype,1.148036003112793,0.6341,0.8710528612136841,0.9462613351652948,151.04,,なにやってもうまくいかない (Cover),0.000194439504412,1.5059412362461444e-05,0.0032939661759883,0.0402264222502708,mugendai_mutype,151.04,,3.91,100,なにやってもうまくいかない (Cover),mugendai_mutype,151.04,,0.770143,100.0,なにやってもうまくいかない (Cover),0.9999404549598694,0.9988332986831664,0.9999976754188538,0.081910915672779,mugendai_mutype,0.0008222985779866,0.0004667778266593,0.0013910554116591,0.0003492913674563,151.04,,0.96,76.0,-26.63,5.0,なにやってもうまくいかない (Cover),mugendai_mutype,151.04,,301,なにやってもうまくいかない (Cover),0.0768557414412498,0.0130908945575356,0.242245078086853,0.1013344824314117,,7,0.3830773305084746,medium
707,mugendai_mutype,マーシャル・マキシマイザー (Cover),mugendai_mutype,514.0,0.32,117.45383522727272,187.500000000004,161.97,,10.32,False,マーシャル・マキシマイザー (Cover),mugendai_mutype,162.12,,F#,B,0.48,True,minor,minor,False,False,マーシャル・マキシマイザー (Cover),mugendai_mutype,minor,マーシャル・マキシマイザー (Cover),mugendai_mutype,162.12,,0.58,6.4263458251953125,-13.98332040969032,1,マーシャル・マキシマイザー (Cover),-14.939593315124512,-17.963878631591797,-11.537532806396484,3.1310253143310547,6.5106611251831055,5.823795795440674,7.026583671569824,0.5830140709877014,mugendai_mutype,162.1216875,,107,マーシャル・マキシマイザー (Cover),mugendai_mutype,162.12,,2.86,107,マーシャル・マキシマイザー (Cover),5.7726,5.2089,6.3277,0.4769,mugendai_mutype,1.2817009687423706,0.878,0.7802131772041321,0.978939072836564,162.12,,マーシャル・マキシマイザー (Cover),0.0004264586023055,3.525503643686534e-06,0.0380157940089702,0.05062210932374,mugendai_mutype,162.12,,2.3,107,マーシャル・マキシマイザー (Cover),mugendai_mutype,162.12,,0.682415,107.0,マーシャル・マキシマイザー (Cover),0.9999899864196776,0.9822969436645508,0.9999998807907104,0.0816330462694168,mugendai_mutype,,,,,,,0.93,,-26.47,5.0,マーシャル・マキシマイザー (Cover),mugendai_mutype,162.12172335600906,,323,マーシャル・マキシマイザー (Cover),0.0807514563202858,0.0223776791244745,0.2218602746725082,0.08834870159626,,16,0.4388060207837627,fast
708,mugendai_mutype,ZEAL of proud (Cover),mugendai_mutype,907.0,0.31,129.19921875,193.5483870967728,278.99,,16.64,False,ZEAL of proud (Cover),mugendai_mutype,279.23,,F#,D#,0.491,False,major,minor,False,False,ZEAL of proud (Cover),mugendai_mutype,minor,ZEAL of proud (Cover),mugendai_mutype,279.23,,1.0,2.616779327392578,-12.97665808848985,0,ZEAL of proud (Cover),-12.86443042755127,-14.607847213745115,-11.99106788635254,3.306029796600342,6.142260551452637,5.316224098205566,6.794053077697754,0.6092706322669983,mugendai_mutype,279.232,,186,ZEAL of proud (Cover),mugendai_mutype,279.23,,5.52,186,ZEAL of proud (Cover),5.0779,4.2552,6.1083,0.706,mugendai_mutype,1.2254507541656494,0.8293,0.8160261511802673,0.946050519839127,279.23,,ZEAL of proud (Cover),5.173726822249592e-05,4.455235966815963e-07,0.0019943821243941,0.1078458428382873,mugendai_mutype,279.23,,5.5,186,ZEAL of proud (Cover),mugendai_mutype,279.23,,0.785806,186.0,ZEAL of proud (Cover),0.9977189302444458,0.7122560739517212,0.999965250492096,0.1962135434150695,mugendai_mutype,0.0007998204091563,0.0003883525787387,0.0016131136799231,0.0004727493505924,279.23,,1.57,140.0,-19.18,5.0,ZEAL of proud (Cover),mugendai_mutype,279.2320181405896,,557,ZEAL of proud (Cover),0.0607657879590988,0.0130357444286346,0.2523165941238403,0.0990201011300087,,29,0.1094430192807818,fast
709,mugendai_mutype,繰り返し一粒 (Cover),mugendai_mutype,505.0,0.51,135.99917763157896,117.64705882353152,255.52,,15.49,False,繰り返し一粒 (Cover),mugendai_mutype,256.0,,F,F,0.565,False,major,major,False,False,繰り返し一粒 (Cover),mugendai_mutype,major,繰り返し一粒 (Cover),mugendai_mutype,256.0,,0.95,5.352015495300293,-13.568075336327151,0,繰り返し一粒 (Cover),-13.346673965454102,-17.71994400024414,-12.367928504943848,6.41242265701294,6.01435661315918,4.292127132415772,6.681789875030518,0.8528276085853577,mugendai_mutype,255.9971875,,171,繰り返し一粒 (Cover),mugendai_mutype,256.0,,4.82,171,繰り返し一粒 (Cover),5.7626,4.7605,6.319,0.5864,mugendai_mutype,1.0507495403289795,0.2358,0.9517014622688292,1.0408096648578546,256.0,,繰り返し一粒 (Cover),0.0003654097090475,5.324204721546266e-06,0.5439904928207397,0.248871847987175,mugendai_mutype,256.0,,4.66,171,繰り返し一粒 (Cover),mugendai_mutype,256.0,,0.814245,171.0,繰り返し一粒 (Cover),0.9998968839645386,0.9812321066856384,0.9999992847442628,0.1407326757907867,mugendai_mutype,0.0009120760951191,0.000645266380161,0.0012533259578049,0.0003482369356788,256.0,,1.56,128.0,-28.63,5.0,繰り返し一粒 (Cover),mugendai_mutype,256.0,,511,繰り返し一粒 (Cover),0.0790659263730049,0.0101585295051336,0.2376990467309951,0.09438107162714,,19,0.28828125,medium
710,poppin_party,乙女はサイコパス (Cover),poppin_party,725.0,0.36,151.99908088235293,166.6666666666735,256.66,,15.56,False,乙女はサイコパス (Cover),poppin_party,256.88,,E,E,0.861,False,major,major,False,False,乙女はサイコパス (Cover),poppin_party,major,乙女はサイコパス (Cover),poppin_party,256.88,,0.99,4.31342887878418,-9.777219817988804,0,乙女はサイコパス (Cover),-9.649269104003906,-12.981483459472656,-8.668054580688477,3.953494071960449,6.75507402420044,4.682093143463135,7.405813694000244,0.9937795400619508,poppin_party,256.882375,,171,乙女はサイコパス (Cover),poppin_party,256.88,,4.27,171,乙女はサイコパス (Cover),6.02,4.6946,6.8028,0.7422,poppin_party,1.0953311920166016,0.4146,0.9129658341407776,1.0536136086188972,256.88,,乙女はサイコパス (Cover),0.0005227628862485,9.180626875604505e-06,0.0950860530138015,0.1606951504945755,poppin_party,256.88,,5.1,171,乙女はサイコパス (Cover),poppin_party,256.88,,0.711479,171.0,乙女はサイコパス (Cover),0.9996867179870604,0.9544203877449036,0.9999896287918092,0.189672514796257,poppin_party,0.0007045707316137,0.0004309269424993,0.0012868269113823,0.0003418319101911,256.88,,1.62,129.0,-22.59,5.0,乙女はサイコパス (Cover),poppin_party,256.8824036281179,,512,乙女はサイコパス (Cover),0.0640597343444824,0.0068206959404051,0.2330577224493026,0.0920160114765167,,49,0.1633432024717532,fast
711,roselia,Neo-Aspect,roselia,932.0,0.33,172.265625,181.8181818181749,310.01,,19.13,False,Neo-Aspect,roselia,310.3,,B,B,0.632,False,major,major,False,False,Neo-Aspect,roselia,major,Neo-Aspect,roselia,310.3,,1.2,3.2635726928710938,-10.053757431127588,0,Neo-Aspect,-9.926515579223633,-12.215425491333008,-8.951852798461914,3.353637218475342,6.903141021728516,6.01146936416626,7.842834949493408,0.8218626976013184,roselia,310.3,,207,Neo-Aspect,roselia,310.3,,5.39,207,Neo-Aspect,5.483,4.6953,6.0296,0.5521,roselia,1.044609308242798,0.2114,0.9572956562042236,1.0343852521542154,310.3,,Neo-Aspect,1.0942681910819374e-05,1.869787240593724e-07,0.0743883848190307,0.2112710773944854,roselia,310.3,,6.49,207,Neo-Aspect,roselia,310.3,,0.675019,207.0,Neo-Aspect,0.9983748197555542,0.8913668990135193,0.9999891519546508,0.1180436760187149,roselia,,,,,,,1.97,,-17.39,5.0,Neo-Aspect,roselia,310.3,,619,Neo-Aspect,0.0602535232901573,0.0084089776501059,0.2151581645011901,0.0893501937389373,,25,0.2246857879471479,fast
712,millsage,カーネーションの咲く日に,millsage,589.0,0.4,172.265625,149.99999999999787,237.52,,14.22,False,カーネーションの咲く日に,millsage,238.0,,F,C,0.485,True,major,major,False,False,カーネーションの咲く日に,millsage,major,カーネーションの咲く日に,millsage,238.0,,0.92,6.808923721313477,-9.901048447227623,0,カーネーションの咲く日に,-9.650135040283203,-15.10442352294922,-8.295499801635742,4.012322425842285,6.275822639465332,4.316628456115723,7.13365650177002,1.0747761726379397,millsage,238.0,,158,カーネーションの咲く日に,millsage,238.0,,3.91,158,カーネーションの咲く日に,5.2913,4.2538,6.0555,0.6738,millsage,0.9465498924255372,0.0325,1.0564683675765991,1.128374571041548,238.0,,カーネーションの咲く日に,0.0065056458115577,8.00917623564601e-05,0.7688856720924377,0.2982321977615356,millsage,238.0,,5.17,158,カーネーションの咲く日に,millsage,238.0,,0.674428,158.0,カーネーションの咲く日に,0.9874866008758544,0.4394462406635284,0.9999399185180664,0.2447205632925033,millsage,0.0008830546867102,0.0004362233157735,0.0013819657033309,0.0003770353796426,238.0,,1.51,119.0,-21.94,5.0,カーネーションの咲く日に,millsage,238.0,,475,カーネーションの咲く日に,0.0533303506672382,0.0046917065046727,0.2138959467411041,0.0973045602440834,,32,0.0580672268907563,medium
713,mugendai_mutype,唱 (Cover),mugendai_mutype,427.0,0.45,172.265625,133.33333333332828,194.15,,11.92,False,唱 (Cover),mugendai_mutype,194.61,,Eb,D#,0.334,True,minor,major,False,False,唱 (Cover),mugendai_mutype,major,唱 (Cover),mugendai_mutype,194.61,,0.74,2.949382781982422,-13.097829242336548,0,唱 (Cover),-13.122410774230955,-14.880243301391602,-11.93086051940918,3.75104546546936,6.807989597320557,5.284322738647461,7.617554187774658,0.8533989787101746,mugendai_mutype,194.6064375,,129,唱 (Cover),mugendai_mutype,194.61,,2.78,129,唱 (Cover),5.4498,4.6471,6.3232,0.6744,mugendai_mutype,1.1711541414260864,0.7154,0.8538585901260376,0.8666772483677464,194.61,,唱 (Cover),0.0001099016153602,1.8369178178545555e-06,0.0211382936686277,0.1162599325180053,mugendai_mutype,194.61,,4.49,129,唱 (Cover),mugendai_mutype,194.61,,0.331803,129.0,唱 (Cover),0.9999037981033324,0.9954959154129028,0.9999989867210388,0.0986073538661003,mugendai_mutype,0.0012818549294024,0.0005832031602039,0.0051131634972989,0.0026754469145089,194.61,,1.23,98.0,-24.21,5.0,唱 (Cover),mugendai_mutype,194.60648526077097,,388,唱 (Cover),0.0678950548171997,0.0064108800143003,0.236665591597557,0.0888267233967781,,37,0.1789251643701521,medium
714,mugendai_mutype,インキャのキャキャキャ (Cover),mugendai_mutype,648.0,0.34,172.265625,176.47058823529235,220.34,,13.26,False,インキャのキャキャキャ (Cover),mugendai_mutype,220.61,,A,F#,0.939,False,major,minor,False,False,インキャのキャキャキャ (Cover),mugendai_mutype,minor,インキャのキャキャキャ (Cover),mugendai_mutype,220.61,,0.83,2.323589324951172,-15.481301563066296,0,インキャのキャキャキャ (Cover),-15.36568832397461,-16.915748596191406,-14.592159271240234,4.413754940032959,6.671763896942139,6.150606155395508,7.302963733673096,0.5153427124023438,mugendai_mutype,220.608,,147,インキャのキャキャキャ (Cover),mugendai_mutype,220.61,,3.17,147,インキャのキャキャキャ (Cover),5.9404,5.2815,6.5928,0.5168,mugendai_mutype,1.3909698724746704,0.9512,0.7189228534698486,0.8257931726878246,220.61,,インキャのキャキャキャ (Cover),4.4356300350045785e-05,3.035440613530227e-06,0.000941457808949,0.007946902886033,mugendai_mutype,220.61,,4.78,147,インキャのキャキャキャ (Cover),mugendai_mutype,220.61,,0.708437,147.0,インキャのキャキャキャ (Cover),0.9995703101158142,0.9900185465812684,0.9999802708625792,0.1042095199227333,mugendai_mutype,0.0008993891533464,0.0004418219032231,0.0018148134695366,0.0010935679310932,220.61,,1.09,111.0,-26.69,5.0,インキャのキャキャキャ (Cover),mugendai_mutype,220.6080272108844,,440,インキャのキャキャキャ (Cover),0.0872303247451782,0.0137062352150678,0.2477892339229583,0.1006989479064941,,29,0.0438787227008079,fast
715,mugendai_mutype,デビルじゃないもん (Cover),mugendai_mutype,416.0,0.39,135.99917763157896,153.8461538461536,163.58,,10.08,False,デビルじゃないもん (Cover),mugendai_mutype,164.0,,F,F,0.62,False,minor,minor,False,False,デビルじゃないもん (Cover),mugendai_mutype,minor,デビルじゃないもん (Cover),mugendai_mutype,164.0,,0.64,4.966100692749023,-14.811949981391225,0,デビルじゃないもん (Cover),-14.76003074645996,-18.18724250793457,-13.221141815185549,2.854612350463867,6.726010322570801,5.778131484985352,7.31695556640625,0.6628507971763611,mugendai_mutype,164.0025,,109,デビルじゃないもん (Cover),mugendai_mutype,164.0,,2.54,109,デビルじゃないもん (Cover),6.0393,5.1436,6.7897,0.6662,mugendai_mutype,1.1743738651275637,0.7398,0.8515176177024841,0.9929821186414672,164.0,,デビルじゃないもん (Cover),0.0007278072880581,2.071892777166795e-05,0.0066388645209372,0.1166206374764442,mugendai_mutype,164.0,,3.16,109,デビルじゃないもん (Cover),mugendai_mutype,164.0,,0.678668,109.0,デビルじゃないもん (Cover),0.9986572265625,0.584428608417511,0.9999470710754396,0.2155923396348953,mugendai_mutype,,,,,,,0.78,,-27.53,5.0,デビルじゃないもん (Cover),mugendai_mutype,164.0025396825397,,327,デビルじゃないもん (Cover),0.0762882754206657,0.0139624066650867,0.2909384667873382,0.1159973368048667,,29,0.2220697008926308,medium
716,mugendai_mutype,エイリアンエイリアン (Cover),mugendai_mutype,466.0,0.42,143.5546875,142.85714285714226,197.16,,12.11,False,エイリアンエイリアン (Cover),mugendai_mutype,197.63,,C#,C#,0.495,False,minor,minor,False,False,エイリアンエイリアン (Cover),mugendai_mutype,minor,エイリアンエイリアン (Cover),mugendai_mutype,197.63,,0.76,3.537837028503418,-11.113510617952947,0,エイリアンエイリアン (Cover),-11.59414291381836,-12.891608238220217,-9.353771209716797,4.719061851501465,7.224071502685547,6.363376140594482,7.625168800354004,0.6297911405563354,mugendai_mutype,197.6291875,,131,エイリアンエイリアン (Cover),mugendai_mutype,197.63,,2.59,131,エイリアンエイリアン (Cover),6.0948,5.389,6.7092,0.6068,mugendai_mutype,1.1046020984649658,0.4472,0.9053033590316772,1.022929756439399,197.63,,エイリアンエイリアン (Cover),1.908811645989772e-05,5.535729314942728e-07,0.0023218875285238,0.040771085768938,mugendai_mutype,197.63,,3.82,131,エイリアンエイリアン (Cover),mugendai_mutype,197.63,,0.709576,131.0,エイリアンエイリアン (Cover),0.9999476671218872,0.6086620092391968,0.9999984502792358,0.2110901772975921,mugendai_mutype,0.000864170899149,0.0005106361350044,0.0013333099195733,0.0004780235467478,197.63,,1.12,99.0,-20.78,5.0,エイリアンエイリアン (Cover),mugendai_mutype,197.6320181405896,,394,エイリアンエイリアン (Cover),0.069288820028305,0.008758520707488,0.2195046693086624,0.0829387530684471,,33,0.0483727331606217,medium
717,mugendai_mutype,ぼくたちいつでも しゅわっしゅわ！ (Cover),mugendai_mutype,738.0,0.23,129.19921875,260.86956521739484,184.35,,11.22,False,ぼくたちいつでも しゅわっしゅわ！ (Cover),mugendai_mutype,184.62,,E,G,0.21,True,major,major,False,False,ぼくたちいつでも しゅわっしゅわ！ (Cover),mugendai_mutype,major,ぼくたちいつでも しゅわっしゅわ！ (Cover),mugendai_mutype,184.62,,0.72,2.196626663208008,-12.494191336992342,0,ぼくたちいつでも しゅわっしゅわ！ (Cover),-12.592716217041016,-13.72014617919922,-11.523519515991213,2.211289882659912,6.403284549713135,5.674468517303467,7.049516201019287,0.603978157043457,mugendai_mutype,184.618625,,123,ぼくたちいつでも しゅわっしゅわ！ (Cover),mugendai_mutype,184.62,,2.41,123,ぼくたちいつでも しゅわっしゅわ！ (Cover),6.1922,5.5166,6.7887,0.5787,mugendai_mutype,1.217005491256714,0.8049,0.8216890692710876,0.8615814162091081,184.62,,ぼくたちいつでも しゅわっしゅわ！ (Cover),0.0008399079670198,1.2363577297946904e-05,0.0236248522996902,0.041011955589056,mugendai_mutype,184.62,,3.46,123,ぼくたちいつでも しゅわっしゅわ！ (Cover),mugendai_mutype,184.62,,0.567647,123.0,ぼくたちいつでも しゅわっしゅわ！ (Cover),0.9961259961128236,0.7229721546173096,0.9999632835388184,0.1808217912912368,mugendai_mutype,0.0010128383291885,0.0005708666867576,0.0026076072826981,0.0020478654187172,184.62,,1.03,93.0,-22.14,5.0,ぼくたちいつでも しゅわっしゅわ！ (Cover),mugendai_mutype,184.61868480725624,,368,ぼくたちいつでも しゅわっしゅわ！ (Cover),0.0893009677529335,0.0128021510317921,0.2413066178560257,0.0937405228614807,,21,0.0451741918054747,boost
718,mugendai_mutype,回レ!雪月花 (Cover),mugendai_mutype,627.0,0.37,161.4990234375,162.16216216216017,234.25,,14.55,False,回レ!雪月花 (Cover),mugendai_mutype,234.52,,C,C,0.837,False,minor,minor,False,False,回レ!雪月花 (Cover),mugendai_mutype,minor,回レ!雪月花 (Cover),mugendai_mutype,234.52,,0.9,2.997908592224121,-12.851208027574618,0,回レ!雪月花 (Cover),-12.868351936340332,-14.774015426635742,-11.77610683441162,4.371430397033691,6.772803783416748,5.958840370178223,7.345575332641602,0.6098163723945618,mugendai_mutype,234.5173125,,156,回レ!雪月花 (Cover),mugendai_mutype,234.52,,2.8,156,回レ!雪月花 (Cover),5.9939,5.2568,6.6676,0.5631,mugendai_mutype,1.1249457597732544,0.5447,0.8889318108558655,0.8963160349737943,234.52,,回レ!雪月花 (Cover),0.0008919162210077,3.839659984805621e-05,0.053396712988615,0.0820850282907486,mugendai_mutype,234.52,,4.77,156,回レ!雪月花 (Cover),mugendai_mutype,234.52,,0.669262,156.0,回レ!雪月花 (Cover),0.9993504285812378,0.9335561394691468,0.9999788999557496,0.180543765425682,mugendai_mutype,0.0009432627120986,0.0004952299641445,0.0018764532869681,0.0007170211756601,234.52,,1.49,118.0,-21.0,5.0,回レ!雪月花 (Cover),mugendai_mutype,234.5173242630385,,468,回レ!雪月花 (Cover),0.0919256806373596,0.0197530332952737,0.2892879545688629,0.1069907918572425,,45,0.0648139610124836,fast
719,mugendai_mutype,ビッグマウス feat.りむる (Cover),mugendai_mutype,420.0,0.41,287.109375,146.34146341463284,173.41,,10.76,False,ビッグマウス feat.りむる (Cover),mugendai_mutype,173.76,,Ab,G#,0.602,True,major,major,False,False,ビッグマウス feat.りむる (Cover),mugendai_mutype,major,ビッグマウス feat.りむる (Cover),mugendai_mutype,173.76,,0.66,4.563877105712891,-11.503267553237498,0,ビッグマウス feat.りむる (Cover),-10.952104568481444,-14.918025016784668,-10.354147911071776,1.6763997077941897,7.002136707305908,6.273574352264404,7.550203800201416,0.5054153203964233,mugendai_mutype,173.76,,115,ビッグマウス feat.りむる (Cover),mugendai_mutype,173.76,,2.09,115,ビッグマウス feat.りむる (Cover),5.222,4.4322,6.0082,0.6285,mugendai_mutype,1.0810151100158691,0.3415,0.9250564575195312,0.9938302169485744,173.76,,ビッグマウス feat.りむる (Cover),2.8558558824443026e-06,2.888478718432453e-07,9.996959124691784e-05,0.018254242837429,mugendai_mutype,173.76,,3.78,115,ビッグマウス feat.りむる (Cover),mugendai_mutype,173.76,,0.831429,115.0,ビッグマウス feat.りむる (Cover),0.9967679977416992,0.9171876907348632,0.9999157786369324,0.084073893725872,mugendai_mutype,0.0008764444501139,0.0005019698292016,0.0012660481734201,0.0003143524227198,173.76,,1.13,87.0,-20.22,5.0,ビッグマウス feat.りむる (Cover),mugendai_mutype,173.76,,346,ビッグマウス feat.りむる (Cover),0.0643422901630401,0.0095036830753088,0.2312880456447601,0.0880227386951446,,16,0.3310313075506446,medium
720,mugendai_mutype,KiLLKiSS (Cover),mugendai_mutype,686.0,0.3,143.5546875,199.9999999999972,215.02,,13.22,False,KiLLKiSS (Cover),mugendai_mutype,215.32,,E,E,0.892,False,minor,minor,False,False,KiLLKiSS (Cover),mugendai_mutype,minor,KiLLKiSS (Cover),mugendai_mutype,215.32,,0.82,18.66997718811035,-12.685919596122227,0,KiLLKiSS (Cover),-13.055395126342772,-29.83796501159668,-11.167987823486328,7.722602367401123,6.063751220703125,4.481764316558838,6.760162830352783,0.8420611619949341,mugendai_mutype,215.318625,,143,KiLLKiSS (Cover),mugendai_mutype,215.32,,3.13,143,KiLLKiSS (Cover),5.164,4.2281,6.4604,0.8211,mugendai_mutype,0.9106296300888062,0.0081,1.098141312599182,1.1515611661060756,215.32,,KiLLKiSS (Cover),0.0003184737870469,1.4187698070600163e-05,0.0473852753639221,0.0526916868984699,mugendai_mutype,215.32,,4.19,143,KiLLKiSS (Cover),mugendai_mutype,215.32,,0.690932,143.0,KiLLKiSS (Cover),0.9812455177307128,0.2705993950366974,0.9999393224716188,0.2993479073047638,mugendai_mutype,0.0007384910131804,0.0003228460263926,0.0014142259024083,0.0005290654371492,215.32,,1.38,108.0,-35.5,5.0,KiLLKiSS (Cover),mugendai_mutype,215.31863945578232,,429,KiLLKiSS (Cover),0.0688158720731735,0.0033159325830638,0.2697450816631317,0.1115520894527435,,19,0.0352965285748039,fast
721,mygo,二息歩行 (Reloaded) (Cover),mygo,593.0,0.33,58.72691761363637,181.81818181817883,197.72,,12.24,False,二息歩行 (Reloaded) (Cover),mygo,198.01,,E,E,0.66,False,major,major,False,False,二息歩行 (Reloaded) (Cover),mygo,major,二息歩行 (Reloaded) (Cover),mygo,198.01,,0.75,5.503907203674316,-14.658708399579549,0,二息歩行 (Reloaded) (Cover),-14.867255210876465,-18.73005104064941,-13.226143836975098,3.008950471878052,6.465836048126221,5.098531246185303,7.262969493865967,0.8710693717002869,mygo,198.008125,,132,二息歩行 (Reloaded) (Cover),mygo,198.01,,2.69,132,二息歩行 (Reloaded) (Cover),6.0612,4.6151,6.8762,0.826,mygo,1.0510135889053345,0.2439,0.9514623284339904,1.0667262247665117,198.01,,二息歩行 (Reloaded) (Cover),0.0028420398011803,2.233445457022753e-06,0.1096221283078193,0.1676739007234573,mygo,198.01,,3.71,132,二息歩行 (Reloaded) (Cover),mygo,198.01,,0.61924,132.0,二息歩行 (Reloaded) (Cover),0.9998911023139954,0.7934684157371521,0.9999996423721312,0.1705995351076126,mygo,,,,,,,1.24,,-30.39,5.0,二息歩行 (Reloaded) (Cover),mygo,198.0081632653061,,395,二息歩行 (Reloaded) (Cover),0.0810574367642402,0.0085708228871226,0.2816723585128784,0.1128032803535461,,28,0.0384832571632927,fast
722,mygo,社会距離 (Cover),mygo,527.0,0.46,129.19921875,130.43478260869338,242.8,,15.03,False,社会距離 (Cover),mygo,243.25,,D,F#,0.433,True,major,minor,False,False,社会距離 (Cover),mygo,minor,社会距離 (Cover),mygo,243.25,,0.92,3.770971298217773,-13.142792625275767,0,社会距離 (Cover),-13.288215637207031,-15.513160705566406,-11.742189407348633,4.129673480987549,6.733010292053223,5.7016448974609375,7.41173791885376,0.6720946431159973,mygo,243.25225,,162,社会距離 (Cover),mygo,243.25,,3.09,162,社会距離 (Cover),6.5373,5.6726,7.2645,0.6246,mygo,1.1960902214050293,0.7805,0.8360573649406433,0.9623424680231338,243.25,,社会距離 (Cover),0.0209864769130945,0.0015611798735335,0.3860338032245636,0.2068327516317367,mygo,243.25,,4.49,162,社会距離 (Cover),mygo,243.25,,0.702171,162.0,社会距離 (Cover),0.9995349645614624,0.9141446948051452,0.999996304512024,0.1626638174057006,mygo,0.0004872385179623,0.0003200812498107,0.0008096748497337,0.0002039454557234,243.25,,1.53,122.0,-22.38,5.0,社会距離 (Cover),mygo,243.2522448979592,,485,社会距離 (Cover),0.0919864699244499,0.0101108755916357,0.2810512781143188,0.1055003553628921,,27,0.4975082450419267,medium
723,mygo,君の神様になりたい。 (Cover),mygo,640.0,0.31,198.76802884615384,193.5483870967728,252.76,,15.3,True,君の神様になりたい。 (Cover),mygo,253.33,,F,C,0.425,True,major,minor,False,True,君の神様になりたい。 (Cover),mygo,minor,君の神様になりたい。 (Cover),mygo,253.33,,0.95,4.63935661315918,-13.494578789686752,0,君の神様になりたい。 (Cover),-14.07982063293457,-16.33631134033203,-11.696954727172852,5.867280006408691,5.915237903594971,5.009297847747803,6.638057708740234,0.6443380117416382,mygo,253.3333125,,169,君の神様になりたい。 (Cover),mygo,253.33,,3.19,169,君の神様になりたい。 (Cover),5.4668,4.2516,6.3112,0.8803,mygo,1.25580894947052,0.8455,0.7962995171546936,0.9899329659041746,253.33,,君の神様になりたい。 (Cover),0.0540096201002597,0.0026200178544968,0.321311354637146,0.1697716265916824,mygo,253.33,,4.74,169,君の神様になりたい。 (Cover),mygo,253.33,,0.405379,169.0,君の神様になりたい。 (Cover),0.9999942779541016,0.5389952659606934,1.0,0.2355875372886657,mygo,0.0009523740154691,0.0004388307861518,0.0016710817581042,0.0005066645680926,253.33,,1.58,127.0,-27.11,5.0,君の神様になりたい。 (Cover),mygo,253.3333333333333,,505,君の神様になりたい。 (Cover),0.086242601275444,0.0174886137247085,0.2524779140949249,0.1005922555923461,,21,0.1148684021598023,fast
724,mygo,Henceforth (Cover),mygo,618.0,0.38,151.99908088235293,157.89473684210716,234.3,,14.25,False,Henceforth (Cover),mygo,234.3,,F#,B,0.62,True,major,major,False,True,Henceforth (Cover),mygo,major,Henceforth (Cover),mygo,234.3,,0.88,12.60793399810791,-14.376179647356894,0,Henceforth (Cover),-17.121660232543945,-23.81316375732422,-11.205229759216309,5.160788059234619,5.883658409118652,4.3147406578063965,7.036413192749023,1.0133323669433594,mygo,234.304,,156,Henceforth (Cover),mygo,234.3,,3.06,156,Henceforth (Cover),6.2388,4.8793,6.945,0.7237,mygo,0.9844675660133362,0.0813,1.0157774686813354,1.20489401483486,234.3,,Henceforth (Cover),0.2086245715618133,0.0047893729060888,0.9480105638504028,0.36653932929039,mygo,234.3,,4.81,156,Henceforth (Cover),mygo,234.3,,0.652287,156.0,Henceforth (Cover),0.9999493956565856,0.229044109582901,0.9999998807907104,0.2993938326835632,mygo,,,,,,,1.38,,-30.34,5.0,Henceforth (Cover),mygo,234.3039909297052,,467,Henceforth (Cover),0.0611023679375648,0.009865135885775,0.2005803436040878,0.079261302947998,,22,0.2474562960939635,medium
725,mygo,ティアドロップス (Cover),mygo,681.0,0.32,123.046875,187.500000000004,214.78,,12.97,False,ティアドロップス (Cover),mygo,215.05,,E,B,0.466,True,minor,minor,False,True,ティアドロップス (Cover),mygo,minor,ティアドロップス (Cover),mygo,215.05,,0.81,3.4478654861450195,-11.575082956073356,0,ティアドロップス (Cover),-11.495866775512695,-14.118315696716309,-10.670450210571287,2.3399546146392822,7.1567063331604,6.259532451629639,7.898508548736572,0.6270369291305542,mygo,215.051625,,143,ティアドロップス (Cover),mygo,215.05,,2.84,143,ティアドロップス (Cover),6.3512,5.4693,7.0086,0.6254,mygo,1.0203771591186523,0.1545,0.9800296425819396,0.9814015679109698,215.05,,ティアドロップス (Cover),0.0002067388122668,4.971943212694896e-07,0.0124635444954037,0.0544664375483989,mygo,215.05,,4.38,143,ティアドロップス (Cover),mygo,215.05,,0.678967,143.0,ティアドロップス (Cover),0.9987534284591676,0.8308722376823425,0.999998927116394,0.1899721026420593,mygo,0.0008378220954909,0.0005181906744837,0.0012825296726077,0.0004070225404575,215.05,,1.22,108.0,-21.37,5.0,ティアドロップス (Cover),mygo,215.0516553287981,,429,ティアドロップス (Cover),0.0751977264881134,0.0096141500398516,0.2944754660129547,0.1133859977126121,,26,0.0651936293222531,fast
726,mygo,遠心力 (Cover),mygo,441.0,0.45,129.19921875,133.3333333333346,197.16,,12.23,False,遠心力 (Cover),mygo,197.48,,D,F#,0.428,True,major,minor,False,True,遠心力 (Cover),mygo,minor,遠心力 (Cover),mygo,197.48,,0.71,5.271346092224121,-14.303173515649291,0,遠心力 (Cover),-14.339150428771973,-17.9572696685791,-12.68592357635498,2.3830411434173584,7.144911766052246,6.1094069480896,7.839371204376221,0.7412552237510681,mygo,197.482625,,131,遠心力 (Cover),mygo,197.48,,2.56,131,遠心力 (Cover),6.1543,5.2237,6.7997,0.6281,mygo,1.3668513298034668,0.935,0.7316083908081055,0.9367646239962696,197.48,,遠心力 (Cover),4.993771653971635e-05,3.084267063968582e-07,0.0025045222137123,0.0249563977122306,mygo,197.48,,4.14,131,遠心力 (Cover),mygo,197.48,,0.757685,131.0,遠心力 (Cover),0.9999969005584716,0.9812766313552856,1.0,0.1413754075765609,mygo,0.0009112274856306,0.0003962186456192,0.0015193530125543,0.0004464236844796,197.48,,1.2,99.0,-27.13,5.0,遠心力 (Cover),mygo,197.48267573696145,,393,遠心力 (Cover),0.0895221158862114,0.0095100468024611,0.2627173662185669,0.1052681729197502,,17,0.1833072076254784,medium
727,mygo,ないばいたりてぃ (Cover),mygo,709.0,0.3,198.76802884615384,200.0000000000019,212.71,,13.02,False,ないばいたりてぃ (Cover),mygo,213.02,,C,C,0.351,False,minor,major,True,True,ないばいたりてぃ (Cover),mygo,major,ないばいたりてぃ (Cover),mygo,213.02,,0.77,1.897226333618164,-12.78048523707199,0,ないばいたりてぃ (Cover),-12.91468334197998,-13.785598754882812,-11.888372421264648,0.875584602355957,6.193633079528809,4.998223781585693,6.779830455780029,0.6738725900650024,mygo,213.019875,,142,ないばいたりてぃ (Cover),mygo,213.02,,2.66,142,ないばいたりてぃ (Cover),6.226,5.3876,6.9233,0.6213,mygo,1.2815027236938477,0.8699,0.7803338766098022,0.8502733777694056,213.02,,ないばいたりてぃ (Cover),0.0075751594267785,0.0001031350475386,0.3404546082019806,0.2152708619832992,mygo,213.02,,4.3,142,ないばいたりてぃ (Cover),mygo,213.02,,0.875596,142.0,ないばいたりてぃ (Cover),0.9902228116989136,0.475065529346466,0.9999195337295532,0.2324958890676498,mygo,0.0005971351056359,0.0003368464240338,0.0009430224308744,0.0002446413855068,213.02,,1.27,107.0,-21.69,5.0,ないばいたりてぃ (Cover),mygo,213.01986394557824,,425,ないばいたりてぃ (Cover),0.0712057501077652,0.0101631702855229,0.2225960493087768,0.09426199644804,,30,0.1561356657448042,fast
728,mygo,キリトリセン (Cover),mygo,655.0,0.36,161.4990234375,166.66666666666035,237.06,,14.42,False,キリトリセン (Cover),mygo,237.25,,A,A,0.421,False,major,major,False,True,キリトリセン (Cover),mygo,major,キリトリセン (Cover),mygo,237.25,,0.9,3.886381149291992,-13.241676551959566,0,キリトリセン (Cover),-13.289701461791992,-15.35734748840332,-11.470966339111328,2.953214645385742,6.312968254089356,5.510247230529785,6.81933069229126,0.5569213628768921,mygo,237.248,,158,キリトリセン (Cover),mygo,237.25,,3.09,158,キリトリセン (Cover),6.1261,5.4611,6.7177,0.5613,mygo,1.1569117307662964,0.6667,0.8643701672554016,0.9553491480445137,237.25,,キリトリセン (Cover),0.0904487818479538,0.0107536138966679,0.6333147883415222,0.2585151195526123,mygo,237.25,,4.67,158,キリトリセン (Cover),mygo,237.25,,0.627405,158.0,キリトリセン (Cover),0.9957858920097352,0.3375612497329712,0.9999779462814332,0.2816509008407593,mygo,0.0005822289967909,0.0002945062005892,0.0010696389945223,0.0002928998728748,237.25,,1.49,119.0,-22.94,5.0,キリトリセン (Cover),mygo,237.2480272108844,,473,キリトリセン (Cover),0.0595148876309394,0.0080185132101178,0.2292701303958892,0.0928252562880516,,20,0.2785270374968815,fast
729,mygo,もしも命が描けたら (Cover),mygo,336.0,0.6,129.19921875,100.00000000000036,201.38,,12.41,False,もしも命が描けたら (Cover),mygo,201.94,,F#,F#,0.566,False,major,major,False,False,もしも命が描けたら (Cover),mygo,major,もしも命が描けたら (Cover),mygo,201.94,,0.75,4.901762008666992,-26.64768333326852,0,もしも命が描けたら (Cover),-26.33796119689941,-30.07340812683105,-25.171646118164062,3.761131525039673,4.608844757080078,4.115899085998535,5.148923873901367,0.4494201242923736,mygo,201.9413125,,134,もしも命が描けたら (Cover),mygo,201.94,,2.57,134,もしも命が描けたら (Cover),5.3461,4.667,5.7558,0.4555,mygo,1.082062005996704,0.3659,0.924161434173584,1.106283210216746,201.94,,もしも命が描けたら (Cover),0.062420405447483,0.0008249746169894,0.891174852848053,0.3233271241188049,mygo,201.94,,4.02,134,もしも命が描けたら (Cover),mygo,201.94,,0.660227,134.0,もしも命が描けたら (Cover),0.9997933506965636,0.9955626726150512,0.9999958872795104,0.156114712357521,mygo,0.0007267566397786,0.0004082723462488,0.0011335832532495,0.0003005897742696,201.94,,1.29,101.0,-40.68,5.0,もしも命が描けたら (Cover),mygo,201.94136054421767,,402,もしも命が描けたら (Cover),0.1032322719693183,0.0143407769501209,0.3327207863330841,0.1286550611257553,,25,0.5911616675879324,medium
730,mygo,TEENAGE RIOT (Cover),mygo,492.0,0.45,129.19921875,133.33333333332828,223.3,,13.78,False,TEENAGE RIOT (Cover),mygo,223.77,,E,E,0.758,False,minor,minor,False,False,TEENAGE RIOT (Cover),mygo,minor,TEENAGE RIOT (Cover),mygo,223.77,,0.83,4.078139305114746,-12.640444581942608,0,TEENAGE RIOT (Cover),-12.7945556640625,-15.471413612365724,-11.393274307250977,1.555601716041565,6.0012617111206055,5.317071437835693,6.66123628616333,0.5187764763832092,mygo,223.7653125,,149,TEENAGE RIOT (Cover),mygo,223.77,,2.98,149,TEENAGE RIOT (Cover),5.7557,4.783,6.6978,0.7363,mygo,1.0820554494857788,0.3577,0.9241670966148376,1.082447160222558,223.77,,TEENAGE RIOT (Cover),0.0412425175309181,5.7905519497580826e-05,0.4547523856163025,0.2025840580463409,mygo,223.77,,4.47,149,TEENAGE RIOT (Cover),mygo,223.77,,0.66753,149.0,TEENAGE RIOT (Cover),0.9989579916000366,0.198724627494812,0.9999635815620422,0.3039705157279968,mygo,0.0006442365702241,0.0003009311913046,0.0011399599025025,0.0002931737399194,223.77,,1.39,112.0,-22.16,5.0,TEENAGE RIOT (Cover),mygo,223.7653514739229,,446,TEENAGE RIOT (Cover),0.0698679164052009,0.0113904802128672,0.213396668434143,0.0782708674669265,,38,0.4148988644914343,medium
731,mygo,パメラ (Cover),mygo,479.0,0.41,143.5546875,146.34146341463537,194.19,,11.78,False,パメラ (Cover),mygo,194.6,,B,E,0.51,True,minor,minor,False,False,パメラ (Cover),mygo,minor,パメラ (Cover),mygo,194.6,,0.73,9.803787231445312,-14.810356148058933,0,パメラ (Cover),-15.452886581420898,-22.30342674255371,-12.499639511108398,5.513902187347412,6.441652774810791,4.968446254730225,7.125550270080566,0.8940154910087585,mygo,194.602625,,129,パメラ (Cover),mygo,194.6,,2.56,129,パメラ (Cover),6.0727,5.2877,6.7227,0.6182,mygo,1.1374167203903198,0.5935,0.8791852593421936,1.0332671283064687,194.6,,パメラ (Cover),0.0039089596830308,3.558992830221541e-05,0.1155804619193077,0.1021077632904052,mygo,194.6,,4.06,129,パメラ (Cover),mygo,194.6,,0.658867,129.0,パメラ (Cover),0.9994736313819884,0.5669370293617249,0.9999990463256836,0.1897962689399719,mygo,0.0008076923550106,0.0003457758866716,0.0014846455305814,0.0005611412925645,194.6,,1.26,98.0,-32.65,5.0,パメラ (Cover),mygo,194.60267573696143,,388,パメラ (Cover),0.0907088220119476,0.0194467399269342,0.2520195245742798,0.0952317342162132,,15,0.6015333164399386,medium
732,mygo,栞 (Cover),mygo,637.0,0.3,99.38401442307692,199.9999999999972,262.37,,15.64,True,栞 (Cover),mygo,262.97,,F#,F#,0.913,False,major,major,False,False,栞 (Cover),mygo,major,栞 (Cover),mygo,262.97,,0.97,3.112443923950196,-12.84636046120342,0,栞 (Cover),-12.753778457641602,-14.851725578308104,-11.73928165435791,2.574734687805176,6.261857986450195,5.420748710632324,6.987146377563477,0.6409225463867188,mygo,262.966,,175,栞 (Cover),mygo,262.97,,3.27,175,栞 (Cover),5.337,4.8257,5.9649,0.4941,mygo,1.2134850025177002,0.7886,0.8240727782249451,0.8533114647932605,262.97,,栞 (Cover),0.0136944940313696,0.0002116177347488,0.3352732062339782,0.2157598584890365,mygo,262.97,,4.87,175,栞 (Cover),mygo,262.97,,0.667622,175.0,栞 (Cover),0.9998821020126344,0.7092643976211548,0.9999989867210388,0.1816820353269577,mygo,0.0008449055021628,0.0003882198652718,0.0013729103375226,0.0003580073826014,262.97,,1.23,132.0,-19.52,5.0,栞 (Cover),mygo,262.9660317460318,,524,栞 (Cover),0.0844371914863586,0.0111188571900129,0.2933101654052734,0.1156343594193458,,55,0.5160361710173148,fast
733,mygo,シンデレラボーイ (Cover),mygo,417.0,0.56,198.76802884615384,107.1428571428574,231.36,,14.22,False,シンデレラボーイ (Cover),mygo,231.64,,A,A,0.8,False,major,major,False,False,シンデレラボーイ (Cover),mygo,major,シンデレラボーイ (Cover),mygo,231.64,,0.81,3.8957910537719727,-13.155711678053413,0,シンデレラボーイ (Cover),-13.236227989196776,-15.447748184204102,-11.551957130432127,2.155574083328247,6.312148094177246,5.289872169494629,7.433428287506103,0.8478336334228516,mygo,231.64225,,154,シンデレラボーイ (Cover),mygo,231.64,,2.8,154,シンデレラボーイ (Cover),5.735,4.8361,6.7395,0.7023,mygo,1.1560500860214231,0.6585,0.865014374256134,0.9599715864999874,231.64,,シンデレラボーイ (Cover),0.0044813156127929,4.179681127425283e-05,0.5759758353233337,0.2313601672649383,mygo,231.64,,4.6,154,シンデレラボーイ (Cover),mygo,231.64,,0.682509,154.0,シンデレラボーイ (Cover),0.9992948770523072,0.8068411946296692,0.999988853931427,0.174810990691185,mygo,0.0005209002410992,0.0003339274553582,0.0009118211455643,0.0003306616272311,231.64,,1.16,116.0,-21.93,5.0,シンデレラボーイ (Cover),mygo,231.64226757369613,,462,シンデレラボーイ (Cover),0.0815716087818145,0.0065884590148925,0.2774414718151092,0.1232904717326164,,24,0.3520945682149499,medium
734,mygo,少女レイ (Cover),mygo,718.0,0.4,143.5546875,149.99999999999787,288.48,,17.17,False,少女レイ (Cover),mygo,288.8,,A,A,0.555,False,major,major,False,False,少女レイ (Cover),mygo,major,少女レイ (Cover),mygo,288.8,,0.97,10.831296920776367,-13.796053298636132,1,少女レイ (Cover),-13.996502876281738,-22.988243103027344,-12.156946182250977,7.563782691955566,6.1336517333984375,4.640590190887451,6.736747741699219,0.8363621234893799,mygo,288.7981875,,193,少女レイ (Cover),mygo,288.8,,3.76,193,少女レイ (Cover),5.9979,4.6965,7.0594,0.8369,mygo,0.9947959780693054,0.0976,1.0052313804626465,1.1415751270840302,288.8,,少女レイ (Cover),0.2356248646974563,0.0096613075584173,0.916671872138977,0.3426969349384308,mygo,288.8,,5.73,193,少女レイ (Cover),mygo,288.8,,0.798957,193.0,少女レイ (Cover),0.9992450475692748,0.1407601237297058,0.9999992847442628,0.3431420624256134,mygo,0.0006976709119044,0.0003350037732161,0.0012559050228446,0.0003493079566396,288.8,,1.86,145.0,-34.82,5.0,少女レイ (Cover),mygo,288.7981859410431,,576,少女レイ (Cover),0.0560186579823493,0.0038514789193868,0.2023494243621826,0.0894036218523979,,26,0.2394751871495038,medium
735,mygo,正しくなれない (Cover),mygo,479.0,0.5,107.666015625,120.0,241.5,,14.75,False,正しくなれない (Cover),mygo,241.65,,F,F,0.411,False,major,major,False,False,正しくなれない (Cover),mygo,major,正しくなれない (Cover),mygo,241.65,,0.81,9.019681930541992,-21.31111256309931,0,正しくなれない (Cover),-21.296371459960938,-28.97163391113281,-19.95195198059082,4.354508399963379,5.187892436981201,3.950727939605713,5.999076843261719,0.803566575050354,mygo,241.6500625,,161,正しくなれない (Cover),mygo,241.65,,3.24,161,正しくなれない (Cover),5.3029,4.5051,6.3537,0.6898,mygo,1.0830590724945068,0.374,0.9233108758926392,1.0220756360366492,241.65,,正しくなれない (Cover),0.3200096487998962,0.0133867124095559,0.9157388210296632,0.3430749177932739,mygo,241.65,,4.63,161,正しくなれない (Cover),mygo,241.65,,0.612792,161.0,正しくなれない (Cover),0.9998989105224608,0.2925881445407867,0.9999998807907104,0.2784850597381592,mygo,0.0007896008901298,0.000311698851874,0.0013111456064507,0.0003745528811123,241.65,,1.58,121.0,-35.05,5.0,正しくなれない (Cover),mygo,241.6501133786848,,482,正しくなれない (Cover),0.0959394723176956,0.0112996492534875,0.2794813811779022,0.1135379299521446,,30,0.2415889501402079,medium
736,mygo,恋してる自分すら愛せるんだ (Cover),mygo,475.0,0.47,117.45383522727272,127.6595744680854,223.13,,12.85,False,恋してる自分すら愛せるんだ (Cover),mygo,223.6,,G,C,0.345,True,major,major,False,False,恋してる自分すら愛せるんだ (Cover),mygo,major,恋してる自分すら愛せるんだ (Cover),mygo,223.6,,0.76,8.76361083984375,-24.85257117838304,0,恋してる自分すら愛せるんだ (Cover),-25.03609085083008,-31.656354904174805,-22.89274406433105,6.426947116851807,4.232539176940918,3.464409351348877,5.8950018882751465,0.9284267425537108,mygo,223.5965625,,149,恋してる自分すら愛せるんだ (Cover),mygo,223.6,,2.61,149,恋してる自分すら愛せるんだ (Cover),4.7352,4.0477,6.4427,0.8785,mygo,1.0569287538528442,0.2683,0.946137547492981,1.0522290849705325,223.6,,恋してる自分すら愛せるんだ (Cover),0.5000049471855164,0.0431396327912807,0.925054132938385,0.3323631882667541,mygo,223.6,,4.34,149,恋してる自分すら愛せるんだ (Cover),mygo,223.6,,0.581524,149.0,恋してる自分すら愛せるんだ (Cover),0.9992524981498718,0.4836286902427673,0.9999918937683104,0.2374996542930603,mygo,0.0008063454297371,0.0002857152139768,0.0016645662253722,0.0005931446212343,223.6,,1.38,112.0,-48.5,5.0,恋してる自分すら愛せるんだ (Cover),mygo,223.59655328798183,,446,恋してる自分すら愛せるんだ (Cover),0.0636118799448013,0.0042413854971528,0.3034996390342712,0.1227893084287643,,30,0.3371250396570832,medium
737,roselia,擬態ごっこ (Cover),roselia,481.0,0.31,151.99908088235293,193.548387096775,147.25,,8.85,False,擬態ごっこ (Cover),roselia,147.55,,C,C,0.318,False,major,minor,True,False,擬態ごっこ (Cover),roselia,minor,擬態ごっこ (Cover),roselia,147.55,,0.5,6.2217559814453125,-11.940752139039835,0,擬態ごっこ (Cover),-11.774639129638672,-16.400741577148438,-10.178985595703123,2.7336111068725586,6.953058242797852,5.376918315887451,7.713258743286133,1.0165098905563354,roselia,147.551,,98,擬態ごっこ (Cover),roselia,147.55,,1.45,98,擬態ごっこ (Cover),5.9573,4.3712,6.7461,0.9427,roselia,1.0604102611541748,0.2846,0.9430311918258668,0.9853186876992815,147.55,,擬態ごっこ (Cover),3.0587486889999127e-06,1.499661692605514e-07,0.0059970021247863,0.1146060824394226,roselia,147.55,,3.23,98,擬態ごっこ (Cover),roselia,147.55,,0.753015,98.0,擬態ごっこ (Cover),0.9993736743927002,0.9615036249160768,0.99997478723526,0.1247907057404518,roselia,0.0006556848529726,0.0003462260065134,0.001488271402195,0.0005514430813491,147.55,,0.95,74.0,-24.41,5.0,擬態ごっこ (Cover),roselia,147.55102040816325,,294,擬態ごっこ (Cover),0.1258297711610794,0.0299570020288229,0.2941550314426422,0.1006752923130989,,13,0.2752945272759387,fast
