idx,band,song,duration_sec,lufs_integrated,lra,st_median,st_p10,st_p90,st_std,mastering_flag,extract_sec,error
1,afterglow,That Is How I Roll!,239.6,-10.898394386020712,2.0572166442871094,-10.853206634521484,-12.100350379943848,-10.043133735656738,1.1296402215957642,0,1.67,
7,afterglow,Sasanqua,236.8,-11.008043906449016,2.5839624404907227,-11.01579475402832,-12.633615493774414,-10.049653053283691,1.7837837934494019,0,1.65,
0,afterglow,ON YOUR MARK,241.63,-9.591000373770155,3.7707319259643555,-9.728347778320312,-11.921172142028809,-8.150440216064453,1.825531244277954,0,1.69,
4,afterglow,ツナグ、ソラモヨウ,248.93,-10.657535126953979,2.944875717163086,-10.655477523803711,-12.550858497619629,-9.605982780456543,1.8816105127334595,0,1.68,
5,afterglow,Hey-day狂騒曲(カプリチオ),233.7,-10.498236108310564,3.506649971008301,-10.360638618469238,-12.698678970336914,-9.192028999328613,3.97688627243042,0,1.67,
2,afterglow,SENSENFUKOKU,246.53,-11.858243332506898,3.4479408264160156,-11.784549713134766,-14.052518844604492,-10.604578018188477,1.7288727760314941,0,1.7,
6,afterglow,"Easy come, Easy go!",243.4,-10.725571232273822,3.662099838256836,-10.556795120239258,-13.198540687561035,-9.5364408493042,4.031495094299316,0,1.68,
3,afterglow,I knew it!,291.3,-10.215912777307645,2.1129579544067383,-10.286911964416504,-11.31188678741455,-9.198928833007812,4.940456390380859,0,1.87,
14,afterglow,SWITCH ON NOW,207.33,-9.82112338185104,2.3815603256225586,-9.892780303955078,-11.204800605773926,-8.823240280151367,6.399014949798584,0,0.98,
8,afterglow,RED RED RED,224.37,-11.489530755418162,2.318887710571289,-11.391728401184082,-12.86651611328125,-10.547628402709961,1.579951286315918,0,1.05,
11,afterglow,Scarlet Sky,229.0,-9.531600545755767,2.0726518630981445,-9.67026138305664,-10.614051818847656,-8.541399955749512,1.2197802066802979,0,1.05,
13,afterglow,いつも通りのBrand new days,237.33,-10.298623854194645,3.809497833251953,-10.063515663146973,-12.75379753112793,-8.944299697875977,4.544125080108643,0,1.17,
12,afterglow,Off we go.,251.83,-10.842505750790862,3.150228500366211,-10.812969207763672,-12.785823822021484,-9.635595321655273,1.4511792659759521,0,1.24,
10,afterglow,Y.O.L.O!!!!!,270.93,-10.480882062961495,3.1506805419921875,-10.437004089355469,-12.532994270324707,-9.38231372833252,5.817262172698975,0,1.35,
9,afterglow,ONE OF US,282.3,-12.419653435622397,3.240138053894043,-12.158843994140625,-14.548295974731445,-11.308157920837402,4.059150218963623,0,1.39,
15,afterglow,ランブリングメモリー,325.03,-10.84272592111089,3.829249382019043,-10.697732925415039,-13.551671028137207,-9.722421646118164,2.3698294162750244,0,1.55,
17,afterglow,Trouble Joyful!!,237.93,-10.325828795197097,2.5055999755859375,-10.280990600585938,-11.76179027557373,-9.256190299987793,1.213675618171692,0,1.1,
16,afterglow,COMIC PANIC!!!,280.5,-9.711785426460896,4.092350006103516,-9.668529510498047,-12.54318618774414,-8.450836181640625,4.720065593719482,0,1.22,
18,afterglow,Jamboree!Journey!,259.8,-11.205538538178534,2.809952735900879,-11.045948028564453,-13.111207962036133,-10.301255226135254,2.3857710361480713,0,1.18,
21,afterglow,極彩色,238.6,-10.871496597906875,2.1602306365966797,-10.844642639160156,-12.322134017944336,-10.161903381347656,5.360745429992676,0,1.02,
20,afterglow,独創収差,276.3,-8.709624522292605,10.931985855102539,-8.52090072631836,-18.12153434753418,-7.189548492431641,6.237142086029053,0,1.21,
22,afterglow,サクラゼンセン,249.33,-11.060568329293986,3.1908740997314453,-10.620019912719727,-13.166950225830078,-9.976076126098633,4.717440128326416,0,1.08,
19,afterglow,カナユメ,307.47,-10.747677623134377,3.2256174087524414,-10.688396453857422,-13.011073112487793,-9.785455703735352,4.004705905914307,0,1.38,
23,afterglow,True color,253.33,-9.980813018341072,2.603649139404297,-9.93159294128418,-11.571789741516113,-8.968140602111816,5.617249011993408,0,1.06,
25,afterglow,カサブタ,196.67,-10.448468653713425,2.463705062866211,-10.171627044677734,-12.198183059692383,-9.734477996826172,1.1236751079559326,0,0.85,
28,afterglow,トーキョーワンダー。,153.77,-10.409524739959682,3.7190752029418945,-10.115164756774902,-13.136017799377441,-9.416942596435547,5.577238082885742,0,0.66,
24,afterglow,Crow Song,244.2,-10.766799235576011,2.9791622161865234,-10.754067420959473,-12.51798152923584,-9.538819313049316,1.42222261428833,0,1.03,
29,afterglow,Reach Out To The Truth,171.47,-10.145127086939766,2.4117469787597656,-10.004999160766602,-11.830384254455566,-9.4186372756958,0.8259223699569702,0,0.72,
27,afterglow,Northern lights,209.1,-10.554252361033194,2.6065454483032227,-10.306978225708008,-12.263459205627441,-9.656913757324219,1.1812533140182495,0,0.85,
26,afterglow,アイのシナリオ,259.83,-11.372673452700758,3.273998260498047,-11.24895191192627,-13.46078109741211,-10.186782836914062,3.4613523483276367,0,1.06,
179,millsage,起死開戦,195.32,-9.835692190340193,2.866635322570801,-9.686347961425781,-11.599854469299316,-8.733219146728516,1.3499743938446045,0,1.58,
237,mugendai_mutype,アイの夢限,200.5,-10.846426913712486,7.2274932861328125,-10.874458312988281,-16.05908966064453,-8.831596374511719,6.04783296585083,0,1.6,
178,ikka_dumb_rock,ホーミー・タイッ！！,215.43,-8.723338585613183,2.0202932357788086,-8.674317359924316,-9.838922500610352,-7.818629264831543,1.1229817867279053,0,1.63,
260,mygo,迷星叫,211.37,-8.85930566065134,3.695164203643799,-8.586535453796387,-11.59472370147705,-7.899559497833252,4.311453342437744,0,1.64,
101,various_artists,Don't be afraid!,238.8,-11.303702340274976,2.8266687393188477,-11.190884590148926,-13.151074409484863,-10.324405670166016,4.526421546936035,0,1.73,
106,hello_happy_world,キミがいなくちゃっ！,243.77,-11.259269587468623,1.9557666778564453,-11.243684768676758,-12.44189453125,-10.486127853393555,2.7699549198150635,0,1.78,
107,hello_happy_world,ハイファイブ∞あどべんちゃっ,272.43,-10.932498608223568,1.3180828094482422,-10.892595291137695,-11.62987995147705,-10.311797142028809,2.6870710849761963,0,1.84,
180,morfonica,Daylight -デイライト-,357.29,-10.313982618770622,1.5591144561767578,-10.21503734588623,-11.17186450958252,-9.612750053405762,0.9767268300056458,0,2.11,
301,pastel_palettes,TITLE IDOL,268.37,-10.970655230415415,2.9628705978393555,-10.843976974487305,-12.957977294921875,-9.99510669708252,4.300227165222168,0,0.81,
375,poppin_party,Yes! BanG_Dream!,309.97,-11.794556539352106,4.904937744140625,-11.799055099487305,-14.824156761169434,-9.919219017028809,2.7192397117614746,0,0.9,
32,afterglow,イマジネーション,177.97,-11.159949489699532,3.9953317642211914,-11.29399585723877,-13.729452133178711,-9.73412036895752,5.233871936798096,0,1.58,
34,afterglow,燦々,194.9,-10.744673081036142,2.1378326416015625,-10.46982479095459,-12.239633560180664,-10.101800918579102,1.2260183095932007,0,1.67,
37,afterglow,ペトリコール・オベーション,219.13,-10.274189730696653,2.982621192932129,-10.180452346801758,-12.331259727478027,-9.348638534545898,5.86303186416626,0,1.87,
30,afterglow,Listen!!,227.47,-10.867349930247025,3.2308530807495117,-10.64625358581543,-12.98669719696045,-9.755844116210938,3.807582378387451,0,1.92,
33,afterglow,Butter-Fly,250.2,-9.60994503188599,2.6741323471069336,-9.529170036315918,-11.293684005737305,-8.619551658630371,3.626802444458008,0,1.94,
35,afterglow,That's why I'm here.,261.87,-10.273894402834582,3.833123207092285,-10.181473731994629,-12.929679870605469,-9.096556663513184,1.7610411643981934,0,2.02,
36,afterglow,IGNITE GLOW,267.37,-10.165351548730614,2.4737625122070312,-10.100004196166992,-11.742962837219238,-9.269200325012207,1.7643965482711792,0,2.04,
31,afterglow,青い栞,336.8,-11.87947644343549,5.463316917419434,-12.098248481750488,-15.507683753967285,-10.044366836547852,5.317088603973389,0,2.27,
38,afterglow,Made My Day,243.97,-9.662747138901997,1.8701658248901367,-9.584695816040039,-10.733748435974121,-8.863582611083984,1.1078386306762695,0,0.89,
39,afterglow,Glowing After,254.49,-9.483970137900164,3.877474784851074,-9.424972534179688,-11.969320297241211,-8.091845512390137,3.2545909881591797,0,0.88,
3,afterglow,I knew it!,291.3,-10.215912777307645,2.1129579544067383,-10.286911964416504,-11.31188678741455,-9.198928833007812,4.940456390380859,0,1.29,
664,mugendai_mutype,等身大あんりみてっど,168.73,-10.009992154470101,3.948678970336914,-9.997082710266113,-12.6384916305542,-8.689812660217285,1.956579327583313,0,0.59,
663,morfonica,深海少女 (Cover),218.13,-10.936517713638604,7.818209648132324,-11.057470321655273,-16.349637985229492,-8.531428337097168,6.139237403869629,0,0.81,
665,mugendai_mutype,好きになっちゃえ！,207.77,-12.385176069893383,7.591373443603516,-11.795806884765625,-18.66756820678711,-11.076194763183594,5.368412971496582,0,0.76,
666,mugendai_mutype,YoU kNOw the overture,174.0,-12.259683948475667,2.7303810119628906,-12.143824577331543,-13.976669311523438,-11.246288299560547,1.4125648736953735,0,0.66,
669,mugendai_mutype,デビルじゃないもん (Cover),164.0,-14.811949981391225,4.966100692749023,-14.760030746459961,-18.18724250793457,-13.221141815185547,2.854612350463867,0,0.68,
667,mugendai_mutype,唱 (Cover),194.61,-13.097829242336548,2.949382781982422,-13.122410774230957,-14.880243301391602,-11.93086051940918,3.7510454654693604,0,0.75,
668,mugendai_mutype,インキャのキャキャキャ (Cover),220.61,-15.481301563066296,2.323589324951172,-15.36568832397461,-16.915748596191406,-14.592159271240234,4.413754940032959,0,0.87,
670,mugendai_mutype,エイリアンエイリアン (Cover),197.63,-11.113510617952947,3.537837028503418,-11.59414291381836,-12.891608238220215,-9.353771209716797,4.719061851501465,0,0.7,
671,mugendai_mutype,ぼくたちいつでも しゅわっしゅわ！ (Cover),184.62,-12.494191336992342,2.196626663208008,-12.592716217041016,-13.720146179199219,-11.523519515991211,2.211289882659912,0,0.65,
673,mugendai_mutype,ビッグマウス feat.りむる (Cover),173.76,-11.503267553237498,4.563877105712891,-10.952104568481445,-14.918025016784668,-10.354147911071777,1.6763997077941895,0,0.66,
672,mugendai_mutype,回レ!雪月花 (Cover),234.52,-12.851208027574618,2.997908592224121,-12.868351936340332,-14.774015426635742,-11.776106834411621,4.371430397033691,0,0.89,
674,mugendai_mutype,KiLLKiSS (Cover),207.66,-12.674906001737568,18.312314987182617,-13.052050590515137,-29.554298400878906,-11.241983413696289,7.565232276916504,0,0.78,
675,mugendai_mutype,君が飛び降りるのならば (Cover),173.78,-9.877351145286253,6.592938423156738,-9.323614120483398,-15.23347282409668,-8.640534400939941,4.8854756355285645,0,0.66,
677,mugendai_mutype,パラレルラルラ (Cover),157.99,-17.774589900901812,5.893444061279297,-18.348979949951172,-21.58316421508789,-15.689720153808594,2.465679168701172,0,0.58,
676,mugendai_mutype,地球最後の告白を (Cover),267.18,-17.90908322247226,10.929143905639648,-18.755168914794922,-26.722137451171875,-15.792993545532227,4.295101165771484,0,1.05,
679,mugendai_mutype,ジレンマ (Cover),167.26,-18.00056487653377,4.691434860229492,-17.79193687438965,-21.195632934570312,-16.50419807434082,1.9648680686950684,0,0.63,
681,mugendai_mutype,メンタルチェンソー (Cover),177.6,-19.696989705510838,3.7459983825683594,-19.525554656982422,-22.129688262939453,-18.383689880371094,1.3532555103302002,0,0.67,
678,mugendai_mutype,夜もすがら君想ふ (Cover),236.77,-17.496565448682215,1.8852272033691406,-17.666175842285156,-18.470619201660156,-16.585391998291016,0.7996911406517029,0,0.9,
680,mugendai_mutype,glow (Cover),287.63,-19.675927261682308,6.0379180908203125,-20.401338577270508,-23.746938705444336,-17.709020614624023,3.946211338043213,0,1.1,
682,mugendai_mutype,ホシアイ (Cover),286.67,-13.604703332090883,4.999571800231934,-13.5580415725708,-17.095714569091797,-12.096142768859863,6.893014907836914,0,1.12,
683,mugendai_mutype,フォニイ (Cover),189.56,-15.361696412247456,7.244956970214844,-16.004880905151367,-20.13315773010254,-12.888200759887695,3.6019630432128906,0,0.7,
684,mugendai_mutype,ELECT (Cover),193.4,-16.9878968861183,5.748743057250977,-17.432662963867188,-21.00839614868164,-15.259653091430664,4.646819114685059,0,0.71,
686,mugendai_mutype,スイートマジック (Cover),216.56,-12.985163281152639,4.223960876464844,-13.203048706054688,-15.336557388305664,-11.11259651184082,5.351212024688721,0,0.81,
685,mugendai_mutype,ユキトキ (Cover),273.11,-11.833982041660038,3.277501106262207,-11.84102725982666,-13.995383262634277,-10.71788215637207,4.262269020080566,0,1.03,
689,mugendai_mutype,ミルククラウン・オン・ソーネチカ (Cover),215.23,-15.208078763555402,2.918516159057617,-15.02886962890625,-17.01368522644043,-14.095169067382812,2.994258165359497,0,0.82,
688,mugendai_mutype,One Last Kiss (Cover),259.56,-16.366779685830785,9.867137908935547,-16.98872947692871,-24.066123962402344,-14.198986053466797,5.570631980895996,0,0.96,
690,mugendai_mutype,決戦スピリット (Cover),272.56,-10.527981018985002,3.2539682388305664,-10.582685470581055,-12.441020965576172,-9.187052726745605,1.8817330598831177,0,1.01,
691,mugendai_mutype,ティアドロップス (Cover),216.55,-14.544439920670312,4.530837059020996,-14.474502563476562,-17.4775390625,-12.946702003479004,1.9698973894119263,0,0.82,
692,mugendai_mutype,ロウワー (Cover),230.93,-13.07655720497535,6.723221778869629,-13.293131828308105,-17.664262771606445,-10.941040992736816,3.7217931747436523,0,0.83,
687,mugendai_mutype,少年よ我に帰れ (Cover),390.02,-13.407136812941525,11.391670227050781,-13.779082298278809,-22.84749984741211,-11.455829620361328,4.431159019470215,0,1.48,
693,mugendai_mutype,ハイドアンド・シーク (Cover),265.53,-12.17444431301043,2.2287721633911133,-12.106239318847656,-13.560745239257812,-11.3319730758667,0.8466737866401672,0,0.98,
695,mugendai_mutype,GURU (Cover),191.51,-14.500763019468083,4.509629249572754,-14.546268463134766,-17.141149520874023,-12.63152027130127,2.120145082473755,0,0.71,
694,mugendai_mutype,不可解 (Cover),277.76,-12.10458315553427,4.36296272277832,-11.730478286743164,-15.411280632019043,-11.048317909240723,4.187594890594482,0,1.01,
696,mugendai_mutype,経験値上昇中☆ (Cover),231.84,-15.642395845601813,2.5571041107177734,-15.585565567016602,-17.0933895111084,-14.536285400390625,1.5538514852523804,0,0.88,
697,mugendai_mutype,翼をください (Cover),218.99,-15.103459460602823,8.414929389953613,-14.937506675720215,-21.943340301513672,-13.528410911560059,4.678015232086182,0,0.85,
698,mugendai_mutype,元気を出して (Cover),290.01,-12.24691223291009,6.840465545654297,-11.990280151367188,-18.0743350982666,-11.233869552612305,6.148481369018555,0,1.06,
699,mugendai_mutype,ハッピー☆マテリアル (Cover),224.87,-13.504736844430289,2.6202592849731445,-13.500978469848633,-15.210834503173828,-12.590575218200684,2.391389846801758,0,0.83,
703,mugendai_mutype,CH4NGE (Cover),139.41,-10.287517434091576,4.133637428283691,-10.416803359985352,-12.731111526489258,-8.597474098205566,4.563878059387207,0,0.53,
700,mugendai_mutype,時をかける少女 (Cover),232.04,-12.54050673630473,3.409219741821289,-12.374201774597168,-15.022828102111816,-11.613608360290527,4.651306629180908,0,0.91,
701,mugendai_mutype,TOMORROW (Cover),289.37,-14.267739925978255,3.3977203369140625,-14.483084678649902,-16.214792251586914,-12.817071914672852,3.191343307495117,1,1.1,
706,mugendai_mutype,なにやってもうまくいかない (Cover),151.04,-12.475540116719483,4.74992561340332,-12.635934829711914,-15.411843299865723,-10.661917686462402,2.3212132453918457,0,0.51,
705,mugendai_mutype,撫でんな (Cover),187.45,-15.145091615360405,6.5211029052734375,-15.918643951416016,-19.460935592651367,-12.93983268737793,2.3888416290283203,0,0.68,
704,mugendai_mutype,絶え間なく藍色 (Cover),221.1,-14.187884562288195,5.784608840942383,-14.220376968383789,-18.026397705078125,-12.241788864135742,2.3552935123443604,1,0.79,
702,mugendai_mutype,PARTY☆NIGHT（D-POP version） (Cover),320.39,-10.360776203559713,3.233464241027832,-10.106300354003906,-12.657876014709473,-9.42441177368164,5.360296249389648,0,1.21,
707,mugendai_mutype,マーシャル・マキシマイザー (Cover),162.12,-13.98332040969032,6.4263458251953125,-14.939593315124512,-17.963878631591797,-11.537532806396484,3.1310253143310547,1,0.58,
708,mugendai_mutype,ZEAL of proud (Cover),279.23,-12.97665808848985,2.616779327392578,-12.86443042755127,-14.607847213745117,-11.991067886352539,3.306029796600342,0,1.0,
713,mugendai_mutype,唱 (Cover),194.61,-13.097829242336548,2.949382781982422,-13.122410774230957,-14.880243301391602,-11.93086051940918,3.7510454654693604,0,0.74,
709,mugendai_mutype,繰り返し一粒 (Cover),256.0,-13.568075336327151,5.352015495300293,-13.346673965454102,-17.71994400024414,-12.367928504943848,6.4124226570129395,0,0.95,
712,millsage,カーネーションの咲く日に,238.0,-9.901048447227623,6.808923721313477,-9.650135040283203,-15.104423522949219,-8.295499801635742,4.012322425842285,0,0.92,
710,poppin_party,乙女はサイコパス (Cover),256.88,-9.777219817988804,4.31342887878418,-9.649269104003906,-12.981483459472656,-8.668054580688477,3.953494071960449,0,0.99,
711,roselia,Neo-Aspect,310.3,-10.053757431127588,3.2635726928710938,-9.926515579223633,-12.215425491333008,-8.951852798461914,3.353637218475342,0,1.2,
715,mugendai_mutype,デビルじゃないもん (Cover),164.0,-14.811949981391225,4.966100692749023,-14.760030746459961,-18.18724250793457,-13.221141815185547,2.854612350463867,0,0.64,
714,mugendai_mutype,インキャのキャキャキャ (Cover),220.61,-15.481301563066296,2.323589324951172,-15.36568832397461,-16.915748596191406,-14.592159271240234,4.413754940032959,0,0.83,
717,mugendai_mutype,ぼくたちいつでも しゅわっしゅわ！ (Cover),184.62,-12.494191336992342,2.196626663208008,-12.592716217041016,-13.720146179199219,-11.523519515991211,2.211289882659912,0,0.72,
716,mugendai_mutype,エイリアンエイリアン (Cover),197.63,-11.113510617952947,3.537837028503418,-11.59414291381836,-12.891608238220215,-9.353771209716797,4.719061851501465,0,0.76,
719,mugendai_mutype,ビッグマウス feat.りむる (Cover),173.76,-11.503267553237498,4.563877105712891,-10.952104568481445,-14.918025016784668,-10.354147911071777,1.6763997077941895,0,0.66,
718,mugendai_mutype,回レ!雪月花 (Cover),234.52,-12.851208027574618,2.997908592224121,-12.868351936340332,-14.774015426635742,-11.776106834411621,4.371430397033691,0,0.9,
720,mugendai_mutype,KiLLKiSS (Cover),215.32,-12.685919596122229,18.66997718811035,-13.055395126342773,-29.83796501159668,-11.167987823486328,7.722602367401123,0,0.82,
721,mygo,二息歩行 (Reloaded) (Cover),198.01,-14.658708399579547,5.503907203674316,-14.867255210876465,-18.730051040649414,-13.226143836975098,3.0089504718780518,0,0.75,
722,mygo,社会距離 (Cover),243.25,-13.142792625275769,3.7709712982177734,-13.288215637207031,-15.513160705566406,-11.742189407348633,4.129673480987549,0,0.92,
723,mygo,君の神様になりたい。 (Cover),253.33,-13.494578789686752,4.63935661315918,-14.07982063293457,-16.33631134033203,-11.696954727172852,5.867280006408691,0,0.95,
725,mygo,ティアドロップス (Cover),215.05,-11.575082956073356,3.4478654861450195,-11.495866775512695,-14.118315696716309,-10.670450210571289,2.3399546146392822,0,0.81,
724,mygo,Henceforth (Cover),234.3,-14.376179647356894,12.60793399810791,-17.121660232543945,-23.81316375732422,-11.205229759216309,5.160788059234619,0,0.88,
726,mygo,遠心力 (Cover),197.48,-14.303173515649291,5.271346092224121,-14.339150428771973,-17.9572696685791,-12.68592357635498,2.3830411434173584,0,0.71,
727,mygo,ないばいたりてぃ (Cover),213.02,-12.78048523707199,1.897226333618164,-12.91468334197998,-13.785598754882812,-11.888372421264648,0.875584602355957,0,0.77,
729,mygo,もしも命が描けたら (Cover),201.94,-26.647683333268514,4.901762008666992,-26.337961196899414,-30.073408126831055,-25.171646118164062,3.761131525039673,0,0.75,
731,mygo,パメラ (Cover),194.6,-14.810356148058933,9.803787231445312,-15.452886581420898,-22.30342674255371,-12.499639511108398,5.513902187347412,0,0.73,
728,mygo,キリトリセン (Cover),237.25,-13.241676551959566,3.886381149291992,-13.289701461791992,-15.35734748840332,-11.470966339111328,2.953214645385742,0,0.9,
730,mygo,TEENAGE RIOT (Cover),223.77,-12.640444581942608,4.078139305114746,-12.7945556640625,-15.471413612365723,-11.393274307250977,1.555601716041565,0,0.83,
733,mygo,シンデレラボーイ (Cover),231.64,-13.155711678053411,3.8957910537719727,-13.236227989196777,-15.447748184204102,-11.551957130432129,2.155574083328247,0,0.81,
732,mygo,栞 (Cover),262.97,-12.84636046120342,3.1124439239501953,-12.753778457641602,-14.851725578308105,-11.73928165435791,2.574734687805176,0,0.97,
737,roselia,擬態ごっこ (Cover),147.55,-11.940752139039835,6.2217559814453125,-11.774639129638672,-16.400741577148438,-10.178985595703125,2.7336111068725586,0,0.5,
736,mygo,恋してる自分すら愛せるんだ (Cover),223.6,-24.85257117838304,8.76361083984375,-25.036090850830078,-31.656354904174805,-22.892744064331055,6.426947116851807,0,0.76,
735,mygo,正しくなれない (Cover),241.65,-21.31111256309931,9.019681930541992,-21.296371459960938,-28.971633911132812,-19.95195198059082,4.354508399963379,0,0.81,
734,mygo,少女レイ (Cover),288.8,-13.796053298636133,10.831296920776367,-13.996502876281738,-22.988243103027344,-12.156946182250977,7.563782691955566,1,0.97,
46,afterglow,メンタルチェンソー (Cover),177.4,-10.644164276537738,2.793766975402832,-10.545374870300293,-12.442008972167969,-9.648241996765137,1.0218474864959717,0,1.93,
45,afterglow,abnormalize (Cover),219.03,-10.330948514370494,3.786113739013672,-10.251218795776367,-12.745166778564453,-8.959053039550781,4.8254923820495605,0,2.16,
47,afterglow,Bunny Girl (Cover),217.23,-11.611832379935164,3.4120054244995117,-11.586645126342773,-13.917045593261719,-10.505040168762207,1.26787531375885,0,2.15,
44,afterglow,READY STEADY GO (Cover),221.33,-10.393187903357065,3.181570053100586,-10.173257827758789,-12.362332344055176,-9.18076229095459,3.348768711090088,0,2.19,
40,afterglow,A Sunset So Bright,231.11,-9.281351023594398,2.642207145690918,-9.015908241271973,-10.961740493774414,-8.319533348083496,4.452558994293213,0,2.24,
43,afterglow,花笑みのデュオ,250.31,-9.14375258734692,3.4912567138671875,-8.935758590698242,-11.751587867736816,-8.260331153869629,6.294183731079102,0,2.31,
42,afterglow,“Say cheese!!!!!”,261.07,-9.474491772849623,1.4896478652954102,-9.403491020202637,-10.366243362426758,-8.876595497131348,5.103694915771484,0,2.41,
41,afterglow,Start as Usual,276.27,-9.989062421357781,2.5784950256347656,-9.826653480529785,-11.67825698852539,-9.099761962890625,4.2737627029418945,0,2.48,
48,afterglow,オレンジ (Cover),235.6,-10.754030561943761,4.58387565612793,-10.968990325927734,-13.833423614501953,-9.249547958374023,6.18212366104126,0,1.3,
53,afterglow,チルドレンレコード (Re:boot) (Cover),189.71,-10.818795287532726,4.022705078125,-10.615596771240234,-13.582265853881836,-9.559560775756836,4.4015326499938965,0,1.02,
52,afterglow,CHAINSAW BLOOD (Cover),203.12,-11.053990864504357,3.417177200317383,-11.022113800048828,-13.169078826904297,-9.751901626586914,1.4367130994796753,0,1.17,
51,afterglow,ロキ (Cover),230.03,-11.178045624985106,2.46970272064209,-11.228471755981445,-12.480447769165039,-10.01074504852295,1.0598989725112915,0,1.26,
50,afterglow,DAY×DAY (Cover),219.07,-9.426798170737518,3.8534412384033203,-9.174654006958008,-12.220072746276855,-8.366631507873535,5.875433921813965,0,1.28,
49,afterglow,カゲロウデイズ (Cover),233.71,-11.369588711675483,3.772036552429199,-11.880983352661133,-13.4772367477417,-9.7052001953125,2.4924986362457275,0,1.29,
54,afterglow,青のすみか (Cover),197.4,-9.512378234870193,5.735533714294434,-9.784990310668945,-13.536672592163086,-7.801138877868652,3.67878794670105,0,1.07,
55,afterglow,GO!!! (Cover),239.67,-10.18721708163003,2.0809059143066406,-10.051774024963379,-11.508454322814941,-9.4275484085083,1.1524773836135864,0,1.39,
56,afterglow,天ノ弱 (Cover),187.77,-9.807370367842113,3.304037094116211,-9.789968490600586,-11.80905532836914,-8.50501823425293,1.684543490409851,0,0.99,
57,afterglow,アスノヨゾラ哨戒班 (Cover),192.03,-10.016413655887883,4.120265960693359,-9.963376998901367,-12.85301399230957,-8.732748031616211,2.4011294841766357,0,1.01,
58,afterglow,瞬間センチメンタル (Cover),230.93,-10.54456114435566,2.1607351303100586,-10.480583190917969,-11.837260246276855,-9.676525115966797,1.000936508178711,0,1.2,
62,afterglow,インフェルノ (Cover),214.17,-11.09963671712552,2.526413917541504,-11.07064151763916,-12.594820976257324,-10.06840705871582,1.0047017335891724,0,1.16,
59,afterglow,プライド革命 (Cover),238.53,-12.00071404283671,4.428055763244629,-12.201193809509277,-14.85095500946045,-10.42289924621582,2.1993331909179688,0,1.24,
60,afterglow,命に嫌われている。 (Cover),274.1,-11.812615422973238,7.896788597106934,-12.426000595092773,-17.245162963867188,-9.348374366760254,4.227819919586182,0,1.44,
61,afterglow,Redo (Cover),261.57,-11.025557472240878,3.7117576599121094,-10.924501419067383,-13.374397277832031,-9.662639617919922,3.170363187789917,0,1.46,
63,afterglow,ドラマツルギー (Cover),238.6,-9.96917031656199,2.107213020324707,-9.931873321533203,-11.355339050292969,-9.248126029968262,3.1437792778015137,0,1.23,
65,afterglow,午夜の待ち合わせ (Cover),171.53,-10.794489017970273,3.847484588623047,-10.946946144104004,-13.329608917236328,-9.482124328613281,5.503796577453613,0,0.87,
64,afterglow,COLORS (Cover),218.8,-11.352808858321248,2.919656753540039,-11.296916961669922,-13.329405784606934,-10.409749031066895,4.189991474151611,0,1.11,
69,afterglow,Part of the Life,88.66,-9.620688634893796,2.78839111328125,-9.357372283935547,-11.457559585571289,-8.669168472290039,1.0581886768341064,0,0.46,
66,afterglow,サムライハート（Some Like It Hot!!） (Cover),190.63,-10.872837491836625,2.3873844146728516,-10.823471069335938,-12.346464157104492,-9.95907974243164,1.16648268699646,0,0.98,
67,afterglow,ベノム (Cover),198.5,-10.960536071304713,2.4103641510009766,-10.888038635253906,-12.303885459899902,-9.893521308898926,1.6426832675933838,0,1.01,
68,afterglow,Don't say “lazy” (Cover),275.67,-10.856190186158718,2.726565361022949,-10.669839859008789,-12.49450969696045,-9.7679443359375,3.4020438194274902,0,1.39,
70,afterglow,Punchline Halloween!!!,234.17,-11.358380316924274,2.309232711791992,-11.20654296875,-12.839207649230957,-10.529974937438965,2.1007473468780518,0,1.19,
72,ave_mujica,KiLLKiSS,208.77,-8.59538436083928,17.370628833770752,-8.582440376281738,-24.880102157592773,-7.5094733238220215,7.925603866577148,0,1.08,
74,ave_mujica,Imprisoned XII,192.17,-13.271724878648264,11.777116775512695,-15.574273109436035,-22.074661254882812,-10.297544479370117,7.21806001663208,0,1.02,
71,afterglow,I love your way！,263.7,-9.914402857674924,1.5819664001464844,-9.868066787719727,-10.753398895263672,-9.171432495117188,1.0483695268630981,0,1.32,
73,ave_mujica,"Georgette Me, Georgette You",234.68,-10.651965362506385,11.029388427734375,-10.587749481201172,-19.212263107299805,-8.18287467956543,4.563849925994873,0,1.29,
76,ave_mujica,八芒星ダンス,231.55,-9.607776714752474,9.368267059326172,-9.507467269897461,-18.277864456176758,-8.909597396850586,5.98412561416626,0,1.26,
75,ave_mujica,Crucifix X,299.0,-11.24426276052275,7.9297943115234375,-11.030651092529297,-17.8060302734375,-9.876235961914062,2.954054832458496,0,1.6,
77,ave_mujica,顔,242.17,-9.189775266580217,1.6558513641357422,-9.086739540100098,-10.222814559936523,-8.566963195800781,3.7499825954437256,0,1.24,
79,ave_mujica,黒のバースデイ,234.26,-7.884065370147881,13.09752607345581,-7.962608814239502,-19.9173526763916,-6.819826602935791,7.333366394042969,0,1.19,
78,ave_mujica,天球のMúsica,280.33,-8.666050702639591,5.779750823974609,-8.396254539489746,-13.408699035644531,-7.628948211669922,5.312971115112305,0,1.38,
82,ave_mujica,神さま、バカ,223.98,-8.69257441635681,7.110873699188232,-8.390848159790039,-14.203203201293945,-7.092329502105713,2.7621419429779053,0,1.1,
81,ave_mujica,Choir ‘S’ Choir,288.14,-8.872043648789122,7.613003730773926,-8.812175750732422,-15.13231372833252,-7.519309997558594,5.675406455993652,0,1.49,
80,ave_mujica,ふたつの月 ~Deep Into The Forest~,304.92,-9.231712565294877,6.108948707580566,-9.501917839050293,-13.75015640258789,-7.641207695007324,6.316075325012207,0,1.59,
83,ave_mujica,Mas?uerade Rhapsody Re?uest,249.79,-9.000896514866726,4.904573917388916,-8.607278823852539,-12.721786499023438,-7.8172125816345215,6.169887542724609,0,1.26,
84,ave_mujica,Ave Mujica,277.99,-18.68404468940468,4.491092681884766,-18.99513053894043,-21.35317039489746,-16.862077713012695,4.85053014755249,0,1.43,
86,ave_mujica,Symbol II : Air,212.81,-7.766906553460189,2.5899782180786133,-7.704740524291992,-9.302618026733398,-6.712639808654785,1.1239166259765625,0,1.13,
87,ave_mujica,Symbol III : ▽,256.93,-12.46701333718072,6.8833160400390625,-12.320196151733398,-17.649927139282227,-10.766611099243164,3.3602023124694824,0,1.38,
85,ave_mujica,Symbol I : △,312.18,-7.813208068525772,2.717318534851074,-7.563204765319824,-9.593161582946777,-6.875843048095703,3.021665573120117,0,1.62,
88,ave_mujica,Symbol IV : Earth,239.14,-8.486549721575615,3.3423404693603516,-8.46379280090332,-10.523274421691895,-7.180933952331543,4.6270246505737305,0,1.26,
91,ave_mujica,in your blue eyes,222.77,-9.223369874849814,16.499769687652588,-10.181941986083984,-23.65485382080078,-7.155084133148193,8.977519035339355,0,1.14,
90,ave_mujica,The Whole Blue World,257.3,-9.953489622407396,4.0221710205078125,-10.361372947692871,-12.300397872924805,-8.278226852416992,6.1703691482543945,0,1.38,
89,ave_mujica,Ether,285.69,-7.77098092481323,7.5520124435424805,-7.828178882598877,-14.089821815490723,-6.537809371948242,6.532409191131592,0,1.52,
95,ave_mujica,Sophie,197.01,-11.514205140719817,4.2645416259765625,-11.627464294433594,-14.136165618896484,-9.871623992919922,3.0903282165527344,0,1.01,
92,ave_mujica,素晴らしき世界 でも どこにもない場所,269.5,-10.04060837037725,4.408465385437012,-9.954058647155762,-12.933135032653809,-8.524669647216797,3.32671856880188,0,1.41,
93,ave_mujica,Angles,275.08,-11.145775402945453,9.959223747253418,-11.938335418701172,-18.563982009887695,-8.604758262634277,6.371791362762451,0,1.41,
96,ave_mujica,‘S/’ The Way,227.45,-7.762845058482683,2.141876697540283,-7.737611770629883,-9.061994552612305,-6.9201178550720215,1.7710394859313965,0,1.15,
94,ave_mujica,DIVINE,257.63,-8.30074836114903,2.996811866760254,-8.387195587158203,-10.101468086242676,-7.104656219482422,1.1231507062911987,0,1.33,
98,ave_mujica,堕天 (Cover),183.79,-9.307645971025316,2.7830066680908203,-9.1605806350708,-11.234896659851074,-8.451889991760254,5.820954322814941,0,0.98,
97,ave_mujica,碧い瞳の中に,223.96,-11.089828000742047,15.152460098266602,-11.872515678405762,-24.256404876708984,-9.103944778442383,8.575268745422363,0,1.17,
103,various_artists,"Be shine, shining!",96.33,-11.600929206942022,4.7292375564575195,-11.43264389038086,-15.218023300170898,-10.488785743713379,5.773405075073242,0,0.54,
99,ave_mujica,KINGS (Cover),317.63,-8.898797611402165,3.0127720832824707,-8.671940803527832,-10.806323051452637,-7.793550968170166,1.4647094011306763,0,1.6,
102,various_artists,Glee! Glee! Glee!,211.83,-11.37451842642044,4.078926086425781,-11.192527770996094,-14.40788459777832,-10.328958511352539,3.8373849391937256,0,1.14,
100,ave_mujica,暗黒天国 (Cover),265.32,-9.762705548722456,3.5814437866210938,-9.42956829071045,-12.174962997436523,-8.59351921081543,3.1101491451263428,0,1.39,
104,various_artists,"Here, the world",263.24,-9.600561276661105,3.709371566772461,-9.459714889526367,-12.173514366149902,-8.464142799377441,1.9926804304122925,0,1.38,
108,hello_happy_world,スマイルブーケで た〜まや〜！,271.97,-11.735987069226116,2.6875219345092773,-11.67621898651123,-13.382030487060547,-10.69450855255127,2.24037766456604,0,1.45,
110,hello_happy_world,YAPPY! SCHOOL CARNIVAL☆彡,235.2,-11.972288966314167,2.1809329986572266,-12.21712875366211,-13.089150428771973,-10.908217430114746,3.326324939727783,0,1.21,
109,hello_happy_world,えがお･シング･あ･ソング,249.2,-11.100688323796518,4.045218467712402,-11.079339981079102,-13.694069862365723,-9.64885139465332,3.5712742805480957,0,1.3,
105,various_artists,CiRCLE THANKS MUSiC♪,313.7,-11.452374995669716,3.095036506652832,-11.343305587768555,-13.34680461883545,-10.251768112182617,4.242328643798828,0,1.61,
111,hello_happy_world,にこ×にこ=ハイパースマイルパワー！,233.3,-10.676509104735082,2.246150016784668,-10.511664390563965,-12.17314624786377,-9.926996231079102,2.803213119506836,0,1.21,
112,hello_happy_world,ないすみちゅっ！,257.2,-11.856520567833405,2.4346160888671875,-11.829595565795898,-13.325106620788574,-10.890490531921387,4.294839859008789,0,1.3,
113,hello_happy_world,ゴーカ！ごーかい！？ファントムシーフ！,219.84,-10.686717504306767,2.657562255859375,-10.720075607299805,-12.225424766540527,-9.567862510681152,2.636350154876709,0,1.11,
114,hello_happy_world,うぃーきゃん☆フレフレっ！,239.64,-11.684815319656753,2.5329790115356445,-11.756336212158203,-12.843836784362793,-10.310857772827148,2.119954824447632,0,1.16,
118,hello_happy_world,せかいのっびのびトレジャー！,212.7,-10.317159792507322,2.8613052368164062,-10.406610488891602,-11.946115493774414,-9.084810256958008,3.6026341915130615,0,1.07,
115,hello_happy_world,えがおのオーケストラっ！,230.2,-12.975827892468102,5.681584358215332,-13.48847484588623,-16.506412506103516,-10.824828147888184,3.9989230632781982,0,1.17,
116,hello_happy_world,にこにこねくと！,250.64,-12.868810073882845,3.0499067306518555,-12.711088180541992,-14.764634132385254,-11.714727401733398,5.192893981933594,0,1.24,
117,hello_happy_world,ふぁいぶスマイル◯オールインっ！,246.3,-10.776420679803627,4.198756217956543,-10.596324920654297,-13.619768142700195,-9.421011924743652,4.598998546600342,0,1.24,
119,hello_happy_world,きらっ☆と キミフェス！,231.07,-11.958181530412167,3.3999414443969727,-12.193840026855469,-14.333364486694336,-10.933423042297363,4.185818195343018,0,1.15,
120,hello_happy_world,うちゃパ！で ぱっぴかポーんっ！,217.77,-10.484551827330316,2.9186134338378906,-10.402170181274414,-12.39405345916748,-9.47544002532959,4.778605937957764,0,1.12,
121,hello_happy_world,はれやか すこやか ぴかりんりん♪,256.37,-10.633299766758963,3.120288848876953,-10.579526901245117,-12.655488967895508,-9.535200119018555,1.4140735864639282,0,1.29,
123,hello_happy_world,Happy! Happier! Happiest!,242.9,-10.544637397844252,3.2431488037109375,-10.536237716674805,-12.629607200622559,-9.386458396911621,4.044670581817627,0,1.26,
124,hello_happy_world,現るっ！大怪盗ハロハッピー！,224.1,-10.341046974773597,2.5330286026000977,-10.301328659057617,-11.94286060333252,-9.409832000732422,4.6350579261779785,0,1.2,
122,hello_happy_world,ふわふわ☆ゆめいろサンドイッチ,292.0,-12.337480757071525,2.0442867279052734,-12.409008026123047,-13.400020599365234,-11.355733871459961,3.421358585357666,0,1.47,
125,hello_happy_world,わちゃ・もちゃ・ぺったん行進曲,233.2,-10.689923850859639,3.1432485580444336,-11.025127410888672,-12.424328804016113,-9.28108024597168,3.8506927490234375,0,1.25,
126,hello_happy_world,おもいでイルミネーション,252.7,-10.347848483145437,1.9765644073486328,-10.32284164428711,-11.510899543762207,-9.534335136413574,5.070178985595703,0,1.34,
128,hello_happy_world,ハピネスっ！ハピィーマジカルっ♪,210.6,-9.887646384600659,2.9396867752075195,-9.728992462158203,-11.706218719482422,-8.766531944274902,5.620991230010986,0,1.06,
127,hello_happy_world,おもいやりハーモニー,231.5,-11.550184942157395,4.995428085327148,-11.38350772857666,-14.985236167907715,-9.989808082580566,5.531323432922363,0,1.27,
129,hello_happy_world,えがお、あーゆーれでぃ???,226.3,-10.76282645482609,3.9900903701782227,-10.721445083618164,-13.478299140930176,-9.488208770751953,4.613725662231445,0,1.21,
132,hello_happy_world,ハッピー☆マテリアル,225.03,-10.913903718047264,2.584965705871582,-10.919943809509277,-12.401504516601562,-9.81653881072998,2.432492733001709,0,1.22,
133,hello_happy_world,太陽曰く燃えよカオス,239.2,-11.24654563854585,2.301325798034668,-11.379152297973633,-12.580989837646484,-10.279664039611816,3.6895580291748047,0,1.26,
135,hello_happy_world,コレカラ,214.93,-11.349575890483791,2.606901168823242,-11.325226783752441,-12.983968734741211,-10.377067565917969,1.2414140701293945,0,1.09,
130,hello_happy_world,ハッピーサマーウェディング,284.67,-10.318369895232324,2.560610771179199,-10.361242294311523,-11.874127388000488,-9.313516616821289,2.5735881328582764,0,1.58,
134,hello_happy_world,エクストラ・マジック・アワー,255.3,-11.34962854952005,2.4733400344848633,-11.198674201965332,-12.929566383361816,-10.456226348876953,2.5745363235473633,0,1.41,
131,hello_happy_world,ひまわりの約束,307.3,-11.829096133340865,8.408624649047852,-11.351546287536621,-18.859281539916992,-10.45065689086914,5.032730579376221,0,1.66,
136,hello_happy_world,全力少年,241.8,-12.268032106228478,2.938216209411621,-12.12255859375,-14.071148872375488,-11.132932662963867,2.336052894592285,0,1.25,
137,hello_happy_world,オレンジ,278.4,-12.337283878333158,5.445706367492676,-12.225139617919922,-16.374408721923828,-10.928702354431152,4.742941856384277,0,1.42,
139,hello_happy_world,ン・パカマーチ,156.0,-10.918524019898216,4.069149971008301,-10.80714225769043,-13.815960884094238,-9.746810913085938,5.733060359954834,0,0.88,
138,hello_happy_world,Happy Girl,238.13,-11.933541440765085,2.7773876190185547,-11.667988777160645,-13.727680206298828,-10.950292587280273,4.029718399047852,0,1.24,
141,hello_happy_world,ボクらの夏's☆ショーたいむっ！！,206.8,-10.981520535531304,3.179536819458008,-11.184473991394043,-12.855223655700684,-9.675686836242676,3.702664613723755,0,1.09,
140,hello_happy_world,サンバロハッピ〜！,216.5,-11.44924410663585,2.8935585021972656,-11.567747116088867,-13.140729904174805,-10.247171401977539,4.309270858764648,0,1.15,
143,hello_happy_world,キミを れっつ・はぶ・ふぁん♪,235.0,-10.203006274512239,2.438282012939453,-10.129382133483887,-11.620073318481445,-9.181791305541992,2.0464723110198975,0,1.26,
142,hello_happy_world,むすんでわらって,241.97,-11.943199847125479,4.757108688354492,-11.731916427612305,-15.502967834472656,-10.745859146118164,4.984442710876465,0,1.28,
144,hello_happy_world,らいふ・いず・みゅーじかるっ♪♪♪,237.7,-11.315595812219135,3.1788854598999023,-11.15504264831543,-13.379133224487305,-10.200247764587402,5.3682942390441895,0,1.18,
146,hello_happy_world,やっほー！いっぽ！わんだふぉー！,212.33,-10.160987353119953,1.9128303527832031,-10.15481185913086,-11.257610321044922,-9.344779968261719,3.5895378589630127,0,1.01,
145,hello_happy_world,れっつ・スマイル・すとり〜みんぐっ♪,227.63,-9.83617927001358,5.511170387268066,-9.678548812866211,-14.195627212524414,-8.684456825256348,2.2117316722869873,0,1.09,
147,hello_happy_world,とーくとぅみー・とーくとぅゆー,208.57,-9.26036450889673,1.8681764602661133,-9.256854057312012,-10.315313339233398,-8.447136878967285,1.5400290489196777,0,0.96,
152,hello_happy_world,上海ハニー (Cover),178.23,-12.05101000964998,2.7882137298583984,-12.012238502502441,-13.698962211608887,-10.910748481750488,4.615764141082764,0,0.85,
148,hello_happy_world,ハイタッチ／＼びりーばーず☆,254.37,-10.165902020543905,3.3553504943847656,-9.981813430786133,-12.50196647644043,-9.146615982055664,4.455851078033447,0,1.15,
149,hello_happy_world,Listen to Smile!,244.17,-10.066798878140778,3.1512861251831055,-10.185822486877441,-12.095369338989258,-8.944083213806152,4.3635573387146,0,1.1,
150,hello_happy_world,スマイリーキャロル,247.07,-10.187615383396011,3.708089828491211,-10.00057601928711,-12.760663032531738,-9.052573204040527,3.9826159477233887,0,1.23,
153,hello_happy_world,シル・ヴ・プレジデント (Cover),193.5,-11.701883068097354,2.9442243576049805,-11.715010643005371,-13.433073043823242,-10.488848686218262,1.3418711423873901,0,0.95,
155,hello_happy_world,はいよろこんで (Cover),160.23,-11.872978393640642,2.328843116760254,-11.74415111541748,-13.338000297546387,-11.009157180786133,1.6372960805892944,0,0.79,
151,hello_happy_world,えがお、み〜っけた！,270.2,-12.325010503759614,4.671746253967285,-12.169288635253906,-15.698891639709473,-11.027145385742188,3.632750988006592,0,1.36,
154,hello_happy_world,ヒャダインのじょーじょーゆーじょー (Cover),251.1,-11.14834512793041,2.536283493041992,-11.128931045532227,-12.597627639770508,-10.061344146728516,4.257349491119385,0,1.25,
157,hello_happy_world,強風オールバック (Cover),135.1,-11.794797448264362,1.995138168334961,-11.840962409973145,-13.05511474609375,-11.059976577758789,1.378621220588684,0,0.75,
156,hello_happy_world,シカ色デイズ (Cover),202.17,-10.821796055536716,3.7760467529296875,-10.82927417755127,-13.08332633972168,-9.307279586791992,2.091859817504883,0,1.08,
158,hello_happy_world,最高到達点 (Cover),226.67,-11.517461940421024,4.562474250793457,-11.638932228088379,-14.549481391906738,-9.987007141113281,4.4599103927612305,0,1.18,
159,hello_happy_world,許婚っきゅん (Cover),177.47,-11.82964400415266,2.0507078170776367,-11.940960884094238,-12.95691967010498,-10.906211853027344,5.968377590179443,0,0.87,
161,hello_happy_world,ドレミファロンド (Cover),200.63,-12.469751936595182,2.267436981201172,-12.57605266571045,-13.604124069213867,-11.336687088012695,4.253281116485596,0,1.05,
162,hello_happy_world,きゅうくらりん (Cover),214.83,-10.283432411913502,3.555692672729492,-9.916000366210938,-12.761436462402344,-9.205743789672852,1.3728647232055664,0,1.11,
164,hello_happy_world,エイリアンエイリアン (Cover),183.13,-12.758852030216278,3.443338394165039,-12.881019592285156,-14.890413284301758,-11.447074890136719,5.322456359863281,0,0.93,
160,hello_happy_world,新宝島 (Cover),251.2,-10.080196406770414,4.294221878051758,-9.929272651672363,-12.854330062866211,-8.560108184814453,3.325868844985962,0,1.35,
165,hello_happy_world,いーあるふぁんくらぶ (Cover),239.67,-11.778792303082405,4.9710798263549805,-12.01815128326416,-14.995805740356445,-10.024725914001465,4.354196071624756,0,1.19,
167,hello_happy_world,恋愛裁判 (Cover),223.13,-11.792394096152192,2.8405885696411133,-11.846965789794922,-13.485848426818848,-10.645259857177734,3.734590530395508,0,1.18,
166,hello_happy_world,回レ！雪月花 (Cover),234.83,-12.095257012634203,3.813692092895508,-12.311884880065918,-14.510215759277344,-10.696523666381836,4.1870598793029785,0,1.21,
163,hello_happy_world,ロメオ (Cover),320.2,-11.145115502157276,5.274652481079102,-11.805055618286133,-14.76024341583252,-9.485590934753418,6.453822135925293,0,1.72,
171,hello_happy_world,ようこそジャパリパークへ (Cover),206.23,-10.043406956568754,2.865279197692871,-9.936624526977539,-11.9750394821167,-9.109760284423828,6.147014141082764,0,1.09,
169,hello_happy_world,GO! GO! MANIAC (Cover),249.1,-10.364241387081465,2.2769832611083984,-10.111305236816406,-11.917811393737793,-9.640828132629395,3.6635329723358154,0,1.29,
168,hello_happy_world,TOMORROW (Cover),274.9,-11.522934275135762,2.0533409118652344,-11.315961837768555,-12.786653518676758,-10.733312606811523,2.7863614559173584,0,1.4,
170,hello_happy_world,Dragon Night (Cover),228.73,-14.209117495036054,6.02919864654541,-14.09173583984375,-18.67539405822754,-12.646195411682129,5.303607940673828,1,1.2,
174,hello_happy_world,ダーリンダンス (Cover),207.63,-11.176696119125122,1.7741889953613281,-11.149106979370117,-12.266069412231445,-10.491880416870117,4.37412691116333,0,1.06,
172,hello_happy_world,ウィーアー！ (Cover),241.13,-11.097109322136477,2.313199043273926,-10.877236366271973,-12.540782928466797,-10.227583885192871,1.2895787954330444,0,1.24,
173,hello_happy_world,おジャ魔女カーニバル!! (Cover),217.37,-11.995012689003646,2.4688453674316406,-11.954734802246094,-13.380940437316895,-10.912095069885254,3.3839056491851807,0,1.15,
175,hello_happy_world,ノーポイッ！ (Cover),242.97,-10.450688557601422,2.2493953704833984,-10.434259414672852,-11.717904090881348,-9.46850872039795,1.257574439048767,0,1.22,
181,morfonica,メランコリックララバイ,216.07,-10.565529799576991,3.0133466720581055,-10.554490089416504,-12.528722763061523,-9.515376091003418,5.238626956939697,0,1.13,
177,hello_happy_world,シルエット (Cover),241.03,-10.324967464288237,2.347810745239258,-10.230170249938965,-11.724209785461426,-9.376399040222168,5.069308757781982,0,1.22,
182,morfonica,flame of hope,252.94,-10.341588387021062,3.0606327056884766,-10.126812934875488,-12.303340911865234,-9.242708206176758,4.341829299926758,0,1.42,
176,hello_happy_world,SHINY DAYS (Cover),262.6,-11.89361608251897,2.9401817321777344,-11.87977409362793,-13.79581069946289,-10.855628967285156,3.8559868335723877,0,1.48,
184,morfonica,カラフルリバティー,218.83,-10.970021652191903,3.3343944549560547,-11.208829879760742,-12.936426162719727,-9.602031707763672,2.2231695652008057,0,1.17,
185,morfonica,fly with the night,240.67,-11.599950735849461,4.806859970092773,-12.361221313476562,-14.397043228149414,-9.59018325805664,2.1590416431427,0,1.39,
183,morfonica,ブルームブルーム,276.9,-10.481267623065495,2.615687370300293,-10.411922454833984,-12.109538078308105,-9.493850708007812,1.7362533807754517,0,1.5,
186,morfonica,金色へのプレリュード,271.23,-10.818927039997948,3.6684017181396484,-10.684136390686035,-13.334198951721191,-9.665797233581543,4.754610061645508,0,1.53,
188,morfonica,ハーモニー・デイ,219.17,-11.992195668195231,4.007015228271484,-11.825651168823242,-14.821778297424316,-10.814763069152832,2.424281597137451,0,1.27,
187,morfonica,The Circle Of Butterflies,258.77,-11.036353470001101,3.7368106842041016,-11.130742073059082,-13.50220775604248,-9.765397071838379,5.0301384925842285,0,1.54,
189,morfonica,Sweet Cheers!,224.33,-11.552469700447743,2.8597307205200195,-11.40426254272461,-13.385653495788574,-10.525922775268555,1.8861963748931885,0,1.38,
190,morfonica,"寄る辺のSunny, Sunny",215.97,-11.041676140758652,2.780817985534668,-11.093178749084473,-12.686812400817871,-9.905994415283203,1.7941765785217285,0,1.35,
191,morfonica,誓いのWingbeat,255.0,-10.423983707062508,3.827543258666992,-10.642337799072266,-12.631057739257812,-8.80351448059082,3.773951768875122,0,1.59,
192,morfonica,Ever Sky Blue,241.13,-11.506011457292823,6.750555992126465,-11.2472562789917,-16.691455841064453,-9.940899848937988,3.9174513816833496,0,1.44,
193,morfonica,Polyphonyscape,251.43,-10.360640215351427,7.448657989501953,-10.296128273010254,-16.39764404296875,-8.948986053466797,6.4664306640625,0,1.58,
194,morfonica,Wreath of Brave,263.23,-10.70489942259541,4.594438552856445,-10.606219291687012,-13.797769546508789,-9.203330993652344,4.223927021026611,0,1.56,
195,morfonica,Merry Merry Thanks!!,257.73,-10.754438030387362,4.914472579956055,-10.666902542114258,-14.614230155944824,-9.69975757598877,5.219670295715332,0,1.46,
198,morfonica,Steer to Utopia,216.27,-9.041855506417052,2.9429845809936523,-9.017258644104004,-10.79840087890625,-7.855416297912598,5.258843898773193,0,1.33,
197,morfonica,両翼のBrilliance,239.8,-9.957184543054872,2.7838029861450195,-9.81230354309082,-11.776838302612305,-8.993035316467285,1.3377047777175903,0,1.42,
200,morfonica,ティリカモニカリラ,204.07,-10.35718713117386,4.678338050842285,-10.537361145019531,-13.683876991271973,-9.005538940429688,6.618842124938965,0,1.25,
196,morfonica,Sonorous,313.27,-12.549165454365012,4.218987464904785,-12.831587791442871,-15.008392333984375,-10.78940486907959,2.434720277786255,0,2.1,
201,morfonica,Secret Dawn,238.44,-11.703442763475817,5.6986494064331055,-11.321949005126953,-15.993949890136719,-10.295300483703613,3.0708937644958496,0,1.32,
202,morfonica,Angel's Ladder,253.4,-10.041820609758238,2.5645694732666016,-10.056702613830566,-11.46523666381836,-8.900667190551758,1.0571746826171875,0,1.3,
204,morfonica,Tempest,252.2,-10.820577857633326,3.8552675247192383,-10.880463600158691,-13.41315746307373,-9.557889938354492,5.124987602233887,0,1.29,
199,morfonica,Fateful...,286.83,-11.277311324046115,4.368697166442871,-11.195448875427246,-14.06338882446289,-9.69469165802002,2.884617805480957,0,2.07,
205,morfonica,フレージング ミラージュ,263.63,-10.122715441975902,5.917736053466797,-9.881805419921875,-15.138179779052734,-9.220443725585938,5.600011348724365,0,1.33,
206,morfonica,MUGEN Reverberate!,230.33,-12.251281152987184,4.897787094116211,-12.036520004272461,-15.786368370056152,-10.888581275939941,1.9459675550460815,0,1.07,
208,morfonica,esora no clover,193.87,-11.679128258463654,7.267658233642578,-11.629171371459961,-17.169496536254883,-9.901838302612305,3.8236846923828125,0,0.91,
207,morfonica,わたしまちがいさがし,273.01,-13.105803181417679,2.0464296340942383,-13.02475357055664,-14.320703506469727,-12.274273872375488,4.5063300132751465,0,1.32,
203,morfonica,One step at a time,263.74,-10.269170017758757,5.371002197265625,-10.484395980834961,-13.841036796569824,-8.4700345993042,3.117591619491577,0,2.39,
212,morfonica,ビューティ・フォー,189.33,-9.838441045715946,3.036576271057129,-9.711750030517578,-11.80183219909668,-8.76525592803955,2.3188869953155518,0,0.92,
209,morfonica,きょうもMerry go rounD,238.04,-9.573012927417482,3.721503257751465,-9.314335823059082,-12.263251304626465,-8.541748046875,6.303859233856201,0,1.31,
210,morfonica,Feathered Dreams,226.37,-8.9274137690462,3.1641292572021484,-8.697778701782227,-10.907032012939453,-7.742902755737305,4.10162878036499,0,1.12,
213,morfonica,胡蝶翔る星月夜,204.67,-11.161005361557827,2.392542839050293,-11.146327018737793,-12.612557411193848,-10.220014572143555,4.997445106506348,0,1.04,
211,morfonica,Portray Empathy,253.3,-9.124650606320412,4.0886125564575195,-9.119640350341797,-11.79847240447998,-7.709859848022461,1.7760376930236816,0,1.62,
214,morfonica,Color of Us,233.73,-10.500771220092489,4.56032657623291,-10.238826751708984,-13.742521286010742,-9.182194709777832,4.976472854614258,0,1.21,
215,morfonica,Resonant Strings,240.38,-10.209085913262538,1.4333276748657227,-10.182638168334961,-11.028355598449707,-9.595027923583984,4.184271335601807,0,1.19,
219,morfonica,QUEEN (Cover),145.77,-9.912512639353006,2.8108530044555664,-10.042069435119629,-11.555484771728516,-8.74463176727295,3.6938514709472656,0,0.84,
216,morfonica,Shining Leaves,217.97,-9.800930802613152,2.435640335083008,-9.675614356994629,-11.386083602905273,-8.950443267822266,4.066087245941162,0,1.1,
217,morfonica,音がえしのセレナーデ,301.77,-10.16894622333947,6.496406555175781,-9.885886192321777,-15.211135864257812,-8.714729309082031,4.667909622192383,0,1.6,
220,morfonica,again (Cover),250.8,-10.117478883757729,7.121525764465332,-9.760913848876953,-15.603113174438477,-8.481587409973145,3.1163790225982666,0,1.26,
218,morfonica,蒼穹へのトレイル,219.17,-9.857771004453122,3.5499515533447266,-9.823565483093262,-12.259374618530273,-8.709423065185547,5.374300003051758,0,1.74,
223,morfonica,祝福 (Cover),194.27,-11.328021251392668,4.184300422668457,-11.187202453613281,-14.197993278503418,-10.013692855834961,1.5993287563323975,0,0.99,
222,morfonica,メロウ (Cover),249.2,-10.949250068430551,5.86586856842041,-11.08926773071289,-15.121073722839355,-9.255205154418945,3.0499048233032227,0,1.19,
224,morfonica,Overdose (Cover),194.03,-11.459878356248613,3.5179061889648438,-11.122336387634277,-13.90877628326416,-10.390870094299316,4.91948938369751,0,0.95,
221,morfonica,輪舞-revolution (Cover),273.5,-10.142081878491492,3.162339210510254,-10.182004928588867,-12.1067533493042,-8.944414138793945,3.963683605194092,0,1.38,
225,morfonica,かくれんぼ (Cover),298.7,-9.442781726318572,4.019084930419922,-9.206677436828613,-12.33307933807373,-8.313994407653809,5.776638031005859,0,1.79,
227,morfonica,ALIVE (Cover),216.03,-9.776442469954578,3.4087705612182617,-9.487728118896484,-12.133837699890137,-8.725067138671875,2.479982852935791,0,1.15,
226,morfonica,chAngE (Cover),249.57,-11.747979174877743,3.542037010192871,-11.766027450561523,-13.89759349822998,-10.35555648803711,4.957019329071045,0,1.44,
232,morfonica,COLORFUL BOX (Cover),238.4,-11.122579734410271,2.4629125595092773,-11.030299186706543,-12.616952896118164,-10.154040336608887,3.470266103744507,0,1.16,
231,morfonica,メリッサ (Cover),256.83,-11.357220123382033,2.919806480407715,-11.556221008300781,-13.056231498718262,-10.136425018310547,4.508098602294922,0,1.3,
230,morfonica,Nevereverland (Cover),287.4,-11.75998022892601,9.80057144165039,-11.446870803833008,-20.193206787109375,-10.392635345458984,5.194573879241943,0,1.45,
229,morfonica,青空のラプソディ (Cover),277.37,-10.10164639213699,2.9022464752197266,-10.156072616577148,-11.774991989135742,-8.872745513916016,2.0541837215423584,0,1.64,
228,morfonica,Nameless Story (Cover),243.03,-10.022044875579097,4.1695404052734375,-10.078651428222656,-12.648193359375,-8.478652954101562,4.334441184997559,0,1.97,
233,morfonica,unravel (Cover),237.4,-11.70947630338712,9.050252914428711,-10.87983512878418,-18.97105598449707,-9.92080307006836,5.715999126434326,0,1.16,
235,morfonica,V.I.P (Cover),193.5,-11.10466560209088,1.7354497909545898,-11.136404037475586,-11.959672927856445,-10.224223136901855,4.532532215118408,0,1.03,
236,morfonica,CQCQ (Cover),221.77,-10.880582218888748,3.9684934616088867,-10.898103713989258,-13.353872299194336,-9.38537883758545,4.256825923919678,0,1.16,
239,mugendai_mutype,みゅーたんとミュータント,220.27,-12.091700948734768,3.5136356353759766,-11.739588737487793,-14.411670684814453,-10.898035049438477,4.527232646942139,0,1.1,
240,mugendai_mutype,チューニング,196.02,-11.989062857667655,8.992670059204102,-11.805670738220215,-18.94539451599121,-9.95272445678711,3.438145875930786,0,1.04,
238,mugendai_mutype,どんがらがっしゃん,196.53,-9.394475857335431,2.236560821533203,-9.37590503692627,-10.674824714660645,-8.438263893127441,2.21402907371521,0,1.56,
242,mugendai_mutype,グラディエント,201.02,-13.715107000517742,6.619233131408691,-13.764073371887207,-18.73016357421875,-12.110930442810059,5.274644374847412,1,1.04,
241,mugendai_mutype,Dream Voyage,262.32,-10.222009979354938,2.02127742767334,-10.104300498962402,-11.481464385986328,-9.460186958312988,1.0235588550567627,0,1.33,
234,morfonica,アゲハ蝶 (Cover),280.67,-11.692873957115696,2.7326765060424805,-11.79476547241211,-13.302018165588379,-10.569341659545898,4.240002632141113,0,2.41,
243,mugendai_mutype,LET'Sあちあちトレーニング！,206.5,-11.740891329939839,5.953255653381348,-11.512520790100098,-16.157318115234375,-10.204062461853027,2.4694042205810547,0,1.12,
244,mugendai_mutype,真夜中遊園地,230.0,-11.444248725734518,3.6497802734375,-11.138484001159668,-14.153436660766602,-10.503656387329102,4.514036655426025,0,1.16,
246,mugendai_mutype,TRASH LIFE,213.02,-12.59933325663144,17.33480453491211,-15.025093078613281,-28.145620346069336,-10.810815811157227,7.350372791290283,0,1.18,
245,mugendai_mutype,テレパシー,254.0,-13.966433738013226,7.827018737792969,-14.071819305419922,-19.93687629699707,-12.109857559204102,7.206003189086914,1,1.3,
248,mugendai_mutype,コミュ着火Fire!,185.02,-11.848962331231231,2.642263412475586,-11.855400085449219,-13.380478858947754,-10.738215446472168,1.0611369609832764,0,0.9,
247,mugendai_mutype,新人類は仮想世界の夢を見るか?,234.02,-11.377733075737131,2.9349918365478516,-11.244707107543945,-13.263131141662598,-10.328139305114746,1.169732689857483,0,1.14,
249,mugendai_mutype,Calling,182.22,-10.595887467827364,4.722809791564941,-10.275371551513672,-13.990205764770508,-9.267395973205566,2.078073740005493,0,0.89,
252,mugendai_mutype,✞animaるパーティ✞開催中✞,177.02,-10.715459033481231,5.717368125915527,-10.447025299072266,-14.82669448852539,-9.109326362609863,5.371992111206055,0,0.85,
253,mugendai_mutype,エンプティパペット,186.02,-12.613588452666823,6.364109992980957,-12.313596725463867,-17.23042869567871,-10.866318702697754,2.657334566116333,0,0.87,
255,mugendai_mutype,ビッグマウス,173.02,-10.815676302527027,4.604265213012695,-10.381730079650879,-14.293417930603027,-9.689152717590332,1.593450665473938,0,0.81,
257,mugendai_mutype,やわやわNERD 超FreQuency,187.6,-10.350026969034296,3.8165149688720703,-10.585302352905273,-12.735011100769043,-8.918496131896973,5.572882175445557,0,0.87,
256,mugendai_mutype,夢現妄想世界,212.19,-8.869509646097635,1.2527589797973633,-8.836431503295898,-9.660894393920898,-8.408135414123535,1.4799227714538574,0,0.99,
250,mugendai_mutype,Hi-Vision,180.5,-12.009341131327133,4.52805233001709,-11.918702125549316,-15.2008695602417,-10.67281723022461,4.220913410186768,0,1.82,
251,mugendai_mutype,コハク,220.02,-12.729986979911642,10.101555824279785,-12.808599472045898,-20.99931526184082,-10.897759437561035,3.8589179515838623,0,1.84,
258,mugendai_mutype,超惑星Xへの旅,173.63,-10.907215406621653,5.971120834350586,-11.393990516662598,-14.574487686157227,-8.60336685180664,2.386871337890625,0,0.77,
261,mygo,壱雫空,189.59,-8.4868992644665,2.192392349243164,-8.42587947845459,-9.770569801330566,-7.578177452087402,4.348106861114502,0,0.86,
259,mugendai_mutype,これはぼくたちの生存のあらすじ,234.77,-9.756006460737305,2.6600027084350586,-9.519211769104004,-11.59964370727539,-8.939640998840332,3.90458607673645,0,1.06,
254,mugendai_mutype,限界現実サバイブ天使,196.02,-11.634358777916539,2.36016845703125,-11.387389183044434,-13.226486206054688,-10.866317749023438,1.472011923789978,0,1.99,
262,mygo,碧天伴走,218.87,-8.654164587473796,1.3840703964233398,-8.517171859741211,-9.500653266906738,-8.116582870483398,0.7754073143005371,0,1.0,
264,mygo,歌いましょう鳴らしましょう,176.49,-8.710680396666413,1.5278453826904297,-8.851276397705078,-9.471317291259766,-7.943471908569336,1.0139577388763428,0,1.34,
266,mygo,音一会,282.01,-8.537541226297554,1.7010760307312012,-8.420287132263184,-9.598774909973145,-7.897698879241943,1.8054172992706299,0,1.4,
268,mygo,詩超絆,237.2,-9.400928408248788,9.082263946533203,-9.214855194091797,-17.11581802368164,-8.033554077148438,5.833049774169922,0,1.25,
269,mygo,迷路日々,215.45,-7.932995250376081,3.2787909507751465,-7.723538875579834,-10.141520500183105,-6.862729549407959,2.8236632347106934,0,1.16,
263,mygo,影色舞,209.45,-10.088165345243395,1.8210687637329102,-9.97806167602539,-11.126322746276855,-9.305253982543945,3.8081398010253906,0,2.07,
270,mygo,無路矢,222.93,-7.817507582394393,1.4369258880615234,-7.659852981567383,-8.692290306091309,-7.255364418029785,1.7926899194717407,0,1.23,
265,mygo,潜在表明,262.12,-10.75169762809121,4.413242340087891,-10.583446502685547,-13.684260368347168,-9.271018028259277,2.2954280376434326,0,2.2,
267,mygo,春日影 (MyGO!!!!! ver.),256.61,-9.50928168066246,4.400923728942871,-9.341289520263672,-12.705936431884766,-8.305012702941895,3.0024020671844482,0,1.91,
271,mygo,名無声,271.65,-9.266305583485236,2.2586050033569336,-9.097014427185059,-10.90330696105957,-8.644701957702637,3.159792423248291,0,1.67,
272,mygo,栞,266.41,-9.818614932184666,3.6590871810913086,-9.526540756225586,-12.339803695678711,-8.680716514587402,3.1924080848693848,0,1.7,
275,mygo,孤壊牢,215.57,-8.272157841152744,1.844818115234375,-8.186823844909668,-9.49666976928711,-7.651851654052734,5.604742050170898,0,1.39,
274,mygo,明弦音,243.92,-7.940377886879044,1.6643948554992676,-8.073320388793945,-8.760695457458496,-7.0963006019592285,3.8743515014648438,0,1.58,
273,mygo,歩拾道,260.28,-8.89466931965433,2.109503746032715,-8.797378540039062,-10.14035415649414,-8.030850410461426,1.6020289659500122,0,1.68,
276,mygo,霧周途,222.17,-8.156285676848539,1.325355052947998,-8.008113861083984,-8.930717468261719,-7.605362415313721,5.5297980308532715,0,1.49,
278,mygo,処救生,217.49,-7.95883082020941,1.0835199356079102,-7.932610988616943,-8.633638381958008,-7.550118446350098,0.47016507387161255,0,1.37,
277,mygo,端程山,260.97,-8.270691651510836,2.2635788917541504,-7.9661359786987305,-9.664029121398926,-7.400450229644775,1.2585581541061401,0,1.69,
279,mygo,輪符雨,207.57,-7.9138529102116335,1.4337353706359863,-7.791558265686035,-8.82644271850586,-7.392707347869873,1.23983633518219,0,1.23,
280,mygo,夜隠染,200.97,-8.749890861922687,3.208639621734619,-8.57025146484375,-10.790365219116211,-7.581725597381592,4.589703559875488,0,1.14,
283,mygo,砂寸奏,223.6,-8.480726163732594,3.125932216644287,-8.303218841552734,-10.688521385192871,-7.562589168548584,2.0299625396728516,0,1.29,
281,mygo,過惰幻,237.61,-10.818534134616097,6.475470542907715,-10.648388862609863,-15.098824501037598,-8.623353958129883,5.363840103149414,0,1.55,
286,mygo,掌心正銘,221.47,-8.642665508148637,2.583059787750244,-8.391918182373047,-10.47732162475586,-7.894261837005615,1.4566140174865723,0,1.14,
285,mygo,残痕字,255.07,-8.564469041782104,1.4692764282226562,-8.431589126586914,-9.328261375427246,-7.85898494720459,4.028316497802734,0,1.3,
287,mygo,証命讃歌,192.2,-8.519281067197053,2.486423969268799,-8.32489013671875,-10.318854331970215,-7.832430362701416,1.2331655025482178,0,0.94,
282,mygo,回層浮,261.24,-9.002129543424173,2.5123157501220703,-8.795282363891602,-10.620229721069336,-8.107913970947266,5.026382923126221,0,2.01,
284,mygo,焚音打,242.92,-7.87468020730253,2.3778915405273438,-7.816694736480713,-9.233924865722656,-6.8560333251953125,1.9142221212387085,0,1.86,
288,mygo,エガクミライ,239.41,-9.747098943276368,8.231256484985352,-9.564334869384766,-16.638103485107422,-8.40684700012207,7.8383870124816895,0,1.16,
292,mygo,だれかの心臓になれたなら (Cover),236.37,-10.018482268036381,11.131463050842285,-9.873923301696777,-20.472768783569336,-9.34130573272705,7.305490493774414,0,1.1,
293,mygo,遥か彼方 (Cover),249.23,-10.521048060454234,3.0380544662475586,-10.35250473022461,-12.546485900878906,-9.508431434631348,6.2685675621032715,0,1.15,
291,mygo,往欄印,298.15,-7.450237344462733,2.1374363899230957,-7.415591716766357,-8.631658554077148,-6.494222164154053,1.7110432386398315,0,1.38,
289,mygo,静降想,278.19,-8.302966322731697,6.0973944664001465,-7.906264781951904,-13.314993858337402,-7.217599391937256,5.265507221221924,0,1.75,
295,mygo,過去を喰らう (Cover),240.48,-9.116055045692681,1.9061813354492188,-8.95702838897705,-10.482831954956055,-8.576650619506836,0.9021095037460327,0,1.22,
290,mygo,聿日箋秋,236.36,-8.606377558966962,2.165760040283203,-8.372954368591309,-10.129960060119629,-7.964200019836426,1.1652228832244873,0,1.8,
296,mygo,君の神様になりたい。 (Cover),249.33,-8.901490347607048,2.186882972717285,-8.856497764587402,-10.282327651977539,-8.095444679260254,2.5849833488464355,0,1.41,
294,mygo,雑踏、僕らの街 (Cover),188.23,-10.412601615544888,3.958444595336914,-10.173160552978516,-13.510213851928711,-9.551769256591797,7.020449161529541,0,1.52,
300,mygo,春日影,123.01,-26.770097072612835,7.504123687744141,-27.147859573364258,-32.13343811035156,-24.629314422607422,4.210490703582764,0,0.69,
297,mygo,ノンブレス・オブリージュ (Cover),207.25,-9.916096476184196,5.019399642944336,-9.368456840515137,-13.831003189086914,-8.811603546142578,2.978090763092041,0,1.09,
298,mygo,swim (Cover),209.55,-7.929349787268625,1.7208595275878906,-7.80296516418457,-9.068513870239258,-7.347654342651367,3.668771743774414,0,1.06,
299,mygo,猛独が襲う (Cover),254.32,-7.387556398413712,3.043956756591797,-6.94566011428833,-9.566762924194336,-6.522806167602539,5.0404815673828125,0,1.36,
302,pastel_palettes,ワクワクmeetsトリップ,247.3,-11.708292815323334,4.624610900878906,-11.96211051940918,-14.428598403930664,-9.803987503051758,4.040728569030762,0,1.26,
303,pastel_palettes,ゆら・ゆらRing-Dong-Dance,265.14,-11.859957438530426,5.373312950134277,-12.03307056427002,-15.350711822509766,-9.977398872375488,2.916919708251953,0,1.41,
304,pastel_palettes,もういちど ルミナス,260.04,-10.7710181077439,5.564019203186035,-10.587154388427734,-14.943872451782227,-9.379853248596191,2.7860774993896484,0,1.3,
305,pastel_palettes,あっつあつ 常夏 らぶ☆サマー！,246.87,-10.150573422562529,2.2844247817993164,-9.931441307067871,-11.60274600982666,-9.318321228027344,4.444827556610107,0,1.23,
306,pastel_palettes,天下トーイツ A to Z☆,218.57,-11.072862967257104,3.961709976196289,-11.016250610351562,-13.637015342712402,-9.675305366516113,1.9054534435272217,0,1.15,
307,pastel_palettes,しゅわりん☆どり〜みん,236.37,-11.982597974861141,3.5540781021118164,-11.963239669799805,-14.106395721435547,-10.55231761932373,4.705905437469482,0,1.22,
308,pastel_palettes,Power of LOVE!!!,231.7,-10.762584031718228,2.8742361068725586,-10.9459867477417,-12.288545608520508,-9.41430950164795,4.566323757171631,0,1.17,
309,pastel_palettes,きゅ～まい＊flower,220.6,-10.574833614581692,3.343255043029785,-10.422386169433594,-12.921546936035156,-9.578291893005371,6.091735363006592,0,1.22,
312,pastel_palettes,はなまる◎アンダンテ,226.47,-10.946700411586615,6.002540588378906,-11.025843620300293,-15.204217910766602,-9.201677322387695,4.117115020751953,0,1.2,
313,pastel_palettes,パスパレボリューションず☆,231.33,-10.182560781363355,2.763151168823242,-10.20804500579834,-11.936884880065918,-9.173733711242676,6.4032416343688965,0,1.28,
311,pastel_palettes,ゆめゆめグラデーション,284.73,-11.589252408137613,2.209343910217285,-11.413476943969727,-12.940393447875977,-10.731049537658691,3.2552683353424072,0,1.5,
310,pastel_palettes,Winking☆Cheer,310.07,-12.223983989143735,4.607480049133301,-12.234773635864258,-15.319777488708496,-10.712297439575195,4.996434688568115,0,1.69,
314,pastel_palettes,SURVIVOR ねばーぎぶあっぷ!,248.63,-10.830651406894697,2.772510528564453,-10.623237609863281,-12.583503723144531,-9.810993194580078,1.6458879709243774,0,1.31,
316,pastel_palettes,ゼッタイ宣言～Recital～,241.53,-11.406985794840395,5.471038818359375,-11.103339195251465,-15.573982238769531,-10.102943420410156,4.221208095550537,0,1.33,
315,pastel_palettes,Wonderland Girl,271.03,-11.003567002755496,5.574629783630371,-11.146674156188965,-14.493780136108398,-8.919150352478027,2.0932443141937256,0,1.46,
317,pastel_palettes,ぎゅっDAYS♪,251.63,-11.069978835931284,3.191770553588867,-11.196564674377441,-12.914752960205078,-9.722982406616211,3.099518060684204,0,1.3,
318,pastel_palettes,Wonderful Sweet!,247.4,-9.71225657883958,3.5134639739990234,-9.590277671813965,-12.02340316772461,-8.509939193725586,5.334840774536133,0,1.19,
319,pastel_palettes,るんっ♪てぃてぃー！,229.27,-10.182745266154113,2.0629167556762695,-10.196616172790527,-11.31912899017334,-9.25621223449707,4.249924182891846,0,1.1,
320,pastel_palettes,パッパレ☆人生！バーン万歳！,239.53,-10.752604680816214,3.199610710144043,-10.754755020141602,-12.809301376342773,-9.60969066619873,4.199104309082031,0,1.18,
322,pastel_palettes,あこがれacross,234.57,-10.747466688300138,3.9748783111572266,-10.79725170135498,-13.342683792114258,-9.367805480957031,4.694929599761963,0,1.19,
321,pastel_palettes,Brand new Pastel Road!,255.5,-11.449825768969964,3.687241554260254,-11.312223434448242,-13.889132499694824,-10.20189094543457,2.7094314098358154,0,1.27,
323,pastel_palettes,ハレハレ☆フォーチュン,270.47,-11.10621442152845,3.908590316772461,-11.122899055480957,-13.88304615020752,-9.974455833435059,6.653514862060547,0,1.33,
324,pastel_palettes,ハナヒバナ,274.2,-10.462724753431633,9.553812026977539,-10.231380462646484,-18.559648513793945,-9.005836486816406,6.3173065185546875,0,1.35,
325,pastel_palettes,そばかす,250.57,-9.99914101352271,3.6713485717773438,-10.1033353805542,-12.096248626708984,-8.42490005493164,5.1953558921813965,0,1.26,
328,pastel_palettes,ラムのラブソング,162.4,-11.905822370568723,3.1339950561523438,-12.094348907470703,-13.902534484863281,-10.768539428710938,5.5601887702941895,0,0.84,
327,pastel_palettes,ドリームパレード,234.7,-10.372096208097448,1.4424610137939453,-10.339829444885254,-11.132302284240723,-9.689841270446777,2.3854639530181885,0,1.19,
326,pastel_palettes,気まぐれロマンティック,243.77,-11.478161723266897,3.754993438720703,-11.489588737487793,-13.755568504333496,-10.000575065612793,4.070569038391113,0,1.23,
329,pastel_palettes,DANCE! おジャ魔女,196.5,-10.882948791080443,3.1659393310546875,-10.939321517944336,-12.938383102416992,-9.772443771362305,6.641769886016846,0,1.08,
330,pastel_palettes,DISCOTHEQUE,243.27,-11.39339314742604,3.622232437133789,-11.625679016113281,-13.531538009643555,-9.909305572509766,4.491832733154297,0,1.32,
331,pastel_palettes,ゆりゆららららゆるゆり大事件,229.27,-10.001545131345322,3.554684638977051,-10.390128135681152,-11.875486373901367,-8.320801734924316,2.831886053085327,0,1.22,
332,pastel_palettes,SAKURAスキップ,228.83,-10.859221742876036,2.6461687088012695,-10.712136268615723,-12.50589656829834,-9.85972785949707,1.1381226778030396,0,1.18,
333,pastel_palettes,Stay Alive,263.97,-11.377284843596783,7.890908241271973,-10.828943252563477,-17.801191329956055,-9.910283088684082,3.071667194366455,0,1.29,
334,pastel_palettes,秘密の扉から会いにきて,218.6,-10.916145128785315,1.9625177383422852,-10.918869018554688,-12.02891731262207,-10.066399574279785,5.551907539367676,0,1.27,
335,pastel_palettes,トリドリ＊パレット,252.23,-9.789616197602594,2.3684606552124023,-9.922616958618164,-11.10761547088623,-8.739154815673828,5.317313194274902,0,1.31,
336,pastel_palettes,ドラマチック！アライブ,259.53,-10.851731928077392,1.957066535949707,-10.905664443969727,-11.97935676574707,-10.022290229797363,4.184614181518555,0,1.3,
337,pastel_palettes,Radiate Warriors,240.33,-11.528757026896525,4.0432538986206055,-11.540461540222168,-14.181791305541992,-10.138537406921387,4.363649368286133,0,1.17,
338,pastel_palettes,ReReReエボリューションず☆,214.47,-9.508915683279747,3.8595170974731445,-9.465093612670898,-12.000621795654297,-8.141104698181152,1.9042819738388062,0,1.06,
339,pastel_palettes,everyday flower,240.3,-10.420883673579972,2.9178504943847656,-10.26018238067627,-12.164084434509277,-9.246233940124512,4.718888759613037,0,1.5,
340,pastel_palettes,With〜きみとわたしたちの物語〜,245.87,-10.783039910380655,2.7277307510375977,-10.613556861877441,-12.603846549987793,-9.876115798950195,2.788861036300659,0,1.72,
342,pastel_palettes,デイオフ・ラフ・ラブ・サンクス,243.7,-10.443523931246288,3.2473840713500977,-10.319328308105469,-12.696428298950195,-9.449044227600098,4.912839889526367,0,1.39,
341,pastel_palettes,フレっとパレットFight Song!!,241.97,-10.709588268082552,2.0131826400756836,-10.522327423095703,-12.047126770019531,-10.033944129943848,3.390355348587036,0,1.51,
344,pastel_palettes,Y.O.L.O！！！！！(パスパレver.),268.87,-10.54875324714793,3.080554962158203,-10.34065055847168,-12.571657180786133,-9.49110221862793,3.4554736614227295,0,1.52,
343,pastel_palettes,ホワイト ノスタルジア,283.83,-10.868033411007769,6.065604209899902,-11.022810935974121,-15.637737274169922,-9.57213306427002,4.0775346755981445,0,1.56,
345,pastel_palettes,奏（かなで） (Cover),294.37,-13.996143371385573,4.335575103759766,-13.944761276245117,-16.960115432739258,-12.624540328979492,4.440662860870361,1,1.53,
346,pastel_palettes,Sparkling Daydream (Cover),249.23,-10.593295406152818,2.5655517578125,-10.569765090942383,-12.20789909362793,-9.64234733581543,5.046675205230713,0,1.64,
347,pastel_palettes,春を告げる (Cover),198.93,-13.364603244294202,5.039289474487305,-13.465801239013672,-17.2325439453125,-12.193254470825195,6.641330242156982,0,1.3,
348,pastel_palettes,だから、ひとりじゃない (Cover),230.13,-10.835845727932657,4.858179092407227,-10.866080284118652,-14.325157165527344,-9.466978073120117,2.297804832458496,0,1.32,
349,pastel_palettes,サインはB (Cover),215.4,-10.335700670402375,3.547064781188965,-10.056909561157227,-12.83675765991211,-9.289692878723145,2.8915579319000244,0,1.33,
351,pastel_palettes,最上級にかわいいの！ (Cover),191.33,-9.628835088072963,2.6515865325927734,-9.59716796875,-11.15617561340332,-8.504589080810547,3.8396618366241455,0,1.13,
350,pastel_palettes,愛包ダンスホール (Cover),222.8,-10.521198778382043,2.555211067199707,-10.43152141571045,-12.197529792785645,-9.642318725585938,5.849641799926758,0,1.41,
352,pastel_palettes,♡桃色片想い♡ (Cover),257.57,-9.888912781946868,2.1414127349853516,-9.732361793518066,-11.234550476074219,-9.093137741088867,3.3570690155029297,0,1.49,
357,pastel_palettes,みくみくにしてあげる♪【してやんよ】 (Cover),103.53,-11.512449191662279,2.1122684478759766,-11.609001159667969,-12.73413372039795,-10.621865272521973,4.25717830657959,0,0.65,
353,pastel_palettes,金曜日のおはよう (Cover),241.73,-10.694958779787042,3.56313419342041,-10.486021995544434,-13.215095520019531,-9.651961326599121,4.032296657562256,0,1.63,
354,pastel_palettes,魔法少女とチョコレゐト (Cover),187.96,-11.109642599228193,2.9969282150268555,-11.14910888671875,-13.092777252197266,-10.09584903717041,5.694458961486816,0,1.53,
355,pastel_palettes,可愛くてごめん (Cover),220.27,-11.620013437780802,3.355365753173828,-11.314261436462402,-13.898431777954102,-10.543066024780273,3.1766276359558105,0,1.62,
356,pastel_palettes,からくりピエロ (Cover),252.23,-12.62496276102023,7.971861839294434,-13.033866882324219,-19.04355239868164,-11.071690559387207,4.335675239562988,0,1.56,
359,pastel_palettes,アイドル (Cover),214.37,-10.429715278122886,2.9742679595947266,-10.137847900390625,-12.262731552124023,-9.288463592529297,1.6345804929733276,0,1.38,
358,pastel_palettes,ルカルカ★ナイトフィーバー (Cover),242.0,-11.352533121119773,2.73543643951416,-11.355749130249023,-13.038384437561035,-10.302947998046875,4.85891056060791,0,1.47,
361,pastel_palettes,ふわふわ時間 (Cover),245.23,-11.94250569892853,4.675148010253906,-11.668665885925293,-15.061652183532715,-10.386504173278809,1.8282935619354248,0,1.5,
362,pastel_palettes,Fantastic future (Cover),246.9,-12.63305894345732,3.1857824325561523,-12.422964096069336,-14.653955459594727,-11.468173027038574,2.7069919109344482,0,1.58,
363,pastel_palettes,Baby Sweet Berry Love (Cover),244.23,-11.299856663391981,3.542451858520508,-10.871882438659668,-13.766636848449707,-10.2241849899292,4.313814640045166,0,1.52,
360,pastel_palettes,secret base ～君がくれたもの～ (Cover),322.0,-13.591486548338976,6.522562026977539,-13.381495475769043,-18.692350387573242,-12.169788360595703,5.585843086242676,0,1.98,
366,pastel_palettes,惑星ループ (Cover),206.77,-11.12041832492695,3.848430633544922,-11.473247528076172,-13.223081588745117,-9.374650955200195,2.0975868701934814,0,1.15,
365,pastel_palettes,ヒトリゴト (Cover),235.27,-11.686307417518508,1.6757488250732422,-11.678840637207031,-12.65046501159668,-10.974716186523438,4.489648342132568,0,1.41,
364,pastel_palettes,Q＆A　リサイタル！ (Cover),291.2,-11.724097750396785,2.837656021118164,-11.615988731384277,-13.600708961486816,-10.763052940368652,2.7515745162963867,0,1.66,
367,pastel_palettes,世界は恋に落ちている (Cover),313.2,-11.926698642694081,4.93278694152832,-11.834519386291504,-15.320658683776855,-10.387871742248535,1.880943775177002,0,1.72,
368,pastel_palettes,ハッピーシンセサイザ (Cover),238.0,-12.429122239033019,2.0813655853271484,-12.238572120666504,-13.676651954650879,-11.59528636932373,5.9509501457214355,0,1.35,
370,pastel_palettes,Make it! (Cover),252.4,-9.782740451316949,2.7805137634277344,-9.877578735351562,-11.426276206970215,-8.64576244354248,1.5454572439193726,0,1.36,
371,pastel_palettes,花ハ踊レヤいろはにほ (Cover),251.1,-10.73919917871696,4.001280784606934,-10.772259712219238,-13.261116981506348,-9.259836196899414,5.55345344543457,0,1.36,
369,pastel_palettes,春擬き (Cover),269.03,-10.723193876479746,3.3216495513916016,-10.781214714050293,-12.882086753845215,-9.560437202453613,4.726473331451416,0,1.62,
374,pastel_palettes,ノスタルジックレインフォール (Cover),237.03,-11.577465959505039,5.193988800048828,-11.624935150146484,-15.041553497314453,-9.847564697265625,2.363556385040283,0,1.49,
373,pastel_palettes,徒花ネクロマンシー (Cover),242.7,-10.811505004157397,2.6606674194335938,-10.892796516418457,-12.331369400024414,-9.67070198059082,3.056429386138916,0,1.55,
372,pastel_palettes,夜に駆ける (Cover),262.6,-11.249245780986142,2.0609092712402344,-11.338640213012695,-12.352324485778809,-10.291415214538574,3.278310537338257,0,1.95,
378,poppin_party,ティアドロップス,217.13,-10.57394100238662,4.523317337036133,-10.550025939941406,-13.854116439819336,-9.330799102783203,2.9889206886291504,0,1.28,
377,poppin_party,走り始めたばかりのキミに,260.97,-11.224655602900478,6.155427932739258,-11.249908447265625,-15.732285499572754,-9.576857566833496,3.492318630218506,0,1.75,
376,poppin_party,STAR BEAT!～ホシノコドウ～,320.73,-10.280407828087085,3.030827522277832,-10.12913990020752,-12.238618850708008,-9.207791328430176,1.5612874031066895,0,2.05,
379,poppin_party,ときめきエクスペリエンス！,257.67,-11.164670862660449,2.5806217193603516,-11.135364532470703,-12.597644805908203,-10.017023086547852,1.1536942720413208,0,2.02,
380,poppin_party,キラキラだとか夢だとか ～Sing Girls～,305.9,-11.208892079142517,2.324917793273926,-11.12661361694336,-12.595484733581543,-10.270566940307617,3.7777271270751953,0,2.16,
381,poppin_party,私の心はチョココロネ,252.9,-12.223956258428123,4.170480728149414,-11.82713508605957,-15.174407958984375,-11.003927230834961,2.3646440505981445,0,1.76,
383,poppin_party,夢みるSunflower,279.9,-11.073630678632933,5.500904083251953,-10.81584358215332,-15.033422470092773,-9.53251838684082,3.4273810386657715,0,2.01,
382,poppin_party,前へススメ！,309.47,-10.693700852756505,4.643902778625488,-10.228389739990234,-14.1422758102417,-9.498373031616211,2.3287501335144043,0,2.72,
387,poppin_party,八月のif,275.73,-11.42181226946333,4.816755294799805,-11.490398406982422,-14.746278762817383,-9.929523468017578,4.066351890563965,0,1.37,
386,poppin_party,Time Lapse,249.0,-11.162329396457087,5.83671760559082,-10.549915313720703,-15.601648330688477,-9.764930725097656,2.397972583770752,0,2.01,
385,poppin_party,走り始めたばかりのキミに ～Popipa Acoustic Ver.～,296.17,-14.67761940531298,9.038814544677734,-15.458002090454102,-21.342185974121094,-12.30337142944336,4.968668460845947,0,2.35,
384,poppin_party,ティアドロップス ～Popipa Acoustic Ver.～,232.73,-13.655429376511526,5.830617904663086,-13.566359519958496,-18.059370040893555,-12.228752136230469,3.365231513977051,0,2.74,
388,poppin_party,クリスマスのうた,277.37,-11.048713831284937,6.010556221008301,-10.922294616699219,-15.786968231201172,-9.776412010192871,5.513471603393555,0,2.01,
390,poppin_party,CiRCLING,261.33,-10.982551336404015,2.3969039916992188,-10.74948787689209,-12.553213119506836,-10.156309127807617,4.626893043518066,0,1.68,
389,poppin_party,B.O.F,218.9,-10.865430694470085,2.3379898071289062,-11.128080368041992,-12.098422050476074,-9.760432243347168,5.211837291717529,0,2.2,
392,poppin_party,最高(さあ行こう)！,228.87,-10.766350464860876,2.567575454711914,-10.450879096984863,-12.543106079101562,-9.975530624389648,5.062861919403076,0,1.37,
391,poppin_party,二重の虹(ダブル レインボウ),246.23,-11.575568257775535,3.372699737548828,-11.422503471374512,-13.730170249938965,-10.357470512390137,1.4994679689407349,0,2.11,
395,poppin_party,夏空 SUN! SUN! SEVEN! ～Popipa Acoustic Ver.～,299.93,-14.253868576131797,4.134672164916992,-14.08765697479248,-17.144424438476562,-13.00975227355957,2.1393136978149414,1,2.41,
394,poppin_party,Yes! BanG_Dream! ～Popipa Acoustic Ver.～,308.4,-13.658404901712673,3.017958641052246,-13.65627384185791,-15.524871826171875,-12.506913185119629,4.066089630126953,0,2.78,
393,poppin_party,ガールズコード,325.23,-9.972041449937338,2.7460594177246094,-9.80296516418457,-11.759958267211914,-9.013898849487305,3.509011745452881,0,3.06,
397,poppin_party,Breakthrough!,275.8,-10.539161579846827,2.15701961517334,-10.521132469177246,-11.763294219970703,-9.606274604797363,2.4058189392089844,0,2.3,
398,poppin_party,NO GIRL NO CRY/Poppin'Party Ver.,312.8,-10.101441707366986,2.4065093994140625,-9.884498596191406,-11.649341583251953,-9.24283218383789,2.933791399002075,0,2.38,
396,poppin_party,STAR BEAT!～ホシノコドウ～ ～Popipa Acoustic Ver.～,327.73,-15.825907077570866,5.61444091796875,-15.468011856079102,-20.05771255493164,-14.44327163696289,3.9159340858459473,1,3.04,
399,poppin_party,イニシャル,295.24,-10.861471201526353,4.566249847412109,-10.536870956420898,-14.28354263305664,-9.717292785644531,2.0429041385650635,0,2.64,
400,poppin_party,Hello! Wink!,281.93,-11.484928737176098,2.2912425994873047,-11.501333236694336,-12.675979614257812,-10.384737014770508,4.4620280265808105,0,2.62,
402,poppin_party,Jumpin',247.87,-10.851862681818831,3.7513866424560547,-10.649978637695312,-13.629415512084961,-9.878028869628906,5.224887847900391,0,2.03,
401,poppin_party,Step×Step!,249.0,-11.128976368277224,3.883607864379883,-10.998224258422852,-14.15719223022461,-10.273584365844727,5.743577003479004,0,2.31,
404,poppin_party,キラキラスター！,275.97,-10.964148388369578,2.5503311157226562,-10.707143783569336,-12.544981956481934,-9.994650840759277,4.595768928527832,0,2.27,
405,poppin_party,Returns,323.17,-11.057475349105422,6.375061988830566,-10.742504119873047,-16.02813148498535,-9.653069496154785,4.85800313949585,0,2.29,
406,poppin_party,Dreamers Go!,258.0,-11.213413311465168,3.164952278137207,-11.066322326660156,-13.364420890808105,-10.199468612670898,2.152979850769043,0,2.23,
403,poppin_party,White Afternoon,299.97,-11.540264281961413,4.639191627502441,-11.378360748291016,-14.816885948181152,-10.177694320678711,4.804533958435059,0,2.99,
407,poppin_party,キズナミュージック♪,315.4,-10.952516579705186,2.6380538940429688,-10.670209884643555,-12.681007385253906,-10.042953491210938,3.0575649738311768,0,2.55,
411,poppin_party,夏空 SUN! SUN! SEVEN!,271.17,-9.845195552098602,1.9812688827514648,-9.757511138916016,-11.068221092224121,-9.086952209472656,2.698310613632202,0,1.86,
408,poppin_party,ミライトレイン,355.67,-11.12118572367121,4.398735046386719,-10.951713562011719,-14.42611026763916,-10.027375221252441,4.2942705154418945,0,2.91,
410,poppin_party,ぽっぴん'しゃっふる,278.18,-10.152297955177062,3.8565101623535156,-9.813032150268555,-12.792170524597168,-8.935660362243652,1.746500015258789,0,2.86,
409,poppin_party,夢を撃ち抜く瞬間に！,280.57,-10.265010966276945,3.587575912475586,-9.960451126098633,-12.888617515563965,-9.301041603088379,2.0032289028167725,0,3.64,
414,poppin_party,夏のドーン！,221.35,-10.989617841866592,2.679769515991211,-11.097723007202148,-12.513540267944336,-9.833770751953125,3.8540658950805664,0,2.73,
413,poppin_party,HAPPY HAPPY PARTY!,282.45,-10.559303239986551,2.9576950073242188,-10.287845611572266,-12.483955383300781,-9.526260375976562,4.724889278411865,0,3.26,
415,poppin_party,キミにもらったもの,235.43,-13.820294257901123,9.349746704101562,-15.312448501586914,-20.3876953125,-11.037948608398438,6.736606121063232,1,3.08,
417,poppin_party,切ないSandglass,246.47,-10.301159460809977,6.898699760437012,-9.85042953491211,-15.911262512207031,-9.01256275177002,5.3221235275268555,0,2.3,
418,poppin_party,Home Street,228.0,-10.532576546601504,4.446303367614746,-10.23825740814209,-13.673565864562988,-9.227262496948242,3.536818027496338,0,2.26,
412,poppin_party,1000回潤んだ空,330.77,-11.437715538196882,9.402013778686523,-10.740571975708008,-19.146879196166992,-9.744865417480469,4.638071060180664,0,4.75,
416,poppin_party,Light Delight,308.83,-10.764090931024091,6.832976341247559,-10.652517318725586,-16.632511138916016,-9.799534797668457,4.848740100860596,0,4.96,
422,poppin_party,Tomorrow's Door,247.6,-9.614454967914915,2.1261634826660156,-9.424562454223633,-10.964367866516113,-8.838204383850098,5.328855991363525,0,2.93,
419,poppin_party,What's the POPIPA!?,278.67,-10.531157135686074,2.0765161514282227,-10.61348819732666,-11.576346397399902,-9.49983024597168,3.0618550777435303,0,4.43,
420,poppin_party,SAKURA MEMORIES,254.6,-12.041652350070583,4.463263511657715,-11.90697193145752,-15.241009712219238,-10.777746200561523,2.00427508354187,0,4.32,
425,poppin_party,DOKI DOKI SCARY,240.36,-9.275650991307527,2.4875564575195312,-8.999605178833008,-10.788137435913086,-8.300580978393555,1.4493472576141357,0,2.77,
421,poppin_party,アニバーサリー,273.83,-10.288129920391889,1.8896408081054688,-10.194863319396973,-11.449544906616211,-9.559904098510742,4.639976978302002,0,4.1,
423,poppin_party,イントロダクション,221.4,-11.4263947159894,2.5645618438720703,-11.187419891357422,-13.024744033813477,-10.460182189941406,3.54675555229187,0,3.86,
424,poppin_party,TARINAI,219.63,-10.292593444786867,3.237947463989258,-10.061295509338379,-12.429360389709473,-9.191412925720215,1.4589146375656128,0,3.68,
427,poppin_party,夏に閉じこめて,261.64,-11.532232617590283,3.4055347442626953,-11.329044342041016,-13.968411445617676,-10.56287670135498,5.592894077301025,0,2.32,
426,poppin_party,Photograph,258.07,-10.547032360637017,2.9567394256591797,-10.328886985778809,-12.704272270202637,-9.747532844543457,4.55184268951416,0,2.6,
430,poppin_party,新しい季節に,211.8,-10.51976627695692,4.252655982971191,-10.360050201416016,-13.66431713104248,-9.411661148071289,4.929553508758545,0,1.82,
429,poppin_party,星の約束,245.13,-10.23457152890269,4.0825910568237305,-9.967569351196289,-13.312434196472168,-9.229843139648438,3.8322176933288574,0,2.15,
428,poppin_party,ぽっぴん'どりーむ！,269.77,-10.109258627749202,2.057964324951172,-9.923272132873535,-11.448943138122559,-9.390978813171387,4.031032562255859,0,3.41,
432,poppin_party,雨上がり、キミと,265.91,-8.412148292524687,2.3023767471313477,-8.13735580444336,-10.087139129638672,-7.784762382507324,2.8150687217712402,0,2.92,
435,poppin_party,Sweets BAN!,255.87,-11.47803458492453,2.611422538757324,-11.300206184387207,-13.361456871032715,-10.75003433227539,5.806849002838135,0,1.94,
431,poppin_party,トレモロアイズ,241.4,-10.058974603155773,2.8012657165527344,-9.885672569274902,-11.89084243774414,-9.089576721191406,1.4777816534042358,0,4.05,
437,poppin_party,Moonlight Walk,226.57,-11.458769281193595,3.3587589263916016,-11.290863037109375,-13.714608192443848,-10.355849266052246,4.137941360473633,0,3.58,
433,poppin_party,花咲く未来に,276.13,-9.071322293959996,1.4155502319335938,-9.013757705688477,-9.836153030395508,-8.420602798461914,3.10516619682312,0,5.22,
441,poppin_party,大好き！,247.47,-9.346669246726519,2.650740623474121,-9.181961059570312,-11.075334548950195,-8.424593925476074,3.327517509460449,0,2.12,
436,poppin_party,キミが始まる！,218.23,-11.521575525576752,1.8350963592529297,-11.464682579040527,-12.703920364379883,-10.868824005126953,5.551832675933838,0,4.64,
434,poppin_party,Live Beyond!!,314.6,-10.968849874856858,2.495791435241699,-10.79698657989502,-12.63506031036377,-10.13926887512207,1.6054091453552246,0,4.97,
439,poppin_party,青春 To Be Continued,256.37,-9.56276671551861,2.7860231399536133,-9.413101196289062,-11.18237590789795,-8.396352767944336,2.474524974822998,0,4.1,
438,poppin_party,ここから先は歌にならない,277.6,-11.893904135546501,2.8973073959350586,-11.73403549194336,-13.739182472229004,-10.841875076293945,4.863687992095947,0,4.17,
440,poppin_party,Future Place,232.97,-9.386500345422133,1.9370708465576172,-9.203062057495117,-10.6304931640625,-8.693422317504883,2.949442148208618,0,3.91,
444,poppin_party,RiNG A BELL,261.07,-9.588794083721021,1.8187904357910156,-9.493629455566406,-10.671455383300781,-8.852664947509766,2.8617262840270996,0,2.78,
442,poppin_party,Five Letters,249.23,-10.722171578893343,7.1443328857421875,-10.50589656829834,-16.28138542175293,-9.137052536010742,5.498776435852051,0,3.52,
446,poppin_party,とっておきAnswer,196.8,-9.440904860914339,2.6750545501708984,-9.519295692443848,-11.046460151672363,-8.371405601501465,5.245667934417725,0,2.85,
449,poppin_party,チョコレイトの低音レシピ,271.02,-12.309722980397812,3.130544662475586,-12.29763412475586,-14.17267894744873,-11.042134284973145,1.2516138553619385,0,2.22,
443,poppin_party,最強☆ソング,255.13,-9.473966040280887,4.105160713195801,-9.3536376953125,-12.307836532592773,-8.202675819396973,4.433966636657715,0,3.99,
445,poppin_party,Drive Your Heart,268.87,-9.210096435712606,2.728337287902832,-9.029726028442383,-11.038141250610352,-8.30980396270752,3.4362828731536865,0,4.09,
447,poppin_party,START!! True dreams,242.88,-9.224858059304923,2.6355972290039062,-9.035643577575684,-11.012932777404785,-8.377335548400879,3.6999521255493164,0,3.31,
448,poppin_party,どきどきデエト,217.33,-10.196648619744723,1.6680908203125,-10.162946701049805,-11.14354133605957,-9.47545051574707,4.442598342895508,0,3.44,
450,poppin_party,Chu Chueen!,229.9,-9.569764484598482,1.6581811904907227,-9.497949600219727,-10.531947135925293,-8.87376594543457,1.0889770984649658,0,2.82,
454,poppin_party,花園電気ギター！！！,199.06,-10.073999909582232,3.8490447998046875,-9.979469299316406,-12.724056243896484,-8.875011444091797,2.3474795818328857,0,2.06,
451,poppin_party,どきどきSING OUT!,248.18,-11.500706248537378,1.8103857040405273,-11.438247680664062,-12.452414512634277,-10.64202880859375,1.2498756647109985,0,2.96,
452,poppin_party,Freedom,264.57,-10.520735261853323,3.0508298873901367,-10.360889434814453,-12.639188766479492,-9.588358879089355,2.5536582469940186,0,2.78,
455,poppin_party,す、好きなんかじゃない！,236.94,-11.565717882385078,2.1404037475585938,-11.448417663574219,-12.838912963867188,-10.698509216308594,2.1028900146484375,0,1.9,
453,poppin_party,Game Changer,195.77,-10.062318887548283,2.9615020751953125,-10.009782791137695,-12.035835266113281,-9.074333190917969,4.277714729309082,0,3.01,
457,poppin_party,ほな！,227.2,-9.676986822412395,2.301854133605957,-9.465371131896973,-11.226313591003418,-8.924459457397461,3.2917752265930176,0,2.03,
458,poppin_party,世界中の青空をあつめて,230.4,-9.377305393405255,3.1349220275878906,-9.151017189025879,-11.647541999816895,-8.512619972229004,1.6195279359817505,0,1.87,
456,poppin_party,遠い音楽 ～ハートビート～,243.16,-12.138053990836205,3.721912384033203,-11.949712753295898,-14.675704956054688,-10.953792572021484,4.550748348236084,0,3.48,
459,poppin_party,勇気Limit！,222.64,-10.550678017008606,2.036714553833008,-10.530824661254883,-11.806835174560547,-9.770120620727539,4.198700904846191,0,2.37,
460,poppin_party,開けたらDream!,309.03,-10.982313908872127,2.3252782821655273,-10.937070846557617,-12.41815185546875,-10.092873573303223,3.4125914573669434,0,2.56,
463,poppin_party,ちゅ、多様性。 (Cover),188.09,-10.40603633012371,2.786344528198242,-10.299455642700195,-12.210265159606934,-9.423920631408691,5.687988758087158,0,2.63,
464,poppin_party,フィクション (Cover),232.0,-9.87747544524219,2.6335134506225586,-9.78781509399414,-11.482640266418457,-8.849126815795898,5.059246063232422,0,2.74,
466,poppin_party,心絵 (Cover),256.67,-11.040118625981878,1.76739501953125,-10.926759719848633,-12.101859092712402,-10.334464073181152,4.124550819396973,0,1.78,
461,poppin_party,絆色のアンサンブル,312.1,-11.633021821816799,3.656015396118164,-11.32960319519043,-14.166557312011719,-10.510541915893555,3.6587986946105957,0,4.13,
462,poppin_party,NO GIRL NO CRY (Poppin'Party Ver.),312.8,-10.101441707366986,2.4065093994140625,-9.884498596191406,-11.649341583251953,-9.24283218383789,2.933791399002075,0,4.37,
468,poppin_party,MATSURI BAYASHI (Cover),231.13,-9.64478055367594,3.012195587158203,-9.881546020507812,-11.264959335327148,-8.252763748168945,6.051170825958252,0,2.65,
472,poppin_party,メランコリック (Cover),220.97,-10.862239071630261,4.383916854858398,-10.521626472473145,-14.148704528808594,-9.764787673950195,5.999144077301025,0,1.87,
473,poppin_party,怪獣の花唄 (Cover),223.1,-10.300035785601052,4.9669694900512695,-9.659296989440918,-13.915227890014648,-8.948258399963379,1.996510624885559,0,1.39,
467,poppin_party,じょいふる (Cover),194.6,-9.508339167554128,2.5226516723632812,-9.320974349975586,-11.169246673583984,-8.646595001220703,1.2906187772750854,0,3.9,
470,poppin_party,トウキョウ・シャンディ・ランデヴ (Cover),186.87,-11.132708183722555,2.979794502258301,-11.156614303588867,-12.944401741027832,-9.964607238769531,4.6344218254089355,0,2.82,
465,poppin_party,幾億光年 (Cover),275.4,-9.226885994480902,3.660402297973633,-8.925407409667969,-11.796975135803223,-8.13657283782959,1.5723941326141357,0,4.88,
469,poppin_party,私は最強 (Cover),257.93,-10.693233933970175,2.1339874267578125,-10.368789672851562,-12.029522895812988,-9.895535469055176,1.207767367362976,0,3.71,
471,poppin_party,夜行性ハイズ (Cover),226.0,-12.055807459997643,2.716914176940918,-12.330451011657715,-13.535320281982422,-10.818406105041504,1.1860661506652832,0,3.47,
474,poppin_party,光るなら (Cover),253.77,-10.978680834160754,3.13739013671875,-10.813176155090332,-12.859984397888184,-9.722594261169434,2.039837121963501,0,2.25,
476,poppin_party,only my railgun (Cover),253.27,-11.281568366348468,5.599569320678711,-10.984994888305664,-15.51279354095459,-9.913224220275879,2.809530735015869,0,2.34,
480,poppin_party,＊〜アスタリスク〜 (Cover),252.67,-10.13681917416508,2.8481264114379883,-10.113765716552734,-11.778336524963379,-8.93021011352539,1.6999980211257935,0,1.64,
481,poppin_party,DAYS of DASH (Cover),253.67,-11.41737374497439,3.004775047302246,-11.252613067626953,-13.438992500305176,-10.43421745300293,4.580937385559082,0,2.0,
475,poppin_party,ミュージック・アワー (Cover),280.83,-10.695506632148417,2.544191360473633,-10.640058517456055,-12.227435111999512,-9.683243751525879,4.444310188293457,0,3.4,
482,poppin_party,檄！帝国華撃団 (Cover),184.6,-11.135666642909351,3.3640356063842773,-11.33944320678711,-13.178775787353516,-9.814740180969238,4.638383865356445,0,2.15,
477,poppin_party,ロミオとシンデレラ (Cover),280.33,-11.260091842374264,2.4153404235839844,-11.153705596923828,-12.748623847961426,-10.333283424377441,3.737119674682617,0,3.81,
479,poppin_party,君じゃなきゃダメみたい (Cover),239.73,-10.645960384036089,3.7991504669189453,-10.555145263671875,-13.030961036682129,-9.231810569763184,5.7330241203308105,0,3.51,
478,poppin_party,Daydream café (Cover),229.03,-11.639410390323105,3.7442245483398438,-11.499354362487793,-14.363374710083008,-10.619150161743164,4.8621907234191895,0,3.96,
486,poppin_party,ヴァンパイア (Cover),182.17,-11.022406054814194,4.137833595275879,-10.861787796020508,-13.94573974609375,-9.807906150817871,4.656134128570557,0,1.94,
487,poppin_party,怪物 (Cover),206.57,-11.200997081909977,4.681266784667969,-11.474510192871094,-13.868019104003906,-9.186752319335938,1.9937629699707031,0,2.1,
484,poppin_party,ディスカバリー！ (Cover),278.23,-9.511866370292102,3.5184898376464844,-9.351808547973633,-12.156543731689453,-8.638053894042969,4.679144382476807,0,3.08,
483,poppin_party,DAYS (Cover),235.1,-12.296550934250007,3.2769384384155273,-12.291437149047852,-14.12748908996582,-10.850550651550293,2.202950954437256,0,3.61,
485,poppin_party,チェリボム (Cover),246.4,-10.228357959442201,2.0960159301757812,-9.976991653442383,-11.532861709594727,-9.436845779418945,3.632495164871216,0,3.28,
488,poppin_party,大河よ共に泣いてくれ (Cover),207.67,-11.011702938589222,3.0395708084106445,-10.7412748336792,-13.092520713806152,-10.052949905395508,5.0645036697387695,0,2.8,
489,poppin_party,空色デイズ (Cover),253.83,-10.378341734857312,3.3510398864746094,-10.088569641113281,-12.698739051818848,-9.347699165344238,1.8598915338516235,0,3.02,
490,raise_a_suilen,Invincible Fighter,250.87,-11.0690055264371,4.295710563659668,-10.998639106750488,-13.998488426208496,-9.702777862548828,2.407832145690918,0,3.51,
495,raise_a_suilen,Beautiful Birthday,256.1,-10.442941830198434,3.1145801544189453,-10.604620933532715,-11.997428894042969,-8.882848739624023,3.5358359813690186,0,2.27,
494,raise_a_suilen,HELL! or HELL?,282.34,-10.929621474286296,2.8799304962158203,-10.733997344970703,-12.722183227539062,-9.842252731323242,1.4031742811203003,0,3.47,
491,raise_a_suilen,A DECLARATION OF ×××,315.77,-11.125411667521421,2.8031463623046875,-11.029623031616211,-12.793578147888184,-9.990431785583496,1.1815085411071777,0,4.19,
493,raise_a_suilen,UNSTOPPABLE,230.5,-9.956299955778658,3.8171911239624023,-9.858819007873535,-12.75291919708252,-8.935728073120117,4.113681316375732,0,3.97,
492,raise_a_suilen,SOUL SOLDIER,239.93,-9.870427418290758,3.9516525268554688,-9.607780456542969,-12.784025192260742,-8.832372665405273,5.87106466293335,0,4.26,
497,raise_a_suilen,DRIVE US CRAZY,245.67,-10.416032925227553,2.5790328979492188,-10.440890312194824,-11.89172077178955,-9.312687873840332,1.3911584615707397,0,3.9,
496,raise_a_suilen,Takin’ my Heart,286.93,-12.209445534948214,5.494786262512207,-12.644058227539062,-15.97299861907959,-10.478212356567383,4.392703533172607,0,4.28,
498,raise_a_suilen,!NVADE SHOW!,265.67,-9.832154728704223,3.042994499206543,-9.890369415283203,-11.612287521362305,-8.569293022155762,3.62326979637146,0,3.62,
499,raise_a_suilen,REIGNING,249.4,-9.62594417157021,5.21248722076416,-9.47004222869873,-13.864335060119629,-8.651847839355469,5.846593856811523,0,2.72,
502,raise_a_suilen,V.I.P MONSTER,241.9,-10.418215190995909,5.11460018157959,-10.57227897644043,-14.162229537963867,-9.047629356384277,3.1726455688476562,0,2.3,
501,raise_a_suilen,R・I・O・T,301.5,-10.809123471797047,3.071439743041992,-10.857240676879883,-12.684222221374512,-9.61278247833252,4.282467842102051,0,2.94,
504,raise_a_suilen,Ray of hope,190.77,-11.662117955327956,4.853482246398926,-11.584476470947266,-15.088094711303711,-10.234612464904785,3.905677556991577,0,1.81,
503,raise_a_suilen,mind of Prominence,266.23,-9.806558861787998,2.4384307861328125,-9.787513732910156,-11.314151763916016,-8.875720977783203,4.08889627456665,0,2.94,
500,raise_a_suilen,EXPOSE ‘Burn out!!!’,283.74,-10.103760074928392,3.7510251998901367,-10.081113815307617,-12.482565879821777,-8.73154067993164,1.5455471277236938,0,3.59,
505,raise_a_suilen,EXIST,238.47,-10.262639330858079,4.60672664642334,-10.132194519042969,-13.4453763961792,-8.83864974975586,3.7672274112701416,0,2.5,
508,raise_a_suilen,DANCING DARING,215.07,-9.304248789692782,1.7508487701416016,-9.154760360717773,-10.320446014404297,-8.569597244262695,0.7946415543556213,0,2.36,
506,raise_a_suilen,Sacred world,300.83,-9.430990347394008,2.766307830810547,-9.301130294799805,-11.09743595123291,-8.331128120422363,4.357222080230713,0,3.06,
509,raise_a_suilen,BATTLE CRY,234.37,-9.90248913365128,1.4557428359985352,-9.98595905303955,-10.645472526550293,-9.189729690551758,3.904705762863159,0,2.71,
510,raise_a_suilen,Domination to world,258.2,-8.999244161893499,1.9239530563354492,-8.829425811767578,-10.171626091003418,-8.247673034667969,1.212555170059204,0,2.6,
511,raise_a_suilen,THE WAY OF LIFE,238.2,-8.95631735174009,3.6168951988220215,-8.777533531188965,-11.461640357971191,-7.84474515914917,5.546139717102051,0,2.94,
507,raise_a_suilen,-N-E-M-E-S-I-S-,267.8,-10.639711756968502,1.953409194946289,-10.696425437927246,-11.605522155761719,-9.65211296081543,3.0541269779205322,0,4.2,
512,raise_a_suilen,灼熱 Bonfire!,224.8,-9.093648539423837,2.300168991088867,-8.858572959899902,-10.566075325012207,-8.26590633392334,3.95298171043396,0,3.1,
513,raise_a_suilen,Repaint,234.6,-10.334878281606004,7.106066703796387,-11.03575611114502,-15.370820045471191,-8.264753341674805,5.654319763183594,0,2.77,
514,raise_a_suilen,Life on the Lotus,243.33,-10.982697783794434,7.142940521240234,-10.803670883178711,-16.615522384643555,-9.47258186340332,7.088303089141846,0,2.8,
516,raise_a_suilen,That Is How I Roll!,265.87,-9.523362287025956,3.3097095489501953,-9.443379402160645,-11.56613540649414,-8.256425857543945,2.065941095352173,0,2.4,
515,raise_a_suilen,CORUSCATE -DNA-,287.43,-10.261728635052345,2.4991331100463867,-10.080653190612793,-11.799507141113281,-9.300374031066895,5.030542850494385,0,3.25,
518,raise_a_suilen,パスパレボリューションず☆,231.72,-11.124309338644018,3.609696388244629,-11.052558898925781,-13.302872657775879,-9.69317626953125,2.780607223510742,0,2.33,
520,raise_a_suilen,Don't be afraid!,143.9,-12.227485719136201,9.69633960723877,-12.478791236877441,-20.349918365478516,-10.653578758239746,5.433736801147461,0,2.15,
519,raise_a_suilen,えがおのオーケストラっ！,255.57,-13.022050411024084,7.40523624420166,-13.61402416229248,-18.06978988647461,-10.66455364227295,3.6514217853546143,0,2.92,
517,raise_a_suilen,しゅわりん☆どり～みん,265.34,-11.695915902393315,7.454291343688965,-11.496053695678711,-17.64577293395996,-10.191481590270996,3.8247931003570557,0,3.46,
522,raise_a_suilen,Hey-day狂騒曲(カプリチオ),241.23,-10.325460084835141,3.8685951232910156,-10.407219886779785,-12.830509185791016,-8.9619140625,3.9664840698242188,0,2.53,
523,raise_a_suilen,Scarlet Sky,246.47,-10.470032663521605,3.9564437866210938,-10.744121551513672,-12.848888397216797,-8.892444610595703,3.2933859825134277,0,2.63,
521,raise_a_suilen,ゆら・ゆらRing-Dong-Dance,294.87,-10.115656415116396,8.524768829345703,-10.460440635681152,-16.4901180267334,-7.965349197387695,3.6420955657958984,0,4.23,
524,raise_a_suilen,ゴーカ！ごーかい！？ファントムシーフ！,242.37,-10.891689129639174,5.750246047973633,-11.077991485595703,-15.070361137390137,-9.320115089416504,5.217751502990723,0,2.86,
526,raise_a_suilen,That Is How I Roll! (ライブ / アンコール),283.0,-10.161411657662496,10.530330657958984,-10.165305137634277,-19.382484436035156,-8.852153778076172,4.65261173248291,0,2.91,
529,raise_a_suilen,TWIN TALE,217.51,-9.356601520208836,2.752547264099121,-9.197407722473145,-11.286819458007812,-8.534272193908691,5.379789352416992,0,2.43,
528,raise_a_suilen,Apocalypse,252.6,-10.868052196563381,3.4473066329956055,-10.607589721679688,-13.295275688171387,-9.847969055175781,5.799118518829346,0,2.94,
527,raise_a_suilen,R･I･O･T (ライブ / アンコール),348.13,-10.735656378760053,8.62346363067627,-11.433807373046875,-17.442415237426758,-8.818951606750488,6.95900297164917,0,3.78,
530,raise_a_suilen,STRAY CERBERUS,256.13,-11.001640875146684,6.967288970947266,-10.692832946777344,-16.52149200439453,-9.554203033447266,4.334680080413818,0,2.71,
531,raise_a_suilen,BERSER-KEY,230.97,-11.861398972637764,4.954272270202637,-11.325798988342285,-15.767340660095215,-10.813068389892578,6.381592273712158,0,2.61,
532,raise_a_suilen,POLARIS,271.63,-10.861011293540061,2.4842309951782227,-10.81649398803711,-12.479528427124023,-9.9952974319458,5.382374286651611,0,2.63,
533,raise_a_suilen,HOWLING AMBITION,258.57,-8.40452794618075,2.611070156097412,-8.363470077514648,-9.998908996582031,-7.387838840484619,3.845515489578247,0,2.56,
535,raise_a_suilen,'FIGHT' ADDICT,231.6,-7.9113447939047115,2.2420902252197266,-7.75120210647583,-9.328695297241211,-7.086605072021484,4.746547222137451,0,2.12,
534,raise_a_suilen,VIVID FIRST TIME,229.97,-9.26282585766074,1.3012285232543945,-9.273426055908203,-10.021712303161621,-8.720483779907227,4.597308158874512,0,2.63,
536,raise_a_suilen,Drown Out the Noise and Push Through the Trash,216.04,-8.545724437023516,5.103025436401367,-8.87722396850586,-12.100618362426758,-6.997592926025391,4.622714042663574,0,2.35,
537,raise_a_suilen,FIVE as ONE,255.16,-8.146544651476425,3.3801169395446777,-8.10659408569336,-10.43528938293457,-7.055172443389893,6.464111328125,0,2.17,
541,raise_a_suilen,WHAT AN EXPLOSION,190.9,-10.208122131834381,3.5555028915405273,-10.25251579284668,-12.25897216796875,-8.703469276428223,6.252314567565918,0,1.72,
538,raise_a_suilen,EXPOSE 'Burn out!!!' (English),283.73,-10.544044739657114,3.7231626510620117,-10.499725341796875,-12.985272407531738,-9.262109756469727,1.5485919713974,0,2.66,
540,raise_a_suilen,WELCOME TO PANDEMONIUM,254.83,-8.384285162240356,1.2802228927612305,-8.353267669677734,-9.084900856018066,-7.804677963256836,1.278233289718628,0,2.27,
542,raise_a_suilen,RUNAWAY STAR,228.9,-10.651682667534677,2.300654411315918,-10.570898056030273,-11.989770889282227,-9.689116477966309,1.1256916522979736,0,2.08,
539,raise_a_suilen,Takin' my Heart (English),285.0,-10.88450166514265,5.626151084899902,-11.358163833618164,-14.811726570129395,-9.185575485229492,4.3463664054870605,0,2.89,
543,raise_a_suilen,Bad Kids All Bet,228.2,-8.508318062927788,1.5845956802368164,-8.363147735595703,-9.552739143371582,-7.968143463134766,4.202926158905029,0,2.23,
545,raise_a_suilen,Embrace of light,271.97,-10.996354919865885,10.314759254455566,-10.177913665771484,-19.141294479370117,-8.82653522491455,5.9337639808654785,0,2.5,
548,raise_a_suilen,ラスハピーポー！,200.37,-10.740699661384351,2.6054906845092773,-10.658585548400879,-12.358356475830078,-9.7528657913208,5.655655860900879,0,1.58,
546,raise_a_suilen,OUTSIDER RODEO,269.07,-10.693087273206391,2.849599838256836,-10.520638465881348,-12.694634437561035,-9.8450345993042,5.070738315582275,0,2.2,
544,raise_a_suilen,Light a fire,269.0,-11.62492476284796,10.859513282775879,-11.908212661743164,-20.48183250427246,-9.622319221496582,4.994710445404053,0,3.18,
547,raise_a_suilen,JUST THE WAY I AM,258.7,-9.835844307109996,2.782477378845215,-9.85247802734375,-11.460074424743652,-8.677597045898438,3.0341241359710693,0,2.5,
549,raise_a_suilen,1/3の純情な感情 (Cover),222.9,-10.719113692609895,3.2197790145874023,-10.930675506591797,-12.793832778930664,-9.574053764343262,3.193387031555176,0,2.58,
550,raise_a_suilen,ヒトリノ夜 (Cover),237.8,-10.862621409338558,2.1456098556518555,-10.841679573059082,-12.105925559997559,-9.960315704345703,1.105626106262207,0,2.6,
553,raise_a_suilen,Bling-Bang-Bang-Born (Cover),168.7,-11.09772634781026,1.9157238006591797,-10.915803909301758,-12.238277435302734,-10.322553634643555,1.160760760307312,0,1.8,
555,raise_a_suilen,革命道中 (Cover),198.17,-11.011554572409338,5.022731781005859,-11.334612846374512,-14.279220581054688,-9.256488800048828,5.0836052894592285,0,1.79,
554,raise_a_suilen,第六感 (Cover),193.27,-10.136061131586802,3.7698745727539062,-10.076920509338379,-12.621227264404297,-8.85135269165039,1.6471906900405884,0,1.92,
552,raise_a_suilen,メギツネ (Cover),250.83,-10.639038284689365,2.679231643676758,-11.013988494873047,-12.115657806396484,-9.436426162719727,4.164731979370117,0,2.56,
556,raise_a_suilen,Get Wild (Cover),199.63,-9.83094078891965,3.0340499877929688,-9.68724536895752,-11.922101974487305,-8.888051986694336,4.961912631988525,0,1.93,
557,raise_a_suilen,ボッカデラべリタ (Cover),201.84,-10.399119605067318,2.146397590637207,-10.543622970581055,-11.524593353271484,-9.378195762634277,0.835943877696991,0,1.95,
551,raise_a_suilen,激動 (Cover),333.6,-11.602619586963653,8.959354400634766,-11.466217994689941,-18.987625122070312,-10.028270721435547,3.727947473526001,0,4.14,
559,raise_a_suilen,劣等上等 (Cover),237.07,-10.088958601915042,3.2539749145507812,-10.243996620178223,-12.001080513000488,-8.747105598449707,4.312402248382568,0,2.0,
561,raise_a_suilen,Keep the Heat and Fire Yourself Up (Cover),205.84,-10.223273889842554,3.5201292037963867,-10.113910675048828,-12.46439266204834,-8.944263458251953,1.6649030447006226,0,1.82,
558,raise_a_suilen,第ゼロ感 (Cover),288.77,-9.455042023619892,4.745462417602539,-9.423867225646973,-13.220869064331055,-8.475406646728516,8.529340744018555,0,2.7,
560,raise_a_suilen,Just Awake (Cover),222.97,-10.762274806274492,2.959458351135254,-10.618099212646484,-12.586877822875977,-9.627419471740723,3.635455846786499,0,2.07,
562,raise_a_suilen,ボッカデラベリタ (Cover),202.0,-10.132983667812654,1.9524450302124023,-10.18017578125,-11.194892883300781,-9.242447853088379,0.748957097530365,0,1.81,
564,raise_a_suilen,神っぽいな (Cover),204.3,-10.024666007014929,2.7640457153320312,-10.214824676513672,-11.680927276611328,-8.916881561279297,2.3178234100341797,0,1.41,
563,raise_a_suilen,VORACITY (Cover),207.53,-10.091568872991045,4.865944862365723,-9.935333251953125,-13.381834983825684,-8.515890121459961,2.374204635620117,0,2.06,
565,raise_a_suilen,狂乱 Hey Kids!! (Cover),249.9,-10.03131300058175,1.8688993453979492,-9.847159385681152,-11.239555358886719,-9.37065601348877,1.2546818256378174,0,2.66,
571,roselia,BLACK SHOUT,247.05,-11.799876945008537,4.969873428344727,-11.889162063598633,-15.096275329589844,-10.126401901245117,2.778700590133667,0,1.57,
570,roselia,Neo-Aspect,307.29,-9.731862722276668,3.1904897689819336,-9.572464942932129,-11.824930191040039,-8.634440422058105,1.4732365608215332,0,2.16,
568,raise_a_suilen,DEPARTURES (Cover),332.93,-11.907509266255335,7.681570053100586,-12.70644760131836,-17.05131721496582,-9.369747161865234,3.748898983001709,0,2.52,
567,raise_a_suilen,恋しさとせつなさと心強さと (Cover),250.73,-11.38490705454988,3.997011184692383,-11.835960388183594,-13.520120620727539,-9.523109436035156,4.590971946716309,0,2.72,
569,raise_a_suilen,CORE PRIDE (Cover),257.23,-9.52349162053714,1.2890853881835938,-9.387763977050781,-10.23193359375,-8.942848205566406,1.5408134460449219,0,2.54,
566,raise_a_suilen,SAVIOR OF SONG (Cover),249.2,-10.472039247510338,7.006274223327637,-9.928056716918945,-16.134586334228516,-9.128312110900879,4.1366868019104,0,3.13,
572,roselia,Opera of the wasteland,284.8,-9.841238024235144,4.361546516418457,-9.811759948730469,-12.881823539733887,-8.52027702331543,5.37871789932251,0,3.4,
574,roselia,ONENESS,239.23,-11.894921764497537,3.7636241912841797,-11.998937606811523,-14.432671546936035,-10.669047355651855,2.991438627243042,0,2.14,
577,roselia,- HEROIC ADVENT -,222.1,-11.085622026877411,2.280059814453125,-11.009023666381836,-12.320417404174805,-10.04035758972168,2.6607463359832764,0,1.74,
575,roselia,Re:birth day,268.73,-12.088886053759284,3.7707767486572266,-12.4459810256958,-14.119853973388672,-10.349077224731445,5.452518939971924,0,2.17,
573,roselia,陽だまりロードナイト,289.84,-13.542394654800416,2.334108352661133,-13.66923999786377,-14.92347526550293,-12.589366912841797,3.591099977493286,0,2.83,
576,roselia,Legendary,291.98,-10.565411106833633,2.3167247772216797,-10.638580322265625,-11.816190719604492,-9.499465942382812,0.9863765835762024,0,2.91,
579,roselia,熱色スターマイン,280.28,-11.105645883352555,2.9463863372802734,-11.261842727661133,-12.793203353881836,-9.846817016601562,1.7546422481536865,0,2.67,
578,roselia,Determination Symphony,281.89,-11.41852590410004,2.4821605682373047,-11.270816802978516,-12.960624694824219,-10.478464126586914,1.5649540424346924,0,2.99,
581,roselia,LOUDER,216.22,-11.746618199537535,3.433417320251465,-11.901609420776367,-13.77050495147705,-10.337087631225586,4.983799934387207,0,2.11,
583,roselia,BRAVE JEWEL,247.47,-11.227343357067465,4.5473480224609375,-11.070890426635742,-14.586954116821289,-10.039606094360352,2.655555009841919,0,2.05,
580,roselia,軌跡,312.53,-11.509514611485038,12.8460693359375,-12.646077156066895,-21.707761764526367,-8.861692428588867,5.900655269622803,0,2.66,
582,roselia,R,285.3,-10.15649884876053,4.8900299072265625,-9.910253524780273,-13.73076343536377,-8.840733528137207,3.1286611557006836,0,2.73,
584,roselia,FIRE BIRD,360.33,-18.114247005975695,6.208261489868164,-17.68889045715332,-22.767581939697266,-16.5593204498291,2.464888334274292,0,3.39,
586,roselia,Avant-garde HISTORY,306.8,-10.667537395015126,2.935392379760742,-10.766748428344727,-12.52197551727295,-9.586583137512207,1.2430976629257202,0,2.62,
585,roselia,Safe and Sound,258.53,-10.108620765290524,4.542701721191406,-9.819205284118652,-13.512382507324219,-8.969680786132812,3.3637640476226807,0,2.74,
591,roselia,Song I am.,242.57,-10.399366486826198,5.2587080001831055,-10.55852222442627,-14.529120445251465,-9.27041244506836,3.3790550231933594,0,1.76,
587,roselia,Break your desire,261.37,-10.310021933438074,2.9952287673950195,-10.07827377319336,-12.242419242858887,-9.247190475463867,2.5193278789520264,0,3.68,
592,roselia,Sage der Rosen,244.97,-10.492504019177133,6.756220817565918,-10.633930206298828,-15.933357238769531,-9.177136421203613,6.673015117645264,0,2.27,
589,roselia,約束,304.6,-10.541399811417497,2.9090309143066406,-10.346048355102539,-12.449464797973633,-9.540433883666992,4.57452917098999,0,3.25,
590,roselia,"""UNIONS"" Road",309.27,-10.715710353831879,4.536842346191406,-10.80416488647461,-13.549028396606445,-9.012186050415039,3.9670517444610596,0,3.29,
593,roselia,覚悟のLiberation,260.83,-10.867860419420966,2.9315061569213867,-10.788949966430664,-12.631028175354004,-9.699522018432617,5.188522815704346,0,1.87,
594,roselia,Keep Heart,246.0,-10.420406866094252,3.098125457763672,-10.132831573486328,-12.598662376403809,-9.500536918640137,5.857967853546143,0,2.36,
595,roselia,Original Call,225.33,-11.006685166001398,5.724236488342285,-11.012959480285645,-15.036154747009277,-9.311918258666992,5.695017337799072,0,2.45,
596,roselia,Always recall.,252.33,-10.30225736535281,5.136735916137695,-10.427413940429688,-14.010212898254395,-8.8734769821167,3.6215364933013916,0,2.45,
599,roselia,閃光,218.6,-11.710571207265202,3.461094856262207,-11.694723129272461,-13.927115440368652,-10.466020584106445,1.7824081182479858,0,2.12,
597,roselia,Floral Haven,281.93,-10.331601191873531,7.623120307922363,-9.823955535888672,-16.2148380279541,-8.591717720031738,4.473301410675049,0,2.9,
598,roselia,Sprechchor,310.0,-11.108781934637737,7.476831436157227,-11.151683807373047,-16.85857391357422,-9.381742477416992,3.4499151706695557,0,2.84,
602,roselia,廻廻奇譚,221.24,-10.46472000338097,5.835674285888672,-10.472783088684082,-14.72195053100586,-8.886276245117188,2.8521783351898193,0,1.9,
600,roselia,THE HISTORIC...,271.3,-11.434581561211283,3.493891716003418,-11.326519966125488,-13.796106338500977,-10.302214622497559,4.837207794189453,0,2.74,
601,roselia,ROZEN HORIZON,366.57,-10.68114553268073,5.046029090881348,-10.4185791015625,-14.412378311157227,-9.366349220275879,3.2439000606536865,0,3.61,
604,roselia,Synchrogazer,266.74,-11.79211488929463,2.9366703033447266,-11.556940078735352,-13.713212966918945,-10.776542663574219,2.8480749130249023,0,2.96,
603,roselia,鳥の詩,356.8,-12.167061401948677,4.843774795532227,-12.204900741577148,-15.580869674682617,-10.73709487915039,3.9783921241760254,0,3.46,
608,roselia,Second to None,233.73,-9.136827806744483,2.7554636001586914,-8.942312240600586,-10.809409141540527,-8.053945541381836,2.879594564437866,0,1.78,
606,roselia,Dazzle the Destiny,241.17,-9.798206798863601,1.7610797882080078,-9.756942749023438,-10.903264045715332,-9.142184257507324,2.552232265472412,0,2.26,
607,roselia,Grateful Melting,217.27,-11.22742444572647,7.327752113342285,-10.754697799682617,-17.014442443847656,-9.686690330505371,3.2384636402130127,0,2.57,
605,roselia,名前のない怪物,301.27,-12.59737434111644,7.775582313537598,-12.691545486450195,-18.274639129638672,-10.499056816101074,4.310342788696289,0,3.66,
610,roselia,紫炎,221.37,-9.719733997273291,2.432229995727539,-9.825450897216797,-11.073143005371094,-8.640913009643555,3.435199737548828,0,2.24,
609,roselia,Steadfast Spirits,224.89,-9.655096487775154,2.4268150329589844,-9.488531112670898,-11.269606590270996,-8.842791557312012,1.4856922626495361,0,3.21,
611,roselia,XV,235.07,-9.582757154614551,4.390998840332031,-9.22290325164795,-13.15308666229248,-8.76208782196045,3.171597957611084,0,2.19,
613,roselia,Fear Nothing,228.97,-10.26789710391563,2.4624881744384766,-10.17117691040039,-11.804563522338867,-9.34207534790039,3.3656554222106934,0,2.15,
612,roselia,Blessing Chord,277.2,-11.457763367735831,3.261063575744629,-11.368426322937012,-13.466300010681152,-10.205236434936523,4.099884986877441,0,2.57,
614,roselia,PASSIONATE ANTHEM,242.97,-10.209567991912902,3.7755327224731445,-9.860756874084473,-13.004878997802734,-9.22934627532959,4.448061466217041,0,2.27,
615,roselia,Requiem for Fate,238.37,-8.923838648133378,3.712754249572754,-8.921011924743652,-11.483798027038574,-7.77104377746582,1.7392334938049316,0,2.08,
618,roselia,Talk to My Tone,245.97,-10.473046610735832,6.99337100982666,-10.236452102661133,-16.022747039794922,-9.029376029968262,3.834014654159546,0,1.9,
616,roselia,Sanctuary,310.93,-10.195493528376703,5.152824401855469,-10.188791275024414,-13.789369583129883,-8.636545181274414,5.207057952880859,0,2.57,
617,roselia,Sunlit Musical,232.07,-10.420645667521368,4.38339900970459,-10.47468090057373,-13.59131908416748,-9.20792007446289,5.5133795738220215,0,2.15,
619,roselia,一逢のFull Glory,232.43,-10.819926604689487,8.865795135498047,-10.517352104187012,-17.839675903320312,-8.973880767822266,6.726902008056641,0,1.85,
620,roselia,礎の花冠,246.93,-9.65544116994694,3.6245641708374023,-9.558205604553223,-12.182013511657715,-8.557449340820312,3.2108404636383057,0,1.95,
622,roselia,Dear Gleam,253.47,-10.257875001876721,4.783730506896973,-10.600231170654297,-13.369952201843262,-8.586221694946289,2.9797022342681885,0,2.26,
621,roselia,FRONTIER FANTASIA,262.53,-9.60041480416008,6.981655597686768,-9.58176326751709,-14.775712966918945,-7.794057369232178,5.188530921936035,0,2.42,
623,roselia,Call the shots,265.33,-11.607854580295252,2.3241424560546875,-11.65739631652832,-12.927374839782715,-10.603232383728027,2.284672498703003,0,2.6,
625,roselia,VIOLET LINE,290.73,-11.085336961795612,5.768559455871582,-10.822425842285156,-15.387312889099121,-9.618753433227539,3.1091456413269043,0,2.76,
627,roselia,ZEAL of proud,279.07,-10.392202668355493,3.444216728210449,-10.222055435180664,-12.800834655761719,-9.35661792755127,5.150066375732422,0,2.66,
626,roselia,Ringing Bloom,334.87,-10.407875355330681,4.830105781555176,-10.191804885864258,-14.006216049194336,-9.17611026763916,3.382309675216675,0,3.17,
628,roselia,Singing “OURS”,316.2,-12.961117413349152,9.12324333190918,-13.287075996398926,-19.665918350219727,-10.542675018310547,5.763757705688477,0,2.79,
630,roselia,overtuRe,244.13,-10.68229761499457,2.856684684753418,-10.673261642456055,-12.434168815612793,-9.577484130859375,2.219778299331665,0,2.14,
624,roselia,THRONE OF ROSE,312.37,-9.88219025061212,2.4134130477905273,-9.880927085876465,-11.344867706298828,-8.9314546585083,4.4910478591918945,0,3.76,
631,roselia,Proud of oneself,235.77,-10.762266849585346,4.926919937133789,-10.538141250610352,-14.34970474243164,-9.422784805297852,4.210746765136719,0,2.41,
629,roselia,競宴Red×Violet,263.47,-12.10484501180651,2.956822395324707,-12.25557804107666,-13.716218948364258,-10.75939655303955,1.4220771789550781,0,2.91,
634,roselia,Reweave (Cover),238.13,-10.067572764415399,2.359251022338867,-9.764416694641113,-11.56006145477295,-9.200810432434082,2.502229690551758,0,2.25,
635,roselia,ヒバナ -Reloaded- (Cover),205.27,-9.507975866143621,2.474000930786133,-9.578350067138672,-10.907007217407227,-8.433006286621094,1.0235140323638916,0,2.2,
636,roselia,ファタール (Cover),220.84,-10.48305228011691,4.430371284484863,-10.056342124938965,-13.596117973327637,-9.165746688842773,4.088569641113281,0,2.14,
633,roselia,Swear ～Night & Day～,304.02,-23.694792700557798,8.81259536743164,-23.622495651245117,-31.128314971923828,-22.315719604492188,5.544402599334717,0,3.0,
637,roselia,HONEY (Cover),227.6,-10.265306061845685,4.394733428955078,-9.919170379638672,-13.297072410583496,-8.902338981628418,2.2397615909576416,0,2.3,
638,roselia,悪魔の子 (Cover),227.17,-10.790285105010721,9.727693557739258,-10.9661865234375,-18.535015106201172,-8.807321548461914,8.113489151000977,0,2.71,
632,roselia,Sing Alive,315.4,-10.79031106698744,7.676883697509766,-10.642646789550781,-17.193525314331055,-9.516641616821289,4.629613876342773,0,4.57,
639,roselia,slash (Cover),241.13,-11.098013863885404,7.627873420715332,-10.582042694091797,-17.236988067626953,-9.609114646911621,4.974698543548584,0,3.41,
640,roselia,右肩の蝶 (Cover),276.5,-10.787496101157435,2.787832260131836,-10.827413558959961,-12.5540189743042,-9.766186714172363,2.829960584640503,0,2.16,
642,roselia,六兆年と一夜物語 (Cover),216.37,-11.735903269173306,4.6146440505981445,-11.766441345214844,-14.9479341506958,-10.333290100097656,5.039818286895752,0,2.05,
641,roselia,乙女解剖 (Cover),224.1,-9.634900728239769,3.4402027130126953,-9.658252716064453,-11.463982582092285,-8.02377986907959,2.162498950958252,0,2.1,
643,roselia,残酷な天使のテーゼ (Cover),261.8,-12.501610059301683,4.854504585266113,-12.707207679748535,-15.461584091186523,-10.60707950592041,3.7481186389923096,0,3.14,
644,roselia,海色 (Cover),256.83,-10.47262609843994,3.973658561706543,-10.372499465942383,-13.306930541992188,-9.333271980285645,3.3960819244384766,0,3.83,
650,roselia,新時代 (Cover),226.63,-11.58902899097344,5.1714582443237305,-11.464219093322754,-15.435684204101562,-10.264225959777832,4.143409252166748,0,2.37,
646,roselia,魂のルフラン (Cover),269.53,-12.448533030008045,6.510985374450684,-13.661795616149902,-16.802841186523438,-10.291855812072754,4.978642463684082,0,3.59,
647,roselia,This game (Cover),283.63,-10.956583803647765,11.989209175109863,-10.939258575439453,-21.812246322631836,-9.823037147521973,5.805849552154541,0,3.76,
649,roselia,シャルル (Cover),232.63,-10.727595819405437,3.2442359924316406,-10.635139465332031,-12.739188194274902,-9.494952201843262,2.8486459255218506,0,3.83,
648,roselia,スカイクラッドの観測者 (Cover),273.8,-11.10245792348367,11.98438549041748,-10.764888763427734,-21.89451789855957,-9.91013240814209,4.79783296585083,0,4.22,
651,roselia,革命デュアリズム (Cover),237.43,-10.301922507093987,2.9094810485839844,-10.109354972839355,-12.234367370605469,-9.324886322021484,3.6746532917022705,0,3.11,
645,roselia,ETERNAL BLAZE (Cover),309.2,-11.571725237280111,3.923731803894043,-11.276485443115234,-14.48261833190918,-10.558886528015137,3.926826238632202,0,5.36,
655,roselia,Realize (Cover),246.13,-11.312517081347297,5.844030380249023,-11.256671905517578,-15.481051445007324,-9.6370210647583,4.2139458656311035,0,2.32,
652,roselia,Red fraction (Cover),201.0,-10.436078432162393,3.732510566711426,-10.397120475769043,-12.820894241333008,-9.088383674621582,3.9554576873779297,0,3.98,
659,roselia,KING (Cover),134.73,-10.401900598600498,2.213214874267578,-10.63332748413086,-11.564337730407715,-9.351122856140137,4.43792724609375,0,1.63,
653,roselia,深愛 (Cover),273.23,-10.878715391087015,4.84788703918457,-10.650030136108398,-14.637784957885742,-9.789897918701172,4.939640522003174,0,3.82,
656,roselia,Preserved Roses (Cover),210.63,-11.474731186607213,2.401641845703125,-11.399361610412598,-12.921415328979492,-10.519773483276367,5.799492359161377,0,2.54,
654,roselia,Paradisus‐Paradoxum (Cover),232.67,-11.453162575576219,4.453550338745117,-11.58492660522461,-14.279273986816406,-9.825723648071289,3.0950400829315186,0,3.26,
658,roselia,Shangri-La (Cover),239.0,-10.302931296902006,3.9849014282226562,-10.373638153076172,-12.915958404541016,-8.93105697631836,1.867576003074646,0,3.01,
661,mygo,羅永線,233.64,-8.543955804280225,2.5664615631103516,-8.393196105957031,-10.21495532989502,-7.648493766784668,1.1491891145706177,0,1.95,
657,roselia,My Dearest (Cover),337.13,-12.204769984631255,5.943078994750977,-12.635162353515625,-16.006263732910156,-10.06318473815918,2.5034432411193848,0,4.07,
662,mygo,騒混出,227.31,-9.561795593101575,2.322331428527832,-9.305854797363281,-11.140629768371582,-8.81829833984375,2.543792247772217,0,2.57,
660,mygo,素寄曲,238.73,-10.123042120774254,1.3835716247558594,-10.02997875213623,-10.886710166931152,-9.503138542175293,0.7828964591026306,0,2.76,
