gems_item,rho_V,p_V,rho_A,p_A,partial_r_V_given_A,partial_p_V_given_A,partial_r_A_given_V,partial_p_A_given_V,r2_multiple,quad_highV_highA,quad_highV_lowA,quad_lowV_highA,quad_lowV_lowA
wonder,-0.2294824495552604,0.18480362480850535,-0.3189365612614473,0.06184144422474706,-0.34415461725220853,0.04292745362680718,-0.4047019846237786,0.015887992458137424,0.2122340479534094,1.625,2.6,2.0,3.2857142857142856
transcendence,-0.2342666008822807,0.1755630265889337,-0.30600594685737914,0.07381295464323445,-0.3382713865415118,0.04685705316415474,-0.3757382495464401,0.02612256396329613,0.19276403491477667,1.375,2.6,2.1,3.0
power,-0.22274264505842417,0.1983960212273459,-0.2491796409637191,0.14887634875284306,-0.2977547562487035,0.08234923504717422,-0.28520005329146847,0.09677720946871507,0.13108363852380334,3.0,3.3,3.0,3.7142857142857144
sadness,-0.10478852109992617,0.5491222758714708,-0.27594310556313895,0.10859455133125354,-0.18887457161160964,0.2771989027400464,-0.29473121479303627,0.08566150198409685,0.09953282086600723,1.5,1.9,1.6,2.5714285714285716
