{
  "purpose": "energy_full 동결 분포(신곡 증분용)",
  "source": "build_energy_full.py FINAL(mean5+rms_p90x2) 재구성 — 원시 660행(중복 업로드 포함) eligible 풀",
  "built_at": "2026-07-15",
  "feats": [
    "perc_mean",
    "onset_mean",
    "zcr_mean",
    "cen_mean",
    "flat_mean",
    "rms_p90"
  ],
  "weights": [
    1.0,
    1.0,
    1.0,
    1.0,
    1.0,
    2.0
  ],
  "verify": {
    "exact": 658,
    "total": 658,
    "max_abs_diff": 4.992343032306223e-07
  },
  "norm": {
    "perc_mean": {
      "med": 0.2495063692331314,
      "mad": 0.044403793188929556,
      "orient": 1.0
    },
    "onset_mean": {
      "med": 1.1985431909561157,
      "mad": 0.07568170380592346,
      "orient": 1.0
    },
    "zcr_mean": {
      "med": 0.12822674328413777,
      "mad": 0.018368409374848918,
      "orient": 1.0
    },
    "cen_mean": {
      "med": 2689.1433679376814,
      "mad": 241.72450795943988,
      "orient": 1.0
    },
    "flat_mean": {
      "med": 0.041678790003061295,
      "mad": 0.01102707110568881,
      "orient": 1.0
    },
    "rms_p90": {
      "med": 0.23320730030536652,
      "mad": 0.027169729015231132,
      "orient": -1.0
    }
  },
  "pool_sorted": [
    -2.1750976352137066,
    -2.14115611055876,
    -2.1212378719065876,
    -2.0898873733702716,
    -1.9991940940095938,
    -1.9956634575189154,
    -1.9711956630157872,
    -1.9026558786115264,
    -1.8799176337704924,
    -1.8010925491666456,
    -1.754360268025025,
    -1.7255205681595815,
    -1.7180156730275666,
    -1.6750021142892895,
    -1.6642486263200555,
    -1.6422294287481904,
    -1.5945183088987371,
    -1.5880186659910456,
    -1.5695673140818958,
    -1.550118254726177,
    -1.4948899420418738,
    -1.4906941938404483,
    -1.4817928231822137,
    -1.4464275238004103,
    -1.416359385960601,
    -1.406624719803869,
    -1.3930133360433439,
    -1.381856310616746,
    -1.3674814401182827,
    -1.35314579695177,
    -1.3414355507144946,
    -1.2999017548266427,
    -1.2954460479664451,
    -1.2623848496033088,
    -1.231401613519713,
    -1.22139847025046,
    -1.1438334115368354,
    -1.1389314477227928,
    -1.1276807523242423,
    -1.1242088358793494,
    -1.0862322554569652,
    -1.0659213515320873,
    -1.051368174033211,
    -1.0353444737243271,
    -1.0303332484043846,
    -1.0300866479133417,
    -1.0083997076252156,
    -1.002243061250767,
    -0.997411914322066,
    -0.9828626396366127,
    -0.9812946023482384,
    -0.9766883756747918,
    -0.9764033240258883,
    -0.9692495516549863,
    -0.9618773517353908,
    -0.9570598643561331,
    -0.9453545172240408,
    -0.9381690665185024,
    -0.9288563043221764,
    -0.9209792228116053,
    -0.9114547604208474,
    -0.905020542263995,
    -0.9036625296319384,
    -0.902671499633132,
    -0.8887222136597551,
    -0.8863936622573283,
    -0.8576761185809849,
    -0.8398555391695437,
    -0.8382038213393466,
    -0.8324598914402985,
    -0.8211795502218038,
    -0.8182725245920162,
    -0.8176979737648622,
    -0.8153945229296772,
    -0.8084065366356654,
    -0.8068413224062005,
    -0.8002167427588974,
    -0.7993284677641654,
    -0.7974574820542408,
    -0.7739954163623636,
    -0.7721216762802218,
    -0.77100096662314,
    -0.7682892222105818,
    -0.766605545358119,
    -0.7558150145680426,
    -0.755047291653348,
    -0.7505977549143547,
    -0.7424749574063145,
    -0.7359342954815673,
    -0.7257750993408278,
    -0.7180483144943188,
    -0.7122043704882554,
    -0.7074087555912116,
    -0.7051954500822821,
    -0.7000847205882197,
    -0.6937959252518672,
    -0.6804244477402558,
    -0.6798061002314298,
    -0.6685001834437864,
    -0.6599377923648575,
    -0.658860594148238,
    -0.6563946046710197,
    -0.6525451557942722,
    -0.6505778204130218,
    -0.6475468228185235,
    -0.6458945426273612,
    -0.6401388930517988,
    -0.6343583625657773,
    -0.6341252232610352,
    -0.630951609630909,
    -0.6290033334629773,
    -0.6248067219484726,
    -0.6246168019597328,
    -0.61789045044364,
    -0.6115293707407586,
    -0.6111096752246519,
    -0.6083756334429857,
    -0.6018701747516914,
    -0.5937196937346879,
    -0.5918666508093938,
    -0.5835642005254028,
    -0.5827512128172981,
    -0.5810382764532676,
    -0.580651475272732,
    -0.5759698964811873,
    -0.5671592011983847,
    -0.5607714735702214,
    -0.5573940580150939,
    -0.5490918126128129,
    -0.5479257465785653,
    -0.5420274107362596,
    -0.5418141301709947,
    -0.5405468060265426,
    -0.5391699869787062,
    -0.5345603546654891,
    -0.533991777462429,
    -0.5330803026467966,
    -0.5311660289870771,
    -0.526545001423645,
    -0.5160569583895032,
    -0.5159214411116845,
    -0.5157315276823692,
    -0.5111410094923655,
    -0.509505281512818,
    -0.4996897841901452,
    -0.4942569844222123,
    -0.4919203371742554,
    -0.48499416999231476,
    -0.4842723652883888,
    -0.4700414648274315,
    -0.4697097890616008,
    -0.45941099531612756,
    -0.4564211911638517,
    -0.4476151623247691,
    -0.4456935770282561,
    -0.4424070069556851,
    -0.44186788723724396,
    -0.43966555982203076,
    -0.4341535974425734,
    -0.42960861534936806,
    -0.4293328877958018,
    -0.423183321748784,
    -0.42154744420208007,
    -0.4190505836885738,
    -0.41811842095358626,
    -0.41628623663387426,
    -0.41616870853048654,
    -0.40879070691650593,
    -0.4076543853964458,
    -0.4026281066474137,
    -0.4013775931719774,
    -0.39446676723199603,
    -0.3941960061832324,
    -0.38835622838446915,
    -0.3838722234706429,
    -0.3837363344015531,
    -0.37826171172381307,
    -0.3724019222454546,
    -0.3715122000132924,
    -0.36289310583280077,
    -0.3586814827002902,
    -0.3567679128484483,
    -0.3545179659121352,
    -0.35436516034274235,
    -0.3522410148471503,
    -0.3495633041643044,
    -0.34369889419576133,
    -0.34188667039156984,
    -0.33627263525335277,
    -0.3329020052917896,
    -0.32972281085997174,
    -0.3266785474694131,
    -0.32494617027240774,
    -0.32132260020192366,
    -0.3201172245206764,
    -0.3143491389944885,
    -0.30673514973625204,
    -0.30363803151761976,
    -0.29945876033517826,
    -0.29732913502039227,
    -0.29310637803419587,
    -0.2882343667961094,
    -0.2880509779085688,
    -0.28513095802146676,
    -0.284017197117547,
    -0.27956958849083935,
    -0.2792028463174804,
    -0.27856170603369457,
    -0.2766792737353466,
    -0.2741237549310421,
    -0.27411885420956544,
    -0.26669659252050587,
    -0.2640951392028473,
    -0.2614082716324363,
    -0.2613865678512571,
    -0.2483178449121844,
    -0.24623189252656955,
    -0.23941064240134405,
    -0.23168361509075605,
    -0.2268018244308063,
    -0.22424586812282649,
    -0.2233830596187373,
    -0.2233173393036679,
    -0.2196257034461178,
    -0.2177766802073336,
    -0.21587104292486395,
    -0.2141177633871568,
    -0.21268471791629134,
    -0.2010655465401636,
    -0.19348086614038726,
    -0.19324737024953523,
    -0.1908348725028078,
    -0.19034013342060888,
    -0.18962897566127962,
    -0.18551644087435423,
    -0.18323120165614806,
    -0.18226190692412994,
    -0.17963204997532703,
    -0.17944972250705707,
    -0.1722248522187417,
    -0.16993165618259382,
    -0.16472999409740627,
    -0.1606979923600578,
    -0.15990016237719304,
    -0.15789815550762354,
    -0.15788595418202636,
    -0.15261949047613643,
    -0.15242561988966846,
    -0.15217827732488456,
    -0.146085321786755,
    -0.14590954860452499,
    -0.14283148218903874,
    -0.14214498038808307,
    -0.1346886316002486,
    -0.12817655102117265,
    -0.12780163286325585,
    -0.1278003626920544,
    -0.12725917829600203,
    -0.12276347891637093,
    -0.11864947813420808,
    -0.11340063188357362,
    -0.11166967285144115,
    -0.11032876468823995,
    -0.10754528272983906,
    -0.10180863589152063,
    -0.09689983056831679,
    -0.0938563389204462,
    -0.09353331745761559,
    -0.0929106167786706,
    -0.09029779562542337,
    -0.08686814481306723,
