{
  "purpose": "i_* 시간분절 강도의 전역 동결 정규화 상수(신곡 증분용)",
  "source": "extract_temporal_intensity.py 산식 재현 — 기존 전곡 wav 부트스트랩",
  "built_at": "2026-07-15",
  "n_songs": 660,
  "sr": 22050,
  "hop": 512,
  "seg_sec": 15.0,
  "feats": [
    "centroid",
    "bandwidth",
    "zcr",
    "flatness",
    "onset",
    "rms"
  ],
  "med": [
    2684.4921875,
    2610.227783203125,
    0.027310321107506752,
    0.12548828125,
    0.8951345086097717,
    0.1750044971704483
  ],
  "mad": [
    507.3054504394531,
    305.9125671386719,
    0.022533461451530457,
    0.04343554750084877,
    0.457581102848053,
    0.05515327677130699
  ],
  "verify": {
    "exact": 3960,
    "total": 3960,
    "max_abs_diff": 0.0
  }
}
