idx,band,song,url,video_id,key,camelot,tempo_excerpt,energy_proxy,mode_score,acousticness_proxy,instrumentalness_proxy,bpm,energy,shape,eligible_band,energy_full,i_mean,i_std,i_max,i_min,i_start,i_end,m3-mode,m4-lufs_integrated,m4-lra,m5-arousal_median,m6-valence_median,m7-danceability_norm,m8-acoustic_median,m9-instr_stem_ratio,m11-speech_median,display_band
0,afterglow,ON YOUR MARK,https://youtu.be/09B-WljIiTo,09B-WljIiTo,Amaj,11B,123.04688,-0.2597525174453358,0.28223,-0.9765062101423521,0.5337098548585665,123.0,0.822,neutral,True,0.250383,0.12054,0.72580,1.22611,-0.66669,-0.03037,0.07349,major,-9.591000373770155,3.7707319259643555,7.325271129608154,6.1423,0.0,0.00017336022574454546,0.713039,0.0608871728181839,
1,afterglow,That Is How I Roll!,https://youtu.be/_lfuqSepLNw,_lfuqSepLNw,Dmaj,10B,117.45384,-0.5358330246461609,0.07978,-1.5258919310477461,-0.8247750650786677,117.5,0.396,bright,True,0.934916,0.49796,0.82530,1.91718,-0.58242,0.85529,0.81895,major,-10.898394386020712,2.0572166442871094,7.308801651000977,6.4818,0.6667,0.0001630216429475695,0.701748,0.0636275708675384,
2,afterglow,SENSENFUKOKU,https://youtu.be/RDZUbagvt0E,RDZUbagvt0E,Fmaj,7B,135.99918,-1.4635193061511385,0.02075,-0.6840287975734768,0.22750304806879162,136.0,0.159,neutral,True,0.731240,0.09921,0.80883,1.40000,-0.88091,0.01079,0.19293,major,-11.858243332506898,3.4479408264160156,7.046791076660156,6.2307,0.3333,6.412989750970155e-05,0.5638,0.0791971608996391,
3,afterglow,I knew it!,https://youtu.be/q-TEDPBUv7M,q-TEDPBUv7M,Amaj,11B,99.38401,-2.724910580120537,0.28963,0.24967766843448766,-1.717383690726882,99.4,0.7,acoustic,True,0.437213,0.02736,0.69909,1.04592,-0.79392,0.50725,0.00448,major,-10.215912777307645,2.1129579544067383,7.406019687652588,6.1642,0.4757,6.205514364410192e-05,0.760132,0.0668896362185478,
4,afterglow,ツナグ、ソラモヨウ,https://youtu.be/BnWyq8p7NzI,BnWyq8p7NzI,Emaj,12B,129.19922,-1.0497401528767318,0.2626,-0.2204182331186344,-0.1373565676916433,95.7,0.449,shimmer,True,0.455590,0.00049,0.79964,1.23416,-1.15989,-1.05496,0.34473,major,-10.657535126953979,2.944875717163086,7.201624870300293,6.6935,0.3222,0.0007397577282972634,0.572178,0.0633150860667228,
5,afterglow,Hey-day狂騒曲(カプリチオ),https://youtu.be/czHlLBls4oo,czHlLBls4oo,Dmin,7A,151.99908,-1.3281863389777713,-0.07085,-2.314427747350394,-0.3067489104992653,161.5,0.367,bright,True,0.933384,0.58697,0.95695,2.17963,-0.75530,-0.00205,0.82116,minor,-10.498236108310564,3.506649971008301,7.102724552154541,6.1304,0.4043,9.36821015784517e-06,0.67718,0.066951222717762,
6,afterglow,"Easy come, Easy go!",https://youtu.be/erY4I7Irk0E,erY4I7Irk0E,Dmaj,10B,135.99918,-1.7418432966245931,0.38069,-0.09655733351558488,1.081030846211259,136.0,0.636,neutral,True,0.326953,0.00525,0.79209,1.19049,-0.94155,0.00678,0.30842,major,-10.725571232273822,3.662099838256836,7.088780403137207,5.9753,0.3207,7.615111826453358e-05,0.782983,0.0526451803743839,
7,afterglow,Sasanqua,https://youtu.be/zB2aqNpT8ak,zB2aqNpT8ak,C#maj,3B,99.38401,-0.5839458840559861,0.37115,1.3922353238902436,-1.4828355902683223,99.4,0.413,acoustic,True,0.331547,-0.07625,0.79608,1.15622,-1.07530,-0.33508,0.54732,major,-11.008043906449016,2.5839624404907227,6.81696891784668,5.8882,0.2386,0.0015151342377066612,0.62186,0.0505071282386779,
8,afterglow,RED RED RED,https://youtu.be/PEUtqZ_lQ4w,PEUtqZ_lQ4w,C#maj,3B,123.04688,-3.1189114978122303,0.09156,0.08171177915848529,-1.5219164177740692,123.0,0.184,neutral,True,0.593415,0.00616,0.82488,1.15589,-1.10780,-0.71584,0.12569,major,-11.489530755418162,2.318887710571289,7.0161213874816895,5.8574,0.2842,0.0011734236031770706,0.652337,0.0684771537780761,
9,afterglow,ONE OF US,https://youtu.be/fwT9BgeiPNU,fwT9BgeiPNU,Gmin,6A,103.35938,-2.223051965220373,-0.30065,-2.1434765834387246,0.8334137129680638,103.4,0.058,neutral,True,0.945636,0.14195,0.78777,1.39900,-0.96957,0.07030,0.37255,minor,-12.419653435622397,3.240138053894043,7.335694313049316,6.3318,0.386,0.00011666792852338403,0.641721,0.0940331071615219,
10,afterglow,Y.O.L.O!!!!!,https://youtu.be/NWTkdgPu9v8,NWTkdgPu9v8,Cmin,5A,143.55469,-1.574114953615011,-0.02615,-1.95621707170343,0.2535779782139826,103.4,0.475,bright,True,0.888974,0.55304,0.81412,1.91750,-0.54800,0.93058,0.82847,major,-10.480882062961495,3.1506805419921875,7.229061126708984,6.3371,0.304,4.241117858327925e-05,0.702245,0.0937601998448371,
11,afterglow,Scarlet Sky,https://youtu.be/tfZBC32tcwo,tfZBC32tcwo,Amaj,11B,123.04688,-0.5488009263019753,0.20253,-0.23072330218869325,-1.1146929324557087,123.0,0.845,neutral,True,0.510720,0.33391,0.73247,1.53209,-0.58625,0.03189,0.64428,major,-9.531600545755767,2.0726518630981445,7.190240859985352,6.4851,0.8815,0.0004024658992420882,0.775197,0.0545439980924129,
12,afterglow,Off we go.,https://youtu.be/bg2UuSTbyqk,bg2UuSTbyqk,Cmaj,8B,117.45384,0.3207993777001261,0.19098,1.399882732156651,-1.6913087605816906,117.5,0.522,shimmer,True,0.199847,-0.15307,0.85789,1.26868,-1.24011,-0.14255,-0.27006,major,-10.842505750790862,3.150228500366211,6.71071720123291,5.8907,0.2538,0.0018092715181410313,0.674506,0.0631847977638244,
13,afterglow,いつも通りのBrand new days,https://youtu.be/Ku2GV2VkQcA,Ku2GV2VkQcA,C#maj,3B,129.19922,-0.33983388959010563,0.28883,-0.020222875066114865,-0.8149890743462114,129.2,0.596,shimmer,True,0.489280,0.07241,0.74161,1.30839,-0.83911,0.22776,0.63102,major,-10.298623854194645,3.809497833251953,6.971593856811523,6.1814,0.465,0.0015823281137272716,0.682194,0.0779084339737892,
14,afterglow,SWITCH ON NOW,https://youtu.be/jsPk4RqO3N8,jsPk4RqO3N8,G#min,1A,135.99918,-1.26664593673893,-0.02717,-0.3420674004597462,-0.8834278740493279,136.0,0.768,bright,True,0.501531,0.36943,0.76030,1.62131,-0.58411,0.54921,0.41821,minor,-9.82112338185104,2.3815603256225586,7.222578525543213,6.19,0.1945,0.00015304374392144382,0.69744,0.0663212239742279,
15,afterglow,ランブリングメモリー,https://youtu.be/vRHfyDdge6s,vRHfyDdge6s,Emaj,12B,123.04688,-0.4547958039409864,0.26601,-0.0429497595393018,-0.4827073374112453,123.0,0.232,bright,True,0.374426,-0.01961,0.80991,1.21343,-0.97133,-0.29132,-0.11948,major,-10.84272592111089,3.829249382019043,7.179149150848389,5.8561,0.7675,0.008927768096327782,0.674616,0.0561996586620807,
16,afterglow,COMIC PANIC!!!,https://youtu.be/LhpHCRJAAKw,LhpHCRJAAKw,Fmaj,7B,103.35938,-0.2507040439354883,0.22186,-3.3574625528683373,1.103822734304271,103.4,0.697,neutral,True,0.797090,0.39949,0.79278,1.69515,-0.73116,0.26349,0.48234,major,-9.711785426460896,4.092350006103516,7.407463073730469,6.5549,0.8617,5.756457903771661e-05,0.711485,0.1218415200710296,
17,afterglow,Trouble Joyful!!,https://youtu.be/RepUyAXXlD8,RepUyAXXlD8,Cmaj,8B,129.19922,0.05481848238880571,0.11171,0.46711837386751576,-0.9192256595028957,95.7,0.618,neutral,True,0.498469,0.19483,0.77152,1.39024,-0.79162,0.35147,0.20585,major,-10.325828795197097,2.5055999755859375,7.075883865356445,6.043,0.617,0.003559567965567112,0.6573,0.0854946672916412,
18,afterglow,Jamboree!Journey!,https://youtu.be/UEBaKDkey40,UEBaKDkey40,F#maj,2B,151.99908,-1.522683873252919,0.23804,-1.469896988211201,-0.7889141442010198,152.0,0.282,neutral,True,0.512251,0.05627,0.83655,1.44668,-1.08653,-0.62307,0.05746,major,-11.205538538178534,2.809952735900879,7.314810752868652,6.3438,0.5821,0.0009532247204333544,0.734698,0.0821775943040847,
19,afterglow,カナユメ,https://youtu.be/ZFXt0Ul0YA8,ZFXt0Ul0YA8,Dmaj,10B,123.04688,-0.13455568924953298,0.19974,1.8650934873043108,-2.0920292972197734,123.0,0.552,acoustic,True,0.091118,-0.34091,0.76650,0.83431,-1.30041,-0.49254,-0.23128,major,-10.747677623134377,3.2256174087524414,6.886216640472412,5.8623,0.3571,0.006351344287395477,0.719142,0.0613674819469451,
20,afterglow,独創収差,https://youtu.be/8rQjShGMPYs,8rQjShGMPYs,Dmaj,10B,129.19922,-0.35269232580865856,0.31901,1.1485164099855536,-0.8052030836137544,123.0,0.733,acoustic,True,0.112557,-0.03635,0.87721,1.16924,-1.46198,-0.40857,-0.64061,major,-8.709624522292605,10.931985855102539,6.745689392089844,4.423,0.0182,1.7479574125900399e-06,0.799104,0.0588974021375179,
21,afterglow,極彩色,https://youtu.be/YvpL2A3FZk4,YvpL2A3FZk4,Dmaj,10B,123.04688,-0.8372771777601745,0.32316,-0.8347026040486344,-0.03640302458713811,123.0,0.382,neutral,True,0.620980,0.21249,0.86162,1.53061,-1.25801,-0.75097,0.29542,major,-10.871496597906875,2.1602306365966797,7.00611686706543,6.0006,0.5608,0.0004907699185423553,0.757314,0.0617326349020004,
22,afterglow,サクラゼンセン,https://youtu.be/RJ98HN9hl6I,RJ98HN9hl6I,F#min,11A,135.99918,0.13912336801615682,-0.35032,1.5525541546326922,-1.137484820548721,143.6,0.514,neutral,True,0.213629,-0.11113,0.75004,0.98088,-1.15750,-0.48913,0.04219,minor,-11.060568329293986,3.1908740997314453,7.159527778625488,5.8706,0.8967,0.004119201563298702,0.71639,0.0766149759292602,
23,afterglow,True color,https://youtu.be/zOTQpZkq_vk,zOTQpZkq_vk,Dmaj,10B,107.66602,0.540160444570788,0.07143,1.4608089543610339,-2.0040816514758237,107.7,0.757,acoustic,True,0.274885,0.09152,0.80333,1.39984,-0.97534,-0.16571,-0.03784,minor,-9.980813018341072,2.603649139404297,7.05737829208374,6.383,0.2462,0.0014594474341720343,0.772762,0.0563845187425613,
24,afterglow,Crow Song (Cover),https://youtu.be/mpPPaC8vfsU,mpPPaC8vfsU,D#maj,5B,117.45384,-1.7565562021829209,0.02683,-2.148743207796908,1.6967275018429877,117.5,0.496,bright,True,0.715926,0.37076,0.73412,1.47031,-0.54410,0.81139,0.33691,major,-10.766799235576011,2.9791622161865234,6.98244571685791,6.0725,0.9726,1.1354499292792752e-05,0.773694,0.0448824800550937,
25,afterglow,カサブタ (Cover),https://youtu.be/-0QIHYtgwwQ,-0QIHYtgwwQ,Amaj,11B,117.45384,-1.319140728922962,0.10825,0.5027190626383037,-0.13413666106354458,112.3,0.595,acoustic,True,0.538285,0.05099,0.70174,1.12956,-0.74033,0.14308,0.33654,major,-10.448468653713425,2.463705062866211,7.652812957763672,6.4076,0.7644,5.092556239105761e-05,0.722319,0.065502144396305,
26,afterglow,アイのシナリオ (Cover),https://youtu.be/TFvTI-1uz7g,TFvTI-1uz7g,Dmaj,10B,117.45384,-1.1606804209515629,0.2523,-1.0117893278010848,0.09390849071473718,117.5,0.302,neutral,True,0.575038,0.12352,0.86470,1.52752,-0.99613,0.45157,0.28986,major,-11.372673452700758,3.273998260498047,7.085435390472412,5.98,0.2158,0.0006955084973014891,0.75986,0.0770693570375442,
27,afterglow,Northern lights (Cover),https://youtu.be/qrbkufy83yY,qrbkufy83yY,Amin,8A,135.99918,-0.4954845259130665,-0.27579,0.8329082775498129,-0.2676680829935186,136.0,0.639,neutral,True,0.282542,-0.12805,0.80057,1.06910,-1.08473,0.21067,-0.04039,minor,-10.554252361033194,2.6065454483032227,7.095794677734375,5.5132,0.731,0.00010414537973701954,0.755352,0.0718007311224937,
28,afterglow,トーキョーワンダー。 (Cover),https://youtu.be/4vNlqraef0E,4vNlqraef0E,Dmin,7A,135.99918,-1.6762506730113347,-9e-05,0.007822807931343823,0.29587871234782764,136.0,0.504,shimmer,True,0.251914,-0.25183,0.89332,1.13956,-1.62483,-0.73427,-0.38906,major,-10.409524739959682,3.7190752029418945,7.055652141571045,5.9526,0.6049,0.0003852018853649497,0.675927,0.0754400044679641,
29,afterglow,Reach Out To The Truth (Cover),https://youtu.be/ufMWpo-RKpQ,ufMWpo-RKpQ,Bmin,10A,112.34715,-2.2799985826844438,-0.12586,-0.4029896990065714,-1.5837891333728273,112.3,0.73,bright,True,0.570444,0.41807,0.80787,1.86202,-0.53989,0.64088,0.63764,minor,-10.145127086939766,2.4117469787597656,7.1968231201171875,5.9946,0.9878,1.4447996363742277e-05,0.836679,0.0886909663677215,
30,afterglow,Listen!! (Cover),https://youtu.be/VDWm77vSOR8,VDWm77vSOR8,Amaj,11B,117.45384,-1.0013672378114153,0.12429,-1.0389515064804649,0.21121410865605705,117.5,0.476,shimmer,True,0.571975,0.07733,0.81170,1.45554,-0.92371,0.08664,0.24143,major,-10.867349930247025,3.2308530807495117,7.204256534576416,6.0513,0.5517,0.00025426089996472,0.724387,0.0620610602200031,
31,afterglow,青い栞 (Cover),https://youtu.be/bzJW33heiqw,bzJW33heiqw,Bmaj,1B,129.19922,1.011815980748096,0.30375,2.8072523519225148,-2.619778307107553,129.2,0.134,acoustic,True,0.062021,-0.50725,0.93702,1.00131,-1.69074,-0.81122,-0.81810,major,-11.87947644343549,5.463316917419434,6.3585052490234375,5.5186,0.2143,0.19259974360466003,0.628103,0.0769842118024826,
32,afterglow,イマジネーション (Cover),https://youtu.be/PDtPDiaQOK8,PDtPDiaQOK8,G#min,1A,135.99918,-0.7284830360977171,-0.03484,-1.2584222280752984,0.07111660262172506,136.0,0.24,neutral,True,0.651608,0.14638,0.86352,1.60520,-0.91765,0.23421,0.42391,major,-11.159949489699532,3.9953317642211914,7.137579917907715,6.3372,0.3678,0.0008574113016948104,0.689159,0.1045858412981033,
33,afterglow,Butter-Fly (Cover),https://youtu.be/GlylV3xII5k,GlylV3xII5k,G#maj,4B,112.34715,-0.4468110562643336,0.05063,-0.776878300384048,0.38060645146367905,112.3,0.838,bright,True,0.666922,0.48023,0.67994,1.56089,-0.42950,0.64201,0.69437,major,-9.60994503188599,2.6741323471069336,6.9673662185668945,6.3708,0.2903,8.235607674578205e-05,0.748116,0.0450482480227947,
34,afterglow,燦々,https://youtu.be/WnTBaFVyDyM,WnTBaFVyDyM,Emaj,12B,99.38401,-0.4409794536649462,0.12273,0.38130162971915993,-1.1668427927460905,99.4,0.549,neutral,True,0.740429,0.34965,0.86748,1.92835,-0.95036,-0.17667,0.61237,major,-10.744673081036142,2.1378326416015625,6.6930832862854,5.6659,0.6353,2.7829826194647467e-06,0.759381,0.0556374192237854,
35,afterglow,That's why I'm here.,https://youtu.be/Q0l5OZb3Fr8,Q0l5OZb3Fr8,Bmaj,1B,123.04688,-0.7111783916322686,0.03619,-0.11644655018864891,0.2861558570394514,123.0,0.724,shimmer,True,0.253446,0.03909,0.76559,1.31804,-0.95309,0.19966,0.35689,major,-10.273894402834582,3.833123207092285,6.846534729003906,6.0183,0.503,0.001575361704453826,0.6122,0.0645667612552642,
36,afterglow,IGNITE GLOW,https://youtu.be/bU3kvmPZFBg,bU3kvmPZFBg,Emin,9A,129.19922,-0.955830711329763,-0.21799,-0.9770591674597712,1.7260854740403577,129.2,0.747,shimmer,True,0.271822,-0.05701,0.71450,1.00078,-1.03263,-0.22308,0.15940,minor,-10.165351548730614,2.4737625122070312,6.900792598724365,5.8365,0.4347,0.0019084932282567024,0.684178,0.0717904716730117,
37,afterglow,ペトリコール・オベーション,https://youtu.be/XUxFCXHCDkU,XUxFCXHCDkU,Fmaj,7B,123.04688,-0.5443755323189787,0.03052,0.2084125611155494,-0.674891568311879,123.0,0.728,shimmer,True,0.181470,-0.11508,0.67192,0.90224,-0.89295,-0.10814,0.05736,major,-10.274189730696653,2.982621192932129,7.153072357177734,6.1197,0.8556,0.0027806032449007034,0.660852,0.0681823343038559,
38,afterglow,Made My Day,https://youtu.be/YfS7jNzytUs,YfS7jNzytUs,Fmaj,7B,129.19922,0.49444084912576614,0.40367,1.7328617332416487,-1.088618002310517,129.2,0.909,neutral,True,0.100306,-0.02566,0.76963,1.29528,-0.88341,-0.08240,0.04576,major,-9.662747138901997,1.8701658248901367,6.833186149597168,5.7316,0.7523,0.001981110777705908,0.679684,0.0501341968774795,
39,afterglow,Glowing After,https://youtu.be/N-kz_Kbq6rU,N-kz_Kbq6rU,F#min,11A,99.38401,1.4863208188036925,-0.1154,0.16959565976056457,0.8757775825259891,99.4,0.778,shimmer,True,0.320827,0.25832,0.94201,2.10107,-0.94410,0.41085,0.51136,minor,-9.483970137900164,3.877474784851074,6.885965824127197,5.8709,0.3967,0.0005310917622409761,0.576187,0.0776608511805534,
40,afterglow,A Sunset So Bright,https://youtu.be/gKHkLAXGVbE,gKHkLAXGVbE,Emin,9A,129.19922,-0.003004739238783194,-0.07916,0.9226318527231062,-2.535113703415782,129.2,0.92,acoustic,True,0.300919,0.39370,0.73215,1.45110,-0.66997,0.33755,0.48082,minor,-9.281351023594398,2.642207145690918,6.64708137512207,4.8741,0.2112,2.17999786400469e-06,0.820051,0.0309243891388177,
41,afterglow,Start as Usual,https://youtu.be/sWjSEnBR4qE,sWjSEnBR4qE,Amaj,11B,117.45384,0.0626966312204904,0.09924,0.866961046801608,-0.5967299133003859,117.5,0.836,acoustic,True,0.382083,0.33352,0.69328,1.42265,-0.49531,0.21518,0.41206,major,-9.989062421357781,2.5784950256347656,6.692793846130371,5.1904,0.6337,2.012628101510927e-05,0.621262,0.0625992566347122,
42,afterglow,“Say cheese!!!!!”,https://youtu.be/RHGk1uT_yMc,RHGk1uT_yMc,Emaj,12B,117.45384,1.8024470314482903,0.12931,1.693509240005046,-1.271079377902775,117.5,0.897,acoustic,True,0.345329,0.31891,0.72746,1.54670,-0.60411,0.24276,0.33028,major,-9.474491772849623,1.4896478652954102,7.090773582458496,5.874,0.7994,2.190259147027973e-05,0.72551,0.0620506443083286,
43,afterglow,花笑みのデュオ,https://youtu.be/m6jnZ8qDw-E,m6jnZ8qDw-E,Gmaj,9B,99.38401,1.7072695181071398,0.00438,-0.38736946404658773,1.0940367435718144,99.4,0.904,neutral,True,0.431087,0.51459,0.86545,2.10650,-0.71509,0.65703,0.45710,major,-9.14375258734692,3.4912567138671875,6.675547122955322,5.7468,0.4802,0.00011692336556734517,0.623604,0.065578743815422,
44,afterglow,READY STEADY GO (Cover),https://youtu.be/pSdx__hacYc,pSdx__hacYc,Emaj,12B,143.55469,-1.8483803909402066,0.3028,-1.864647333163667,0.6510154727998864,143.6,0.548,bright,True,0.790965,0.36107,0.80862,1.69893,-0.73806,-0.04727,0.37425,major,-10.393187903357065,3.181570053100586,7.210546493530273,5.9411,0.4301,2.499617721696268e-06,0.75303,0.0481807775795459,
45,afterglow,abnormalize (Cover),https://youtu.be/PORDvsXEOjA,PORDvsXEOjA,Dmin,7A,117.45384,-0.5849220003345821,-0.33867,0.3216810061435143,-1.5903552174771856,117.5,0.592,shimmer,True,0.299387,0.04810,0.87918,1.40418,-1.17019,-0.07796,0.09328,major,-10.330948514370494,3.786113739013672,7.159338474273682,5.7597,0.1717,4.3089588871225715e-05,0.740614,0.0746541246771812,
46,afterglow,メンタルチェンソー (Cover),https://youtu.be/ujO1ibiy_SQ,ujO1ibiy_SQ,Dmin,7A,123.04688,0.11574744458600972,-0.0795,-0.3315513423127523,-1.3818189117397368,123.0,0.678,shimmer,True,0.337672,-0.06431,0.87556,1.54521,-1.17776,-0.02917,-0.33175,minor,-10.644164276537738,2.793766975402832,7.2289533615112305,6.2415,0.9924,0.0002977974945679307,0.747949,0.076689712703228,
47,afterglow,Bunny Girl (Cover),https://youtu.be/9zRb7Kd0mOw,9zRb7Kd0mOw,G#min,1A,107.66602,2.1595755747804017,-0.07211,-1.4118275083464036,0.05811070526116963,107.7,0.203,shimmer,True,0.847626,0.22849,1.09077,2.39840,-0.95639,0.55154,0.07437,minor,-11.611832379935164,3.4120054244995117,6.961411952972412,6.1581,0.9271,0.00020666138152591884,0.724083,0.0799342468380928,
48,afterglow,オレンジ (Cover),https://youtu.be/1xpUhlxXVfQ,1xpUhlxXVfQ,Gmaj,9B,135.99918,1.4314089548242286,0.36609,-0.6814534773938933,-0.05919491268015023,99.4,0.457,shimmer,True,0.405054,0.13979,0.98311,1.67707,-1.40043,-0.55836,0.03888,major,-10.754030561943761,4.58387565612793,6.504333972930908,5.5096,0.3298,2.207091893069446e-05,0.67899,0.0613279119133949,
49,afterglow,カゲロウデイズ (Cover),https://youtu.be/f2UtT521XMs,f2UtT521XMs,Fmaj,7B,99.38401,1.1416650567860978,0.21846,2.0079029330910996,-0.7726252047882859,99.4,0.41,acoustic,True,0.379020,0.10364,0.81607,1.46493,-0.94381,-0.18349,0.31525,minor,-11.369588711675483,3.772036552429199,6.269518852233887,5.4546,0.7158,2.7366160793462768e-05,0.771303,0.054078783839941,
50,afterglow,DAY×DAY (Cover),https://youtu.be/kSVcNXz21RY,kSVcNXz21RY,Gmaj,9B,95.70312,-0.2156501204106796,0.04629,-0.8451456648258184,1.129897664449462,95.7,0.824,bright,True,0.536753,0.42816,0.74019,1.66828,-0.52475,0.29016,0.32172,major,-9.426798170737518,3.8534412384033203,7.128175735473633,5.9461,0.7416,1.3317896446096711e-05,0.638362,0.0850098207592964,
51,afterglow,ロキ (Cover),https://youtu.be/i-3KO5JZOoA,i-3KO5JZOoA,Emaj,12B,151.99908,-1.1703429155363871,0.04765,-0.09895575473376828,0.2144340152841558,152.0,0.39,shimmer,True,0.562787,-0.00224,0.90364,1.42126,-1.08509,-0.02327,0.42682,minor,-11.178045624985106,2.46970272064209,7.172277450561523,5.6201,0.7371,4.7638288378948346e-05,0.741849,0.0721908882260322,
52,afterglow,CHAINSAW BLOOD (Cover),https://youtu.be/0vocZOBTZKs,0vocZOBTZKs,Amin,8A,143.55469,0.2134811329423809,-0.09147,-0.9314674068062738,0.9051355547233594,143.6,0.51,shimmer,True,0.284074,-0.18857,0.81845,1.10076,-1.20279,-0.54539,-0.29499,minor,-11.053990864504357,3.417177200317383,7.113705635070801,5.7521,0.9407,0.0005586625775322318,0.731216,0.0983046740293502,
53,afterglow,チルドレンレコード (Re:boot) (Cover),https://youtu.be/SVBJBQX3IsA,SVBJBQX3IsA,Emin,9A,103.35938,-1.3785251487816155,-0.12879,-1.4094630993850683,-0.09499269813371779,103.4,0.478,shimmer,True,0.591884,0.15782,0.94661,1.88240,-0.99537,-0.21727,0.44189,major,-10.818795287532726,4.022705078125,7.009706020355225,5.9682,0.4787,0.007202619221061468,0.662413,0.0751443952322006,
54,afterglow,青のすみか (Cover),https://youtu.be/agEZ5jPpldQ,agEZ5jPpldQ,F#maj,2B,151.99908,0.2183326692987504,0.19695,0.45135062907972096,-1.1668427927460905,152.0,0.686,neutral,True,0.279479,0.24595,1.02458,1.86043,-1.44091,0.15577,0.58224,major,-9.512378234870193,5.735533714294434,6.595925331115723,5.3114,0.041,4.046656613354571e-05,0.624873,0.061123851686716,
55,afterglow,GO!!! (Cover),https://youtu.be/FDflFAr27rE,FDflFAr27rE,Fmaj,7B,135.99918,-0.5268135615723382,0.31826,-0.8888366985264413,-0.6944635497767928,136.0,0.71,neutral,True,0.578101,0.13339,0.81388,1.28503,-0.95873,0.25526,0.58011,major,-10.18721708163003,2.0809059143066406,7.474613189697266,5.9499,0.962,0.0002498531830497086,0.708464,0.1125637590885162,
56,afterglow,天ノ弱 (Cover),https://youtu.be/Rs6BXRn3noE,Rs6BXRn3noE,C#maj,3B,135.99918,-0.022098903700271455,0.10842,0.1118866406292921,0.3578145633706669,99.4,0.744,shimmer,True,0.504594,0.01279,0.87221,1.48677,-1.04234,0.09239,0.37251,major,-9.807370367842113,3.304037094116211,7.115947246551514,5.9893,0.5304,0.0018269341671839356,0.660481,0.0707379952073097,
57,afterglow,アスノヨゾラ哨戒班 (Cover),https://youtu.be/Tdr0apLRXd4,Tdr0apLRXd4,Amaj,11B,123.04688,-1.2829748564166712,0.38516,0.7049385705153404,-3.059579671251382,123.0,0.704,acoustic,True,0.473966,0.32657,0.89647,1.60864,-1.05645,0.27696,0.04186,major,-10.016413655887883,4.120265960693359,7.090052604675293,5.7625,0.0319,0.00018703570822253823,0.774162,0.0601432509720325,
58,afterglow,瞬間センチメンタル (Cover),https://youtu.be/_DYh8jUgy-Y,_DYh8jUgy-Y,Amaj,11B,112.34715,-1.1410420307467866,0.02564,-1.7556703242974803,0.8106218248750516,112.3,0.599,neutral,True,0.579632,0.22870,0.81096,1.48643,-0.79435,0.31006,0.45094,major,-10.54456114435566,2.1607351303100586,7.269939422607422,5.8459,0.7629,0.00011595249088713899,0.739362,0.0724614560604095,
59,afterglow,プライド革命 (Cover),https://youtu.be/zvvFpagDgeY,zvvFpagDgeY,Emaj,12B,123.04688,-1.8310217952198193,0.23664,-2.0673277455978982,0.9865802517870315,123.0,0.085,neutral,True,0.843032,0.17745,0.77122,1.50732,-0.77706,0.57096,0.35432,major,-12.00071404283671,4.428055763244629,7.200177192687988,6.3367,0.383,0.0004929915885441005,0.691156,0.0850421637296676,
60,afterglow,命に嫌われている。 (Cover),https://youtu.be/03BGdH5H5xE,03BGdH5H5xE,Cmaj,8B,99.38401,-0.17465593478581487,0.21804,-0.5062371584189626,1.2015563707806776,99.4,0.05,shimmer,True,0.423430,-0.19343,0.97540,1.42698,-1.67837,-1.40614,0.02253,major,-11.812615422973238,7.896788597106934,5.94578218460083,5.4714,0.6368,0.06084178015589714,0.727035,0.0741012468934059,
61,afterglow,Redo (Cover),https://youtu.be/Q5ld_AEJAWw,Q5ld_AEJAWw,Cmin,5A,129.19922,-0.9994055603212946,-0.13088,-0.24863761003468504,-0.5902269646201085,129.2,0.337,neutral,True,0.493874,0.02507,0.79030,1.28968,-1.03654,-0.16367,0.70690,minor,-11.025557472240878,3.7117576599121094,6.891557693481445,6.3599,0.0988,1.086216616386082e-05,0.719159,0.0769049003720283,
62,afterglow,インフェルノ (Cover),https://youtu.be/DOrx3z-Z86c,DOrx3z-Z86c,Amaj,11B,123.04688,-2.0016178596863727,0.13672,-0.634932798074693,-0.9583064870086417,92.3,0.448,neutral,True,0.630168,0.11658,0.81449,1.31496,-0.94614,0.52114,0.32928,major,-11.09963671712552,2.526413917541504,7.359781265258789,6.4783,0.6626,0.00024208346439991146,0.728964,0.077574498951435,
63,afterglow,ドラマツルギー (Cover),https://youtu.be/wFqN8fUMosg,wFqN8fUMosg,F#min,11A,99.38401,-0.29722885556013573,-0.18624,0.16809703994865643,0.4164673723413267,99.4,0.709,shimmer,True,0.302450,-0.16204,0.77527,1.07350,-1.21942,-0.84463,0.31371,minor,-9.96917031656199,2.107213020324707,7.028141021728516,5.6724,0.6565,0.0012595867738127708,0.654367,0.0970053672790527,
64,afterglow,COLORS (Cover),https://youtu.be/nUw5V5zupYQ,nUw5V5zupYQ,C#maj,3B,135.99918,-1.4126039955602934,0.11326,1.39841394821892,-0.6553827222710461,136.0,0.34,acoustic,True,0.178407,-0.30829,0.84303,0.80777,-1.55225,-0.31648,-1.00140,major,-11.352808858321248,2.919656753540039,6.736730575561523,5.4801,0.804,9.986262739403173e-05,0.695908,0.0721894949674606,
65,afterglow,午夜の待ち合わせ (Cover),https://youtu.be/jUMn-Sg_nq8,jUMn-Sg_nq8,G#min,1A,95.70312,-1.0108936436565772,-0.01643,-1.6073866449848035,-0.8149890743462114,129.2,0.44,neutral,True,0.634763,0.13033,0.92547,1.49290,-1.22323,-0.58093,-0.01477,major,-10.794489017970273,3.847484588623047,7.294283866882324,6.0773,0.4894,0.00010787554492708296,0.717063,0.0710512921214103,
66,afterglow,サムライハート（Some Like It Hot!!） (Cover),https://youtu.be/DPCDABZ5uvY,DPCDABZ5uvY,Gmaj,9B,112.34715,0.429630471484485,0.10386,0.684130846778433,0.24379198748152586,112.3,0.464,shimmer,True,0.530628,-0.24689,0.79179,0.98951,-1.15961,-0.43006,0.08717,major,-10.872837491836625,2.3873844146728516,7.209578990936279,6.0663,0.9362,0.00014555954840034246,0.700879,0.1268771588802337,
67,afterglow,ベノム (Cover),https://youtu.be/MfBRzH_Wva8,MfBRzH_Wva8,G#maj,4B,151.99908,-1.2970371423067715,0.1646,-2.1667486749219496,-0.3458928734290921,152.0,0.361,neutral,True,0.869066,0.33020,0.77645,1.53567,-0.75224,0.42988,0.51181,minor,-10.960536071304713,2.4103641510009766,7.727442741394043,6.3943,0.9073,1.46723386933445e-05,0.76868,0.071797639131546,
68,afterglow,Don't say “lazy” (Cover),https://youtu.be/PThqwHLyPpU,PThqwHLyPpU,Emin,9A,123.04688,-2.0617809672049705,-0.10227,-3.8439799117850972,-0.6651055775794223,123.0,0.343,bright,True,0.953292,0.58930,0.99598,2.00084,-0.77013,0.87487,-1.72887,major,-10.856190186158718,2.726565361022949,7.461879730224609,6.7159,0.921,0.00028545380337163806,0.749632,0.0614631213247776,
69,afterglow,Part of the Life,https://youtu.be/O3ZcEs4b-uw,O3ZcEs4b-uw,Bmaj,1B,123.04688,1.01735816886197,0.00481,0.3140705433026018,0.5369928969107453,123.0,0.888,neutral,True,0.308576,0.17807,0.65717,1.16797,-0.68117,0.27757,0.01041,major,-9.620688634893796,2.78839111328125,7.015749931335449,5.4827,0.6033,2.9370061383815482e-05,0.652968,0.0517095699906349,
70,afterglow,Punchline Halloween!!!,https://youtu.be/9o7t80l3ycg,9o7t80l3ycg,Cmaj,8B,117.45384,-0.9487465454273517,0.00116,1.0433968749900766,0.28287281498727257,123.0,0.486,neutral,True,0.241194,-0.09999,0.81259,1.07140,-0.97774,-0.32503,0.00803,major,-11.358380316924274,2.309232711791992,6.747406005859375,5.5762,0.5015,0.008193966932594776,0.684802,0.0431589446961879,
71,afterglow,I love your way！,https://youtu.be/AXFAOTQ9oK8,AXFAOTQ9oK8,F#min,11A,129.19922,-1.2344912028375221,-0.07998,-0.6373653094084155,-0.456632407266054,129.2,0.783,bright,True,0.529096,0.22924,0.69997,1.27802,-0.58796,0.28870,0.74856,minor,-9.914402857674924,1.5819664001464844,7.310246467590332,6.0788,0.7903,5.972496001049876e-05,0.753041,0.0748577564954757,
72,ave_mujica,KiLLKiSS,https://youtu.be/RexyoaXaQ1o,RexyoaXaQ1o,Emin,9A,135.99918,0.664258236605733,-0.23625,0.10587984539816607,1.0647419067985244,136.0,0.613,acoustic,True,0.037519,-0.32424,1.31387,1.59046,-2.66099,-2.15766,0.45117,minor,-8.59538436083928,17.370628833770752,6.630990982055664,5.0509,0.0137,5.0156253564637154e-05,0.635171,0.0338799618184566,
73,ave_mujica,"Georgette Me, Georgette You",https://youtu.be/vKDa7yfpd2M,vKDa7yfpd2M,C#min,12A,95.70312,0.6785409369017337,-0.01165,2.581488071198543,-0.485927244039344,143.6,0.094,acoustic,True,0.040582,-0.45744,1.13694,1.29355,-2.08463,-1.27925,0.97476,minor,-10.651965362506385,11.029388427734375,5.5088653564453125,4.5989,0.0076,0.051290132105350494,0.468271,0.0482551455497741,
74,ave_mujica,Imprisoned XII,https://youtu.be/0YNMV7xljD4,0YNMV7xljD4,Cmaj,8B,103.35938,0.8719344176977126,0.04663,2.420092346072945,-1.658730881756222,107.7,0.011,neutral,True,0.057427,-0.71010,1.29993,2.13426,-2.21184,-0.54641,-0.91376,major,-13.271724878648264,11.777116775512695,5.270883560180664,4.8049,0.0046,0.7733258008956909,0.626194,0.0359325036406517,
75,ave_mujica,Crucifix X,https://youtu.be/XP8al1l38Po,XP8al1l38Po,Fmaj,7B,103.35938,-0.5906360559851582,0.02499,0.10972069159687553,-0.49249332814370195,103.4,0.352,neutral,True,0.127871,-0.12451,1.01068,1.62494,-2.00731,-1.94039,-0.00416,minor,-11.24426276052275,7.9297943115234375,6.470942974090576,4.5579,0.0669,8.362013431906234e-06,0.804841,0.0371214114129543,
76,ave_mujica,八芒星ダンス,https://youtu.be/tevtnb427Mw,tevtnb427Mw,C#maj,3B,112.34715,-0.6893789646442494,0.0118,-2.029122697246789,0.054827663208990476,112.3,0.674,bright,True,0.564319,0.41997,1.10428,2.23364,-2.00067,-1.73307,0.48852,major,-9.607776714752474,9.368267059326172,6.731789588928223,4.4783,0.0866,9.163654368649077e-08,0.796263,0.0364139154553413,
77,ave_mujica,顔,https://youtu.be/cVfQBLdIUXk,cVfQBLdIUXk,F#min,11A,143.55469,-0.10582570046815531,-0.15457,-1.5596316553030098,-0.2741710316737965,143.6,0.93,bright,True,0.712864,0.75979,0.99241,2.66423,-0.61936,0.25603,0.99752,minor,-9.189775266580217,1.6558513641357422,7.121429443359375,4.7224,0.5653,3.125877583443071e-07,0.786544,0.0576894879341125,
78,ave_mujica,天球のMúsica,https://youtu.be/2Bo-ULStqLo,2Bo-ULStqLo,Fmaj,7B,129.19922,1.3490337003287665,0.12481,2.064498384287891,-0.08526984282534152,129.2,0.88,acoustic,True,0.103369,0.27745,1.14959,1.90946,-2.03014,-1.69755,0.22567,major,-8.666050702639591,5.779750823974609,6.758284091949463,5.1673,0.0304,1.3946669241704512e-05,0.721646,0.0372650921344757,
79,ave_mujica,黒のバースデイ,https://youtu.be/WIhtJ7eJ-oI,WIhtJ7eJ-oI,D#min,2A,99.38401,1.4951666875171445,-0.13868,-1.3655767520886937,0.624940542654695,99.4,0.816,shimmer,True,0.135528,0.15758,1.26385,2.80711,-2.41577,-2.15944,2.09277,minor,-7.884065370147881,13.09752607345581,6.886259078979492,5.2213,0.0122,3.367781800989178e-06,0.687522,0.0398861467838287,
80,ave_mujica,ふたつの月 ~Deep Into The Forest~,https://youtu.be/6USzFX8HnSY,6USzFX8HnSY,Emin,9A,117.45384,0.03640808015303951,-0.15946,0.22303649365219447,0.624940542654695,117.5,0.669,acoustic,True,0.267228,0.23899,0.97966,1.81425,-1.49107,-1.63461,2.30423,minor,-9.231712565294877,6.108948707580566,6.02911376953125,4.4253,0.0152,2.4747453153395327e-07,0.801904,0.0483462810516357,
81,ave_mujica,Choir ‘S’ Choir,https://youtu.be/7llj4mh4L-8,7llj4mh4L-8,Gmin,6A,143.55469,-0.37642648952778957,-0.21036,-0.9076667359850074,0.2079310666038779,99.4,0.716,neutral,True,0.210567,0.12848,1.05964,2.43039,-1.28041,-1.23807,2.81492,minor,-8.872043648789122,7.613003730773926,6.7715044021606445,4.9296,0.0562,1.6721230622351868e-06,0.7646,0.0597886741161346,
82,ave_mujica,神さま、バカ,https://youtu.be/OT9KqYBAkQc,OT9KqYBAkQc,Dmin,7A,123.04688,1.1548749968850582,-0.26096,0.7041650868512536,-0.541360146381905,117.5,0.792,acoustic,True,0.086524,0.01449,1.16862,3.55398,-1.36244,-0.56770,2.48599,minor,-8.69257441635681,7.110873699188232,6.979496479034424,5.2699,0.0,0.00016006371879484504,0.750042,0.0421348959207534,
83,ave_mujica,Mas?uerade Rhapsody Re?uest,https://youtu.be/VLxM8q6PF4I,VLxM8q6PF4I,G#min,1A,95.70312,0.321317740258608,-0.04066,0.23289767386800986,0.7063852397183673,95.7,0.871,neutral,True,0.209035,0.07658,0.99033,1.98768,-1.19929,-0.26149,1.43982,minor,-9.000896514866726,4.904573917388916,6.650956153869629,4.9715,0.0274,5.918286660744343e-07,0.790957,0.0419594570994377,
84,ave_mujica,Ave Mujica,https://youtu.be/QDsd0nyzwz0,QDsd0nyzwz0,Gmin,6A,112.34715,-3.4664755757069563,-0.33719,0.8766471928770647,-0.09499269813371779,112.3,0.003,neutral,True,0.993109,-0.08040,1.37980,3.55398,-1.52865,-0.28195,3.55398,minor,-18.68404468940468,4.491092681884766,5.897695541381836,4.8709,0.1094,6.669801223324612e-05,0.707251,0.0477572232484817,
85,ave_mujica,Symbol I : △,https://youtu.be/2O5C0mJx0Fs,2O5C0mJx0Fs,F#min,11A,117.45384,1.53302929361585,-0.07241,0.6969303326335086,0.9246444007641925,117.5,0.982,acoustic,True,0.106432,0.39685,0.87388,1.99070,-0.96813,0.46034,-0.03934,minor,-7.813208068525772,2.717318534851074,6.5234575271606445,4.582,0.0486,4.676589469454484e-06,0.644959,0.0317609049379825,
86,ave_mujica,Symbol II : Air,https://youtu.be/pMk3iHPlUaI,pMk3iHPlUaI,Emin,9A,99.38401,0.6986356027618081,-0.10902,-2.22978216489931,0.7813269881017616,99.4,0.983,bright,True,0.276417,0.57480,0.87484,2.00599,-0.64305,0.25347,0.39135,minor,-7.766906553460189,2.5899782180786133,7.331499099731445,5.4833,0.0729,1.2390266874717781e-06,0.744751,0.0466199070215225,
87,ave_mujica,Symbol III : ▽,https://youtu.be/NB3PxWLn9v4,NB3PxWLn9v4,Gmaj,9B,95.70312,4.280461447791166,0.0158,5.293440406142223,-1.876990042802047,95.7,0.097,acoustic,True,0.019142,-1.01715,1.08768,0.90169,-2.63037,-1.92357,-0.86458,major,-12.46701333718072,6.8833160400390625,4.865678787231445,4.7197,0.0851,0.9156514406204224,0.563194,0.0378248281776905,
88,ave_mujica,Symbol IV : Earth,https://youtu.be/WqQPM0dZpXc,WqQPM0dZpXc,Cmin,5A,99.38401,0.610109228562679,-0.00241,1.4112420075850958,-0.35239582210937,143.6,0.948,acoustic,True,0.054364,0.10667,1.02484,2.03792,-1.33673,-0.55751,-0.37637,major,-8.486549721575615,3.3423404693603516,6.342686176300049,4.8192,0.003,4.0487328078597784e-05,0.656543,0.0313982665538787,
89,ave_mujica,Ether,https://youtu.be/z6k7YIIZ6Hk,z6k7YIIZ6Hk,C#maj,3B,123.04688,0.8480235722756455,0.00821,0.8133056690573827,-1.463263608803409,123.0,0.95,acoustic,True,0.035988,0.13724,1.12323,1.94627,-2.11082,-0.89620,-1.82894,minor,-7.77098092481323,7.5520124435424805,6.494139194488525,4.7165,0.0061,7.811468822183087e-05,0.633125,0.0255679972469806,
90,ave_mujica,The Whole Blue World,https://youtu.be/lkS9XIzWObc,lkS9XIzWObc,C#maj,3B,99.38401,0.47631085368315207,0.04929,2.070477499489094,-2.701223004171225,99.4,0.756,neutral,True,0.095712,-0.04743,0.86820,1.45669,-1.39330,0.13433,-0.05789,major,-9.953489622407396,4.0221710205078125,6.356808185577393,5.2102,0.0821,8.24590097181499e-05,0.807008,0.0567180104553699,
91,ave_mujica,in your blue eyes,https://youtu.be/kVMuEQ3uXWc,kVMuEQ3uXWc,Dmin,7A,143.55469,0.544198271632206,-0.08697,3.0543022574944887,-1.6294360449829324,143.6,0.313,acoustic,True,0.003828,-0.44546,1.04511,1.14521,-2.30431,-1.06043,-1.29679,minor,-9.223369874849814,16.499769687652588,6.291816711425781,4.7095,0.0015,0.00046766718151047826,0.744181,0.0641675367951393,
92,ave_mujica,素晴らしき世界 でも どこにもない場所,https://youtu.be/MyI6sKuV4kY,MyI6sKuV4kY,Cmin,5A,135.99918,0.8576378878196919,-0.02895,0.9376470340582722,0.15256129968539694,136.0,0.812,neutral,True,0.074273,-0.14313,0.95256,1.52865,-1.46858,-1.18317,-0.45670,major,-10.04060837037725,4.408465385437012,6.537311553955078,4.4028,0.0775,2.093670264002867e-05,0.735486,0.0366248860955238,
93,ave_mujica,Angles,https://youtu.be/au2A3wyiLIo,au2A3wyiLIo,Bmaj,1B,129.19922,0.6297204916263355,0.12882,3.0027054694231694,-1.5544942965995376,129.2,0.124,acoustic,True,0.014548,-0.49968,1.19372,1.62144,-2.23628,-1.74411,-2.20361,major,-11.145775402945453,9.959223747253418,5.693749904632568,4.7815,0.0258,0.027253003790974617,0.713142,0.0453383065760135,
94,ave_mujica,DIVINE,https://youtu.be/6bA-vjvi9oI,6bA-vjvi9oI,F#min,11A,117.45384,-0.06347229214481276,-0.22354,-0.2878420496951533,0.2861558570394514,117.5,0.977,neutral,True,0.104900,0.30965,0.94315,2.11050,-1.09132,0.42747,0.11783,major,-8.30074836114903,2.996811866760254,6.800978183746338,4.991,0.0912,6.821425813541282e-06,0.688624,0.0395423211157321,
95,ave_mujica,Sophie,https://youtu.be/ivXQ21xDHfE,ivXQ21xDHfE,Bmin,10A,99.38401,-1.8818896217460441,-0.25871,1.0090988516793808,-0.10806173091835364,136.0,0.255,acoustic,True,0.398928,-0.04219,0.72615,1.26700,-1.02787,0.01315,-0.30376,minor,-11.514205140719817,4.2645416259765625,6.449047565460205,5.0473,0.1049,9.217376828019042e-06,0.728708,0.0600078776478767,
96,ave_mujica,‘S/’ The Way,https://youtu.be/L0Ou9IfobFQ,L0Ou9IfobFQ,Emin,9A,107.66602,0.6316635784106,-0.26254,0.962186535530713,-0.8931507293577041,107.7,0.98,acoustic,True,0.072741,0.30604,0.86186,1.74587,-0.65693,0.37206,0.36842,minor,-7.762845058482683,2.141876697540283,7.101995944976807,4.9848,0.0243,4.847515242545342e-07,0.813383,0.0624066703021526,
97,ave_mujica,碧い瞳の中に,https://youtu.be/bLOb7kC9Jns,bLOb7kC9Jns,Dmin,7A,143.55469,-0.33234727942697606,-0.07472,3.1988008195502022,-1.648944891023765,143.6,0.083,acoustic,True,0.023737,-0.57760,1.04186,1.16199,-2.32128,-1.21845,-0.80153,minor,-11.089828000742047,15.152460098266602,5.985641002655029,4.6104,0.0091,0.002318697515875101,0.754422,0.0620059370994567,
98,ave_mujica,堕天 (Cover),https://youtu.be/OLb0YQJfos0,OLb0YQJfos0,Emaj,12B,103.35938,1.0513921150799057,0.00832,-1.5917851935410718,1.9606335744989174,103.4,0.903,neutral,True,0.435681,0.35185,0.97163,1.99984,-1.17316,0.44568,0.50882,minor,-9.307645971025316,2.7830066680908203,7.17982292175293,5.8166,0.3632,8.326205716002733e-06,0.703606,0.0663644522428512,
99,ave_mujica,KINGS (Cover),https://youtu.be/NI1cd7_soy8,NI1cd7_soy8,G#min,1A,117.45384,2.5025198183267423,-0.00536,1.0355135367699801,1.8009640869996721,117.5,0.945,shimmer,True,0.123277,0.10522,0.84146,1.55100,-1.04049,0.25296,-0.18914,major,-8.898797611402165,3.0127720832824707,6.717981815338135,5.3937,0.576,2.569611751823686e-05,0.680516,0.057330384850502,
100,ave_mujica,暗黒天国 (Cover),https://youtu.be/HHxaj24Rx0I,HHxaj24Rx0I,Fmin,4A,95.70312,1.8737863976674067,-0.14905,0.32899136031591014,0.3643175120509445,95.7,0.847,shimmer,True,0.227412,0.06503,0.80274,1.50936,-0.98894,-0.07638,0.02412,minor,-9.762705548722456,3.5814437866210938,7.040952682495117,5.524,0.3359,4.09853964811191e-06,0.68,0.0527759343385696,
101,various_artists,Don't be afraid!,https://youtu.be/hPnvMOyGgzc,hPnvMOyGgzc,F#maj,2B,123.04688,1.0339423969258363,0.01209,1.8430590669438618,-1.1700626993741894,123.0,0.329,acoustic,True,0.454824,-0.10351,0.82070,1.20189,-1.21824,-0.22233,-0.25831,minor,-11.303702340274976,2.8266687393188477,7.058892250061035,6.261,0.4438,0.0021474857348948717,0.716972,0.0596468746662139,Glitter*Green
102,various_artists,Glee! Glee! Glee!,https://youtu.be/8ciuJN6xTIo,8ciuJN6xTIo,Gmaj,9B,123.04688,0.6630216934295106,0.24707,0.3048843647559867,0.0874055420344593,123.0,0.231,shimmer,True,0.609495,0.02070,0.86735,1.39825,-1.07728,-0.09929,0.19040,major,-11.37451842642044,4.078926086425781,7.0434160232543945,6.3682,0.5319,0.001461933832615614,0.687028,0.0660644397139549,Glitter*Green
103,various_artists,"Be shine, shining!",https://youtu.be/tv1Pf0FE6iw,tv1Pf0FE6iw,Emaj,12B,117.45384,1.3017189384433572,0.32471,0.7596278368644598,-0.2578820922610619,117.5,0.17,neutral,True,0.594181,0.19981,1.15427,2.23134,-1.58913,-0.09591,0.21689,major,-11.600929206942022,4.7292375564575195,6.5449700355529785,6.5006,0.4058,0.0007349790539592505,0.660205,0.064853049814701,CHiSPA
104,various_artists,"Here, the world",https://youtu.be/LuwRRghPD1A,LuwRRghPD1A,G#maj,4B,123.04688,5.690703092340991,0.34049,0.3184224093880763,1.735808329348734,123.0,0.791,shimmer,True,0.673813,0.37138,1.09408,2.37409,-1.08498,0.38899,0.35641,major,-9.600561276661105,3.709371566772461,6.297852516174316,6.2395,0.8708,0.000659317011013627,0.575778,0.1000709682703018,sumimi
105,various_artists,CiRCLE THANKS MUSiC♪,https://youtu.be/P6o2SIJAxWw,P6o2SIJAxWw,Gmaj,9B,123.04688,-1.4622841568706042,0.27814,0.09703394513741836,-0.3035290038711666,123.0,0.297,neutral,True,0.571210,0.16899,0.75841,1.41427,-0.79928,0.07462,0.42833,major,-11.452374995669716,3.095036506652832,6.5801615715026855,5.7133,0.6687,1.2057503226969857e-05,0.732362,0.0462892279028892,
106,hello_happy_world,キミがいなくちゃっ！,https://youtu.be/9itZp8utiAw,9itZp8utiAw,Dmaj,10B,123.04688,1.1615556756401884,0.20632,1.108579161728575,1.0549559160660678,123.0,0.249,neutral,True,0.518377,-0.04576,0.84686,1.39609,-1.07529,-0.71785,0.46268,major,-11.259269587468623,1.9557666778564453,6.517139434814453,6.4535,0.6383,0.0052773053757846355,0.637394,0.0819533839821815,
107,hello_happy_world,ハイファイブ∞あどべんちゃっ,https://youtu.be/_Smbu0U70Ko,_Smbu0U70Ko,D#maj,5B,99.38401,-0.5489383007188283,0.07927,-1.1268886104471862,0.17863622983058822,99.4,0.375,bright,True,0.893568,0.54733,0.85440,2.00043,-0.59982,0.69231,0.97225,major,-10.932498608223568,1.3180828094482422,6.787994861602783,6.7588,0.9392,2.6161314963246696e-05,0.726013,0.0737478733062744,
108,hello_happy_world,スマイルブーケで た〜まや〜！,https://youtu.be/37b4LJg0yFk,37b4LJg0yFk,Emaj,12B,151.99908,1.3727985597464354,0.20707,2.5910720247860755,-0.5185051228648129,152.0,0.355,acoustic,True,0.328484,-0.01333,0.83598,1.30254,-1.24639,-0.02304,-0.30349,major,-11.735987069226116,2.6875219345092773,6.3601531982421875,5.9816,0.6884,0.008011596277356148,0.747566,0.0554701089859008,
109,hello_happy_world,えがお･シング･あ･ソング,https://youtu.be/B-I2KAxGKD8,B-I2KAxGKD8,G#min,1A,99.38401,1.0324189189436566,-0.0363,-0.7157677977927857,0.3773234094114999,152.0,0.185,neutral,True,0.878254,0.42109,0.90013,1.93763,-0.98558,-0.25106,1.04142,major,-11.100688323796518,4.045218467712402,7.042596817016602,6.4682,0.3526,0.004074123688042164,0.620568,0.0820619463920593,
110,hello_happy_world,YAPPY! SCHOOL CARNIVAL☆彡,https://youtu.be/xNA7DZfdstI,xNA7DZfdstI,G#min,1A,117.45384,-0.45373798374680285,-0.02162,-0.563173393351849,0.14927825763321814,112.3,0.156,shimmer,True,0.777182,0.21240,0.84097,1.73333,-0.92071,0.21978,0.13458,major,-11.972288966314167,2.1809329986572266,6.551336288452148,6.3622,0.8541,0.0020915681961923838,0.64996,0.0775451883673667,
111,hello_happy_world,にこ×にこ=ハイパースマイルパワー！,https://youtu.be/YRQHVpYDHAU,YRQHVpYDHAU,F#min,11A,95.70312,0.4582147400160934,-0.10781,-0.8554552013017594,-0.45991544931823314,129.2,0.572,neutral,True,0.898162,0.51458,0.76888,1.70594,-0.58266,0.62720,0.71225,minor,-10.676509104735082,2.246150016784668,6.796095371246338,5.8816,0.5182,4.045703826704994e-05,0.750073,0.0750857070088386,
112,hello_happy_world,ないすみちゅっ！,https://youtu.be/ByAniAhEdhk,ByAniAhEdhk,A#min,3A,117.45384,0.2471949455430088,-0.09359,-1.0287062457270881,-0.8410640044914023,117.5,0.161,shimmer,True,0.885911,0.29342,0.82516,1.68929,-0.79567,0.25234,0.76717,major,-11.856520567833405,2.4346160888671875,6.484677314758301,6.0238,0.8161,9.338125528302044e-05,0.681525,0.075625941157341,
113,hello_happy_world,ゴーカ！ごーかい！？ファントムシーフ！,https://youtu.be/35xJFtwHx7Q,35xJFtwHx7Q,G#min,1A,107.66602,0.3377393130749464,-0.07863,-1.0550839075335054,0.5076349247133752,107.7,0.417,neutral,True,0.760337,0.24042,0.73064,1.31957,-0.80277,0.24585,-0.02298,minor,-10.686717504306767,2.657562255859375,6.9056901931762695,6.1566,0.9088,0.0009208465926349163,0.638887,0.0932651832699775,
114,hello_happy_world,うぃーきゃん☆フレフレっ！,https://youtu.be/VJDcALjsZ80,VJDcALjsZ80,F#min,11A,117.45384,-0.896307601223643,-0.06407,-0.1976506544288235,-0.316534901231722,117.5,0.243,neutral,True,0.558193,0.19015,0.82795,1.52580,-0.92675,0.13819,0.35876,major,-11.684815319656753,2.5329790115356445,6.4077558517456055,6.3103,0.8222,0.00011937238741666079,0.744421,0.0796648263931274,
115,hello_happy_world,えがおのオーケストラっ！,https://youtu.be/24Xzx6dH5tg,24Xzx6dH5tg,A#maj,6B,135.99918,-0.2858644107888675,0.22148,-0.3690726290493208,-0.8573529439041369,136.0,0.03,shimmer,True,0.694487,-0.12053,0.95918,1.44876,-1.52772,-0.27184,-0.63681,major,-12.975827892468102,5.681584358215332,6.611704349517822,6.0164,0.7006,0.006696633994579315,0.643436,0.0870973393321037,
116,hello_happy_world,にこにこねくと！,https://youtu.be/B0AssN_z5gU,B0AssN_z5gU,Dmaj,10B,112.34715,0.671314597848798,0.38142,2.1842674538643734,-0.7531163587474525,112.3,0.053,acoustic,True,0.567381,-0.15206,0.86452,1.23876,-1.26038,-0.53211,0.10902,major,-12.868810073882845,3.0499067306518555,6.091732978820801,5.9328,0.5881,0.04502762481570244,0.650732,0.0515126511454582,
117,hello_happy_world,ふぁいぶスマイル◯オールインっ！,https://youtu.be/fTgVisxMdOQ,fTgVisxMdOQ,Amaj,11B,123.04688,1.035683744338129,0.14586,0.6955602642667317,-0.674891568311879,123.0,0.331,neutral,True,0.509188,0.05612,0.79943,1.45190,-1.13426,-0.21871,0.07369,major,-10.776420679803627,4.198756217956543,6.403980255126953,5.991,0.5851,0.018043112009763718,0.605389,0.0750518515706062,
118,hello_happy_world,せかいのっびのびトレジャー！,https://youtu.be/t-YRHYvIqEE,t-YRHYvIqEE,Dmaj,10B,112.34715,1.691117357287764,0.16992,-0.7388747612872878,0.47183713925980764,117.5,0.622,shimmer,True,0.743492,0.19305,0.89601,1.71271,-1.04153,0.35450,0.60713,major,-10.317159792507322,2.8613052368164062,6.95409631729126,5.7139,0.8374,0.0002584564790595323,0.653771,0.0893094316124916,
119,hello_happy_world,きらっ☆と キミフェス！,https://youtu.be/VRSbIOh8w3U,VRSbIOh8w3U,G#min,1A,129.19922,1.5863088905278875,-0.197,-2.2499171985286486,1.612062898151217,129.2,0.077,shimmer,True,0.921133,0.39019,1.00999,2.29228,-1.02519,0.29087,0.55730,minor,-11.958181530412167,3.3999414443969727,7.225236892700195,6.8534,0.848,0.0002706144587136805,0.704505,0.0829584077000618,
120,hello_happy_world,うちゃパ！で ぱっぴかポーんっ！,https://youtu.be/Ibs-CJd-qws,Ibs-CJd-qws,Cmaj,8B,129.19922,0.4708710632431728,0.34417,0.7002698519325622,0.3578145633706669,129.2,0.452,acoustic,True,0.587289,0.25364,0.79658,1.68316,-0.88325,-0.13726,0.55327,major,-10.484551827330316,2.9186134338378906,6.723336219787598,6.4527,0.5912,0.0022596074268221855,0.683532,0.0760425776243209,
121,hello_happy_world,はれやか すこやか ぴかりんりん♪,https://youtu.be/hstT4_F2Hqg,hstT4_F2Hqg,Cmaj,8B,117.45384,0.189125963391491,0.15054,-1.0032275888535078,0.48484303662036304,117.5,0.422,neutral,True,0.794028,0.36706,0.82925,1.72921,-0.84825,0.24945,0.23523,major,-10.633299766758963,3.120288848876953,7.048923015594482,6.5406,0.6976,0.003593325847759843,0.691004,0.0988587588071823,
122,hello_happy_world,ふわふわ☆ゆめいろサンドイッチ,https://youtu.be/pAB-NYhMXFc,pAB-NYhMXFc,Fmaj,7B,129.19922,1.7172004753272188,0.24096,1.184713217569394,-0.02011408517440387,129.2,0.086,shimmer,True,0.662328,-0.11319,0.90297,1.51437,-1.39252,-0.03523,0.04441,major,-12.337480757071525,2.0442867279052734,6.244818210601807,6.1404,0.9377,0.1822635382413864,0.533473,0.0906058773398399,
123,hello_happy_world,Happy! Happier! Happiest!,https://youtu.be/xpECEzVaWH8,xpECEzVaWH8,Fmaj,7B,86.13281,0.10249658537743778,0.32718,-1.6426025537523263,1.5664159865411125,172.3,0.246,shimmer,True,0.810873,0.22591,0.78988,1.56448,-0.80553,0.36514,0.18106,major,-10.544637397844252,3.2431488037109375,7.098966598510742,6.226,0.4833,0.00033322302624583244,0.673758,0.0964103192090988,
124,hello_happy_world,現るっ！大怪盗ハロハッピー！,https://youtu.be/sLn7oV54kYY,sLn7oV54kYY,Amin,8A,123.04688,1.5155605406040988,-0.31182,-0.7394404417681977,-0.18950642798202552,123.0,0.675,shimmer,True,0.602603,0.25072,0.86458,1.76989,-0.95771,0.56804,0.27144,minor,-10.341046974773597,2.5330286026000977,6.82764196395874,6.1619,0.9027,0.000207950099138543,0.711418,0.0698908865451812,
125,hello_happy_world,わちゃ・もちゃ・ぺったん行進曲,https://youtu.be/Qq1_N9wKA0I,Qq1_N9wKA0I,D#maj,5B,107.66602,1.6752414807998286,0.11836,0.5643804637104672,-1.6196500542504753,161.5,0.602,shimmer,True,0.521440,0.24412,1.02233,2.00981,-1.29761,0.28832,-0.25580,major,-10.689923850859639,3.1432485580444336,7.025927543640137,6.165,0.965,0.0010903400834649801,0.735239,0.0882245749235153,
126,hello_happy_world,おもいでイルミネーション,https://youtu.be/ZC84bEuG6AA,ZC84bEuG6AA,A#maj,6B,161.49902,0.08638686286375287,0.1554,-3.0183528090812937,0.8627716851654339,161.5,0.502,bright,True,0.896631,0.62692,0.73196,1.90281,-0.36271,0.47881,0.80828,major,-10.347848483145437,1.9765644073486328,6.627265930175781,6.5508,0.8739,7.144473784137517e-05,0.689414,0.0679490119218826,
127,hello_happy_world,おもいやりハーモニー,https://youtu.be/tMlaNbpRmSE,tMlaNbpRmSE,F#maj,2B,135.99918,1.3526405561678028,0.20983,1.2263205458539297,-0.4664183979985107,136.0,0.106,neutral,True,0.503063,-0.01715,0.85797,1.58575,-1.08531,-0.19685,0.23734,major,-11.550184942157395,4.995428085327148,6.084179878234863,5.6553,0.6307,0.04476248472929001,0.688237,0.059508629143238,
128,hello_happy_world,ハピネスっ！ハピィーマジカルっ♪,https://youtu.be/wPDP9eT2-Cs,wPDP9eT2-Cs,Amaj,11B,92.28516,0.49580434191351164,0.31752,-0.38033625864378406,-0.029836940482780138,92.3,0.499,bright,True,0.772588,0.36389,0.77707,1.57540,-0.76152,-0.00346,0.59950,major,-9.887646384600659,2.9396867752075195,7.038331985473633,6.6729,0.7599,0.0011386192636564374,0.53524,0.0771498382091522,
129,hello_happy_world,えがお、あーゆーれでぃ???,https://youtu.be/DAxR0sfi-pk,DAxR0sfi-pk,Bmin,10A,135.99918,0.699716020117402,-0.02762,-0.9713025991436564,1.7065134925754444,136.0,0.354,shimmer,True,0.813936,0.40573,0.85438,1.89824,-0.93626,0.17139,0.43569,major,-10.76282645482609,3.9900903701782227,7.256368160247803,6.2665,0.3009,0.0003878874995280057,0.686192,0.0736491978168487,
130,hello_happy_world,ハッピーサマーウェディング,https://youtu.be/SQrYhJ6x7kE,SQrYhJ6x7kE,Amaj,11B,129.19922,1.639608748092188,0.35294,-1.7361281457287465,0.8985694706190013,129.2,0.542,neutral,True,0.763400,0.31567,0.84977,1.77380,-0.87452,0.26167,0.50849,major,-10.318369895232324,2.560610771179199,7.172789573669434,6.6296,0.9954,0.00011822297528851777,0.723626,0.1128021776676178,
131,hello_happy_world,ひまわりの約束,https://youtu.be/WC3paFpeKTo,WC3paFpeKTo,Dmaj,10B,161.49902,1.7606534433826084,0.2431,2.864126369969353,0.18842222056304492,161.5,0.067,acoustic,True,0.132466,-0.42453,0.85803,1.08587,-1.57296,-0.59171,-0.53872,major,-11.829096133340865,8.408624649047852,5.958752632141113,5.5871,0.4559,0.09382130950689316,0.595273,0.042872104793787,
132,hello_happy_world,ハッピー☆マテリアル,https://youtu.be/YBNg45T7_2M,YBNg45T7_2M,D#maj,5B,107.66602,2.221865738494431,0.14696,-1.148324250700103,0.4164673723413267,107.7,0.344,shimmer,True,0.882848,0.55694,0.84410,2.05072,-0.69562,0.66442,0.99291,major,-10.913903718047264,2.584965705871582,6.8963212966918945,6.4359,0.9498,3.9332546293735504e-05,0.743147,0.08395367115736,
133,hello_happy_world,太陽曰く燃えよカオス,https://youtu.be/OHypaKK3Jww,OHypaKK3Jww,Gmaj,9B,143.55469,2.3502032252973875,0.17858,-0.12050737898570141,-0.6162387593412193,143.6,0.436,shimmer,True,0.827718,0.31466,1.06240,1.94123,-1.50739,0.24219,-0.47395,minor,-11.24654563854585,2.301325798034668,6.930548667907715,6.3775,0.9529,0.00012679179781116545,0.7169,0.0830998569726944,
134,hello_happy_world,エクストラ・マジック・アワー,https://youtu.be/kRQTnmIO5Jw,kRQTnmIO5Jw,D#maj,5B,117.45384,0.2540399992061477,0.30726,0.6514867034148362,-0.4827073374112453,117.5,0.296,neutral,True,0.608729,0.19151,0.82115,1.52137,-1.02451,-0.02818,0.20099,major,-11.34962854952005,2.4733400344848633,6.439837455749512,5.7568,0.4498,0.00041448455885984004,0.636226,0.0540836229920387,
135,hello_happy_world,コレカラ,https://youtu.be/9DpyAgb_DO8,9DpyAgb_DO8,Amaj,11B,161.49902,0.45776606880086373,0.19854,-1.1066912042144204,-0.16343149783683458,161.5,0.349,neutral,True,0.771057,0.41165,0.80569,1.78152,-0.73875,0.54080,0.94528,major,-11.349575890483791,2.606901168823242,6.59713077545166,6.1625,0.8587,8.835868356982246e-05,0.750739,0.0657538324594497,
136,hello_happy_world,全力少年,https://youtu.be/-YBcjF1R-Es,-YBcjF1R-Es,Gmaj,9B,135.99918,0.19522277618265488,0.12296,-0.9543904983563876,0.09390849071473718,136.0,0.118,neutral,True,0.544410,0.12642,0.87674,1.44478,-1.31701,-1.08858,0.74685,major,-12.268032106228478,2.938216209411621,6.834650039672852,6.1275,0.9544,0.0002363342500757426,0.769024,0.0746012926101684,
137,hello_happy_world,オレンジ,https://youtu.be/YtgT2EaDZ0A,YtgT2EaDZ0A,Fmaj,7B,143.55469,1.8193322600876571,0.3088,-0.42823172646075847,0.36760055410312364,143.6,0.046,shimmer,True,0.846095,0.11574,0.96471,1.81869,-1.24828,0.07487,0.44976,major,-12.337283878333158,5.445706367492676,6.907629013061523,6.4182,0.886,0.0005549698835238814,0.679143,0.0757891610264778,
138,hello_happy_world,Happy Girl,https://youtu.be/AcAaiJqg8Ps,AcAaiJqg8Ps,C#min,12A,143.55469,0.39700666026210796,-0.04513,-1.0242536830928315,-0.9615895290608213,143.6,0.111,neutral,True,0.786371,0.41982,0.96915,1.99574,-1.17398,-0.75458,1.00326,major,-11.933541440765085,2.7773876190185547,6.87756872177124,6.6719,0.9802,0.0007662533898837864,0.775622,0.0736454427242279,
139,hello_happy_world,ン・パカマーチ,https://youtu.be/KazeDrpkrBY,KazeDrpkrBY,Dmaj,10B,117.45384,2.1438848530691175,0.20593,0.1830598914003566,0.41318433028914786,117.5,0.173,shimmer,True,0.738897,0.15003,1.05515,2.22183,-1.26418,0.03762,0.73507,major,-10.918524019898216,4.069149971008301,7.021909713745117,6.6375,0.7401,0.0007407222874462605,0.648264,0.121697761118412,
140,hello_happy_world,サンバロハッピ〜！,https://youtu.be/RvtTwS_wErQ,RvtTwS_wErQ,Cmaj,8B,129.19922,0.007897298930719332,0.05921,-1.1755955757013457,0.4294732697018821,129.2,0.209,shimmer,True,0.864472,0.12357,0.85754,1.59632,-1.00962,0.15112,0.37649,major,-11.44924410663585,2.8935585021972656,7.120375156402588,6.7645,0.6915,0.001793797709979117,0.657722,0.0941443890333175,
141,hello_happy_world,ボクらの夏's☆ショーたいむっ！！,https://youtu.be/Wi9V_T-igiw,Wi9V_T-igiw,Dmin,7A,117.45384,1.3785881228462655,-0.13336,0.9886012206213124,-0.8964337714098837,117.5,0.401,shimmer,True,0.722052,0.25406,0.84697,1.76524,-0.93431,0.61420,0.86664,minor,-10.981520535531304,3.179536819458008,6.404392719268799,5.8596,0.5395,0.00029269731021486223,0.727903,0.0634418874979019,
142,hello_happy_world,むすんでわらって,https://youtu.be/pdncPARjwrw,pdncPARjwrw,Cmaj,8B,129.19922,-0.08350711646018061,0.04527,-1.4006478123228883,0.46533419057953007,129.2,0.103,neutral,True,0.948698,0.43050,0.91783,1.93808,-0.97974,0.37558,0.61620,major,-11.943199847125479,4.757108688354492,7.091716766357422,6.2628,0.614,0.00021482445299625397,0.641637,0.0623971000313758,
143,hello_happy_world,キミを れっつ・はぶ・ふぁん♪,https://youtu.be/2CnDHPhRVyQ,2CnDHPhRVyQ,Emaj,12B,161.49902,2.77753656650275,0.10504,0.18585688413289947,-0.7921971862531992,161.5,0.707,shimmer,True,0.552067,0.35944,0.87326,1.62687,-0.90358,0.27209,0.24814,major,-10.203006274512239,2.438282012939453,6.986294746398926,6.3487,0.9787,0.00012756809883285314,0.713228,0.0645472258329391,
144,hello_happy_world,らいふ・いず・みゅーじかるっ♪♪♪,https://youtu.be/SnlhQO2t8Zo,SnlhQO2t8Zo,Amaj,11B,135.99918,0.46968054128451453,0.14836,0.17270371651181154,0.4946290273528198,136.0,0.228,neutral,True,0.679173,0.10739,0.72450,1.21702,-0.78615,-0.05378,0.38001,major,-11.315595812219135,3.1788854598999023,6.481428146362305,6.2275,0.2736,0.0007547630229964852,0.622307,0.0544462874531745,
145,hello_happy_world,れっつ・スマイル・すとり〜みんぐっ♪,https://youtu.be/5IcpLkGA54I,5IcpLkGA54I,Emaj,12B,151.99908,0.896274224739839,0.22176,1.3404691152907438,-0.11784772165081034,152.0,0.801,acoustic,True,0.311639,0.20086,0.75660,1.25089,-1.01866,-0.15790,0.21701,major,-9.83617927001358,5.511170387268066,6.789683818817139,5.879,0.2067,0.00026529733440838754,0.727278,0.0822929292917251,
146,hello_happy_world,やっほー！いっぽ！わんだふぉー！,https://youtu.be/1rfk9_lj-iA,1rfk9_lj-iA,G#maj,4B,161.49902,1.56474657990144,0.43049,-1.6408904584354258,0.9214244941360937,161.5,0.693,shimmer,True,0.866003,0.45514,0.80239,1.85941,-0.63085,0.74141,0.65854,major,-10.160987353119953,1.9128303527832031,7.1805500984191895,6.3832,0.9301,0.00014699689927510917,0.609459,0.0778710916638374,
147,hello_happy_world,とーくとぅみー・とーくとぅゆー,https://youtu.be/7HxPLgP9AEo,7HxPLgP9AEo,Gmin,6A,135.99918,-0.008511270604942278,-0.13105,-0.17711135781426418,0.5304899482304677,136.0,0.933,neutral,True,0.475498,0.49699,0.69943,1.63162,-0.49413,0.33641,0.65220,minor,-9.26036450889673,1.8681764602661133,7.427093505859375,6.2078,0.9195,3.2534047932131216e-05,0.750672,0.0729160457849502,
148,hello_happy_world,ハイタッチ／＼びりーばーず☆,https://youtu.be/rCQsYw_x7Us,rCQsYw_x7Us,Cmaj,8B,112.34715,2.989670652329466,0.05275,-0.2317318223252942,0.351311614690389,112.3,0.657,shimmer,True,0.484686,0.29293,0.80897,1.70856,-0.81388,0.11042,0.23134,major,-10.165902020543905,3.3553504943847656,6.621973991394043,6.3638,0.6763,0.00130220886785537,0.672585,0.0656342580914497,
149,hello_happy_world,Listen to Smile!,https://youtu.be/5Bz8TBMardI,5Bz8TBMardI,Gmaj,9B,129.19922,1.5639672809344831,0.31604,1.9290806619577014,-0.3556157287374684,129.2,0.687,acoustic,True,0.221286,-0.04063,0.85252,1.38219,-1.25847,-0.90630,0.24746,major,-10.066798878140778,3.1512861251831055,6.17999792098999,6.003,0.19,0.01475389301776886,0.60487,0.0509666912257671,
150,hello_happy_world,スマイリーキャロル,https://youtu.be/f5aGrmFiDGc,f5aGrmFiDGc,Fmaj,7B,112.34715,1.290345525308715,0.15053,1.136590035995745,-0.7042495405092495,112.3,0.628,acoustic,True,0.420368,0.24955,0.80499,1.69776,-0.83009,0.10115,0.73403,major,-10.187615383396011,3.708089828491211,6.64365291595459,6.2592,0.3495,0.045752257108688354,0.700684,0.087482064962387,
151,hello_happy_world,えがお、み〜っけた！,https://youtu.be/Gvey12GFPwU,Gvey12GFPwU,Gmaj,9B,143.55469,0.6514816811725755,0.00611,-0.6412634966447994,0.9832972097348525,143.6,0.07,shimmer,True,0.582695,-0.13638,0.87455,1.29269,-1.44014,-0.21764,-0.07898,major,-12.325010503759614,4.671746253967285,6.8609089851379395,6.2529,0.8891,7.824471686035395e-05,0.755403,0.0714641287922859,
152,hello_happy_world,上海ハニー (Cover),https://youtu.be/JbEmP03gUnE,JbEmP03gUnE,Amin,8A,129.19922,-0.1085728119064624,-0.04732,-2.8091748801336163,1.2113423615131342,129.2,0.071,neutral,True,0.980858,0.45137,1.07444,2.46880,-1.05244,0.68565,0.85441,major,-12.05101000964998,2.7882137298583984,7.480661392211914,6.7207,0.7553,0.0006199462804943323,0.733695,0.0852470099925994,
153,hello_happy_world,シル・ヴ・プレジデント (Cover),https://youtu.be/pli3-yJjWJM,pli3-yJjWJM,G#maj,4B,117.45384,2.5189610930439317,0.17448,-0.6744021879405402,0.3382425819057535,117.5,0.162,shimmer,True,0.985452,0.67463,0.93113,2.27895,-0.66222,0.58001,0.94653,major,-11.701883068097354,2.9442243576049805,7.1324920654296875,6.1246,0.8799,5.513011274160817e-05,0.719251,0.0809707716107368,
154,hello_happy_world,ヒャダインのじょーじょーゆーじょー (Cover),https://youtu.be/yfpbW_HnS4Y,yfpbW_HnS4Y,Amin,8A,99.38401,0.882800904631897,-0.08284,-1.4694230886163555,1.638074692872328,99.4,0.278,shimmer,True,0.881317,0.36166,0.95699,2.00927,-0.97089,0.52303,1.48188,minor,-11.14834512793041,2.536283493041992,7.038524627685547,6.1115,0.459,0.00019701269047800452,0.702371,0.0731401145458221,
155,hello_happy_world,はいよろこんで (Cover),https://youtu.be/BHC1CKcSf50,BHC1CKcSf50,C#min,12A,143.55469,3.1164166302132443,-0.25355,0.3866132025353314,-1.0137393893512032,143.6,0.158,shimmer,True,0.892037,-0.02802,1.14615,2.17474,-1.53662,-0.48357,0.43932,minor,-11.872978393640642,2.328843116760254,7.051035404205322,6.2302,0.9574,0.0005361182847991586,0.690484,0.0909705236554145,
156,hello_happy_world,シカ色デイズ (Cover),https://youtu.be/KaD3F8riuLE,KaD3F8riuLE,Gmin,6A,123.04688,4.510202973873734,-0.08435,-3.2123497879490204,0.34152562395793234,123.0,0.178,shimmer,True,0.991577,0.62024,1.05797,2.60966,-0.81970,0.91375,1.07518,major,-10.821796055536716,3.7760467529296875,6.850709915161133,6.5099,0.8146,0.0006468649953603745,0.558974,0.0948670208454132,
157,hello_happy_world,強風オールバック (Cover),https://youtu.be/EGxEKCHDAFE,EGxEKCHDAFE,Gmaj,9B,135.99918,5.423380518538589,0.03265,-2.7925190857631694,1.6185658468314947,136.0,0.155,shimmer,True,0.997703,0.66468,1.44901,3.55398,-1.35514,0.85161,0.86682,major,-11.794797448264362,1.995138168334961,6.986270904541016,6.3012,0.9833,6.174450390972197e-05,0.788033,0.1112049371004104,
158,hello_happy_world,最高到達点 (Cover),https://youtu.be/8AwnyCo2FF0,8AwnyCo2FF0,Fmaj,7B,129.19922,-0.4484782017672482,0.2735,0.5303370568619775,-1.854198154709035,129.2,0.187,neutral,True,0.598009,0.02650,0.94681,1.68172,-1.32874,-0.13475,-0.44680,major,-11.517461940421024,4.562474250793457,6.48628044128418,6.2696,0.7766,0.0011108118342235684,0.736424,0.084584042429924,
159,hello_happy_world,許婚っきゅん (Cover),https://youtu.be/X9VNpJdPGWE,X9VNpJdPGWE,Bmin,10A,143.55469,2.3790717798854115,-0.03024,0.4280713118883934,-0.5315741556494483,143.6,0.215,shimmer,True,0.717458,0.07550,1.04689,2.10246,-1.23062,-0.12373,0.72259,minor,-11.82964400415266,2.0507078170776367,6.87298583984375,6.5205,0.9483,0.0005713602295145392,0.767577,0.0846167132258415,
160,hello_happy_world,新宝島 (Cover),https://youtu.be/61wi4lZdYWI,61wi4lZdYWI,Dmaj,10B,161.49902,2.331470878019542,0.04558,-2.065545217197932,0.6184375939744176,161.5,0.558,neutral,True,0.412711,0.35746,1.15024,2.09237,-1.30508,-0.42297,-0.35387,major,-10.080196406770414,4.294221878051758,6.744349479675293,6.1833,0.924,0.00014036816719453782,0.848703,0.0510786026716232,
161,hello_happy_world,ドレミファロンド (Cover),https://youtu.be/IjlX1R75PRw,IjlX1R75PRw,D#maj,5B,123.04688,0.29205599172973573,0.33317,-0.04222258370401355,-1.886776033534504,123.0,0.074,shimmer,True,0.568913,-0.07255,0.94972,1.46688,-1.31333,-0.17064,0.61086,major,-12.469751936595182,2.267436981201172,6.501420021057129,6.3824,0.7933,0.003007511142641306,0.769908,0.0940563604235649,
162,hello_happy_world,きゅうくらりん (Cover),https://youtu.be/2WVpP1DEQMk,2WVpP1DEQMk,Dmin,7A,112.34715,1.2310467252489627,-0.19218,-0.42803283894030053,-0.07548385209288482,112.3,0.797,shimmer,True,0.254977,-0.05615,0.84520,1.30978,-1.23708,-0.18335,0.58174,minor,-10.283432411913502,3.555692672729492,6.43797492980957,5.6536,0.5441,6.442917947424576e-05,0.738902,0.0633643120527267,
163,hello_happy_world,ロメオ (Cover),https://youtu.be/MFrdfe1gA-s,MFrdfe1gA-s,D#maj,5B,143.55469,0.6550870051931198,0.07316,-0.49212210907387754,0.47834008794008553,143.6,0.138,bright,True,0.841501,0.45245,0.89313,2.11313,-0.70857,-0.12005,0.83496,major,-11.145115502157276,5.274652481079102,6.646007537841797,6.3083,0.6702,0.0009407241595908999,0.622018,0.0688515305519104,
164,hello_happy_world,エイリアンエイリアン (Cover),https://youtu.be/KzkHYPBh0lg,KzkHYPBh0lg,C#min,12A,151.99908,0.1383238919322629,-0.07596,-1.011910847553587,-1.974723679278454,152.0,0.035,neutral,True,0.965544,0.43064,0.89198,1.65428,-0.85190,0.31793,0.72748,minor,-12.758852030216278,3.443338394165039,6.52005672454834,6.2967,0.6094,6.86382336425595e-05,0.717119,0.0834812223911285,
165,hello_happy_world,いーあるふぁんくらぶ (Cover),https://youtu.be/uchoxbR-Mkc,uchoxbR-Mkc,Dmin,7A,143.55469,-0.05688969866669957,-0.07155,-1.4282181776450464,-0.880144831997149,143.6,0.108,shimmer,True,0.861409,0.39226,0.98096,1.96985,-1.04513,0.72978,0.26938,minor,-11.778792303082405,4.9710798263549805,6.983394622802734,6.4212,0.9681,0.00019762877491302788,0.756826,0.0917312204837799,
166,hello_happy_world,回レ！雪月花 (Cover),https://youtu.be/h_gwUH2JlIA,h_gwUH2JlIA,Cmin,5A,107.66602,-0.04753678007180495,-0.15209,-1.3181276787030667,0.3154506938127414,107.7,0.091,shimmer,True,0.974732,0.38877,0.90337,1.84644,-1.07950,0.47167,0.69149,minor,-12.095257012634203,3.813692092895508,6.870583534240723,6.2274,0.5334,6.954486161703244e-05,0.672336,0.0919496268033981,
167,hello_happy_world,恋愛裁判 (Cover),https://youtu.be/qTEBfVWtDu4,qTEBfVWtDu4,Emaj,12B,135.99918,0.6681989287773324,0.05524,-0.9415653913079051,0.6868132582534539,136.0,0.15,shimmer,True,0.887443,0.16611,0.97150,2.02518,-1.08648,0.10394,0.61162,major,-11.792394096152192,2.8405885696411133,7.334903240203857,6.6072,0.6854,0.0013056682655587792,0.720674,0.0667297840118408,
168,hello_happy_world,TOMORROW (Cover),https://youtu.be/AIMdg1EhHFw,AIMdg1EhHFw,Fmaj,7B,135.99918,0.22656969261496154,0.03372,0.14665920429089557,-1.8151173272032881,136.0,0.275,neutral,True,0.803216,0.26109,0.81849,1.63748,-0.89486,0.50673,0.62872,major,-11.522934275135762,2.0533409118652344,6.805902004241943,6.3841,0.9225,3.612428918131627e-05,0.771445,0.0533155910670757,
169,hello_happy_world,GO! GO! MANIAC (Cover),https://youtu.be/sDFuLB7r070,sDFuLB7r070,G#min,1A,123.04688,0.5804370029960826,-0.12157,-2.6935496015852687,1.221128352245591,123.0,0.498,neutral,True,0.970138,0.62794,0.88244,1.96373,-0.64925,0.75186,1.21296,minor,-10.364241387081465,2.2769832611083984,7.479306221008301,6.2548,0.8997,1.180467734229751e-05,0.652014,0.1147104129195213,
170,hello_happy_world,Dragon Night (Cover),https://youtu.be/Dy4vu-bUI5s,Dy4vu-bUI5s,D#maj,5B,123.04688,-0.25151334194244224,0.12192,-0.5222743795276588,1.5404041918200015,123.0,0.014,shimmer,True,0.870597,-0.03953,1.17789,1.99196,-1.64718,-0.35746,1.11346,major,-14.209117495036054,6.02919864654541,6.616673469543457,5.9606,0.3267,0.0005956314853392541,0.701451,0.098349392414093,
171,hello_happy_world,ようこそジャパリパークへ (Cover),https://youtu.be/p0It2jRsdtw,p0It2jRsdtw,Fmaj,7B,112.34715,1.1811181730895857,0.19118,-0.08898612766179381,-0.570654983155195,112.3,0.63,shimmer,True,0.697550,0.25846,0.84529,1.75194,-0.87422,-0.08718,0.92728,major,-10.043406956568754,2.865279197692871,6.891428470611572,6.2449,0.5471,9.277079516323283e-05,0.603643,0.0757957026362419,
172,hello_happy_world,ウィーアー！ (Cover),https://youtu.be/0p2o3wLQcNM,0p2o3wLQcNM,Gmaj,9B,112.34715,0.5891868557555255,0.12,0.9965627230828049,-0.8410640044914023,112.3,0.398,acoustic,True,0.472435,0.05412,0.75183,1.31662,-0.94688,-0.07887,0.58365,major,-11.097109322136477,2.313199043273926,6.317073822021484,6.3651,0.9909,6.233535532373935e-05,0.835588,0.0613758862018585,
173,hello_happy_world,おジャ魔女カーニバル!! (Cover),https://youtu.be/b1ycD-2c_xw,b1ycD-2c_xw,D#maj,5B,143.55469,0.32465509674318616,0.10868,-1.3103970363314152,0.8953495639909027,152.0,0.114,shimmer,True,0.859877,0.23958,0.75837,1.54085,-0.73338,0.33675,0.76063,minor,-11.995012689003646,2.4688453674316406,6.884625434875488,6.4866,0.9772,5.1074632210657e-05,0.74189,0.0879862159490585,
174,hello_happy_world,ダーリンダンス (Cover),https://youtu.be/rf9zk-2d1kU,rf9zk-2d1kU,F#min,11A,151.99908,1.6113646324588804,-0.13233,-0.6822552626949192,0.20142811792360035,152.0,0.513,shimmer,True,0.910413,0.39861,0.93341,2.13815,-0.91077,0.42705,0.37194,minor,-11.176696119125122,1.7741889953613281,7.440608978271484,5.8606,0.8784,1.1429547157604247e-05,0.805895,0.0871474891901016,
175,hello_happy_world,ノーポイッ！ (Cover),https://youtu.be/sUrFo5Xw0Lc,sUrFo5Xw0Lc,Bmaj,1B,161.49902,2.4983746217294716,0.118,-0.5116732811640169,0.5727906823643129,161.5,0.569,shimmer,True,0.873660,0.52052,0.91307,2.27046,-0.69015,0.51998,0.76026,major,-10.450688557601422,2.2493953704833984,7.307087421417236,6.6758,0.9605,0.0008712336421012878,0.590836,0.0831345468759536,
176,hello_happy_world,SHINY DAYS (Cover),https://youtu.be/w0kOSCWzEx8,w0kOSCWzEx8,F#maj,2B,112.34715,1.98445778376458,0.04304,-0.49362162236696205,-0.18300347930174798,112.3,0.143,shimmer,True,0.761868,0.08077,0.96831,1.94983,-1.13511,0.25173,0.06744,major,-11.89361608251897,2.9401817321777344,6.294921398162842,6.5895,0.9635,0.0021545742638409138,0.800419,0.0844942405819892,
177,hello_happy_world,シルエット (Cover),https://youtu.be/n7U-z7okdBM,n7U-z7okdBM,D#maj,5B,92.28516,-0.9390986822925723,0.10466,-0.6338105084929694,-1.4535407534950329,92.3,0.645,bright,True,0.648545,0.26292,0.82675,1.60269,-0.90183,0.17853,0.22071,minor,-10.324967464288237,2.347810745239258,7.146280288696289,6.244,0.7948,4.1070336010307074e-05,0.733555,0.0580089911818504,
178,ikka_dumb_rock,ホーミー・タイッ！！,https://youtu.be/BSP-xypGSak,BSP-xypGSak,Dmin,7A,129.19922,0.3569773141898157,-0.08529,-1.365907124222928,-0.08848974945344025,129.2,0.921,bright,True,0.689127,0.52257,0.71022,1.57504,-0.55489,0.70593,0.53134,minor,-8.723338585613183,2.0202932357788086,7.3885908126831055,5.6803,0.8343,1.4365368770086206e-05,0.677207,0.1172139346599578,
179,millsage,起死開戦,https://youtu.be/bzPxdHmMW3s,bzPxdHmMW3s,C#min,12A,112.34715,-0.45488886651393146,-0.01248,0.29015957995318187,1.3123590400417198,112.3,0.859,neutral,True,0.163859,0.14313,0.87412,1.43984,-0.81635,0.37044,0.70166,major,-9.835692190340193,2.866635322570801,6.65389347076416,5.4707,0.4848,0.0006763997953385115,0.686708,0.0731719434261322,
180,morfonica,Daylight -デイライト-,https://youtu.be/oT-B-uUUG28,oT-B-uUUG28,Cmaj,8B,123.04688,-2.4043807444349996,0.00297,-1.3702825718143425,0.6314434913349729,123.0,0.607,bright,True,0.775651,0.51398,0.52112,1.35343,-0.29032,0.04577,0.40191,minor,-10.313982618770622,1.5591144561767578,7.3396477699279785,5.4141,0.8191,4.6456457880594826e-07,0.75687,0.0557526610791683,
181,morfonica,メランコリックララバイ,https://youtu.be/D_uUbtZUOPc,D_uUbtZUOPc,Fmin,4A,123.04688,0.22032617446492142,-0.09297,1.9225477151069517,0.28287281498727257,123.0,0.741,acoustic,True,0.492343,0.46786,0.84609,1.81649,-0.70860,0.68693,0.41958,minor,-10.565529799576991,3.0133466720581055,6.210109710693359,4.7949,0.6216,2.7161809157405514e-06,0.787005,0.0850066989660263,
182,morfonica,flame of hope,https://youtu.be/4kLyLp8Oco0,4kLyLp8Oco0,Amin,8A,129.19922,-0.01628144625866168,-0.05164,1.0980962223572526,0.9507193309093837,129.2,0.634,acoustic,True,0.642420,0.44264,0.77473,1.83090,-0.57354,0.26791,0.76789,minor,-10.341588387021062,3.0606327056884766,6.981393814086914,5.6965,0.7492,3.753233841052861e-06,0.747682,0.0555448085069656,
183,morfonica,ブルームブルーム,https://youtu.be/ulnZ8yiS7Jg,ulnZ8yiS7Jg,C#maj,3B,117.45384,0.14988940350625787,0.02968,-0.1029205101053004,0.28937576366755013,123.0,0.598,neutral,True,0.746554,0.38458,0.79153,1.80816,-0.64668,0.44147,0.60892,major,-10.481267623065495,2.615687370300293,6.744934558868408,5.5511,0.1611,1.6860000187080004e-06,0.797553,0.0599349290132522,
184,morfonica,カラフルリバティー,https://youtu.be/HqDa4NOAt8w,HqDa4NOAt8w,G#min,1A,92.28516,1.0226077415289687,-0.0327,2.6016932468877356,-1.7629674669129063,92.3,0.511,acoustic,True,0.357580,0.25281,0.83981,1.65464,-0.85269,0.19508,0.27450,minor,-10.970021652191903,3.3343944549560547,6.63593053817749,5.5388,0.3617,6.827602919656783e-05,0.815873,0.0600046887993812,
185,morfonica,fly with the night,https://youtu.be/DpnFf8UINbs,DpnFf8UINbs,Amaj,11B,112.34715,0.07667731259606003,0.1377,2.5423025899207543,0.08412249998228048,112.3,0.279,acoustic,True,0.232006,0.06708,0.71156,1.30875,-0.92239,0.01087,-0.10187,major,-11.599950735849461,4.806859970092773,6.183224201202393,5.2365,0.3116,0.0017687792424112558,0.695461,0.0402613505721092,
186,morfonica,金色へのプレリュード,https://youtu.be/Qam2U-LF_Ks,Qam2U-LF_Ks,Bmin,10A,117.45384,1.1835200709370346,-0.0505,1.9385975815204506,0.5142010088177331,117.5,0.53,acoustic,True,0.205972,-0.01930,0.83961,1.33781,-1.07709,-0.13910,-0.25538,minor,-10.818927039997948,3.6684017181396484,6.675933837890625,5.6784,0.541,1.2814783985959366e-05,0.796257,0.05651131644845,
187,morfonica,The Circle Of Butterflies,https://youtu.be/eMR-LxXyCKs,eMR-LxXyCKs,Bmaj,1B,117.45384,-0.31496007759613787,0.36125,0.7448828313158993,0.9181414520839148,117.5,0.414,neutral,True,0.247320,-0.21335,0.76245,1.02903,-1.09224,-0.27915,0.08150,major,-11.036353470001101,3.7368106842041016,6.52780818939209,5.8698,0.2796,0.016797062009572983,0.690306,0.0589323192834854,
188,morfonica,ハーモニー・デイ,https://youtu.be/NuhjVeWwvoM,NuhjVeWwvoM,D#maj,5B,123.04688,0.5571313513590602,0.14405,2.5631729772842995,-0.5445800530100038,123.0,0.267,acoustic,True,0.428025,0.19026,0.86799,1.73745,-0.91705,0.33144,-0.01936,major,-11.992195668195231,4.007015228271484,6.312168121337891,5.5013,0.196,7.373788685072213e-05,0.797672,0.0492422431707382,
189,morfonica,Sweet Cheers!,https://youtu.be/e8IQBZMVIGw,e8IQBZMVIGw,Gmaj,9B,112.34715,2.7581333649696456,0.08334,4.601164045032263,-1.2482874898097627,112.3,0.571,acoustic,True,0.045176,-0.16624,0.80748,1.20725,-1.14271,-0.25766,-0.23078,major,-11.552469700447743,2.8597307205200195,6.292227268218994,5.6904,0.7568,0.002463698387145996,0.854994,0.0746567323803901,
190,morfonica,"寄る辺のSunny, Sunny",https://youtu.be/6C4NOz-t3QA,6C4NOz-t3QA,Amin,8A,92.28516,0.5476689688973448,-0.15709,1.6543306934121476,-0.4794242953590661,92.3,0.604,acoustic,True,0.153905,0.06237,0.83468,1.42309,-1.17681,-0.31250,0.34381,minor,-11.041676140758652,2.780817985534668,6.528846263885498,5.7268,0.6018,0.0005274798022583127,0.829937,0.0602362677454948,
191,morfonica,誓いのWingbeat,https://youtu.be/nnpD32__lAY,nnpD32__lAY,Amin,8A,103.35938,-0.14201292683109612,-0.1468,1.6121212829695328,-0.28724006445843236,103.4,0.75,acoustic,True,0.202910,0.26055,0.75009,1.45174,-0.82134,-0.47766,0.65724,minor,-10.423983707062508,3.827543258666992,6.4441938400268555,5.4536,0.5167,5.313075962476432e-05,0.833124,0.0699281468987464,
192,morfonica,Ever Sky Blue,https://youtu.be/Ar7QtswUNGw,Ar7QtswUNGw,G#min,1A,129.19922,0.7771807744677905,-0.14495,2.341689954696311,0.3773234094114999,129.2,0.287,acoustic,True,0.270291,0.11989,0.84130,1.41768,-1.15690,-0.27442,-0.36564,minor,-11.506011457292823,6.750555992126465,6.226849555969238,5.071,0.4666,9.823083382798359e-05,0.775439,0.0529870726168155,
193,morfonica,Polyphonyscape,https://youtu.be/I6h4Rm32k-I,I6h4Rm32k-I,F#maj,2B,103.35938,1.4560866192111332,0.13658,-0.8519779430206942,0.3317396332254756,152.0,0.42,bright,True,0.604135,0.39611,1.00591,1.99133,-1.24465,0.42245,-0.34391,major,-10.360640215351427,7.448657989501953,6.705483913421631,6.3904,0.3146,1.2526293176051695e-05,0.647811,0.0553725361824035,
194,morfonica,Wreath of Brave,https://youtu.be/5O3gAE65_34,5O3gAE65_34,Bmaj,1B,135.99918,0.9566985840712358,0.10108,2.273177220038855,-1.5349223151346243,136.0,0.587,acoustic,True,0.296325,0.18335,0.73256,1.28803,-0.81553,0.44402,0.43333,major,-10.70489942259541,4.594438552856445,6.619060039520264,5.8602,0.0881,0.0002759021008387208,0.751066,0.0729041844606399,
195,morfonica,Merry Merry Thanks!!,https://youtu.be/j3W3NHurJnk,j3W3NHurJnk,Bmaj,1B,143.55469,-0.6992519049017569,0.14509,-0.35182201778948985,-0.8084861256659338,143.6,0.536,bright,True,0.218224,0.16811,0.88057,1.48496,-1.29382,-0.91858,0.11838,major,-10.754438030387362,4.914472579956055,6.635531902313232,5.8133,0.5638,0.00010981102241203189,0.770949,0.0464185550808906,
196,morfonica,Sonorous,https://youtu.be/Wl5LZ3iJNzM,Wl5LZ3iJNzM,Gmaj,9B,129.19922,-0.10035169363239849,0.16225,2.9033181056153783,0.8953495639909027,129.2,0.217,acoustic,True,0.114089,-0.15285,0.80967,1.07708,-1.37411,-0.29755,-0.40816,major,-12.549165454365012,4.218987464904785,6.412883758544922,5.7851,0.4529,0.003929342608898878,0.813873,0.0814312398433685,
197,morfonica,両翼のBrilliance,https://youtu.be/O0jB7IA5tZg,O0jB7IA5tZg,Amin,8A,112.34715,0.5248820780029467,-0.25448,2.5729677450823427,-1.6424419423434873,117.5,0.895,acoustic,True,0.068147,0.22254,0.72525,1.27600,-0.97352,-0.06740,0.56320,minor,-9.957184543054872,2.7838029861450195,6.656067848205566,4.9049,0.4422,1.6524563761777245e-05,0.883514,0.0587459057569503,
198,morfonica,Steer to Utopia,https://youtu.be/wjpVRH7GOFc,wjpVRH7GOFc,G#min,1A,129.19922,0.39348863332731276,-0.11388,1.516954106617967,-0.44034346785331974,129.2,0.929,acoustic,True,0.130934,0.24220,0.70374,1.30176,-0.87916,-0.60812,0.42594,minor,-9.041855506417052,2.9429845809936523,7.063798427581787,5.3522,0.2234,8.938728569773957e-06,0.791203,0.0596138015389442,
199,morfonica,Fateful...,https://youtu.be/RD_6TSNkxg0,RD_6TSNkxg0,Gmaj,9B,129.19922,1.1048800932601957,0.0662,3.950599613264131,-1.7206667327790608,129.2,0.519,acoustic,True,0.173813,0.14341,0.81355,1.59740,-0.98123,0.21005,0.47570,major,-11.277311324046115,4.368697166442871,6.418974876403809,5.4844,0.2021,0.0002457159571349621,0.847889,0.0577482432126998,
200,morfonica,ティリカモニカリラ,https://youtu.be/d32zOmV118k,d32zOmV118k,Bmin,10A,135.99918,-0.3609101833202364,-0.10936,2.912088425070523,-2.0170875488363795,136.0,0.616,acoustic,True,0.071210,-0.08714,0.80281,1.11088,-1.43333,-1.01161,0.32340,minor,-10.35718713117386,4.678338050842285,6.473453998565674,5.4167,0.0167,0.00040324049768969417,0.761341,0.0660050362348556,
201,morfonica,Secret Dawn,https://youtu.be/eWqv5RB6jng,eWqv5RB6jng,Amin,8A,129.19922,0.5593892598472741,-0.00871,3.2734671789499408,-0.7921971862531992,129.2,0.261,acoustic,True,0.158499,0.07672,0.84808,1.42289,-1.04513,-0.19478,-0.35911,major,-11.703442763475817,5.6986494064331055,6.465451240539551,5.5314,0.3435,0.0005013378686271608,0.841401,0.0668767243623733,
202,morfonica,Angel's Ladder,https://youtu.be/7Hml249yhKg,7Hml249yhKg,Amin,8A,99.38401,0.2835109466240262,-0.03112,1.9693354813267347,-0.26116513431324107,99.4,0.869,acoustic,True,0.215161,0.34523,0.71489,1.48853,-0.60603,0.34160,0.47549,major,-10.041820609758238,2.5645694732666016,6.566720008850098,5.5544,0.8769,1.9225737560191192e-05,0.836423,0.0647595673799514,
203,morfonica,One step at a time,https://youtu.be/T_a1YLnxD50,T_a1YLnxD50,Emaj,12B,172.26562,1.9235781462082733,0.18118,2.0043610493546167,-1.3395181776058913,89.1,0.663,acoustic,True,0.186064,0.22385,0.93209,1.68477,-1.01647,0.06016,-0.50550,major,-10.269170017758757,5.371002197265625,6.5343828201293945,5.6719,0.1915,0.00041930441511794925,0.821565,0.047323539853096,
204,morfonica,Tempest,https://youtu.be/OWTf5lEPT_g,OWTf5lEPT_g,Amin,8A,135.99918,0.8647288971032956,-0.03959,2.149434732153236,-0.8638558925844144,136.0,0.543,acoustic,True,0.429556,0.23932,0.82956,1.36616,-0.86551,-0.58379,0.29720,minor,-10.820577857633326,3.8552675247192383,6.734606742858887,5.3072,0.079,7.582725629617926e-06,0.841434,0.0538601316511631,
205,morfonica,フレージング ミラージュ,https://youtu.be/zY9c9Ws9I3Y,zY9c9Ws9I3Y,Emin,9A,129.19922,-0.012999042922848592,-0.13433,1.3333837357218514,-2.0268735395688355,129.2,0.821,acoustic,True,0.118683,0.17916,0.86067,1.21113,-1.47271,-0.99896,0.48320,minor,-10.122715441975902,5.917736053466797,6.35985803604126,4.711,0.0684,3.220170765416697e-05,0.8441,0.0591795742511749,
206,morfonica,MUGEN Reverberate!,https://youtu.be/B6602-OMtZI,B6602-OMtZI,Bmin,10A,123.04688,-1.487618147671213,-0.21828,1.1497210593403961,-1.1277619652403446,123.0,0.193,acoustic,True,0.495406,0.46897,0.74797,1.67833,-0.55620,0.63296,0.64821,minor,-12.251281152987184,4.897787094116211,6.384815692901611,5.1093,0.2888,2.2655796783510596e-05,0.868279,0.0421535149216651,
207,morfonica,わたしまちがいさがし,https://youtu.be/UgP_YbdsoB8,UgP_YbdsoB8,Cmaj,8B,117.45384,-2.1195829399603294,0.02167,-1.9569659642236152,0.02553282643570081,117.5,0.059,bright,True,0.959418,0.39140,1.02139,2.32577,-1.23446,-0.47388,0.54827,minor,-13.105803181417679,2.0464296340942383,6.282425880432129,5.2778,0.2553,5.278866592561826e-05,0.775075,0.0433912351727485,
208,morfonica,esora no clover,https://youtu.be/fGgKN9_egCM,fGgKN9_egCM,Amin,8A,107.66602,0.20244856364435915,-0.17447,3.7983744882117008,-0.7596193074277301,107.7,0.37,acoustic,True,0.052833,-0.01520,0.85559,1.19298,-1.27229,0.13117,-0.54213,minor,-11.679128258463654,7.267658233642578,5.876579284667969,5.1191,0.3085,0.001459954190067947,0.853953,0.0518746227025985,
209,morfonica,きょうもMerry go rounD,https://youtu.be/RDhZVoPqL8k,RDhZVoPqL8k,C#min,12A,135.99918,0.6553677263241291,-0.09147,-0.02528525101678014,-0.6390937828583119,136.0,0.842,neutral,True,0.414242,0.51589,0.83406,1.93126,-0.58596,0.28775,0.83324,minor,-9.573012927417482,3.721503257751465,6.283360481262207,5.0593,0.1201,3.3918581721081864e-06,0.721126,0.0542138405144214,
210,morfonica,Feathered Dreams,https://youtu.be/sAnwgtsAzs8,sAnwgtsAzs8,Fmaj,7B,117.45384,0.9762643119341399,0.02657,1.9382158316935665,-0.007045052389768013,117.5,0.936,acoustic,True,0.115620,0.30486,0.68326,1.34402,-0.65971,0.19681,0.54652,major,-8.9274137690462,3.1641292572021484,7.146453857421875,5.8841,0.538,6.999327888479456e-05,0.800842,0.0511769130825996,
211,morfonica,Portray Empathy,https://youtu.be/A-8Ci-YRgjE,A-8Ci-YRgjE,Gmaj,9B,172.26562,2.784677834315437,0.03361,1.357632821512885,-0.456632407266054,172.3,0.9,acoustic,True,0.166156,0.28560,0.77177,1.48512,-0.73633,0.12247,0.38390,major,-9.124650606320412,4.0886125564575195,7.091423034667969,5.9608,0.6231,3.220136204618029e-05,0.796185,0.0719242170453071,
212,morfonica,ビューティ・フォー,https://youtu.be/5kgdPWEUA7Q,5kgdPWEUA7Q,Bmin,10A,99.38401,1.7667628195382008,-0.18289,0.9838213160292026,-1.2157096109842944,99.4,0.827,neutral,True,0.294793,0.38042,0.92335,1.73928,-0.68782,0.44192,0.19562,minor,-9.838441045715946,3.036576271057129,7.218814849853516,6.0527,0.2432,0.00011881052341777831,0.730496,0.0581124685704708,
213,morfonica,胡蝶翔る星月夜,https://youtu.be/GOU_X0KK-jo,GOU_X0KK-jo,Amaj,11B,135.99918,0.4417585511577002,0.27807,3.2738004063941313,-0.7694052981601871,136.0,0.672,acoustic,True,0.149311,0.02538,0.66357,0.90434,-0.84823,0.15103,0.06965,major,-11.161005361557827,2.392542839050293,7.004413604736328,5.6457,0.7325,3.296099748695269e-05,0.857342,0.0815089792013168,
214,morfonica,Color of Us,https://youtu.be/x9I1W3Aigrc,x9I1W3Aigrc,G#maj,4B,129.19922,1.6866750724772062,0.13674,3.1133242566799777,-0.4762043887309674,129.2,0.66,acoustic,True,0.155436,0.11427,0.81069,1.20669,-1.14592,0.59621,0.40262,major,-10.500771220092489,4.56032657623291,6.786381721496582,5.6415,0.3131,0.00015414180234074593,0.809355,0.070495456457138,
215,morfonica,Resonant Strings,https://youtu.be/zpHPneTujSA,zpHPneTujSA,Amin,8A,129.19922,-0.8323648762627596,-0.13526,-1.215710849976964,-0.736827419334718,129.2,0.754,bright,True,0.751149,0.57993,0.83756,1.93321,-0.66616,0.71665,0.37981,minor,-10.209085913262538,1.4333276748657227,6.953351974487305,5.3615,0.5729,3.3943062589969486e-05,0.820112,0.0392933525145053,
216,morfonica,Shining Leaves,https://youtu.be/HkruyxEhOPI,HkruyxEhOPI,Dmaj,10B,123.04688,1.600842688440368,0.0364,2.8476428514370453,-0.22530421343559306,123.0,0.892,acoustic,True,0.156968,0.22582,0.73843,1.40440,-0.82153,0.49511,0.10982,major,-9.800930802613152,2.435640335083008,6.8819756507873535,5.0993,0.2477,2.962702274089679e-05,0.830011,0.0539512783288955,
217,morfonica,音がえしのセレナーデ,https://youtu.be/sUaDAY9u4y8,sUaDAY9u4y8,Amin,8A,92.28516,1.1722341130479574,-0.00212,2.793199654769313,-0.90621976214234,123.0,0.654,acoustic,True,0.204441,0.30954,0.72623,1.37485,-0.75042,0.36630,0.40883,major,-10.16894622333947,6.496406555175781,6.639158248901367,5.8675,0.114,0.0004944568499922752,0.826455,0.060520976781845,
218,morfonica,蒼穹へのトレイル,https://youtu.be/eAjX1Ihvtac,eAjX1Ihvtac,Gmin,6A,129.19922,-0.10907005748854348,-0.14632,2.3131328050714988,-1.1766287834785476,129.2,0.804,acoustic,True,0.083461,0.09894,0.85716,1.31407,-1.55309,-0.79790,-0.65748,minor,-9.857771004453122,3.5499515533447266,6.70677375793457,4.9399,0.3663,7.157660547818523e-06,0.843474,0.0508774183690547,
219,morfonica,QUEEN (Cover),https://youtu.be/_FiExtFisto,_FiExtFisto,Gmin,6A,112.34715,1.7374903255958767,-0.1573,2.545197423892123,-0.9648725711130001,112.3,0.856,acoustic,True,0.193721,0.33066,0.87928,1.62240,-0.78453,0.53446,0.20596,minor,-9.912512639353006,2.8108530044555664,6.6898627281188965,5.7489,0.4362,4.8418853111797944e-05,0.87643,0.0542018637061119,
220,morfonica,again (Cover),https://youtu.be/4Vgb5ZfuGas,4Vgb5ZfuGas,Amin,8A,143.55469,2.399441253098523,-0.09536,2.451983692407847,-1.8379092152963004,143.6,0.722,acoustic,True,0.111026,0.01829,0.91716,1.27040,-1.40655,-0.05168,0.03351,minor,-10.117478883757729,7.121525764465332,6.855216979980469,5.829,0.272,9.813534416025504e-05,0.852026,0.0666838139295578,
221,morfonica,輪舞-revolution (Cover),https://youtu.be/RquM6y7cTZU,RquM6y7cTZU,Amin,8A,129.19922,1.9203434937280752,-0.19062,1.1631559988543363,-0.4533493652138752,129.2,0.753,acoustic,True,0.469372,0.45755,0.80074,1.81629,-0.64671,0.69316,0.90046,minor,-10.142081878491492,3.162339210510254,6.859628677368164,6.0022,0.6398,0.0001126466304413043,0.824108,0.0712679028511047,
222,morfonica,メロウ (Cover),https://youtu.be/falfRIZceKw,falfRIZceKw,A#min,3A,143.55469,1.3851944533947396,-0.09287,2.0360223320731183,0.8790606245781682,143.6,0.351,acoustic,True,0.285605,0.04618,0.82543,1.34068,-1.15307,0.06218,-0.07114,major,-10.949250068430551,5.86586856842041,6.460662364959717,6.0241,0.1763,0.0020501031540334225,0.768833,0.0722990185022354,
223,morfonica,祝福 (Cover),https://youtu.be/A8BRPZIHCs4,A8BRPZIHCs4,Emaj,12B,112.34715,1.3711465848760545,0.02232,3.2916477580740278,-0.4631353559463319,112.3,0.56,acoustic,True,0.170750,0.15948,0.78260,1.31275,-0.93709,0.31971,0.80276,minor,-11.328021251392668,4.184300422668457,6.3929338455200195,5.7336,0.7812,0.0009825152810662985,0.843524,0.0883244052529335,
224,morfonica,Overdose (Cover),https://youtu.be/ILjUR5nQQPA,ILjUR5nQQPA,Amin,8A,117.45384,0.7896663756098204,-0.04419,2.356363186940041,-1.11147302582761,117.5,0.467,acoustic,True,0.187596,0.04621,0.78642,1.26478,-1.05606,-0.12003,0.37608,minor,-11.459878356248613,3.5179061889648438,6.981286525726318,6.0643,0.5,0.00042881991248577833,0.872391,0.0842074900865554,
225,morfonica,かくれんぼ (Cover),https://youtu.be/GGYr_vW75pI,GGYr_vW75pI,A#min,3A,123.04688,1.5238846249491962,-0.09798,2.6345210681802467,-0.39797959829539425,89.1,0.889,acoustic,True,0.060490,-0.01628,0.73110,1.12607,-1.18871,0.15942,0.08675,minor,-9.442781726318572,4.019084930419922,6.82157564163208,5.1335,0.0289,2.0967934688087553e-05,0.841003,0.0660172700881958,
226,morfonica,chAngE (Cover),https://youtu.be/SfdLc7O8nhM,SfdLc7O8nhM,Amin,8A,161.49902,-0.3267826730981809,-0.17284,1.1809035474666276,-0.46963830462660944,112.3,0.272,acoustic,True,0.702144,0.15573,0.92683,1.75696,-1.13305,0.38212,0.34819,minor,-11.747979174877743,3.542037010192871,6.816376686096191,6.3513,0.1505,7.215316873043776e-05,0.763533,0.0597702339291572,
227,morfonica,ALIVE (Cover),https://youtu.be/fzIHYLmJcy4,fzIHYLmJcy4,G#min,1A,117.45384,2.0668182716442343,-0.00401,1.6737006931504805,-0.41104863108002976,117.5,0.815,acoustic,True,0.336141,0.44200,0.76424,1.70323,-0.63166,0.47693,0.47104,minor,-9.776442469954578,3.4087705612182617,6.664876937866211,5.3346,0.1657,3.27170237142127e-05,0.776914,0.063827596604824,
228,morfonica,Nameless Story (Cover),https://youtu.be/hLQbNQsCqwg,hLQbNQsCqwg,Amin,8A,129.19922,1.6726392286273473,-0.16611,1.0782483215078278,1.1722615340073876,129.2,0.725,acoustic,True,0.487749,0.44363,0.78594,1.80671,-0.74257,0.44897,0.63806,minor,-10.022044875579097,4.1695404052734375,6.486701965332031,5.8621,0.4954,0.00014986813766881824,0.802234,0.0625199377536773,
229,morfonica,青空のラプソディ (Cover),https://youtu.be/ZK7DbX4BApQ,ZK7DbX4BApQ,Amin,8A,135.99918,1.9838458032373167,-0.20612,1.6199136367770057,0.38060645146367905,136.0,0.857,acoustic,True,0.233538,0.30763,0.79151,1.48060,-0.85481,0.09255,-0.05535,minor,-10.10164639213699,2.9022464752197266,6.729590892791748,5.6919,0.8571,9.43188788369298e-05,0.794089,0.0714292898774147,
230,morfonica,Nevereverland (Cover),https://youtu.be/ou7eTJ4JzGE,ou7eTJ4JzGE,Amin,8A,103.35938,-0.2135225883199172,-0.11385,2.1682191025390662,1.1429035618100176,103.4,0.171,acoustic,True,0.258040,0.01233,0.84198,1.47103,-1.19008,-0.75532,0.43348,minor,-11.75998022892601,9.80057144165039,6.336228847503662,5.6035,0.266,4.7589579480700195e-05,0.886971,0.0645642951130867,
231,morfonica,メリッサ (Cover),https://youtu.be/yGdpwyRIyAQ,yGdpwyRIyAQ,Amin,8A,112.34715,1.27650399901097,-0.09497,2.087827001186303,-0.010328094441947171,112.3,0.446,acoustic,True,0.397397,0.01179,0.79315,1.36337,-1.04961,0.07982,0.25180,major,-11.357220123382033,2.919806480407715,6.561936855316162,6.0556,0.9058,7.807692600181326e-05,0.776905,0.0438010729849338,
232,morfonica,COLORFUL BOX (Cover),https://youtu.be/bdjK1IZSudQ,bdjK1IZSudQ,Amin,8A,161.49902,1.606991158298896,-0.10066,1.8088676065192357,-0.7759082468404647,161.5,0.546,acoustic,True,0.380551,0.20827,0.85776,1.57989,-0.87956,0.48785,-0.24804,minor,-11.122579734410271,2.4629125595092773,6.616649150848389,5.7675,0.693,0.00022172590252012014,0.829131,0.0548639819025993,
233,morfonica,unravel (Cover),https://youtu.be/uRaB7qZwZP4,uRaB7qZwZP4,G#maj,4B,135.99918,-0.8964095913113949,0.09667,1.9741729988306815,0.19164212719114365,136.0,0.102,acoustic,True,0.319296,0.12356,0.99430,1.41077,-1.51562,0.09340,-0.35356,major,-11.70947630338712,9.050252914428711,6.40100622177124,5.0744,0.1733,4.293094389140606e-05,0.857116,0.0923510715365409,
234,morfonica,アゲハ蝶 (Cover),https://youtu.be/EG78S0HJvZg,EG78S0HJvZg,Gmin,6A,117.45384,2.562706986483737,-0.04556,3.2163976532918763,0.16234729041785398,117.5,0.481,acoustic,True,0.372894,0.10730,0.71309,1.33582,-0.79127,-0.11512,0.36662,minor,-11.692873957115696,2.7326765060424805,6.488266944885254,6.1454,0.9863,0.00026154390070587397,0.845225,0.0604372546076774,
235,morfonica,V.I.P (Cover),https://youtu.be/B4O27f5P8Dk,B4O27f5P8Dk,Fmaj,7B,123.04688,0.3778475656413933,0.06547,3.6177932377501216,-1.1994206715715596,123.0,0.769,acoustic,True,0.120214,0.07902,0.71094,1.21663,-0.79579,0.18566,0.40688,minor,-11.10466560209088,1.7354497909545898,6.409543037414551,5.307,0.5942,0.0004346574132796377,0.851804,0.0523941777646541,
236,morfonica,CQCQ (Cover),https://youtu.be/v12Sqv9lA0c,v12Sqv9lA0c,G#min,1A,143.55469,-0.4242370714181282,-0.15429,1.212912140163624,0.849702652380798,143.6,0.442,acoustic,True,0.711332,0.27907,0.85321,1.74171,-0.97246,0.18295,0.19997,minor,-10.880582218888748,3.9684934616088867,6.837627410888672,5.8138,0.3769,8.349772542715073e-06,0.846046,0.0700533986091613,
237,mugendai_mutype,アイの夢限,https://youtu.be/fSa8XH8d-T4,fSa8XH8d-T4,Emin,9A,117.45384,-0.20475270185606648,-0.09863,0.1828380248319228,1.1136087250367277,117.5,0.346,shimmer,True,0.094181,-0.23474,0.87629,1.11790,-1.64598,-0.86881,-0.02662,major,-10.846426913712486,7.2274932861328125,6.3023223876953125,5.4263,0.038,0.0010985640110448003,0.747817,0.0864392668008804,
238,mugendai_mutype,どんがらがっしゃん,https://youtu.be/DvZohC30iOw,DvZohC30iOw,Emin,9A,129.19922,1.0633150696918143,-0.14036,-2.164832525213004,1.162475543274931,129.2,0.862,shimmer,True,0.686830,0.44657,0.84299,1.95472,-0.59832,0.46012,0.38405,minor,-9.394475857335431,2.236560821533203,6.943277835845947,6.0411,0.9164,0.00024597591254860163,0.630861,0.0974533408880233,
239,mugendai_mutype,みゅーたんとミュータント,https://youtu.be/qnHJDWgLkvw,qnHJDWgLkvw,F#min,11A,151.99908,7.74966323422488,-0.02238,0.7521786753624495,1.9475645417142817,152.0,0.299,shimmer,True,0.826187,0.19197,1.34915,2.94293,-1.45788,0.13122,0.17212,major,-12.091700948734768,3.5136356353759766,6.8530449867248535,6.011,0.9559,1.846053964982275e-05,0.792811,0.1328879445791244,
240,mugendai_mutype,チューニング,https://youtu.be/gJqvYYkdkC8,gJqvYYkdkC8,G#maj,4B,99.38401,-3.0534768105102805,0.15002,1.3940276422850562,0.4946290273528198,99.4,0.109,acoustic,True,0.201378,-0.16639,0.89229,1.08653,-1.85573,-1.15271,-0.51554,major,-11.989062857667655,8.992670059204102,5.654633522033691,4.9236,0.0957,0.0006379445549100637,0.675428,0.056023433804512,
241,mugendai_mutype,Dream Voyage,https://youtu.be/fDnYCRzvCco,fDnYCRzvCco,Emin,9A,103.35938,0.5130161876375539,-0.18852,-0.1547670387904504,0.5858597151489486,103.4,0.774,neutral,True,0.340735,0.12283,0.72787,1.28375,-0.83237,0.05230,0.53806,minor,-10.222009979354938,2.02127742767334,7.041187286376953,5.6916,0.8845,0.00014488476153928787,0.700228,0.063434213399887,
242,mugendai_mutype,グラディエント,https://youtu.be/QMcU8T8wOd4,QMcU8T8wOd4,Gmaj,9B,117.45384,0.9006461036278761,0.08556,1.1082570453519476,1.6576466743372413,117.5,0.033,shimmer,True,0.150842,-0.48717,0.84019,0.85889,-1.84684,-1.30805,-0.68343,major,-13.715107000517742,6.619233131408691,6.13566780090332,5.8325,0.8723,0.019560396671295166,0.805149,0.0804321244359016,
243,mugendai_mutype,LET'Sあちあちトレーニング！,https://youtu.be/g9fpSuTbouI,g9fpSuTbouI,C#min,12A,123.04688,0.7366340045490409,-0.01563,-0.2215758560299259,0.9083554613514581,117.5,0.137,shimmer,True,0.849158,0.50921,0.98388,2.30161,-1.07411,-0.58032,1.14653,minor,-11.740891329939839,5.953255653381348,6.938374042510986,5.3695,0.5091,5.429043994809035e-06,0.777233,0.0783492103219032,
244,mugendai_mutype,真夜中遊園地,https://youtu.be/KD-EeGTr53I,KD-EeGTr53I,Dmin,7A,129.19922,-1.7374106012185728,-0.2424,-0.6901593271109996,-1.3590270236467248,129.2,0.392,bright,True,0.924196,0.78656,0.78216,1.98735,-0.28499,0.84984,1.33431,minor,-11.444248725734518,3.6497802734375,6.617563724517822,5.1711,0.231,7.485636615456315e-06,0.791853,0.0597200654447078,
245,mugendai_mutype,テレパシー,https://youtu.be/mKiBvYqfBfk,mKiBvYqfBfk,Cmaj,8B,89.10291,1.840770353783747,0.19554,2.773611789978794,0.03531881716815751,89.1,0.018,shimmer,True,0.065084,-0.82105,1.08842,1.29229,-2.16644,-1.39059,0.24050,major,-13.966433738013226,7.827018737792969,5.326847076416016,5.1139,0.8359,0.06327444314956665,0.696166,0.074016734957695,
246,mugendai_mutype,TRASH LIFE,https://youtu.be/oD74b35UNVc,oD74b35UNVc,A#maj,6B,117.45384,-1.4488380516617327,0.27601,-0.850973793282241,0.7650380486890274,117.5,0.009,shimmer,True,0.818530,0.17713,1.18098,1.99599,-2.00469,-1.72547,0.82029,major,-12.59933325663144,17.33480453491211,6.344496250152588,5.3002,0.1231,0.00015439189155586064,0.736211,0.067496083676815,
247,mugendai_mutype,新人類は仮想世界の夢を見るか?,https://youtu.be/zFsTGz60TLY,zFsTGz60TLY,Emin,9A,89.10291,-0.8508626320131891,-0.14085,-2.509440783497577,1.3644457649080217,117.5,0.335,bright,True,0.990046,0.94762,0.80290,2.30719,-0.12167,0.91503,1.07101,minor,-11.377733075737131,2.9349918365478516,6.905704498291016,5.4001,0.7796,4.219095899316017e-06,0.711275,0.0811555013060569,
248,mugendai_mutype,コミュ着火Fire!,https://youtu.be/SI8q0trRdOE,SI8q0trRdOE,Fmin,4A,99.38401,-1.465913179304195,-0.03825,-1.8467611520881864,1.5078263129945328,99.4,0.288,bright,True,0.971669,0.78135,0.74395,2.00713,-0.28893,1.05426,0.71470,minor,-11.848962331231231,2.642263412475586,6.542242527008057,4.9916,0.6809,1.0187178531850805e-06,0.721969,0.0753950029611587,
249,mugendai_mutype,Calling,https://youtu.be/a6oOosacMxc,a6oOosacMxc,Dmin,7A,117.45384,0.1235079111887325,-0.07882,1.2989486920438955,0.9181414520839148,117.5,0.865,neutral,True,0.371363,0.46067,0.69783,1.63483,-0.43334,0.70493,0.43623,minor,-10.595887467827364,4.722809791564941,6.582883834838867,5.0946,0.1429,1.4376362287293887e-06,0.836927,0.0872825980186462,
250,mugendai_mutype,Hi-Vision,https://youtu.be/a1-SB-tFYmI,a1-SB-tFYmI,Dmaj,10B,103.35938,-0.804373929188487,0.06349,-1.407367370271193,0.24379198748152586,103.4,0.093,shimmer,True,0.911945,0.51174,0.94643,2.05528,-0.84420,0.36230,0.90599,minor,-12.009341131327133,4.52805233001709,6.277585029602051,5.4435,0.1474,4.0168182749766856e-05,0.780421,0.0918174013495445,
251,mugendai_mutype,コハク,https://youtu.be/XYCI2LzEnZA,XYCI2LzEnZA,Dmaj,10B,129.19922,-3.106488252468205,0.2072,1.7895083872646644,-1.088618002310517,99.4,0.039,acoustic,True,0.601072,0.12459,0.77638,1.30923,-1.07747,-0.06553,-0.11006,major,-12.729986979911642,10.101555824279785,6.123994827270508,5.1931,0.0365,0.0008699962636455894,0.741481,0.0687514543533325,
252,mugendai_mutype,✞animaるパーティ✞開催中✞,https://youtu.be/J_zCYMoy1Cw,J_zCYMoy1Cw,Dmin,7A,99.38401,-0.6582696272868988,-0.0333,-0.4794383736417524,1.133180706501641,99.4,0.385,neutral,True,0.729709,0.43433,0.82162,1.64032,-0.91052,0.31883,0.04416,minor,-10.715459033481231,5.717368125915527,6.918830394744873,5.5421,0.0699,3.5064813346252777e-06,0.74029,0.0683572217822074,
253,mugendai_mutype,エンプティパペット,https://youtu.be/xosxYF29mvk,xosxYF29mvk,Dmin,7A,123.04688,-1.298931074292905,-0.08663,-1.8160724154206578,0.9051355547233594,123.0,0.047,shimmer,True,0.941041,0.40754,0.92641,1.96943,-1.01359,-0.02452,0.46804,minor,-12.613588452666823,6.364109992980957,6.9426984786987305,5.7127,0.5988,2.4092085368465632e-05,0.68453,0.0819390416145324,
254,mugendai_mutype,限界現実サバイブ天使,https://youtu.be/_iX9WOOierg,_iX9WOOierg,Amaj,11B,123.04688,-1.29269617746277,0.32356,-1.0750462772937572,0.04832471452871293,95.7,0.256,bright,True,0.964012,0.68049,0.68293,1.79584,-0.37066,0.72583,0.53524,major,-11.634358777916539,2.36016845703125,6.753884315490723,5.5299,0.5957,3.7642501411028206e-05,0.718756,0.0715513229370117,
255,mugendai_mutype,ビッグマウス,https://youtu.be/3WpaXoun2Tc,3WpaXoun2Tc,G#maj,4B,143.55469,-0.23567331382638157,0.19132,-1.412434038761317,0.6314434913349729,143.6,0.578,shimmer,True,0.947167,0.86207,0.82004,2.18417,-0.40306,0.81599,1.05665,minor,-10.815676302527027,4.604265213012695,7.154690265655518,5.4246,0.4544,2.656857986949035e-06,0.767367,0.0733248218894004,
256,mugendai_mutype,夢現妄想世界,https://youtu.be/vS2MCoSUEVs,vS2MCoSUEVs,G#min,1A,129.19922,0.30324916020339826,-0.07834,-0.2760963234578762,-0.2839570224062532,129.2,0.941,neutral,True,0.417305,0.44691,0.64944,1.43075,-0.39423,0.74929,0.25787,minor,-8.869509646097635,1.2527589797973633,6.907344341278076,5.4641,0.9043,3.739412932191044e-06,0.767107,0.0554657094180583,
257,mugendai_mutype,やわやわNERD 超FreQuency,https://youtu.be/xzkEK0GF7fw,xzkEK0GF7fw,F#min,11A,143.55469,-0.6950817389057262,-0.20598,-3.9239676339958525,1.7325884227206356,143.6,0.527,bright,True,0.994640,1.09125,0.90245,2.55450,-0.27923,1.18184,1.40201,minor,-10.350026969034296,3.8165149688720703,7.08105993270874,5.3625,0.2401,1.4830829059064854e-05,0.650336,0.095168262720108,
258,mugendai_mutype,超惑星Xへの旅,https://youtu.be/jr_xt37IcRc,jr_xt37IcRc,F#min,11A,135.99918,-0.9479153481454677,-0.19481,-2.362007062135769,1.7846751475869376,136.0,0.458,bright,True,0.838438,0.69682,0.92244,2.16204,-0.67870,0.44488,1.10977,minor,-10.907215406621653,5.971120834350586,6.846338272094727,5.5486,0.3799,3.458379069343209e-05,0.722392,0.0976407527923584,
259,mugendai_mutype,これはぼくたちの生存のあらすじ,https://youtu.be/4XbNBhZuBoA,4XbNBhZuBoA,Fmin,4A,129.19922,0.17711592718506775,-0.11212,-1.9564861982914796,1.4784683407971626,129.2,0.78,shimmer,True,0.858346,0.50924,0.76380,1.59844,-0.50086,0.19741,0.62722,major,-9.756006460737305,2.6600027084350586,6.990171432495117,5.3526,0.3891,2.6114155843970366e-05,0.680077,0.0810664147138595,
260,mygo,迷星叫,https://youtu.be/V6gq-6dAbHA,V6gq-6dAbHA,G#maj,4B,95.70312,1.3313811925370393,0.13241,0.8913272819469975,0.5239238641261098,129.2,0.944,neutral,True,0.034456,-0.05256,1.00496,1.25315,-1.95603,-0.16348,-1.32877,major,-8.85930566065134,3.695164203643799,7.029773235321045,5.31,0.1869,6.278631190070882e-05,0.786882,0.073847085237503,
261,mygo,壱雫空,https://youtu.be/bqDL0mTUiLs,bqDL0mTUiLs,F#maj,2B,103.35938,-0.49409166184108544,0.05638,-0.5439506507162131,1.185267431367943,103.4,0.974,neutral,True,0.049770,0.15124,0.77236,1.33091,-0.84378,0.34632,0.03831,major,-8.4868992644665,2.192392349243164,7.039892196655273,5.2434,0.4088,5.003251862945035e-05,0.648097,0.0944522768259048,
262,mygo,碧天伴走,https://youtu.be/S7S4gUjXKjo,S7S4gUjXKjo,C#maj,3B,129.19922,0.08382839666152098,0.04623,0.53822787351529,0.5923626638292262,129.2,0.973,acoustic,True,0.080398,0.18407,0.66188,1.20640,-0.75191,0.37791,-0.02801,major,-8.654164587473796,1.3840703964233398,6.938835144042969,5.3707,0.807,5.25764116900973e-05,0.652321,0.0721445381641388,
263,mygo,影色舞,https://youtu.be/5_ZWx7Q26Tw,5_ZWx7Q26Tw,A#min,3A,112.34715,1.5658928651336086,-0.02538,0.5149308411553108,0.23400599674906916,112.3,0.879,shimmer,True,0.098775,-0.07148,0.78216,1.23873,-1.10925,-0.04630,-0.05961,minor,-10.088165345243395,1.8210687637329102,7.319878101348877,6.0287,0.959,9.787543240236118e-05,0.797239,0.0628828704357147,
264,mygo,歌いましょう鳴らしましょう,https://youtu.be/Xtqz4zUlrGY,Xtqz4zUlrGY,Emin,9A,112.34715,-0.40383719584404043,-0.0918,-1.529701173558973,1.989928411272207,112.3,0.942,bright,True,0.365237,0.48996,0.66191,1.61427,-0.37202,0.33835,0.73495,minor,-8.710680396666413,1.5278453826904297,7.216568946838379,5.7806,0.7918,1.182600772153819e-05,0.838857,0.05886822193861,
265,mygo,潜在表明,https://youtu.be/ljBKERoFUZQ,ljBKERoFUZQ,Bmin,10A,135.99918,-0.7396784452289877,-0.1633,0.5984873498080812,0.9832972097348525,136.0,0.584,neutral,True,0.092649,-0.31955,0.84927,1.09203,-1.55826,-1.15361,-1.15205,minor,-10.75169762809121,4.413242340087891,6.601536273956299,5.517,0.579,0.00018928450299426913,0.709056,0.0815594643354415,
266,mygo,音一会,https://youtu.be/SKj1BxRGdfI,SKj1BxRGdfI,Fmin,4A,135.99918,-0.27112612753320947,-0.034,-2.909337689434274,2.0322922808301325,136.0,0.968,bright,True,0.143185,0.22840,0.80456,1.42878,-0.63964,0.19907,-1.45889,minor,-8.537541226297554,1.7010760307312012,6.9554853439331055,5.5716,0.7781,0.0007169542368501425,0.75043,0.0633871480822563,
267,mygo,春日影 (MyGO!!!!! ver.),https://youtu.be/NycFr6D6DSw,NycFr6D6DSw,Bmaj,1B,95.70312,1.6007505063153533,0.38816,3.690339995506834,-1.7466785275001717,99.4,0.923,acoustic,True,0.006891,-0.36068,0.78204,0.86728,-1.49262,-0.71492,-0.44912,major,-9.50928168066246,4.400923728942871,6.361649990081787,4.9999,0.2447,0.13815876841545105,0.76623,0.0728325843811035,
268,mygo,詩超絆,https://youtu.be/OenakjvUs24,OenakjvUs24,Cmaj,8B,129.19922,0.023530416886712313,0.22757,1.5601938317407682,-0.30024596181898744,112.3,0.76,acoustic,True,0.029862,-0.24257,0.94483,1.02124,-2.33362,-2.02486,-0.30427,major,-9.400928408248788,9.082263946533203,6.826330661773682,4.8639,0.345,2.1137195290066302e-05,0.837066,0.0726977586746215,
269,mygo,迷路日々,https://youtu.be/d0E91J6UHSw,d0E91J6UHSw,Dmaj,10B,129.19922,-0.23882492419201506,0.125,2.4784102263298085,-2.4308139828350175,129.2,0.976,acoustic,True,0.020674,0.02779,0.78853,1.30790,-1.08479,-0.12329,0.25605,minor,-7.932995250376081,3.2787909507751465,7.209354877471924,5.3722,0.0426,0.00011457358777988702,0.778281,0.0505174100399017,
270,mygo,無路矢,https://youtu.be/b3Rapr2kUTM,b3Rapr2kUTM,Emin,9A,123.04688,1.0877417154374225,-0.15543,2.9753049713697814,-0.08198680077316235,117.5,0.995,acoustic,True,0.011485,0.05708,0.61310,0.95084,-0.89897,0.20523,-0.17098,minor,-7.817507582394393,1.4369258880615234,7.036323547363281,5.116,0.0927,0.0008878789376467466,0.799783,0.0383364185690879,
271,mygo,名無声,https://youtu.be/DEyXwtinmfs,DEyXwtinmfs,F#maj,2B,129.19922,0.7879012052364263,0.01521,2.164149707812146,-0.1275705769591866,129.2,0.954,acoustic,True,0.031394,-0.16399,0.77780,0.77297,-1.12849,-0.17321,-0.08106,major,-9.266305583485236,2.2586050033569336,6.843069553375244,5.2237,0.269,0.00010043807560577989,0.823741,0.0556972920894622,
272,mygo,栞,https://youtu.be/SgJFZEI6GSw,SgJFZEI6GSw,Dmaj,10B,172.26562,3.8225083038481973,0.34451,5.054147249173994,-1.8184003692554678,89.1,0.907,acoustic,True,0.002297,-0.47933,0.99907,1.39220,-1.72483,-0.51756,-1.34359,major,-9.818614932184666,3.6590871810913086,5.732477188110352,5.6336,0.1292,0.4662819504737854,0.748166,0.0724829286336898,
273,mygo,歩拾道,https://youtu.be/EEeYU4-dhZk,EEeYU4-dhZk,Emin,9A,129.19922,0.8306559244666413,-0.18386,0.38764949970959317,0.9995861491475868,129.2,0.967,acoustic,True,0.051302,0.12125,0.80620,1.53317,-0.99078,0.01116,-0.54638,minor,-8.89466931965433,2.109503746032715,7.163270950317383,5.273,0.9149,0.0021193246357142925,0.757878,0.0664170682430267,
274,mygo,明弦音,https://youtu.be/6sJ7vXe_oMU,6sJ7vXe_oMU,Amaj,11B,123.04688,2.87280096615799,0.13788,2.784557168144548,-0.8638558925844144,123.0,0.997,acoustic,True,0.022205,0.32727,0.74915,1.30357,-0.68603,0.19159,0.47948,major,-7.940377886879044,1.6643948554992676,7.347641944885254,5.2191,0.4878,0.00013416112051345408,0.785163,0.0474528968334198,
275,mygo,孤壊牢,https://youtu.be/x56aIq5BDQU,x56aIq5BDQU,Emin,9A,123.04688,0.462033533138857,-0.17242,2.0173171942762873,-0.9387976409678092,123.0,0.985,acoustic,True,0.016080,0.06173,0.75226,0.93499,-0.94558,-0.18273,0.23111,minor,-8.272157841152744,1.844818115234375,7.115519046783447,5.0172,0.3024,2.781311923172325e-05,0.855005,0.0603027790784835,
276,mygo,霧周途,https://youtu.be/qJPXncScNA4,qJPXncScNA4,Dmin,7A,112.34715,0.8735721068456357,-0.0757,0.45026163314009393,-0.2774540737259753,112.3,0.991,neutral,True,0.043645,0.24780,0.67710,1.10642,-0.74868,0.47739,-0.23861,minor,-8.156285676848539,1.325355052947998,7.321592330932617,5.3449,0.5426,4.304538742871955e-05,0.793032,0.0803821757435798,
277,mygo,端程山,https://youtu.be/2gRiKJ6zxRg,2gRiKJ6zxRg,C#min,12A,117.45384,0.2063550853586924,-0.24501,1.3601255100451883,-0.626024750073676,123.0,0.986,acoustic,True,0.008423,0.00176,0.76059,1.02872,-1.04651,-0.05131,-0.83033,minor,-8.270691651510836,2.2635788917541504,7.017414569854736,5.1283,0.7538,0.00014147030015010387,0.823206,0.0682089179754257,
278,mygo,処救生,https://youtu.be/Z2OLVzWFaY0,Z2OLVzWFaY0,Fmin,4A,129.19922,1.1226600432756975,-0.20552,2.5555868924227654,-2.4373800669393755,129.2,1.0,acoustic,True,0.000766,-0.03973,0.67023,0.94350,-0.96171,-0.19435,-0.24360,minor,-7.95883082020941,1.0835199356079102,7.007364273071289,4.9496,0.6261,8.005394920473918e-05,0.854606,0.0559507459402084,
279,mygo,輪符雨,https://youtu.be/5qaDNLKfu3o,5qaDNLKfu3o,Fmaj,7B,103.35938,2.4275855312941936,0.05098,2.7821011531635746,-0.9355145989156296,103.4,0.998,acoustic,True,0.005360,-0.01766,0.72367,1.01353,-1.00329,-0.33945,-0.31014,minor,-7.9138529102116335,1.4337353706359863,6.948786735534668,4.7986,0.4985,3.5204422601964325e-05,0.886024,0.0691031664609909,
280,mygo,夜隠染,https://youtu.be/szlxFGtNCs0,szlxFGtNCs0,A#maj,6B,112.34715,0.523541697366573,0.28157,2.947574800647862,-0.9745954264213763,112.3,0.961,acoustic,True,0.017611,0.02302,0.93449,1.41628,-1.25341,-0.56404,-0.23410,major,-8.749890861922687,3.208639621734619,6.813776016235352,5.0331,0.2006,0.0007350732339546084,0.750567,0.0453075245022773,
281,mygo,過惰幻,https://youtu.be/aggmsIQMR4I,aggmsIQMR4I,A#maj,6B,112.34715,3.8433202346754722,0.21051,4.327351347917757,-2.251635649294939,112.3,0.419,acoustic,True,0.009954,-0.56260,0.90730,0.92948,-1.75042,-0.93808,-0.62106,major,-10.818534134616097,6.475470542907715,4.659223556518555,5.1619,0.2994,0.8795555830001831,0.656048,0.0517120733857154,
282,mygo,回層浮,https://youtu.be/ZPB6sJ0ehOI,ZPB6sJ0ehOI,G#min,1A,99.38401,0.8664385700362343,-0.00888,1.3185285155038247,-0.6683886196316016,129.2,0.951,acoustic,True,0.028331,-0.08268,0.68325,1.02211,-1.03400,0.08753,-0.36587,major,-9.002129543424173,2.5123157501220703,7.13503360748291,5.4456,0.3906,0.0001908165868371725,0.823279,0.0569762326776981,
283,mygo,砂寸奏,https://youtu.be/ydoFJ2s-kDA,ydoFJ2s-kDA,C#min,12A,123.04688,1.0529330257993175,-0.11254,0.5335339613306445,-1.3818189117397368,123.0,0.962,neutral,True,0.026799,0.10162,0.84732,1.28607,-1.20293,-0.17845,-0.36093,minor,-8.480726163732594,3.125932216644287,7.325861930847168,5.4183,0.4742,1.2868447811342776e-05,0.886251,0.0483668819069862,
284,mygo,焚音打,https://youtu.be/meUaiXnSeGY,meUaiXnSeGY,C#min,12A,129.19922,-0.004500735893664953,-0.07743,0.26093391660347287,-0.8182721163983901,129.2,0.988,neutral,True,0.032925,0.04607,0.72915,0.99102,-0.90433,-0.21741,-1.03956,minor,-7.87468020730253,2.3778915405273438,7.248281955718994,5.6043,0.3754,9.511759708402678e-05,0.821629,0.0739535987377166,
285,mygo,残痕字,https://youtu.be/lfDO7bvUtn8,lfDO7bvUtn8,Emaj,12B,117.45384,1.1105013531568808,0.15268,1.7483008928575625,-2.5416166520960592,117.5,0.971,acoustic,True,0.063553,0.36929,0.84257,1.56137,-0.82131,-0.24161,0.61351,major,-8.564469041782104,1.4692764282226562,7.177260398864746,5.7124,0.155,3.215255856048316e-05,0.798505,0.0489751771092414,
286,mygo,掌心正銘,https://youtu.be/Aww91itH5cQ,Aww91itH5cQ,Emaj,12B,123.04688,0.5782417852982031,0.21698,0.4930718238171181,-1.9910126186911878,123.0,0.958,acoustic,True,0.117152,0.50041,0.90711,1.69240,-0.92025,-0.40818,0.74025,major,-8.642665508148637,2.583059787750244,7.231674671173096,5.5255,0.4225,5.7247752920375206e-06,0.810267,0.068204365670681,
287,mygo,証命讃歌,https://youtu.be/I5s3q-_HCSk,I5s3q-_HCSk,Amin,8A,103.35938,-0.036671775526882056,-0.05382,-0.43638069520288636,-0.4142685377081285,103.4,0.965,neutral,True,0.368300,0.68668,0.79045,1.98576,-0.29711,0.62822,1.03729,minor,-8.519281067197053,2.486423969268799,7.370957374572754,5.8791,0.3921,5.870715995115461e-06,0.793924,0.0599568672478199,
288,mygo,エガクミライ,https://youtu.be/T_jH9KJTlsI,T_jH9KJTlsI,G#maj,4B,89.10291,1.9648198804589398,0.34476,3.2673530830689446,-0.14385951637192118,89.1,0.81,acoustic,True,0.013017,-0.33444,0.94273,1.18815,-1.70410,-1.33979,-0.75944,major,-9.747098943276368,8.231256484985352,6.15723180770874,5.4806,0.5486,0.047881852835416794,0.793919,0.0564580522477626,
289,mygo,静降想,https://youtu.be/OdVHJhdFYOo,OdVHJhdFYOo,A#maj,6B,123.04688,0.8472322210259702,0.3167,0.6569288086539662,-1.7890423970580973,95.7,0.918,acoustic,True,0.055896,0.28741,1.03778,1.60302,-1.76662,-0.63483,-0.56212,major,-8.302966322731697,6.0973944664001465,6.772213935852051,5.5381,0.0106,0.00031078082975000143,0.787423,0.0527730286121368,
290,mygo,聿日箋秋,https://youtu.be/dKPye_tGXFM,dKPye_tGXFM,Amaj,11B,123.04688,1.61966493430469,0.19705,2.5584539493564735,-1.6131471055701978,123.0,0.979,acoustic,True,0.025268,0.03253,0.71745,1.04700,-0.84253,-0.04117,0.21364,major,-8.606377558966962,2.165760040283203,6.913637638092041,5.3908,0.5775,0.0003394066297914833,0.792507,0.0635227039456367,
291,mygo,往欄印,https://youtu.be/ypcMuQhWdZA,ypcMuQhWdZA,D#maj,5B,117.45384,-0.14639840882652622,0.06488,-0.14008772704490724,-0.880144831997149,117.5,0.994,neutral,True,0.175345,0.74580,0.91591,2.08941,-0.34690,1.00415,-0.17403,major,-7.450237344462733,2.1374363899230957,7.231928825378418,5.3119,0.7021,2.130445409420645e-06,0.754334,0.0610411204397678,
292,mygo,だれかの心臓になれたなら (Cover),https://youtu.be/QOGVaoFOeuw,QOGVaoFOeuw,Cmin,5A,143.55469,-0.17824107362597064,-0.07803,-0.07185544320758826,-0.04940892194769353,143.6,0.463,neutral,True,0.305513,0.14703,1.12787,1.65065,-2.16833,0.67796,-1.02257,major,-10.018482268036381,11.131463050842285,7.134598255157471,5.6559,0.6611,0.00012996960140299052,0.758495,0.0756921544671058,
293,mygo,遥か彼方 (Cover),https://youtu.be/rKyU_gxye30,rKyU_gxye30,Amaj,11B,172.26562,-0.2539175769350004,0.07072,0.5011760381167338,-0.6423136894864102,117.5,0.719,acoustic,True,0.235069,0.21872,0.84234,1.47581,-1.17969,-0.58414,0.46182,major,-10.521048060454234,3.0380544662475586,6.860711097717285,5.4196,0.152,0.0003217491612304002,0.802886,0.0495966747403144,
294,mygo,雑踏、僕らの街 (Cover),https://youtu.be/9fH4DBvi5pE,9fH4DBvi5pE,Emin,9A,112.34715,0.30101415290916067,-0.16462,-0.20254524109628347,-1.4535407534950329,112.3,0.666,shimmer,True,0.163093,0.12051,0.83312,1.49156,-0.91751,0.22962,0.21111,minor,-10.412601615544888,3.958444595336914,6.863212585449219,5.7576,0.1277,0.0002461399126332253,0.838685,0.079586736857891,
295,mygo,過去を喰らう (Cover),https://youtu.be/ZwDx3We2qL8,ZwDx3We2qL8,D#maj,5B,123.04688,0.685053398577099,0.19978,-0.3105587944406407,0.26986691762671716,123.0,0.947,neutral,True,0.138591,0.30768,0.72939,1.45428,-0.82245,0.25417,-0.50679,major,-9.116055045692681,1.9061813354492188,7.123282432556152,5.8409,0.997,2.8865810236311518e-05,0.833478,0.0519165620207786,
296,mygo,君の神様になりたい。 (Cover),https://youtu.be/NOo87S0ABXQ,NOo87S0ABXQ,Dmaj,10B,99.38401,0.8587551019699987,0.22845,1.5648879187918405,-1.0463172681766724,99.4,0.97,acoustic,True,0.046708,0.07420,0.78243,1.24124,-1.00314,0.32969,-0.56529,major,-8.901490347607048,2.186882972717285,6.941728591918945,5.6081,0.9103,0.00011878626537509263,0.83294,0.0848561152815818,
297,mygo,ノンブレス・オブリージュ (Cover),https://youtu.be/cdVOlppDwFo,cdVOlppDwFo,Cmaj,8B,143.55469,0.7448638999133173,0.10907,0.4042549068763042,-0.45012945858577647,143.6,0.765,shimmer,True,0.084992,-0.01843,0.94842,1.50259,-1.58935,-0.82251,-0.29837,major,-9.916096476184196,5.019399642944336,6.757370471954346,5.3574,0.9453,0.0018473814707249403,0.717709,0.0805229693651199,
298,mygo,swim (Cover),https://youtu.be/YcBvpV_CzuU,YcBvpV_CzuU,Emaj,12B,129.19922,0.7133533717935467,0.15087,0.6030177269508834,0.03531881716815751,129.2,0.992,acoustic,True,0.048239,0.27745,0.83492,1.35106,-1.00258,0.48892,-0.61596,major,-7.929349787268625,1.7208595275878906,7.127256870269775,5.0393,0.5836,2.3014304133539554e-06,0.861236,0.0634687840938568,
299,mygo,猛独が襲う (Cover),https://youtu.be/DHxVK6DGqxk,DHxVK6DGqxk,Bmaj,1B,151.99908,2.5824630652131146,0.0941,1.562337364622584,-2.1636880035509893,152.0,0.989,acoustic,True,0.058959,0.42934,0.86870,1.80632,-0.90852,0.56112,0.98175,major,-7.387556398413712,3.043956756591797,7.6255974769592285,5.3014,0.0836,3.2302611998602515e-06,0.913353,0.0688075199723243,
300,mygo,春日影,https://youtu.be/wRwQUk0Dl30,wRwQUk0Dl30,Bmaj,1B,95.70312,-3.6423252936759063,0.22618,3.743750818657863,-2.0203705908885583,95.7,0.0,acoustic,True,0.741960,-1.06353,1.00023,0.57255,-2.34247,-1.29275,-0.54163,major,-26.770097072612835,7.504123687744141,4.373326778411865,4.5264,0.1839,0.7577958106994629,0.797113,0.078527845442295,
301,pastel_palettes,TITLE IDOL,https://youtu.be/DYcKUe6QYtQ,DYcKUe6QYtQ,A#maj,6B,143.55469,1.7100534100453286,0.22404,0.914955230189537,1.1006028276761723,143.6,0.369,neutral,True,0.660796,0.23726,0.83400,1.66764,-0.95511,0.20204,0.39782,major,-10.970655230415415,2.9628705978393555,6.709465980529785,5.9719,0.8207,0.007076967973262072,0.61671,0.0642465353012085,
302,pastel_palettes,ワクワクmeetsトリップ,https://youtu.be/2tsI2LPugWE,2tsI2LPugWE,Gmaj,9B,135.99918,-0.1656136176198012,0.04885,-1.657160754187857,1.6543636322850621,136.0,0.211,neutral,True,0.915008,0.52592,0.93479,2.14080,-0.81564,0.53721,0.58246,major,-11.708292815323334,4.624610900878906,7.555140972137451,6.8236,0.5274,0.00020719922031275928,0.690106,0.0767170414328575,
303,pastel_palettes,ゆら・ゆらRing-Dong-Dance,https://youtu.be/IYi3pLHGEo0,IYi3pLHGEo0,Amin,8A,117.45384,-0.14337676110523556,-0.01875,-2.523413723462504,1.16575858532711,112.3,0.061,bright,True,0.988515,0.86240,0.92510,2.52199,-0.42608,0.74884,1.18112,major,-11.859957438530426,5.373312950134277,7.036777496337891,6.3634,0.2219,8.759424963500351e-05,0.588854,0.0532948262989521,
304,pastel_palettes,もういちど ルミナス,https://youtu.be/674OQz-V6b0,674OQz-V6b0,Amaj,11B,172.26562,-0.4044736755261954,0.18522,1.7243890360269658,-2.095312339271953,112.3,0.326,acoustic,True,0.395865,0.03106,0.75770,1.26963,-0.89731,0.19774,0.39623,major,-10.7710181077439,5.564019203186035,6.815482139587402,5.8622,0.0714,4.908090704702772e-05,0.81556,0.0367917008697986,
305,pastel_palettes,あっつあつ 常夏 らぶ☆サマー！,https://youtu.be/F2XgwwQFcvs,F2XgwwQFcvs,Fmaj,7B,112.34715,1.8320027099059268,0.05559,-0.6305810098479077,0.7519690159043916,112.3,0.564,neutral,True,0.905819,0.72256,0.94233,2.31231,-0.67923,0.44340,0.39752,major,-10.150573422562529,2.2844247817993164,7.114558696746826,6.6947,0.772,0.001060806680470705,0.715908,0.0697570443153381,
306,pastel_palettes,天下トーイツ A to Z☆,https://youtu.be/rL-CITfYnV8,rL-CITfYnV8,C#min,12A,151.99908,-0.8067654021480053,-0.1067,-2.4415702227568588,0.30244479645218597,152.0,0.311,bright,True,0.850689,0.46291,0.80714,1.80136,-0.67185,0.42801,0.73066,major,-11.072862967257104,3.961709976196289,7.254750728607178,6.5275,0.6489,2.9559885661001317e-05,0.689571,0.0995355024933815,
307,pastel_palettes,しゅわりん☆どり〜みん,https://youtu.be/9s_GFDvfUTI,9s_GFDvfUTI,Amin,8A,117.45384,-1.381772418688087,-0.02896,-2.513047583712687,0.22100009938851375,117.5,0.065,bright,True,0.960949,0.51223,0.72752,1.63512,-0.56014,0.53504,-0.20943,major,-11.982597974861141,3.5540781021118164,6.164318561553955,5.9234,0.3951,1.7939517420018092e-05,0.589877,0.0640458166599273,
308,pastel_palettes,Power of LOVE!!!,https://youtu.be/zTJjAOvwhgo,zTJjAOvwhgo,Dmaj,10B,117.45384,0.7919202181381729,0.08162,-0.8212115667110467,1.7912412316912956,117.5,0.405,bright,True,0.815467,0.30714,0.78326,1.59835,-0.84770,0.22892,0.01834,minor,-10.762584031718228,2.8742361068725586,6.374993324279785,6.0686,0.7128,2.3836028049117886e-05,0.677234,0.0596011877059936,
309,pastel_palettes,きゅ～まい＊flower,https://youtu.be/_Y2me3JTTd4,_Y2me3JTTd4,Gmin,6A,123.04688,-0.17848602337533348,-0.09488,-1.8074470223575299,1.9345586443537266,123.0,0.404,bright,True,0.925727,0.62195,0.77245,1.80066,-0.55310,0.63781,0.73458,major,-10.574833614581692,3.343255043029785,6.976372718811035,6.4205,0.3541,0.0018182771746069193,0.740833,0.0629361793398857,
310,pastel_palettes,Winking☆Cheer,https://youtu.be/jDHsMU5ZFR0,jDHsMU5ZFR0,Cmaj,8B,99.38401,0.07260971143143402,0.21876,2.1733091776687035,0.38710940014395656,99.4,0.09,acoustic,True,0.224349,-0.34478,0.74707,0.94886,-1.33927,-0.30652,-0.55460,major,-12.223983989143735,4.607480049133301,6.268397808074951,5.807,0.9012,0.23169641196727753,0.528515,0.0789089798927307,
311,pastel_palettes,ゆめゆめグラデーション,https://youtu.be/p5ta20-h8vU,p5ta20-h8vU,Emaj,12B,135.99918,0.26041676734273955,0.14421,-0.22345051504880542,1.1103256829845487,136.0,0.238,neutral,True,0.879786,0.33703,0.80700,1.70078,-0.78808,0.56236,0.23393,major,-11.589252408137613,2.209343910217285,7.247928619384766,6.6171,0.7264,0.0006227282574400306,0.635849,0.064637079834938,
312,pastel_palettes,はなまる◎アンダンテ,https://youtu.be/QKpgJFE3CgM,QKpgJFE3CgM,Gmin,6A,112.34715,-0.15928614415072662,-0.16219,0.5664725410409464,1.0321640279730557,112.3,0.241,neutral,True,0.643951,0.27468,0.87354,1.61970,-1.09880,0.22905,-0.43387,minor,-10.946700411586615,6.002540588378906,6.679562091827393,6.242,0.6474,0.003051779931411147,0.703296,0.063347689807415,
313,pastel_palettes,パスパレボリューションず☆,https://youtu.be/02-G0MAcdmc,02-G0MAcdmc,F#min,11A,117.45384,0.25770063682879407,-0.12667,0.4903360766307595,1.3057929559373618,117.5,0.555,acoustic,True,0.585758,0.25778,0.84605,1.49348,-1.05782,-0.17273,-0.00157,major,-10.182560781363355,2.763151168823242,6.79198694229126,6.2376,0.1489,0.003100234316661954,0.661479,0.0695182085037231,
314,pastel_palettes,SURVIVOR ねばーぎぶあっぷ!,https://youtu.be/5emw7-6FnvE,5emw7-6FnvE,F#min,11A,99.38401,-0.35119746853139605,-0.11922,-0.773087394648484,-0.04290597326741599,99.4,0.608,bright,True,0.723583,0.35657,0.97332,1.99307,-1.03639,0.26109,0.07152,minor,-10.830651406894697,2.772510528564453,6.923874855041504,5.9669,0.7842,0.0001588946470292285,0.760902,0.077388696372509,
315,pastel_palettes,Wonderland Girl,https://youtu.be/i_pkiVx3dWo,i_pkiVx3dWo,Gmaj,9B,135.99918,-0.20854441957365086,0.01711,-1.0599458030168307,-0.8638558925844144,136.0,0.36,bright,True,0.787902,0.49294,0.81885,1.91122,-0.67478,0.44453,0.49016,major,-11.003567002755496,5.574629783630371,7.082727909088135,6.5134,0.728,4.843295391765423e-05,0.710546,0.0873360559344291,
316,pastel_palettes,ゼッタイ宣言～Recital～,https://youtu.be/LoW3xxuewLc,LoW3xxuewLc,C#min,12A,117.45384,-0.26163803758200266,-0.19402,-0.34226211159753417,-0.35889877078964755,117.5,0.208,shimmer,True,0.533691,0.18842,0.86871,1.58932,-1.20178,0.01563,0.50765,minor,-11.406985794840395,5.471038818359375,6.970426559448242,5.81,0.6155,0.00012999102182220668,0.713536,0.0621629059314727,
317,pastel_palettes,ぎゅっDAYS♪,https://youtu.be/Aihl3YY6wFw,Aihl3YY6wFw,Cmaj,8B,112.34715,-1.2883823549923832,0.32132,-2.2120181443323945,0.08412249998228048,112.3,0.29,bright,True,0.922665,0.74229,0.93725,2.43756,-0.59542,0.45075,1.15793,major,-11.069978835931284,3.191770553588867,6.939554214477539,7.0309,0.9286,0.00019720912678167224,0.738882,0.0678604841232299,
318,pastel_palettes,Wonderful Sweet!,https://youtu.be/oMtLVZ4z9wM,oMtLVZ4z9wM,C#min,12A,112.34715,-0.518532593680114,-0.14961,-3.298680019263147,1.2830010678443495,112.3,0.633,bright,True,0.931853,0.81157,0.85444,2.26425,-0.54802,0.90912,1.05509,major,-9.71225657883958,3.5134639739990234,7.280808448791504,6.3991,0.5152,1.0335085789847653e-05,0.691632,0.0696177259087562,
319,pastel_palettes,るんっ♪てぃてぃー！,https://youtu.be/pOhredaA3bY,pOhredaA3bY,Amaj,11B,161.49902,-0.36272811404301475,0.06963,-2.1518885597064994,1.3383708347628305,161.5,0.781,bright,True,0.599541,0.62608,0.83398,2.13085,-0.56092,0.30800,0.79654,major,-10.182745266154113,2.0629167556762695,7.383406639099121,6.2874,0.9666,6.323276465991512e-06,0.790003,0.0603686347603797,
320,pastel_palettes,パッパレ☆人生！バーン万歳！,https://youtu.be/AqU8cxKLmN0,AqU8cxKLmN0,Gmin,6A,112.34715,0.3813993860140541,-0.06334,-2.0463417048191377,0.8692746338457116,112.3,0.411,shimmer,True,0.904288,0.58428,0.98615,2.22576,-0.86965,1.06820,0.10694,minor,-10.752604680816214,3.199610710144043,7.230482578277588,6.5416,0.9757,0.0006647354457527399,0.600396,0.0885821729898452,
321,pastel_palettes,Brand new Pastel Road!,https://youtu.be/BDy7oYorJzw,BDy7oYorJzw,A#maj,6B,112.34715,-2.088891837752336,0.22077,-0.9411537085991085,0.5044150180852764,112.3,0.281,bright,True,0.653139,0.24081,0.83464,1.61705,-0.94620,0.19117,-0.16241,major,-11.449825768969964,3.687241554260254,6.580880165100098,5.5432,0.4909,1.1295331205474213e-05,0.701303,0.0653895735740661,
322,pastel_palettes,あこがれacross,https://youtu.be/UbKbTPzYNOI,UbKbTPzYNOI,Amaj,11B,95.70312,-0.3533621804431022,0.11571,-0.19329033857026767,-0.30024596181898744,95.7,0.554,neutral,True,0.288668,0.01666,0.80105,1.23517,-1.22384,-0.22329,-0.01147,major,-10.747466688300138,3.9748783111572266,6.8783698081970215,6.2931,0.3708,0.0004856507002841681,0.794843,0.0606721565127372,
323,pastel_palettes,ハレハレ☆フォーチュン,https://youtu.be/iKRoKPyOXlQ,iKRoKPyOXlQ,F#maj,2B,143.55469,-0.5813683481640883,0.04045,-1.6380590067054466,1.5110462196226315,143.6,0.205,bright,True,0.682236,0.26527,0.87807,1.77798,-0.92909,0.07106,-0.66730,minor,-11.10621442152845,3.908590316772461,6.658171653747559,6.191,0.8602,0.00010072265285998583,0.722432,0.0695373266935348,
324,pastel_palettes,ハナヒバナ,https://youtu.be/mzgnly7MnCA,mzgnly7MnCA,Gmaj,9B,95.70312,0.9693558641973805,0.32396,1.561650863854874,-0.9485836317002655,95.7,0.12,acoustic,True,0.225881,-0.07238,1.00422,1.56282,-1.73214,-0.73461,-0.36472,major,-10.462724753431633,9.553812026977539,6.458223819732666,6.1641,0.0653,0.01826748065650463,0.64779,0.0583018288016319,
325,pastel_palettes,そばかす (Cover),https://youtu.be/jSvmpgJLlR4,jSvmpgJLlR4,Gmaj,9B,172.26562,0.7301314353426677,0.12417,0.08300045909201051,0.540212803538844,172.3,0.52,bright,True,0.812404,0.47348,0.78405,1.83554,-0.71178,0.06017,0.76214,major,-9.99914101352271,3.6713485717773438,7.2118024826049805,6.298,0.5593,0.0011292643612250686,0.659746,0.0681886672973632,
326,pastel_palettes,気まぐれロマンティック (Cover),https://youtu.be/Awn0evP-X4k,Awn0evP-X4k,Amaj,11B,112.34715,0.3965214184920641,0.23163,1.983625973254668,-1.743458620872073,112.3,0.439,acoustic,True,0.146248,-0.10634,0.87618,1.24579,-1.41477,0.17677,0.35401,major,-11.478161723266897,3.754993438720703,6.546342372894287,5.8541,0.8252,0.0007498959312215447,0.830724,0.0752141177654266,
327,pastel_palettes,ドリームパレード (Cover),https://youtu.be/TOIuxE3mMcI,TOIuxE3mMcI,Dmaj,10B,112.34715,-1.009605490959891,0.04006,-1.5711521542116695,0.970291312374297,112.3,0.621,bright,True,0.895100,0.53794,0.73211,1.65975,-0.56980,0.50458,0.45941,major,-10.372096208097448,1.4424610137939453,7.372489929199219,6.519,0.883,0.00015297136269509792,0.748385,0.0719638466835022,
328,pastel_palettes,ラムのラブソング (Cover),https://youtu.be/BnlwHfHBafM,BnlwHfHBafM,Emin,9A,117.45384,3.7379065438136614,-0.03736,-0.17683129502507622,-0.9225087015550746,117.5,0.08,shimmer,True,0.792496,0.20515,1.18486,2.58759,-1.30187,0.49644,0.52945,minor,-11.905822370568723,3.1339950561523438,6.485104560852051,6.4041,0.8526,0.006791990250349045,0.701351,0.0610027909278869,
329,pastel_palettes,DANCE! おジャ魔女 (Cover),https://youtu.be/VkLZPuTArN4,VkLZPuTArN4,Amin,8A,151.99908,0.5962563196824388,-0.11357,-0.4611131399998113,0.9214244941360937,152.0,0.531,shimmer,True,0.650077,0.21713,0.71561,1.32190,-0.70166,0.21469,0.42121,minor,-10.882948791080443,3.1659393310546875,6.994850158691406,6.3177,0.8085,0.0011529569746926427,0.630423,0.0894420817494392,
330,pastel_palettes,DISCOTHEQUE (Cover),https://youtu.be/OK782ls3yH8,OK782ls3yH8,Amaj,11B,143.55469,0.6363417286566602,0.20374,-1.3283262818947912,-0.2904599710865307,143.6,0.188,neutral,True,0.844564,0.39054,0.86230,1.88803,-0.90079,0.62836,0.06879,minor,-11.39339314742604,3.622232437133789,7.221556663513184,6.7441,0.8906,0.0009390937048010528,0.694265,0.0793126076459884,
331,pastel_palettes,ゆりゆららららゆるゆり大事件 (Cover),https://youtu.be/pSH0gYedUEg,pSH0gYedUEg,D#maj,5B,117.45384,2.461616720048048,0.04461,-1.3140033515078402,1.9834254625919296,117.5,0.627,bright,True,0.942573,0.85893,0.95858,2.33496,-0.87881,0.78236,0.55813,major,-10.001545131345322,3.554684638977051,6.938394069671631,6.1996,0.7112,0.000503573683090508,0.746077,0.0509165935218334,
332,pastel_palettes,SAKURAスキップ (Cover),https://youtu.be/DxUyKQwPeWU,DxUyKQwPeWU,Fmaj,7B,112.34715,-1.178067946617111,0.301,-1.0547398996055548,0.30244479645218597,112.3,0.437,bright,True,0.836907,0.37185,0.70921,1.59520,-0.54729,0.36694,0.50879,major,-10.859221742876036,2.6461687088012695,7.306830406188965,6.5501,0.7219,0.0003073133702855557,0.699195,0.0619306936860084,
333,pastel_palettes,Stay Alive (Cover),https://youtu.be/cC9iaoSJLqw,cC9iaoSJLqw,G#maj,4B,135.99918,-0.3100467211714082,0.27274,1.6080962342426341,0.45876810647517213,143.6,0.194,acoustic,True,0.133997,-0.17818,0.89081,1.04374,-1.79291,-1.28378,0.22390,major,-11.377284843596783,7.890908241271973,6.301481246948242,5.2714,0.0502,0.0013268685434013605,0.596776,0.032307356595993,
334,pastel_palettes,秘密の扉から会いにきて (Cover),https://youtu.be/Vfk4MdZKBn4,Vfk4MdZKBn4,Fmaj,7B,123.04688,-0.7898714031898566,0.15746,-0.20758073349046446,1.8368250078773196,123.0,0.534,bright,True,0.876723,0.74716,0.73717,1.97376,-0.24843,0.87244,0.82709,major,-10.916145128785315,1.9625177383422852,6.840790271759033,5.9874,0.4027,4.622299093171023e-05,0.809314,0.0886142700910568,
335,pastel_palettes,トリドリ＊パレット,https://youtu.be/bhbqZAY_TEk,bhbqZAY_TEk,Emin,9A,117.45384,-0.4939585504963214,-0.05077,1.276822296781909,-0.7628392140558288,117.5,0.863,acoustic,True,0.192190,0.17716,0.67107,1.30705,-0.63412,-0.03455,0.48226,major,-9.789616197602594,2.3684606552124023,6.339280128479004,5.7441,0.6064,0.0005838673678226769,0.804255,0.0496998056769371,
336,pastel_palettes,ドラマチック！アライブ,https://youtu.be/ppjwpt0H2o4,ppjwpt0H2o4,Cmin,5A,123.04688,1.8969752953639303,-0.29839,0.8717523534844929,-0.3198179432839012,123.0,0.619,shimmer,True,0.875191,0.59519,0.89072,2.11898,-0.62060,1.05047,0.61620,minor,-10.851731928077392,1.957066535949707,6.446686744689941,5.9458,0.8328,0.0007037514005787671,0.71761,0.0748572498559951,
337,pastel_palettes,Radiate Warriors,https://youtu.be/dS-SUwftzmM,dS-SUwftzmM,C#min,12A,129.19922,-1.8770590136696366,-0.13908,-0.5891277176335796,1.6543636322850621,129.2,0.269,neutral,True,0.556662,0.28678,0.80386,1.64431,-0.71027,0.67953,0.61876,minor,-11.528757026896525,4.0432538986206055,6.932178020477295,6.0177,0.4103,0.0003897669957950711,0.732643,0.0725395455956459,
338,pastel_palettes,ReReReエボリューションず☆,https://youtu.be/4XSLFAmgO34,4XSLFAmgO34,Emaj,12B,123.04688,1.191855705998464,0.20548,1.4231301737863336,0.3317396332254756,123.0,0.748,acoustic,True,0.545942,0.28289,0.80560,1.65654,-0.85133,0.00120,0.21896,major,-9.508915683279747,3.8595170974731445,6.957430362701416,5.9698,0.5866,4.1724029870238155e-05,0.732361,0.045209739357233,
339,pastel_palettes,everyday flower,https://youtu.be/zEHPkLXcX1I,zEHPkLXcX1I,Amaj,11B,135.99918,1.3482159119684503,0.10616,2.3769220635442956,0.06461365394144718,136.0,0.727,acoustic,True,0.121746,0.08116,0.78091,1.44404,-0.91116,0.26461,0.11428,major,-10.420883673579972,2.9178504943847656,6.686483383178711,6.3361,0.8647,0.006406533066183329,0.745929,0.041735503822565,
340,pastel_palettes,With〜きみとわたしたちの物語〜,https://youtu.be/zjMWXcNc8Uw,zjMWXcNc8Uw,Emaj,12B,92.28516,-0.11160535160699814,0.08475,0.5357091949076787,0.02553282643570081,92.3,0.516,neutral,True,0.699081,0.64111,0.84996,1.94190,-0.70337,-0.10078,1.00942,major,-10.783039910380655,2.7277307510375977,6.378074645996094,5.8493,0.5076,0.004828700330108404,0.638538,0.0531384050846099,
341,pastel_palettes,フレっとパレットFight Song!!,https://youtu.be/ZvK22__1ECE,ZvK22__1ECE,Gmaj,9B,143.55469,2.0411301972916456,0.13854,2.143199038661049,0.6086516032419608,143.6,0.819,acoustic,True,0.709801,0.66697,0.80838,2.07645,-0.35821,0.89107,1.25153,major,-10.709588268082552,2.0131826400756836,6.908456802368164,6.2065,0.9316,0.0003461344458628446,0.735925,0.0521807223558425,
342,pastel_palettes,デイオフ・ラフ・ラブ・サンクス,https://youtu.be/M4asKbF6F18,M4asKbF6F18,Gmin,6A,143.55469,0.7442908552584329,-0.02159,0.48840551380370767,1.0940367435718144,136.0,0.533,neutral,True,0.640888,0.52585,0.98409,2.06834,-0.91404,-0.17656,0.02003,major,-10.443523931246288,3.2473840713500977,6.504293918609619,5.7832,0.2614,0.006551365368068218,0.577145,0.0749186873435974,
343,pastel_palettes,ホワイト ノスタルジア,https://youtu.be/oN98BBBIOnw,oN98BBBIOnw,Emaj,12B,135.99918,-0.8604776550694369,0.18885,2.7265464473978787,-1.8965620242669605,136.0,0.303,acoustic,True,0.126340,-0.09575,0.79578,1.02002,-1.31181,-0.52618,-0.53890,major,-10.868033411007769,6.065604209899902,6.5834879875183105,5.3306,0.1216,0.004241079557687044,0.641799,0.0466625206172466,
344,pastel_palettes,Y.O.L.O！！！！！(パスパレver.),https://youtu.be/yKkCyuTOi8Q,yKkCyuTOi8Q,Gmin,6A,103.35938,0.019371420871570566,-0.06159,0.7995706987336126,0.23400599674906916,103.4,0.689,neutral,True,0.639357,0.60583,0.72187,1.71440,-0.45928,1.04965,1.02536,minor,-10.54875324714793,3.080554962158203,6.560915946960449,5.899,0.4818,0.0036580662708729506,0.583902,0.0716822445392608,
345,pastel_palettes,奏（かなで） (Cover),https://youtu.be/7ivdiNcTRmA,7ivdiNcTRmA,Emaj,12B,151.99908,1.126991369314274,0.15941,2.319957507825422,-0.9453005896480867,152.0,0.017,acoustic,True,0.627106,-0.18132,1.30589,2.26259,-2.39551,-1.61673,-0.66762,major,-13.996143371385573,4.335575103759766,5.952540397644043,5.8489,0.69,0.3955630660057068,0.761186,0.0509266890585422,
346,pastel_palettes,Sparkling Daydream (Cover),https://youtu.be/cWaspJSp51g,cWaspJSp51g,Bmaj,1B,117.45384,-0.7727321544814278,0.21023,-1.048753830570413,0.14277530895294024,117.5,0.492,bright,True,0.689893,0.43754,0.79934,1.61603,-0.90441,0.49774,0.62845,major,-10.593295406152818,2.5655517578125,6.833036422729492,6.4232,0.4316,2.467683589202352e-05,0.720953,0.0576482936739921,
347,pastel_palettes,春を告げる (Cover),https://youtu.be/Kz_bl2WNEag,Kz_bl2WNEag,F#maj,2B,117.45384,2.467571474062792,0.12965,-1.5186201535458206,-0.08848974945344025,117.5,0.023,shimmer,True,0.616386,-0.09544,1.14250,1.76007,-2.12154,0.35788,-1.22409,major,-13.364603244294202,5.039289474487305,5.997034072875977,5.7318,0.9985,0.0005956693203188479,0.817938,0.0867844820022583,
348,pastel_palettes,だから、ひとりじゃない (Cover),https://youtu.be/RxB9vL3xGts,RxB9vL3xGts,D#maj,5B,89.10291,0.8325928301846659,0.05183,0.7443154608803724,0.1981450758714212,89.1,0.472,shimmer,True,0.375957,0.27383,0.87627,1.79914,-1.00011,0.25517,0.73513,major,-10.835845727932657,4.858179092407227,6.438106536865234,6.2081,0.3815,0.033750999718904495,0.64642,0.0759280622005462,
349,pastel_palettes,サインはB (Cover),https://youtu.be/pe-Hf4LBNu4,pe-Hf4LBNu4,F#maj,2B,117.45384,0.49885961194356854,0.03534,-1.4383176772348683,1.3709487135882994,117.5,0.545,bright,True,0.835375,0.62369,0.74474,1.94699,-0.37273,0.67338,0.93864,major,-10.335700670402375,3.547064781188965,7.035613059997559,5.8414,0.497,0.00015135320427361876,0.604241,0.082501471042633,
350,pastel_palettes,愛包ダンスホール (Cover),https://youtu.be/qvnhTZ8Tt6Y,qvnhTZ8Tt6Y,C#min,12A,112.34715,-0.4643247901780848,-0.07235,-5.789479451027959,0.8594886431132547,143.6,0.416,bright,True,0.982389,1.06939,0.90877,2.62976,-0.21588,1.02469,1.29204,minor,-10.521198778382043,2.555211067199707,7.755948543548584,6.1462,0.9818,8.740389603190124e-06,0.648699,0.072586566209793,
351,pastel_palettes,最上級にかわいいの！ (Cover),https://youtu.be/e8vNIMfYZ5Q,e8vNIMfYZ5Q,Fmaj,7B,112.34715,0.1852490095938658,0.12787,0.8507936430028046,-0.17972043724956882,112.3,0.868,neutral,True,0.137060,0.06211,0.85351,1.40005,-1.10527,-0.03437,0.23388,major,-9.628835088072963,2.6515865325927734,6.88176965713501,5.8666,0.5532,0.016042441129684448,0.716531,0.068807728588581,
352,pastel_palettes,♡桃色片想い♡ (Cover),https://youtu.be/wYKNiQ89D2c,wYKNiQ89D2c,Emaj,12B,151.99908,-0.045653568954859544,0.11116,-2.480230620762627,-1.271079377902775,152.0,0.684,bright,True,0.830781,0.53479,0.84759,1.90013,-0.53103,0.73505,0.75219,major,-9.888912781946868,2.1414127349853516,7.3285908699035645,6.6367,0.9119,0.0003522728511597961,0.709872,0.0758760273456573,
353,pastel_palettes,金曜日のおはよう (Cover),https://youtu.be/Yuy49UdKUDk,Yuy49UdKUDk,D#maj,5B,151.99908,1.2990727702290448,0.24922,-2.5112337426484523,0.7226741791311019,152.0,0.332,neutral,True,0.901225,0.58714,0.84054,2.09552,-0.44201,1.18685,0.56679,major,-10.694958779787042,3.56313419342041,7.089199542999268,6.2433,0.7386,0.0009376191883347929,0.675979,0.0592725202441215,
354,pastel_palettes,魔法少女とチョコレゐト (Cover),https://youtu.be/1TkdhB2WsRs,1TkdhB2WsRs,Emaj,12B,151.99908,5.730908950716245,0.07415,1.5526891353124856,1.2667121284316152,152.0,0.64,shimmer,True,0.673047,0.58082,1.16883,3.00075,-0.79518,0.75266,0.71648,major,-11.109642599228193,2.9969282150268555,6.251274108886719,5.4564,0.655,6.229684368008748e-05,0.826201,0.0945465564727783,
355,pastel_palettes,可愛くてごめん (Cover),https://youtu.be/rUHSBpc0bII,rUHSBpc0bII,Dmaj,10B,107.66602,0.7304802071055299,0.25399,0.29652722394878145,-0.07220081004070565,161.5,0.285,neutral,True,0.611792,0.21874,1.04422,2.05771,-1.21002,0.10031,0.84080,major,-11.620013437780802,3.355365753173828,6.380691051483154,6.1871,0.5289,0.0068715219385921955,0.823335,0.0791102647781372,
356,pastel_palettes,からくりピエロ (Cover),https://youtu.be/l-fkEvCQmPY,l-fkEvCQmPY,Cmin,5A,103.35938,0.6589412479677883,-0.05581,0.40389168784055945,-0.8964337714098837,103.4,0.027,shimmer,True,0.902757,0.41902,1.11699,2.32759,-1.27927,-0.09032,-0.35945,minor,-12.62496276102023,7.971861839294434,6.791799545288086,6.6593,0.5578,0.0021426714956760406,0.772536,0.0706536993384361,
357,pastel_palettes,みくみくにしてあげる♪【してやんよ】 (Cover),https://youtu.be/LwR74MCem6w,LwR74MCem6w,Fmaj,7B,107.66602,-1.4475316667611557,0.16631,-1.6588974993582988,-2.2353467098822044,107.7,0.153,bright,True,0.936447,0.68064,0.95818,2.35063,-0.65944,0.72495,0.63714,major,-11.512449191662279,2.1122684478759766,6.969033718109131,6.1233,0.6125,1.7172460502479225e-05,0.771628,0.0686642825603485,
358,pastel_palettes,ルカルカ★ナイトフィーバー (Cover),https://youtu.be/9xwqyx5ctOo,9xwqyx5ctOo,Fmin,4A,161.49902,-1.5428676133603711,-0.20446,-2.2947741887568562,1.8791888774352452,161.5,0.253,bright,True,0.956355,0.68939,0.80987,1.80831,-0.48890,0.98632,0.30716,minor,-11.352533121119773,2.73543643951416,7.101887226104736,6.2289,0.6991,9.749974560691044e-05,0.713429,0.0721145793795585,
359,pastel_palettes,アイドル (Cover),https://youtu.be/cJBTmzjJzU8,cJBTmzjJzU8,Amin,8A,161.49902,3.806133449178881,-0.15887,0.4509574963111107,1.5110462196226315,161.5,0.807,shimmer,True,0.745023,0.79106,1.05736,2.80260,-0.70900,1.01726,0.51296,minor,-10.429715278122886,2.9742679595947266,6.766260623931885,5.7789,0.8632,1.386685744364513e-05,0.779716,0.0900215953588485,
360,pastel_palettes,secret base ～君がくれたもの～ (Cover),https://youtu.be/itCnoApRdqU,itCnoApRdqU,F#maj,2B,143.55469,1.3340440801201354,0.23637,3.758284019507,-0.9778784684735552,143.6,0.026,acoustic,True,0.207504,-0.57260,1.08257,0.94207,-2.42872,-1.49600,-1.00378,major,-13.591486548338976,6.522562026977539,5.703926086425781,5.587,0.5213,0.6723062992095947,0.691409,0.0550958700478076,
361,pastel_palettes,ふわふわ時間 (Cover),https://youtu.be/dLeFvw9vy3o,dLeFvw9vy3o,Emaj,12B,89.10291,-2.454829071907753,0.26991,-3.3333601612826262,0.23072295469689003,89.1,0.115,bright,True,0.939510,0.46250,0.94745,2.21567,-0.86978,0.35264,0.28674,major,-11.94250569892853,4.675148010253906,6.745608329772949,6.4248,0.228,7.174775964813307e-05,0.688854,0.0532663315534591,
362,pastel_palettes,Fantastic future (Cover),https://youtu.be/6Io8ctmS0YY,6Io8ctmS0YY,A#min,3A,112.34715,-0.4298018759140835,-0.07895,-0.6092230092371104,0.19492516924332282,112.3,0.044,bright,True,0.983920,0.66334,0.94984,2.39797,-0.62208,0.96137,0.98283,minor,-12.63305894345732,3.1857824325561523,6.968427658081055,6.6436,0.6717,0.0005973458755761385,0.760259,0.0727546066045761,
363,pastel_palettes,Baby Sweet Berry Love (Cover),https://youtu.be/OOd6NXBYo3k,OOd6NXBYo3k,G#min,1A,112.34715,1.0905022098646258,-0.00924,-0.1880140020759255,1.2569261376991585,112.3,0.235,shimmer,True,0.890505,0.37681,0.82478,1.70231,-0.81247,0.42057,1.15314,major,-11.299856663391981,3.542451858520508,6.76252555847168,6.216,0.4179,0.00013186558499000967,0.688884,0.0549553111195564,
364,pastel_palettes,Q＆A　リサイタル！ (Cover),https://youtu.be/UdKKTRtfxjg,UdKKTRtfxjg,Dmaj,10B,123.04688,-0.3675490892590197,0.31321,-4.648020503647989,1.1266146223972833,123.0,0.129,bright,True,0.954824,0.66528,0.90131,2.29468,-0.74595,1.02237,1.07700,major,-11.724097750396785,2.837656021118164,6.756973743438721,6.464,0.9422,4.480457573663443e-05,0.781148,0.058241456747055,
365,pastel_palettes,ヒトリゴト (Cover),https://youtu.be/v5LyeEX1YV0,v5LyeEX1YV0,Gmin,6A,161.49902,2.4581520881502508,-0.09179,0.3658230382496984,0.09068858408663845,161.5,0.322,shimmer,True,0.692956,0.39572,0.82244,1.79852,-0.81874,0.53398,0.46327,major,-11.686307417518508,1.6757488250732422,6.126504898071289,6.124,0.9848,0.0017140922136604786,0.734122,0.0703439563512802,
366,pastel_palettes,惑星ループ (Cover),https://youtu.be/myK79DvRm3o,myK79DvRm3o,Fmin,4A,172.26562,1.4243033973573693,-0.15844,0.12365641426214685,-0.17321748856929128,172.3,0.305,shimmer,True,0.680704,0.28063,0.87337,1.78125,-0.88065,0.38761,0.43521,minor,-11.12041832492695,3.848430633544922,6.370100021362305,5.8549,0.7143,1.6811716704978608e-05,0.773652,0.0918079167604446,
367,pastel_palettes,世界は恋に落ちている (Cover),https://youtu.be/5EWO1vDl0tc,5EWO1vDl0tc,Gmaj,9B,129.19922,-0.5878232665531411,0.29466,-2.5893083261775955,1.081030846211259,129.2,0.055,bright,True,0.986983,0.75188,0.92381,2.43026,-0.67586,0.76324,1.22742,major,-11.926698642694081,4.93278694152832,6.5715227127075195,6.5683,0.4605,0.03296402096748352,0.644767,0.0669745132327079,
368,pastel_palettes,ハッピーシンセサイザ (Cover),https://youtu.be/AD3WCMhAGVs,AD3WCMhAGVs,Fmaj,7B,129.19922,0.5814928244924529,0.24078,-4.1943992241135035,2.165886838184187,129.2,0.068,neutral,True,0.999234,0.99160,0.95814,2.66656,-0.32784,1.23494,1.39053,major,-12.429122239033019,2.0813655853271484,7.260629653930664,6.5051,0.769,3.0023817089386284e-05,0.749023,0.1087922900915145,
369,pastel_palettes,春擬き (Cover),https://youtu.be/LuBJ_pjwIXk,LuBJ_pjwIXk,Dmaj,10B,117.45384,0.2729786683836609,0.06308,0.4019728576880841,-0.09499269813371779,117.5,0.563,neutral,True,0.242726,0.13986,0.72278,1.41699,-0.72090,0.25022,0.19600,major,-10.723193876479746,3.3216495513916016,6.3188862800598145,6.0094,0.6246,0.000675579474773258,0.727462,0.0584459230303764,
370,pastel_palettes,Make it! (Cover),https://youtu.be/l0RnmsJuvfo,l0RnmsJuvfo,Emin,9A,172.26562,0.3323074069205633,-0.15349,-0.9118251341467241,0.4392592604343388,112.3,0.786,bright,True,0.734303,0.64656,0.84500,2.05088,-0.58758,1.06586,0.82456,major,-9.782740451316949,2.7805137634277344,7.086287975311279,6.0482,0.9179,5.8172561693936586e-05,0.699795,0.0727359056472778,
371,pastel_palettes,花ハ踊レヤいろはにほ (Cover),https://youtu.be/ZoMwONgrN_E,ZoMwONgrN_E,Cmin,5A,161.49902,-0.47752762927703163,-0.10959,-1.7337907951903189,0.14927825763321814,161.5,0.455,bright,True,0.637825,0.39292,0.85705,1.86136,-0.93640,-0.14800,0.55370,minor,-10.73919917871696,4.001280784606934,7.000127792358398,6.4352,0.7705,5.732053978135809e-05,0.699211,0.0799397602677345,
372,pastel_palettes,夜に駆ける (Cover),https://youtu.be/qr_jUCTw_T0,qr_jUCTw_T0,Gmin,6A,129.19922,4.707897947680801,-0.08926,0.707948145271699,0.8269107642877859,129.2,0.568,shimmer,True,0.460184,0.03196,0.86581,1.44145,-1.07857,-0.44781,0.03367,minor,-11.249245780986142,2.0609092712402344,6.634649753570557,6.5974,0.9134,0.002795248292386532,0.695212,0.0965396165847778,
373,pastel_palettes,徒花ネクロマンシー (Cover),https://youtu.be/_G5oGC6aJYs,_G5oGC6aJYs,Cmaj,8B,112.34715,-1.3841564035504477,0.37679,-1.3366606185204484,-1.297154308047966,112.3,0.423,bright,True,0.872129,0.66048,0.74311,1.80352,-0.54925,0.39378,1.01987,major,-10.811505004157397,2.6606674194335938,6.687351703643799,6.4405,0.4681,2.0955335457983892e-06,0.745936,0.0489311330020427,
374,pastel_palettes,ノスタルジックレインフォール (Cover),https://youtu.be/i-jiHiL7G8s,i-jiHiL7G8s,Gmaj,9B,112.34715,-0.06053566265757793,0.36302,0.883328659193588,1.188550473420122,112.3,0.127,acoustic,True,0.391271,-0.06475,0.83741,1.28440,-1.29882,-0.27072,0.43680,major,-11.577465959505039,5.193988800048828,6.740854263305664,5.9417,0.1626,0.0021245810203254223,0.608258,0.0724805071949958,
375,poppin_party,Yes! BanG_Dream!,https://youtu.be/tBSpLDIqbHc,tBSpLDIqbHc,G#min,1A,123.04688,-1.0728590764342738,-0.24015,-1.2640799455146237,-0.6651055775794223,123.0,0.079,neutral,True,0.899694,0.25500,0.90983,1.79311,-0.96883,0.57070,0.61981,major,-11.794556539352106,4.904937744140625,7.362218379974365,5.9524,0.4453,1.7006606867653318e-05,0.641618,0.095089703798294,
376,poppin_party,STAR BEAT!～ホシノコドウ～,https://youtu.be/RtKwXh18gkc,RtKwXh18gkc,Gmaj,9B,99.38401,-0.8116957376342468,0.33944,-1.3497716929935057,1.3090759979895408,129.2,0.605,bright,True,0.507657,0.17530,0.91811,1.69937,-1.05197,-0.16734,-0.18378,major,-10.280407828087085,3.030827522277832,6.764976501464844,6.0852,0.234,0.00012930291995871812,0.611997,0.039469800889492,
377,poppin_party,走り始めたばかりのキミに,https://youtu.be/pBKo-SAbtcM,pBKo-SAbtcM,Amin,8A,123.04688,-1.3486913660810607,-0.11666,1.130915399861208,-1.4502577114428532,123.0,0.168,acoustic,True,0.594946,0.14190,1.02103,1.72522,-1.33004,0.01364,-0.32311,major,-11.224655602900478,6.155427932739258,6.9918622970581055,6.1064,0.1383,5.4216452554101124e-05,0.673051,0.0565263628959655,
378,poppin_party,ティアドロップス,https://youtu.be/lOE3DB6Ur4A,lOE3DB6Ur4A,Bmin,10A,129.19922,-1.0806010323959747,-0.12765,-0.2529750438530046,1.5306182010875449,129.2,0.316,neutral,True,0.807810,0.32724,0.91509,1.92401,-0.92814,-0.04851,0.53165,minor,-10.57394100238662,4.523317337036133,7.039580821990967,5.7664,0.0973,2.7847897854371695e-06,0.651682,0.0720270723104476,
379,poppin_party,ときめきエクスペリエンス！,https://youtu.be/OqN-TbVubpA,OqN-TbVubpA,Emin,9A,89.10291,-1.4091249065125449,-0.01592,-0.8401050834187405,-0.3230378499119995,117.5,0.373,bright,True,0.725115,0.23064,0.89604,1.88230,-0.92371,0.31195,0.44563,major,-11.164670862660449,2.5806217193603516,7.024292945861816,6.3527,0.6185,7.668530088267289e-06,0.68787,0.0484468191862106,
380,poppin_party,キラキラだとか夢だとか ～Sing Girls～,https://youtu.be/4YrfrDTabQk,4YrfrDTabQk,Dmaj,10B,123.04688,-1.471164339594569,0.02808,-0.9858780871562982,-0.06569786136042811,117.5,0.428,bright,True,0.470904,0.03681,0.83889,1.46341,-1.12067,0.04053,-0.07972,major,-11.208892079142517,2.324917793273926,6.847537517547607,6.2174,0.8055,0.00019389449153095484,0.692099,0.0487788170576095,
381,poppin_party,私の心はチョココロネ,https://youtu.be/ZnaBCQTeHYI,ZnaBCQTeHYI,Bmin,10A,135.99918,0.5798827118342285,-0.13891,2.051896639746983,-1.0071733052468455,136.0,0.149,acoustic,True,0.264165,-0.21068,0.97534,1.51108,-1.57424,-0.95114,0.25276,major,-12.223956258428123,4.170480728149414,6.8272600173950195,6.1194,0.6535,0.0006497496506199241,0.631537,0.0580925792455673,
382,poppin_party,前へススメ！,https://youtu.be/3ugLz4FMdeI,3ugLz4FMdeI,Gmin,6A,89.10291,2.121190488857291,-0.18786,0.9171206546226764,-0.456632407266054,123.0,0.399,neutral,True,0.774119,0.33397,0.94523,1.88360,-1.19016,-0.05499,0.30045,minor,-10.693700852756505,4.643902778625488,7.0105485916137695,6.1536,0.5897,0.00035026727709919214,0.628559,0.0627238377928733,
383,poppin_party,夢みるSunflower,https://youtu.be/yQ0ebf3C1zM,yQ0ebf3C1zM,Bmaj,1B,161.49902,0.9348953175648615,0.13717,0.20419629731688171,0.30244479645218597,107.7,0.214,shimmer,True,0.708270,0.17861,1.03215,1.72339,-1.37200,-0.46966,0.12564,major,-11.073630678632933,5.500904083251953,6.740738391876221,6.2172,0.4195,5.8054116379935294e-05,0.713479,0.0654355734586715,
384,poppin_party,ティアドロップス ～Popipa Acoustic Ver.～,https://youtu.be/Eq0Mo7Ca02I,Eq0Mo7Ca02I,Bmin,10A,123.04688,3.9834599126510613,-0.13365,4.074923981711119,0.3252366845451981,123.0,0.041,shimmer,True,0.259571,-0.36894,1.24073,1.92298,-2.10854,-0.19182,-0.19429,minor,-13.655429376511526,5.830617904663086,4.840730667114258,5.5397,0.5699,0.44057661294937134,0.753965,0.0556306838989257,
385,poppin_party,走り始めたばかりのキミに ～Popipa Acoustic Ver.～,https://youtu.be/PZlcgbhP8PY,PZlcgbhP8PY,Bmin,10A,107.66602,2.1390057458127347,-0.1224,3.245038037021934,-0.6813945169921569,107.7,0.008,neutral,True,0.406585,-0.30125,1.29498,2.41027,-2.03601,0.01419,-0.56078,minor,-14.67761940531298,9.038814544677734,4.977643966674805,5.6949,0.7979,0.842792272567749,0.664665,0.0567644163966178,
386,poppin_party,Time Lapse,https://youtu.be/ap3LhZJvbiw,ap3LhZJvbiw,Emin,9A,95.70312,-1.525790554930658,-0.06756,-2.844389798412226,0.4392592604343388,95.7,0.146,bright,True,0.967075,0.61794,1.01745,2.59191,-0.81842,0.90303,1.33688,minor,-11.162329396457087,5.83671760559082,6.615450859069824,5.6333,0.0638,3.505487597976753e-07,0.616281,0.0468242764472961,
387,poppin_party,八月のif,https://youtu.be/y_wsqM33BaY,y_wsqM33BaY,Amaj,11B,117.45384,-0.8134436344387982,0.35585,2.1657667393414877,-1.8184003692554678,117.5,0.196,acoustic,True,0.314701,-0.00419,0.99756,1.72201,-1.36630,0.09675,-0.71801,major,-11.42181226946333,4.816755294799805,6.440556526184082,6.2051,0.1413,0.0032496226485818624,0.654952,0.0461416915059089,
388,poppin_party,クリスマスのうた,https://youtu.be/EMwYk4qPK1k,EMwYk4qPK1k,Amaj,11B,135.99918,-0.6419772114784854,0.2744,-0.9538223122983731,-0.3133149946036233,136.0,0.197,bright,True,0.706738,0.16747,0.90484,1.74647,-1.07501,0.08083,0.47524,major,-11.048713831284937,6.010556221008301,6.900106906890869,6.348,0.2097,2.5637098588049412e-05,0.680408,0.0523146465420722,
389,poppin_party,B.O.F,https://youtu.be/dW25FkbQC58,dW25FkbQC58,C#min,12A,172.26562,-0.305783656042082,-0.02392,0.8497935139296453,-1.1994206715715596,117.5,0.487,acoustic,True,0.610260,0.27673,0.80521,1.60857,-0.66662,0.52324,1.03215,major,-10.865430694470085,2.3379898071289062,7.084251880645752,6.1646,0.4119,0.0006698971264995635,0.655047,0.0784416794776916,
390,poppin_party,CiRCLING,https://youtu.be/Zj4qzqS--UY,Zj4qzqS--UY,F#maj,2B,107.66602,-1.0024783636923027,0.24598,-1.2811325435861223,0.6933793423578118,107.7,0.364,bright,True,0.735835,0.19573,0.83603,1.58419,-0.97082,-0.59400,0.47278,major,-10.982551336404015,2.3969039916992188,6.859184265136719,6.4066,0.5714,2.1176456357352436e-05,0.677048,0.0519550517201423,
391,poppin_party,二重の虹(ダブル レインボウ),https://youtu.be/sNaJuqFB-_g,sNaJuqFB-_g,Fmaj,7B,95.70312,-0.8027915496277741,0.00242,2.0511799725212936,-1.7238866394071597,95.7,0.252,acoustic,True,0.481623,0.09979,0.90366,1.54303,-1.39163,0.09570,0.28832,major,-11.575568257775535,3.372699737548828,6.477928638458252,5.5318,0.0745,3.6764518881682307e-05,0.67091,0.047106958925724,
392,poppin_party,最高(さあ行こう)！,https://youtu.be/w5jX2B8W6l8,w5jX2B8W6l8,Emaj,12B,123.04688,-0.7854474212631036,0.09693,-1.506490230614194,-0.6065159040328427,123.0,0.378,bright,True,0.937979,0.66475,0.83730,2.18949,-0.50301,0.75167,1.35088,major,-10.766350464860876,2.567575454711914,6.8412017822265625,6.5143,0.2918,7.764072506688535e-06,0.689026,0.0624925345182418,
393,poppin_party,ガールズコード,https://youtu.be/94djfHnNylA,94djfHnNylA,Emaj,12B,123.04688,-0.0704900051251326,0.07917,0.5379621268364735,-0.3133149946036233,123.0,0.795,acoustic,True,0.222818,0.01272,0.85709,1.36444,-1.18135,0.32015,0.02738,major,-9.972041449937338,2.7460594177246094,7.000863075256348,5.8601,0.2371,9.633529407437891e-05,0.679675,0.0529082901775836,
394,poppin_party,Yes! BanG_Dream! ～Popipa Acoustic Ver.～,https://youtu.be/ZHrWJfxYKOQ,ZHrWJfxYKOQ,Bmaj,1B,172.26562,4.077636961755081,0.17192,2.313718240408528,0.8692746338457116,112.3,0.056,shimmer,True,0.636294,-0.18201,1.34163,2.55724,-1.87730,0.13770,-0.26676,major,-13.658404901712673,3.017958641052246,5.6650004386901855,5.8766,0.9514,0.5122064352035522,0.737219,0.0717803165316581,
395,poppin_party,夏空 SUN! SUN! SEVEN! ～Popipa Acoustic Ver.～,https://youtu.be/aWzYylwrlNU,aWzYylwrlNU,A#maj,6B,161.49902,2.1124040607633674,0.22383,2.3700198960146786,-0.3751877102023821,161.5,0.02,shimmer,True,0.833844,-0.06591,1.28267,2.48846,-1.52065,0.34108,0.85373,minor,-14.253868576131797,4.134672164916992,5.828753471374512,6.0066,0.8237,0.3535110354423523,0.676643,0.0645460188388824,
396,poppin_party,STAR BEAT!～ホシノコドウ～ ～Popipa Acoustic Ver.～,https://youtu.be/kj5orLd_XnA,kj5orLd_XnA,Bmin,10A,172.26562,1.5745246995719213,-0.03962,3.504514555986721,0.6216575006025162,89.1,0.006,acoustic,True,0.535222,-0.30948,1.10514,1.98664,-1.62240,-0.43476,0.31453,major,-15.825907077570866,5.61444091796875,5.125247478485107,5.6155,0.7295,0.9032427668571472,0.596548,0.0399814285337924,
397,poppin_party,Breakthrough!,https://youtu.be/jL9BEY5Lt7Q,jL9BEY5Lt7Q,Cmaj,8B,123.04688,0.02633955638232166,0.09731,0.27521294773099086,0.09390849071473718,123.0,0.507,neutral,True,0.631700,0.20332,0.87109,1.59719,-0.90331,-0.80516,0.94286,major,-10.539161579846827,2.15701961517334,6.979257583618164,6.2093,0.3055,2.5718019969644956e-05,0.668318,0.0448362156748771,
398,poppin_party,NO GIRL NO CRY/Poppin'Party Ver.,https://youtu.be/D1ONxAWcbGE,D1ONxAWcbGE,Dmaj,10B,129.19922,-1.0041456632315722,0.15452,-1.1335250312979852,-0.5967299133003859,129.2,0.734,bright,True,0.540582,0.25881,0.84781,1.59081,-0.85615,0.07025,-0.29742,major,-10.101441707366986,2.4065093994140625,6.984805107116699,6.1952,0.4392,4.624010034603998e-05,0.726507,0.0449934527277946,
399,poppin_party,イニシャル,https://youtu.be/Yb9FzUPpk0Y,Yb9FzUPpk0Y,Dmaj,10B,129.19922,-1.8284489208696324,0.01771,-0.6757120599596864,-0.6976834564048912,129.2,0.387,neutral,True,0.624043,0.15042,0.92586,1.89277,-1.06435,0.47377,0.53544,major,-10.861471201526353,4.566249847412109,6.770895481109619,5.8251,0.0395,2.2904976503923535e-05,0.700701,0.0429880544543266,
400,poppin_party,Hello! Wink!,https://youtu.be/BduVH7BZj2k,BduVH7BZj2k,Dmin,7A,151.99908,-1.8932072824456851,-0.18534,-2.0668804576853725,0.12326646291210727,152.0,0.294,neutral,True,0.884380,0.44876,0.84482,1.75471,-0.78739,0.73957,0.68636,minor,-11.484928737176098,2.2912425994873047,6.919102668762207,5.8784,0.4468,3.2690018088032957e-06,0.745641,0.085989810526371,
401,poppin_party,Step×Step!,https://youtu.be/yJSDaYtRGto,yJSDaYtRGto,G#maj,4B,143.55469,0.2410096802929863,0.14679,2.2173070798563077,-1.1505538533333566,143.6,0.181,acoustic,True,0.421899,-0.01473,1.05793,1.75200,-1.93352,-1.10187,-0.52573,major,-11.128976368277224,3.883607864379883,6.74322509765625,5.8572,0.0456,6.45030231680721e-05,0.68999,0.0518227517604827,
402,poppin_party,Jumpin',https://youtu.be/SIF5yp2lNqA,SIF5yp2lNqA,G#maj,4B,99.38401,-0.14921478924695591,0.09461,0.19410239219018532,0.5337098548585665,99.4,0.524,neutral,True,0.322358,-0.01223,0.89326,1.44207,-1.12978,-0.45805,0.18948,major,-10.851862681818831,3.7513866424560547,6.720708847045898,5.9952,0.1824,2.3178194169304334e-05,0.733251,0.0373038798570632,
403,poppin_party,White Afternoon,https://youtu.be/Q7Y-vskuNVQ,Q7Y-vskuNVQ,Cmaj,8B,143.55469,-0.42386032607945523,0.1533,1.785560434431559,-1.5870721754250068,143.6,0.247,acoustic,True,0.189127,-0.16034,1.01896,1.56725,-1.62578,-0.95829,-0.27386,major,-11.540264281961413,4.639191627502441,6.272705078125,5.6094,0.3647,0.0008523830911144614,0.634685,0.0357584655284881,
404,poppin_party,キラキラスター！,https://youtu.be/idH2KGN0C4A,idH2KGN0C4A,F#maj,2B,151.99908,-0.12040502550484994,0.04682,1.0563388786678012,0.2861558570394514,152.0,0.501,acoustic,True,0.386677,0.01750,0.91661,1.53392,-1.23153,-0.25624,0.11401,major,-10.964148388369578,2.5503311157226562,6.886124610900879,5.9878,0.1778,0.00011952994827879593,0.689428,0.0581029504537582,
405,poppin_party,Returns,https://youtu.be/zWKV5yudE18,zWKV5yudE18,Gmaj,9B,123.04688,-1.022671252674874,0.0158,1.186627152724446,1.13640061312974,92.3,0.237,acoustic,True,0.129403,-0.36491,0.94533,1.08497,-1.82056,-0.97690,-0.81484,major,-11.057475349105422,6.375061988830566,6.339820384979248,5.5638,0.3419,0.0006426036125048995,0.588832,0.0378953404724597,
406,poppin_party,Dreamers Go!,https://youtu.be/VigNV3bsE_k,VigNV3bsE_k,Emaj,12B,123.04688,-0.2268376923137348,0.01624,0.4348812517913574,-1.1211958811359861,123.0,0.408,neutral,True,0.394334,-0.01578,0.90626,1.54304,-1.28672,0.21137,-0.10020,major,-11.213413311465168,3.164952278137207,6.613911151885986,6.0314,0.2599,5.356634937925264e-05,0.726789,0.0449822172522544,
407,poppin_party,キズナミュージック♪,https://youtu.be/rvKC_BDWo0o,rvKC_BDWo0o,F#min,11A,95.70312,-1.0090348626899384,-0.05332,1.1129832019801378,-0.41104863108002976,95.7,0.561,acoustic,True,0.212098,-0.20974,0.83794,1.05535,-1.45503,-0.48151,-0.81624,major,-10.952516579705186,2.6380538940429688,6.9567718505859375,5.9332,0.2948,0.00015222004731185734,0.710869,0.0521062985062599,
408,poppin_party,ミライトレイン,https://youtu.be/amlyxSdWmTg,amlyxSdWmTg,Dmaj,10B,117.45384,-1.3360969903960478,0.30299,2.314802962957745,-1.6880888539535923,117.5,0.379,acoustic,True,0.236600,-0.12278,0.90733,1.44558,-1.20483,-0.25223,0.31273,major,-11.12118572367121,4.398735046386719,6.532792091369629,5.6616,0.0517,0.00041409104596823454,0.678176,0.0293259415775537,
409,poppin_party,夢を撃ち抜く瞬間に！,https://youtu.be/Y8-nQ9ehgZE,Y8-nQ9ehgZE,Cmaj,8B,103.35938,-0.4560865734367225,0.19323,1.4001204490726935,-1.5935751241052842,103.4,0.713,acoustic,True,0.244257,0.00371,0.80419,1.34215,-1.06782,-0.34378,0.10101,major,-10.265010966276945,3.587575912475586,6.863542079925537,5.9826,0.2128,6.506340287160128e-05,0.665716,0.0340608470141887,
410,poppin_party,ぽっぴん'しゃっふる,https://youtu.be/FNpk2rkmT_U,FNpk2rkmT_U,Emaj,12B,107.66602,-0.024127749289093364,0.1489,-0.9266043268185595,0.7128881883986452,112.3,0.643,neutral,True,0.703675,0.17299,0.84727,1.52959,-0.88554,0.60414,0.46071,major,-10.152297955177062,3.8565101623535156,7.269488334655762,6.472,0.7173,7.773467223159969e-05,0.662882,0.0823417082428932,
411,poppin_party,夏空 SUN! SUN! SEVEN!,https://youtu.be/AwmICsVBWLU,AwmICsVBWLU,A#maj,6B,89.10291,-0.34403804659099974,0.31939,-0.050845374182298966,1.1266146223972833,89.1,0.825,neutral,True,0.584227,0.28390,0.89676,1.94587,-0.88410,0.47865,0.72904,major,-9.845195552098602,1.9812688827514648,7.323755264282227,6.4663,0.8875,2.764731107163243e-05,0.666646,0.0673926919698715,
412,poppin_party,1000回潤んだ空,https://youtu.be/b-ZAiNOYtE0,b-ZAiNOYtE0,Cmaj,8B,123.04688,-0.2002485516007398,0.1525,1.0125544711342367,0.8659915917935324,123.0,0.088,acoustic,True,0.216692,-0.26327,1.02941,1.52415,-1.66777,-0.69423,0.06611,major,-11.437715538196882,9.402013778686523,6.290165424346924,5.3145,0.1003,0.0008851534803397954,0.698344,0.0410975515842437,
413,poppin_party,HAPPY HAPPY PARTY!,https://youtu.be/c0brvCZdxeg,c0brvCZdxeg,Emaj,12B,135.99918,-0.16304656032720252,0.10546,-0.009934705542220201,-1.5642802873319948,136.0,0.551,shimmer,True,0.490812,0.04375,0.90506,1.56145,-1.32736,-0.16124,-0.13115,major,-10.559303239986551,2.9576950073242188,7.402120590209961,6.3157,0.5122,3.072037361562252e-05,0.770128,0.0804428681731224,
414,poppin_party,夏のドーン！,https://youtu.be/xtgdECulbbw,xtgdECulbbw,Emin,9A,107.66602,-0.984117462737552,-0.04565,-2.7664062771543945,0.40668138160886996,107.7,0.212,bright,True,0.979326,0.71637,0.95871,2.35994,-0.59628,0.54419,1.21440,minor,-10.989617841866592,2.679769515991211,7.208523273468018,6.5532,0.6429,0.00031234711059369147,0.656167,0.0631814524531364,
415,poppin_party,キミにもらったもの,https://youtu.be/gu85qKfXfj8,gu85qKfXfj8,Fmaj,7B,143.55469,-0.2715209072752771,0.22996,2.9495456109509526,-1.5707832360122722,143.6,0.012,acoustic,True,0.066616,-0.67126,1.24665,1.51141,-2.70520,-1.79642,-1.00751,major,-13.820294257901123,9.349746704101562,4.8593058586120605,4.9144,0.1581,0.6374028325080872,0.616482,0.0410256721079349,
416,poppin_party,Light Delight,https://youtu.be/ycVVqPjxPqk,ycVVqPjxPqk,Emaj,12B,123.04688,0.36525659623072304,0.12743,2.218773105491821,-0.9680924777410989,117.5,0.372,acoustic,True,0.190658,-0.16155,1.00839,1.36102,-2.33476,-1.38839,-1.29424,major,-10.764090931024091,6.832976341247559,6.374847412109375,5.5483,0.0471,0.00010992874740622938,0.714397,0.0420412309467792,
417,poppin_party,切ないSandglass,https://youtu.be/W_W3LnZJApA,W_W3LnZJApA,Dmaj,10B,92.28516,1.4835208585512354,0.28264,1.5032895502282144,-0.7042495405092495,92.3,0.505,neutral,True,0.161562,-0.02462,1.08796,2.03968,-1.56190,-0.39253,-0.40424,minor,-10.301159460809977,6.898699760437012,6.70978307723999,5.7597,0.0942,0.00041481654625386,0.583765,0.0428926311433315,
418,poppin_party,Home Street,https://youtu.be/_n8qGOBD0J8,_n8qGOBD0J8,Emaj,12B,103.35938,1.1002291686441246,0.25945,-0.3832819265594761,-0.8964337714098837,103.4,0.384,neutral,True,0.645482,0.22749,1.05725,2.40493,-1.08591,0.56129,0.26105,major,-10.532576546601504,4.446303367614746,6.917876720428467,6.3634,0.117,0.00021337828366085887,0.729113,0.0583122782409191,
419,poppin_party,What's the POPIPA!?,https://youtu.be/pX8lWO_Jwv4,pX8lWO_Jwv4,Dmaj,10B,123.04688,-1.6059985565009562,0.18902,-2.3326676293409356,0.47505704588790637,123.0,0.61,bright,True,0.856815,0.51391,0.90421,2.18245,-0.71691,0.32563,0.67719,major,-10.531157135686074,2.0765161514282227,6.850433349609375,5.9874,0.6079,1.2991825997232809e-06,0.767216,0.068013995885849,
420,poppin_party,SAKURA MEMORIES,https://youtu.be/lQF_5FOrl7k,lQF_5FOrl7k,Gmaj,9B,117.45384,-0.6707302536650828,0.22302,1.088258973380231,-0.4468464165335973,117.5,0.1,acoustic,True,0.669985,0.01685,0.95083,1.60901,-1.29399,-0.36200,-0.19263,major,-12.041652350070583,4.463263511657715,6.573295593261719,5.8112,0.1261,0.0007585566490888596,0.624249,0.0298608001321554,
421,poppin_party,アニバーサリー,https://youtu.be/0TYq4xK3G8g,0TYq4xK3G8g,Fmaj,7B,112.34715,-0.4230061297165433,0.12873,-0.2705569207282462,0.5011319760330977,112.3,0.681,neutral,True,0.542879,0.13741,0.83822,1.47670,-0.90183,0.23201,-0.18640,major,-10.288129920391889,1.8896408081054688,7.102795600891113,6.3474,0.535,1.9276259990874678e-05,0.657202,0.0558155849575996,
422,poppin_party,Tomorrow's Door,https://youtu.be/j7o8KLDowG8,j7o8KLDowG8,Bmaj,1B,117.45384,-0.04159234949265167,0.14022,0.9758123595326197,-0.2318702975399514,117.5,0.877,acoustic,True,0.124809,0.12036,0.89437,1.42045,-1.37176,-0.39242,-0.71145,major,-9.614454967914915,2.1261634826660156,6.933615207672119,5.7107,0.5547,6.314941856544465e-06,0.809025,0.0379595309495925,
423,poppin_party,イントロダクション,https://youtu.be/KfuOq4v5H_A,KfuOq4v5H_A,Dmin,7A,161.49902,0.10264262886185754,-0.24908,0.8485318924190293,0.520703957498011,112.3,0.338,neutral,True,0.732772,0.17949,0.92492,1.87457,-1.02766,0.33379,0.09501,minor,-11.4263947159894,2.5645618438720703,6.900781631469727,6.2268,0.8116,8.474435162497684e-05,0.664324,0.0592730902135372,
424,poppin_party,TARINAI,https://youtu.be/aIaSbIpxXb8,aIaSbIpxXb8,Bmin,10A,129.19922,-0.6439026502693506,-0.09664,-0.5899586980527199,0.21121410865605705,129.2,0.715,neutral,True,0.781776,0.43266,0.99452,2.27480,-0.83547,0.33753,0.53438,minor,-10.292593444786867,3.237947463989258,7.144663333892822,6.1878,0.2523,4.450489541341085e-06,0.744471,0.0742965936660766,
425,poppin_party,DOKI DOKI SCARY,https://youtu.be/T6a3TbucVIk,T6a3TbucVIk,Bmin,10A,143.55469,1.2252378353170892,-0.18031,-0.6102945618822485,-1.3948879445243727,143.6,0.912,neutral,True,0.348392,0.41260,0.88096,1.91368,-0.82974,0.57052,0.32920,minor,-9.275650991307527,2.4875564575195312,7.177944183349609,6.1628,0.5745,3.655571345007047e-05,0.755861,0.0586747042834758,
426,poppin_party,Photograph,https://youtu.be/jLWs8qcXF7o,jLWs8qcXF7o,G#maj,4B,99.38401,0.3808544026771462,0.17073,0.2780188369772049,1.1494696459143756,152.0,0.517,neutral,True,0.400459,0.05898,0.93600,1.49261,-1.33846,-0.71780,-0.14506,major,-10.547032360637017,2.9567394256591797,6.8142409324646,5.9332,0.3587,5.075102671980858e-05,0.722445,0.0561572723090648,
427,poppin_party,夏に閉じこめて,https://youtu.be/02n9fIuuew8,02n9fIuuew8,Dmaj,10B,95.70312,-0.8591709984502535,0.33157,1.7083595460766006,-0.8736418833168715,95.7,0.357,acoustic,True,0.228943,-0.17313,0.88573,1.33876,-1.21130,-0.36929,-0.26357,major,-11.532232617590283,3.4055347442626953,6.271520614624023,5.408,0.1991,0.0028133185114711523,0.665854,0.0483388863503932,
428,poppin_party,ぽっぴん'どりーむ！,https://youtu.be/-ISFvqdfTHo,-ISFvqdfTHo,Emin,9A,99.38401,-0.4099328266995702,-0.01643,-1.2318994458613899,0.9963031070954079,99.4,0.762,neutral,True,0.614855,0.22511,0.84977,1.66600,-0.92000,0.12985,0.42275,major,-10.109258627749202,2.057964324951172,6.82158088684082,6.1131,0.462,2.535281964810565e-05,0.730674,0.0575445741415023,
429,poppin_party,星の約束,https://youtu.be/fa9khQQc5HE,fa9khQQc5HE,Dmin,7A,117.45384,0.2335771305520134,-0.07397,-0.5323078355816109,1.5436240984481002,117.5,0.772,neutral,True,0.268760,0.07452,1.00340,1.72700,-1.44127,-0.08943,-1.45178,minor,-10.23457152890269,4.0825910568237305,6.712523460388184,5.6576,0.3176,0.0001279407151741907,0.711258,0.0497776828706264,
430,poppin_party,新しい季節に,https://youtu.be/bqKoweXOY1I,bqKoweXOY1I,Gmaj,9B,123.04688,0.28095551194464263,0.39301,2.0925134349377323,-0.6813945169921569,123.0,0.651,acoustic,True,0.238132,0.00039,0.93909,1.80140,-1.12534,0.25362,0.21114,major,-10.51976627695692,4.252655982971191,6.858741283416748,6.1237,0.3784,2.5015828214236535e-05,0.775792,0.0609855577349662,
431,poppin_party,トレモロアイズ,https://youtu.be/lsRTa_4Q9iU,lsRTa_4Q9iU,Dmaj,10B,112.34715,0.08468390644868495,0.23546,-0.3941121759092936,-1.34273808423399,112.3,0.803,neutral,True,0.377489,0.31035,1.01728,2.13501,-1.20155,-0.69107,-0.26406,major,-10.058974603155773,2.8012657165527344,6.757913589477539,5.8595,0.7067,0.00014630818623118103,0.699846,0.0511891283094882,
432,poppin_party,雨上がり、キミと,https://youtu.be/6PWbcFhH1sc,6PWbcFhH1sc,Fmaj,7B,123.04688,0.9555194442130424,0.27312,-0.2915333272295358,-0.9974504499384685,123.0,0.959,neutral,True,0.261103,0.49579,0.91592,2.05518,-0.71717,0.30103,-0.15158,major,-8.412148292524687,2.3023767471313477,6.930819034576416,5.8112,0.7188,7.54821894588531e-06,0.687635,0.0426293089985847,
433,poppin_party,花咲く未来に,https://youtu.be/rTVN1M1DNx8,rTVN1M1DNx8,Bmaj,1B,143.55469,0.8982294565553356,0.23123,-0.5325429499128111,0.6445125241196088,136.0,0.932,bright,True,0.403522,0.49408,0.83138,1.93810,-0.54239,0.52713,-0.00660,major,-9.071322293959996,1.4155502319335938,7.1923065185546875,6.1018,0.8921,2.3970194888534024e-05,0.713188,0.0603937692940235,
434,poppin_party,Live Beyond!!,https://youtu.be/BQ417cl8-iE,BQ417cl8-iE,Fmaj,7B,129.19922,-0.9590455269086939,0.30373,0.5668362259663269,-0.5087822675564362,95.7,0.483,acoustic,True,0.622511,0.17226,0.78031,1.41815,-0.82864,0.30910,0.25735,major,-10.968849874856858,2.495791435241699,6.464316368103027,5.5415,0.1976,1.5308864021790214e-05,0.683973,0.0407617092132568,
435,poppin_party,Sweets BAN!,https://youtu.be/_Zbm5jidUmM,_Zbm5jidUmM,G#maj,4B,103.35938,-1.1629769892625372,0.06201,-0.9610386518817646,0.47183713925980764,152.0,0.319,neutral,True,0.784839,0.22015,0.89749,1.86981,-0.92014,-0.07172,0.63104,major,-11.47803458492453,2.611422538757324,7.064411163330078,6.1405,0.6003,3.3761294616851956e-05,0.719807,0.0544801466166973,
436,poppin_party,キミが始まる！,https://youtu.be/tjFia-3Se94,tjFia-3Se94,Dmaj,10B,117.45384,-1.151755194293766,0.16138,0.8148439734479545,0.22100009938851375,117.5,0.32,acoustic,True,0.714395,0.13929,0.82856,1.59940,-0.85803,0.09992,0.49738,major,-11.521575525576752,1.8350963592529297,6.615899085998535,5.8724,0.3237,0.000118974108772818,0.67287,0.0505074597895145,
437,poppin_party,Moonlight Walk,https://youtu.be/Ie0-J4-CMk4,Ie0-J4-CMk4,Fmin,4A,95.70312,-1.1192052140542965,-0.03484,-0.20969355616597474,0.9083554613514581,95.7,0.273,neutral,True,0.749617,0.21446,0.79206,1.54668,-0.79097,0.60435,0.49067,minor,-11.458769281193595,3.3587589263916016,6.491264820098877,5.486,0.2979,7.576843472634209e-06,0.670173,0.0539818592369556,
438,poppin_party,ここから先は歌にならない,https://youtu.be/YfSxTmBzz9k,YfSxTmBzz9k,F#maj,2B,95.70312,-2.4251365760518877,0.17211,-1.4432252589399799,0.9442163822291059,95.7,0.131,bright,True,0.855283,0.22510,0.84551,1.64479,-0.95772,0.21751,0.50043,major,-11.893904135546501,2.8973073959350586,6.641075611114502,6.2864,0.2568,4.388845627545379e-05,0.629253,0.0676150768995285,
439,poppin_party,青春 To Be Continued,https://youtu.be/inyz9fpWPT0,inyz9fpWPT0,Gmaj,9B,135.99918,1.1365724370431285,0.10878,0.052559385052747515,-0.8573529439041369,136.0,0.866,shimmer,True,0.415773,0.36264,0.91310,1.92907,-0.81523,0.37659,0.38994,major,-9.56276671551861,2.7860231399536133,7.260226726531982,6.1308,0.6505,1.1700164577632677e-05,0.781259,0.0713165327906608,
440,poppin_party,Future Place,https://youtu.be/JonvwJvZFv4,JonvwJvZFv4,Dmaj,10B,123.04688,0.4784212665110543,0.25879,-1.2049034826673841,0.1297694115923848,123.0,0.886,bright,True,0.466309,0.50361,0.89591,1.97928,-0.82924,0.23677,-0.16541,major,-9.386500345422133,1.9370708465576172,7.174818992614746,6.4131,0.8389,0.00012901781883556396,0.749052,0.061572577804327,
441,poppin_party,大好き！,https://youtu.be/NW5DnKrpr8M,NW5DnKrpr8M,Amaj,11B,112.34715,1.0628541726870706,0.04175,0.3867167543940694,0.5337098548585665,161.5,0.854,neutral,True,0.144717,0.02609,0.96607,1.47195,-2.13295,-1.39927,-0.55171,major,-9.346669246726519,2.650740623474121,7.056244850158691,5.969,0.7584,3.8458380004158244e-05,0.713893,0.0409219227731227,
442,poppin_party,Five Letters,https://youtu.be/-rDKKJcyyTU,-rDKKJcyyTU,G#maj,4B,129.19922,0.6181822068985253,0.15103,2.0580087737991994,-0.9680924777410989,129.2,0.493,acoustic,True,0.078867,-0.11105,1.08598,1.74541,-1.89129,-0.63657,-0.87191,major,-10.722171578893343,7.1443328857421875,6.691437721252441,5.8859,0.6945,0.0005146278999745846,0.686751,0.0431533642113208,
443,poppin_party,最強☆ソング,https://youtu.be/pSYXzPMhsPQ,pSYXzPMhsPQ,Dmaj,10B,123.04688,-0.728993227652195,0.13248,-2.2804639419728048,1.644640776976686,123.0,0.848,bright,True,0.366769,0.26461,0.99391,1.94713,-1.31705,0.17324,-0.23070,major,-9.473966040280887,4.105160713195801,7.108528137207031,5.9067,0.3389,0.00040529394755139947,0.730283,0.0686023607850074,
444,poppin_party,RiNG A BELL,https://youtu.be/ai76D_byMgk,ai76D_byMgk,F#min,11A,123.04688,0.1473034344177808,-0.05165,-0.7781383097987359,0.051607756580892096,123.0,0.873,bright,True,0.409648,0.32200,0.96224,2.04414,-0.99045,0.08979,-0.31864,major,-9.588794083721021,1.8187904357910156,6.877592086791992,6.1462,0.6444,2.5467888917773962e-05,0.680166,0.0671432018280029,
445,poppin_party,Drive Your Heart,https://youtu.be/3qwN9R7er9Y,3qwN9R7er9Y,Gmaj,9B,151.99908,0.6416450736598698,0.36699,0.4149795838289638,0.351311614690389,152.0,0.927,neutral,True,0.196784,0.28360,0.79575,1.47550,-0.81914,0.12339,-0.20309,major,-9.210096435712606,2.728337287902832,7.001335144042969,5.7425,0.3936,3.9749161260260735e-06,0.736708,0.0487173125147819,
446,poppin_party,とっておきAnswer,https://youtu.be/uOdEmtdzblA,uOdEmtdzblA,Cmaj,8B,95.70312,0.41557583254098196,0.38526,1.4715384293033802,-0.9094396687704387,129.2,0.891,acoustic,True,0.198315,0.16262,0.82839,1.55085,-0.87076,0.11375,0.29388,major,-9.440904860914339,2.6750545501708984,6.75775146484375,6.0559,0.2766,2.674279676284641e-05,0.699928,0.0767106562852859,
447,poppin_party,START!! True dreams (Cover),https://youtu.be/SQ_-nPf-SNI,SQ_-nPf-SNI,Cmaj,8B,89.10291,0.5517192722358186,0.12162,-0.1328351606507758,-1.1081899837754305,89.1,0.924,neutral,True,0.164625,0.30407,0.96752,1.87335,-1.19321,0.46549,-0.89546,major,-9.224858059304923,2.6355972290039062,7.051190376281738,5.555,0.3343,5.566771505982615e-06,0.773215,0.0559687167406082,
448,poppin_party,どきどきデエト,https://youtu.be/sk7nYFsnLto,sk7nYFsnLto,Fmaj,7B,123.04688,0.41419152603036513,0.34051,0.9801184615376204,-1.7466785275001717,123.0,0.83,neutral,True,0.432619,0.24191,0.88698,1.78041,-0.92796,0.23394,0.25744,major,-10.196648619744723,1.6680908203125,6.7254958152771,5.9977,0.8131,0.00010964776447508484,0.741302,0.0853374004364013,
449,poppin_party,チョコレイトの低音レシピ (Solo),https://youtu.be/pbDiKPBuTsc,pbDiKPBuTsc,Dmin,7A,95.70312,0.6589399649029022,-0.06281,1.0508752316101995,-1.7760364996975422,129.2,0.123,shimmer,True,0.748086,0.16720,1.03991,1.98414,-1.23674,0.07346,0.89960,major,-12.309722980397812,3.130544662475586,6.466714859008789,6.4836,0.7827,0.0004461531061679125,0.730874,0.0654769390821456,
450,poppin_party,Chu Chueen!,https://youtu.be/5j2a4m1OQsg,5j2a4m1OQsg,Gmin,6A,107.66602,-0.12559833205881965,-0.31962,-1.8033503164825864,0.7193911370789227,107.7,0.851,neutral,True,0.769525,0.49738,0.86470,1.96415,-0.51831,0.77787,0.84986,minor,-9.569764484598482,1.6581811904907227,6.980189323425293,5.7583,0.8009,1.4181850929162465e-06,0.742719,0.0844168365001678,
451,poppin_party,どきどきSING OUT! (Solo),https://youtu.be/Y-tnOBf-byo,Y-tnOBf-byo,Gmaj,9B,129.19922,-0.32572192841478725,0.25433,1.7643240505810032,-0.16993444651711212,129.2,0.395,acoustic,True,0.346861,-0.16464,0.79600,1.22569,-1.20741,-0.20172,-0.18712,major,-11.500706248537378,1.8103857040405273,7.090988636016846,6.4677,0.7751,0.0005534730153158307,0.710856,0.0570363290607929,
452,poppin_party,Freedom,https://youtu.be/oy6OCnr9eAg,oy6OCnr9eAg,Gmin,6A,107.66602,-0.31937053739493493,-0.11818,0.5460553079272153,-0.18950642798202552,107.7,0.612,acoustic,True,0.265697,0.05864,0.92250,1.50214,-1.36823,0.19474,-0.86511,major,-10.520735261853323,3.0508298873901367,6.5684590339660645,5.5865,0.5061,5.630790474242531e-05,0.719336,0.0450883284211158,
453,poppin_party,Game Changer,https://youtu.be/X7NS0u628lw,X7NS0u628lw,Emin,9A,99.38401,-1.5285627937154638,-0.25487,-2.8656034750889705,0.34802857263821024,99.4,0.583,bright,True,0.944104,0.74079,0.94741,2.53072,-0.46476,0.90083,0.82141,minor,-10.062318887548283,2.9615020751953125,7.141350269317627,6.0567,0.696,2.128817868651822e-06,0.712808,0.076956957578659,
454,poppin_party,花園電気ギター！！！ (Solo),https://youtu.be/Fb6Vxj--Fq4,Fb6Vxj--Fq4,Gmin,6A,95.70312,-0.49475357305736484,-0.16795,-1.3467798142567504,0.045041672476533776,95.7,0.586,bright,True,0.696018,0.44611,0.94221,1.95717,-1.06329,0.17603,-0.01602,minor,-10.073999909582232,3.8490447998046875,7.054868698120117,6.1051,0.3328,7.232471944007557e-06,0.694917,0.0513105988502502,
455,poppin_party,す、好きなんかじゃない！ (Solo),https://youtu.be/vdYlI5BnvPk,vdYlI5BnvPk,F#min,11A,112.34715,-0.4206466133370109,-0.16319,1.0177320729085766,-1.134264913920622,112.3,0.27,acoustic,True,0.506126,-0.00515,0.74751,1.24908,-1.12796,-0.15490,-0.66427,major,-11.565717882385078,2.1404037475585938,6.823581695556641,6.2388,0.3465,0.00044054380850866437,0.682274,0.0550894290208816,
456,poppin_party,遠い音楽 ～ハートビート～ (Solo),https://youtu.be/jTSPnt5kts0,jTSPnt5kts0,Gmaj,9B,112.34715,-0.9915376786241288,0.14798,-0.37275829297152857,0.3643175120509445,112.3,0.126,neutral,True,0.613323,0.07933,0.77997,1.33285,-1.01692,0.13180,-0.63225,major,-12.138053990836205,3.721912384033203,6.906290054321289,6.2377,0.7736,0.009597357362508774,0.762224,0.0571511983871459,
457,poppin_party,ほな！,https://youtu.be/hDgXSuDV51A,hDgXSuDV51A,Bmin,10A,123.04688,1.8423785825412011,-0.01422,-0.002072015659420154,-0.41755157976030766,123.0,0.833,shimmer,True,0.752680,0.43923,0.98522,2.24191,-0.82326,0.42003,0.57257,major,-9.676986822412395,2.301854133605957,7.059689044952393,6.7168,0.6793,2.458482595102396e-05,0.688203,0.078029066324234,
458,poppin_party,世界中の青空をあつめて,https://youtu.be/OuCaAYkV2d8,OuCaAYkV2d8,Amaj,11B,129.19922,0.21070102918509123,0.0312,-0.906710118140333,0.5532818363234798,129.2,0.915,bright,True,0.438744,0.59989,0.84932,2.01352,-0.45983,0.83012,0.37900,major,-9.377305393405255,3.1349220275878906,7.1094818115234375,5.9117,0.8024,2.9100256142555736e-05,0.727525,0.063787005841732,
459,poppin_party,勇気Limit！,https://youtu.be/HNpDj7g9Fd0,HNpDj7g9Fd0,D#maj,5B,112.34715,-0.25983961281442663,0.17106,-0.7592687434788816,0.849702652380798,112.3,0.646,neutral,True,0.677642,0.36517,0.93272,2.06173,-0.81762,0.35989,0.72467,minor,-10.550678017008606,2.036714553833008,6.82843017578125,6.2332,0.7052,9.111057443078607e-05,0.732676,0.0712560415267944,
460,poppin_party,開けたらDream!,https://youtu.be/E7Vac5VF7Qg,E7Vac5VF7Qg,Dmin,7A,135.99918,-0.5369079686086555,-0.01148,-1.3348876465392643,0.9181414520839148,136.0,0.445,neutral,True,0.801685,0.24373,0.79176,1.56185,-0.78812,0.49686,0.68722,minor,-10.982313908872127,2.3252782821655273,7.0985870361328125,6.1798,0.734,1.0172420843446162e-05,0.694527,0.0817798972129821,
461,poppin_party,絆色のアンサンブル,https://youtu.be/tvXmaug8tG8,tvXmaug8tG8,D#min,2A,123.04688,-1.4638926496259237,-0.00034,-0.4786767388090278,1.1950534221003999,123.0,0.182,bright,True,0.809342,0.32211,0.73990,1.56204,-0.66903,0.23006,0.09794,major,-11.633021821816799,3.656015396118164,6.112363338470459,5.8945,0.3723,1.8494247342459857e-05,0.653265,0.0572593621909618,
462,poppin_party,NO GIRL NO CRY (Poppin'Party Ver.),https://youtu.be/uBLg7gB5FiM,uBLg7gB5FiM,Dmaj,10B,129.19922,-1.0041456632315722,0.15452,-1.1335250312979852,-0.5967299133003859,129.2,0.736,bright,True,0.540582,0.25881,0.84781,1.59081,-0.85615,0.07025,-0.29742,major,-10.101441707366986,2.4065093994140625,6.984805107116699,6.1952,0.4392,4.624010034603998e-05,0.726614,0.0435488782823085,
463,poppin_party,ちゅ、多様性。 (Cover),https://youtu.be/DhaNne4oohU,DhaNne4oohU,Bmaj,1B,151.99908,1.318179530063139,0.0364,-0.5304974522852964,0.19492516924332282,152.0,0.853,shimmer,True,0.349923,0.38105,0.84524,1.74228,-0.79182,0.30378,1.02690,major,-10.40603633012371,2.786344528198242,7.079782485961914,5.8485,0.6413,5.219674130785279e-05,0.783114,0.0849881172180175,
464,poppin_party,フィクション (Cover),https://youtu.be/NF-IGTDm138,NF-IGTDm138,Emin,9A,123.04688,1.3059877512675748,-0.06505,-0.21187892947070855,-0.4957132347718007,123.0,0.794,neutral,True,0.596478,0.38656,0.94235,2.26633,-0.88146,0.29510,0.45259,major,-9.87747544524219,2.6335134506225586,7.039482116699219,6.4172,0.7082,0.000321447616443038,0.688104,0.0704806745052337,
465,poppin_party,幾億光年 (Cover),https://youtu.be/CHkferCyEUM,CHkferCyEUM,G#maj,4B,99.38401,1.266763987730812,0.08483,1.1954148376153908,1.16575858532711,95.7,0.91,acoustic,True,0.140123,0.09826,0.88480,1.76320,-0.96080,0.34757,0.44373,major,-9.226885994480902,3.660402297973633,6.619172096252441,6.0381,0.6596,0.0009906381601467729,0.567282,0.0635520815849304,
466,poppin_party,心絵 (Cover),https://youtu.be/9FhNnX_qsV0,9FhNnX_qsV0,Bmaj,1B,95.70312,2.3389296450868615,0.07335,0.8455294080649383,0.4620511485273509,95.7,0.68,shimmer,True,0.081930,-0.21036,0.81974,1.07531,-1.31020,-0.29849,-0.87919,major,-11.040118625981878,1.76739501953125,7.0998687744140625,5.4605,0.9711,9.479802429268602e-06,0.83981,0.0514896996319294,
467,poppin_party,じょいふる (Cover),https://youtu.be/3bnaYpv-DFU,3bnaYpv-DFU,Emin,9A,161.49902,-0.175178557192342,-0.1953,-1.4966992116072837,-0.31003195255144445,161.5,0.874,neutral,True,0.657734,0.43014,0.89286,1.69723,-0.65371,0.45344,0.58502,minor,-9.508339167554128,2.5226516723632812,7.477731227874756,6.6078,0.5684,2.766413672361523e-05,0.737538,0.1128472313284874,
468,poppin_party,MATSURI BAYASHI (Cover),https://youtu.be/Gpkg81TpkSA,Gpkg81TpkSA,Gmin,6A,151.99908,0.971375479423088,-0.22672,-0.6661429853798966,-0.19600937666230342,152.0,0.818,neutral,True,0.500000,0.34016,0.80608,1.61040,-0.75747,0.41137,0.57391,minor,-9.64478055367594,3.012195587158203,7.271636486053467,6.1319,0.8936,0.00012548090307973325,0.785497,0.0659966915845871,
469,poppin_party,私は最強 (Cover),https://youtu.be/fRxQcfI2PXo,fRxQcfI2PXo,Emaj,12B,95.70312,1.775483479596677,0.01705,0.27469915039295845,0.5011319760330977,95.7,0.775,shimmer,True,0.183002,0.00919,0.74378,1.21803,-0.93938,-0.27955,0.27422,major,-10.693233933970175,2.1339874267578125,6.504873275756836,5.7323,0.8951,6.087590736569837e-05,0.777102,0.0602440237998962,
470,poppin_party,トウキョウ・シャンディ・ランデヴ (Cover),https://youtu.be/FWdBp0JXxhs,FWdBp0JXxhs,Emin,9A,135.99918,3.0711210661986446,-0.0942,-3.6621383213250276,1.074527897530981,136.0,0.466,shimmer,True,0.829250,0.31170,1.00844,1.98708,-1.09752,0.13372,0.35015,minor,-11.132708183722555,2.979794502258301,7.369187355041504,6.4971,0.9696,5.500952829606831e-05,0.776855,0.1215126514434814,
471,poppin_party,夜行性ハイズ (Cover),https://youtu.be/bAB2ZuwcxFc,bAB2ZuwcxFc,A#min,3A,129.19922,2.1748573940839764,-0.0665,2.423237794990273,-2.0203705908885583,129.2,0.167,shimmer,True,0.691424,-0.08577,1.03077,1.82058,-1.51057,-0.18726,0.48537,minor,-12.055807459997643,2.716914176940918,6.839509963989258,6.0897,0.7857,0.00022297310351859778,0.67738,0.0732815489172935,
472,poppin_party,メランコリック (Cover),https://youtu.be/7X1NMdaFLiw,7X1NMdaFLiw,Dmin,7A,135.99918,-1.1343844643240963,-0.0834,-1.4722378743762372,0.5890796217770474,136.0,0.258,bright,True,0.820061,0.45368,0.84478,1.85115,-0.71961,0.79093,0.82329,minor,-10.862239071630261,4.383916854858398,6.853798866271973,5.9246,0.2416,0.00022257059754338115,0.797465,0.0637833327054977,
473,poppin_party,怪獣の花唄 (Cover),https://youtu.be/36Q4jzk_IvE,36Q4jzk_IvE,Dmaj,10B,151.99908,0.3411829902086105,0.16605,0.18234615734331044,-0.6423136894864102,152.0,0.731,neutral,True,0.333078,0.22875,0.76324,1.38370,-0.96702,0.03834,0.52959,major,-10.300035785601052,4.9669694900512695,6.837841033935547,5.959,0.6778,0.00018485801410861313,0.743964,0.0670827850699424,
474,poppin_party,光るなら (Cover),https://youtu.be/tM9njVVTxaQ,tM9njVVTxaQ,F#min,11A,107.66602,-0.3068004087373454,-0.11772,-0.003451330272718295,1.3318678860825528,107.7,0.407,neutral,True,0.483155,0.02887,0.86474,1.37201,-1.26455,0.04391,-0.19997,minor,-10.978680834160754,3.13739013671875,7.048092842102051,6.4581,0.7888,0.0010331922676414251,0.594307,0.067695528268814,
475,poppin_party,ミュージック・アワー (Cover),https://youtu.be/dwYnaJHhnmw,dwYnaJHhnmw,Gmin,6A,135.99918,-0.15104901526416142,-0.01599,-1.0693160092252099,1.5404041918200015,136.0,0.48,neutral,True,0.766462,0.22987,0.91935,1.76968,-1.07882,0.22940,-0.41073,major,-10.695506632148417,2.544191360473633,7.318676948547363,6.5295,0.9331,6.065475827199407e-05,0.673708,0.0820751339197158,
476,poppin_party,only my railgun (Cover),https://youtu.be/MjJX_7wt76A,MjJX_7wt76A,D#min,2A,143.55469,-1.3521871861206278,-0.03926,-2.9270917259908686,1.667432665069698,143.6,0.199,bright,True,0.853752,0.57152,0.96513,2.20783,-0.77205,0.15242,0.48941,minor,-11.281568366348468,5.599569320678711,6.971066951751709,5.7063,0.4726,2.626019522722345e-05,0.692352,0.0763624534010887,
477,poppin_party,ロミオとシンデレラ (Cover),https://youtu.be/AO5UM_1IIFQ,AO5UM_1IIFQ,F#maj,2B,112.34715,0.16098196339018087,0.29746,0.33348059650149686,0.009243887022966224,112.3,0.434,neutral,True,0.549005,0.03901,0.86160,1.50159,-1.15830,-0.02155,0.60292,major,-11.260091842374264,2.4153404235839844,6.80278205871582,6.4279,0.9742,2.6070953026646748e-05,0.701783,0.0748137235641479,
478,poppin_party,Daydream café (Cover),https://youtu.be/2uu5rGrlHec,2uu5rGrlHec,Gmin,6A,151.99908,-0.8559864701483137,-0.08134,-1.3365489079118409,-0.15692854915655668,152.0,0.132,neutral,True,0.916539,0.21970,1.00779,2.26290,-1.05328,0.38447,0.17567,minor,-11.639410390323105,3.7442245483398438,7.120562553405762,6.3969,0.4939,0.00014435173943638802,0.614184,0.0614591799676418,
479,poppin_party,君じゃなきゃダメみたい (Cover),https://youtu.be/o4JpKWTT2rI,o4JpKWTT2rI,Dmin,7A,129.19922,-0.6361453729742903,-0.08029,-5.237373036810377,1.2472032823907822,129.2,0.323,bright,True,0.973201,0.68711,0.88795,2.23468,-0.63030,0.55565,0.70862,minor,-10.645960384036089,3.7991504669189453,6.998553276062012,5.6918,0.8693,1.1002173778251745e-05,0.71482,0.0946448147296905,
480,poppin_party,＊〜アスタリスク〜 (Cover),https://youtu.be/nAmOOEi3LHc,nAmOOEi3LHc,Gmaj,9B,129.19922,2.1929243493053563,0.06718,1.2527026559171817,-1.69459180263387,129.2,0.798,shimmer,True,0.325421,0.19660,0.93144,1.80969,-1.18877,0.06298,-0.17075,major,-10.13681917416508,2.8481264114379883,7.0126824378967285,6.0072,0.5562,0.0005836256896145642,0.772263,0.0850773379206657,
481,poppin_party,DAYS of DASH (Cover),https://youtu.be/dGAFk19MN6Q,dGAFk19MN6Q,F#min,11A,107.66602,-0.3400962554291764,-0.16802,0.39526664451028337,0.19164212719114365,107.7,0.284,neutral,True,0.478560,-0.03328,0.74198,1.14383,-1.01262,0.08553,0.24551,minor,-11.41737374497439,3.004775047302246,6.813302516937256,6.0982,0.7872,8.603427704656497e-05,0.734701,0.0682744905352592,
482,poppin_party,檄！帝国華撃団 (Cover),https://youtu.be/XtZaRGkRwL4,XtZaRGkRwL4,Emin,9A,143.55469,-2.002128118647305,-0.03991,-0.6273687017722203,-0.05269196399987269,143.6,0.317,bright,True,0.832312,0.49620,0.87330,2.04513,-0.62382,0.36920,1.23112,minor,-11.135666642909351,3.3640356063842773,7.022802829742432,6.4148,0.3191,3.535308132995851e-05,0.725279,0.0459398180246353,
483,poppin_party,DAYS (Cover),https://youtu.be/SJWQwOIdJgY,SJWQwOIdJgY,Dmaj,10B,135.99918,-0.6187197596993135,0.03621,0.05226246227798814,-0.626024750073676,136.0,0.191,shimmer,True,0.356049,0.03324,0.91234,1.39893,-1.21791,-0.74939,0.31040,minor,-12.296550934250007,3.2769384384155273,6.769888401031494,5.8315,0.9438,0.0011737679596990347,0.771459,0.0613792836666107,
484,poppin_party,ディスカバリー！ (Cover),https://youtu.be/EHmHYlveZTI,EHmHYlveZTI,G#maj,4B,86.13281,1.41021159664004,0.28895,-1.010755711070354,0.012463793651064953,172.3,0.742,shimmer,True,0.581164,0.26136,0.97148,1.90573,-1.35517,-0.02205,-0.32067,major,-9.511866370292102,3.5184898376464844,6.995124816894531,6.1477,0.3602,0.00014609906065743417,0.725598,0.0546932741999626,
485,poppin_party,チェリボム (Cover),https://youtu.be/BomRuEmkPsc,BomRuEmkPsc,F#maj,2B,129.19922,0.10417661758163874,0.04784,0.2643229487741332,1.713016441255722,95.7,0.85,neutral,True,0.385145,0.14785,0.81895,1.47927,-0.97430,-0.04679,0.16670,minor,-10.228357959442201,2.0960159301757812,6.8251953125,5.6467,0.9468,2.0498995581874624e-05,0.799368,0.0942487195134162,
486,poppin_party,ヴァンパイア (Cover),https://youtu.be/I_TIPc02Ros,I_TIPc02Ros,G#min,1A,107.66602,0.961183228787813,-0.06773,-0.22939928892560235,0.09390849071473718,161.5,0.47,shimmer,True,0.605666,0.17275,0.90606,1.74211,-1.04311,0.01849,0.50625,major,-11.022406054814194,4.137833595275879,7.14947509765625,6.3499,0.31,0.00014862573880236596,0.717999,0.0848167613148689,
487,poppin_party,怪物 (Cover),https://youtu.be/k49-xYTRmyY,k49-xYTRmyY,G#min,1A,86.13281,0.3064740178196729,-0.27663,0.691727867841105,0.3578145633706669,112.3,0.425,shimmer,True,0.303982,-0.22805,0.95087,1.49292,-1.47944,-0.07657,-0.19304,minor,-11.200997081909977,4.681266784667969,6.8695878982543945,5.9379,0.4711,0.0014867364661768079,0.635687,0.0934125036001205,
488,poppin_party,大河よ共に泣いてくれ (Cover),https://youtu.be/1ZoP4xnF_J0,1ZoP4xnF_J0,Cmaj,8B,117.45384,-0.21569654577071443,0.08929,0.6267199157772599,-0.20579536739476012,117.5,0.314,neutral,True,0.685299,0.30621,0.78910,1.57671,-0.80353,0.29526,0.60025,minor,-11.011702938589222,3.0395708084106445,6.715701103210449,5.6796,0.2629,6.269619916565716e-06,0.679863,0.0674145072698593,
489,poppin_party,空色デイズ (Cover),https://youtu.be/Z42iAtQpMNs,Z42iAtQpMNs,Dmaj,10B,117.45384,-0.5018485458189509,0.05099,-1.6825597317318504,1.66092971638942,117.5,0.557,bright,True,0.795559,0.37559,0.77566,1.60421,-0.74305,0.88288,0.13207,minor,-10.378341734857312,3.3510398864746094,7.331072807312012,5.8261,0.6824,4.695994903158862e-06,0.640098,0.0628902465105056,
490,raise_a_suilen,Invincible Fighter,https://youtu.be/m5z-mCUwmxM,m5z-mCUwmxM,Cmaj,8B,129.19922,-1.353714863873577,0.15043,-2.7486675280480357,0.09068858408663845,129.2,0.165,bright,True,0.976263,0.79770,0.85127,2.42483,-0.32864,0.88475,1.06086,major,-11.0690055264371,4.295710563659668,6.750316619873047,5.6904,0.1125,4.2374208533146884e-06,0.662906,0.0724473595619201,
491,raise_a_suilen,A DECLARATION OF ×××,https://youtu.be/9iOltuunbvs,9iOltuunbvs,A#min,3A,151.99908,-1.9986480118001224,-0.11904,-3.872156088907416,1.3514398675474664,152.0,0.259,bright,True,0.996172,1.17162,0.80331,2.54387,-0.01375,1.02130,1.39360,minor,-11.125411667521421,2.8031463623046875,6.942952632904053,5.2599,0.6748,3.957539320254e-06,0.586433,0.0565210357308387,
492,raise_a_suilen,SOUL SOLDIER,https://youtu.be/vHZF9D4gAoQ,vHZF9D4gAoQ,Bmin,10A,129.19922,-1.0017664280967749,-0.01258,0.967193648429269,-1.8607011033893124,129.2,0.809,acoustic,True,0.369832,0.24743,0.85546,1.63556,-1.10362,-0.77522,0.64079,minor,-9.870427418290758,3.9516525268554688,6.949131965637207,5.1682,0.0213,2.3703054466750473e-05,0.668847,0.053383607417345,
493,raise_a_suilen,UNSTOPPABLE,https://youtu.be/HTxkTejTs8E,HTxkTejTs8E,Bmin,10A,112.34715,-3.3223344676841045,-0.01785,-1.6338092361001584,-0.44034346785331974,112.3,0.495,bright,True,0.804747,0.55414,0.75696,1.94355,-0.38827,0.94280,0.59745,major,-9.956299955778658,3.8171911239624023,7.203030109405518,5.7203,0.1809,7.714862476859707e-06,0.687669,0.0828434526920318,
494,raise_a_suilen,HELL! or HELL?,https://youtu.be/xalGIIeyPLo,xalGIIeyPLo,Emin,9A,129.19922,-2.283167137927101,-0.17896,-3.776855116380446,1.2309143429780478,129.2,0.347,bright,True,0.950230,0.66647,0.79048,1.84876,-0.56661,0.73887,1.20368,minor,-10.929621474286296,2.8799304962158203,6.746352672576904,5.3112,0.4271,2.321674401173368e-06,0.632802,0.0419917739927768,
495,raise_a_suilen,Beautiful Birthday,https://youtu.be/AxEUw6LdHR4,AxEUw6LdHR4,Bmin,10A,117.45384,-1.5150681362034206,-0.08271,-2.0171648944359237,0.2991617544000068,117.5,0.451,bright,True,0.930322,0.80143,0.84037,2.26603,-0.51860,0.33778,0.92184,minor,-10.442941830198434,3.1145801544189453,6.616063594818115,5.3479,0.1064,9.963363845599815e-05,0.651287,0.0368481054902076,
496,raise_a_suilen,Takin’ my Heart,https://youtu.be/ikck11yNDxg,ikck11yNDxg,A#maj,6B,123.04688,-2.0532174699368495,0.00444,-0.915116849677834,0.005960844970787415,123.0,0.049,bright,True,0.913476,0.54458,0.99021,1.91308,-1.36454,-0.95467,-0.08474,minor,-12.209445534948214,5.494786262512207,6.49049711227417,5.0947,0.6277,5.803391104564071e-05,0.652836,0.0735091269016265,
497,raise_a_suilen,DRIVE US CRAZY,https://youtu.be/5gUl74wG2DE,5gUl74wG2DE,Fmin,4A,143.55469,-1.0792475806881583,-0.15425,0.3262977445756798,-0.6097358106609414,136.0,0.577,neutral,True,0.674579,0.34835,0.85814,2.12665,-0.56916,0.25298,0.44336,minor,-10.416032925227553,2.5790328979492188,6.333559036254883,4.8003,0.1368,9.558212695992552e-06,0.592006,0.0467623174190521,
498,raise_a_suilen,!NVADE SHOW!,https://youtu.be/eLpe02tbeYU,eLpe02tbeYU,C#maj,3B,112.34715,-0.26259335172161036,0.12221,-1.5259018959090187,0.45876810647517213,112.3,0.766,bright,True,0.821593,0.55710,0.79996,2.05582,-0.34949,0.60962,1.02616,major,-9.832154728704223,3.042994499206543,6.647578239440918,5.3383,0.1793,1.9950128262280487e-05,0.593934,0.0684507861733436,
499,raise_a_suilen,REIGNING,https://youtu.be/4i9vGzhaCg0,4i9vGzhaCg0,Fmaj,7B,123.04688,-0.8507527649838742,0.18965,-0.5939063790116625,1.1983364641525789,123.0,0.649,bright,True,0.310107,0.23122,0.89007,1.54020,-1.19161,-0.08650,-0.11548,major,-9.62594417157021,5.21248722076416,6.578500270843506,4.961,0.1079,9.061419405043125e-06,0.681161,0.0433743745088577,
500,raise_a_suilen,EXPOSE ‘Burn out!!!’,https://youtu.be/oXN2YFZH0ig,oXN2YFZH0ig,Cmin,5A,129.19922,-1.5787136341916255,-0.23238,-3.1579466255928033,0.8594886431132547,129.2,0.537,bright,True,0.957887,0.82262,0.75875,2.13194,-0.09010,0.63100,0.99850,minor,-10.103760074928392,3.7510251998901367,6.858577251434326,5.6169,0.1884,3.4739816783257993e-06,0.631441,0.0687247365713119,
501,raise_a_suilen,R・I・O・T,https://youtu.be/JYbew8XnCc8,JYbew8XnCc8,Gmin,6A,135.99918,-2.483752340606599,-0.09446,-2.2211357546169856,-1.5968581661574632,136.0,0.036,bright,True,0.908882,0.67317,0.82198,1.92492,-0.43784,-0.00605,1.00084,minor,-10.809123471797047,3.071439743041992,7.002654075622559,5.279,0.3404,6.136738193163183e-06,0.64846,0.0559918656945228,
502,raise_a_suilen,V.I.P MONSTER,https://youtu.be/ci5Ot5n-8_k,ci5Ot5n-8_k,Dmin,7A,117.45384,-0.6054576685739782,-0.1689,-1.2723621271232408,1.3742317556404784,112.3,0.525,bright,True,0.516845,0.41903,0.89125,1.63459,-0.55627,0.06109,0.41799,minor,-10.418215190995909,5.11460018157959,6.731639385223389,4.5337,0.7204,7.023711532383459e-07,0.775753,0.0867059528827667,
503,raise_a_suilen,mind of Prominence,https://youtu.be/CmEGhNuz_zs,CmEGhNuz_zs,A#min,3A,123.04688,-0.4434465876073697,-0.01905,-2.4913888528263577,0.6868132582534539,123.0,0.745,bright,True,0.726646,0.58565,0.73913,1.81495,-0.31438,0.64217,0.81086,minor,-9.806558861787998,2.4384307861328125,6.7941741943359375,4.7612,0.7432,3.891690084856236e-06,0.693819,0.0660837739706039,
504,raise_a_suilen,Ray of hope,https://youtu.be/bjHImc6cTqE,bjHImc6cTqE,Dmin,7A,129.19922,-0.27737760010683365,-0.15414,1.0804978735273876,1.862899938022511,129.2,0.219,neutral,True,0.486217,0.18670,1.08310,1.59752,-2.38402,-1.88728,0.75937,minor,-11.662117955327956,4.853482246398926,6.511424541473389,4.7741,0.4255,1.194863307318883e-05,0.719303,0.083193153142929,
505,raise_a_suilen,EXIST,https://youtu.be/Vo3lvsrP9mY,Vo3lvsrP9mY,Gmaj,9B,135.99918,-2.218947894044024,0.01626,-0.04882435154189969,0.054827663208990476,136.0,0.461,neutral,True,0.273354,-0.09401,0.81822,1.06449,-1.46587,-0.79721,-0.58260,major,-10.262639330858079,4.60672664642334,6.616123676300049,5.1048,0.3693,0.00012707113637588918,0.580948,0.0529866963624954,
506,raise_a_suilen,Sacred world,https://youtu.be/4b3deIpxkSk,4b3deIpxkSk,F#min,11A,143.55469,0.3949706153641665,-0.11212,-1.6836227184471202,0.660801463532343,143.6,0.832,bright,True,0.755743,0.62682,0.85467,1.96683,-0.69329,0.94575,0.41124,minor,-9.430990347394008,2.766307830810547,7.083023548126221,5.5771,0.4635,9.261875675292686e-05,0.589031,0.0680553242564201,
507,raise_a_suilen,-N-E-M-E-S-I-S-,https://youtu.be/caxxCfDdklI,caxxCfDdklI,F#maj,2B,143.55469,-1.8696132772960978,0.02477,-0.2536327770941411,-0.456632407266054,143.6,0.659,neutral,True,0.450995,0.28071,0.72847,1.44003,-0.81075,-0.33508,0.33106,major,-10.639711756968502,1.953409194946289,6.739805221557617,4.4186,0.6292,2.308908051418257e-07,0.733153,0.0651387572288513,
508,raise_a_suilen,DANCING DARING,https://youtu.be/cmbqhJ7OM8w,cmbqhJ7OM8w,Dmin,7A,123.04688,0.7467141254779401,-0.09236,0.8088352163880492,-1.319946196140978,123.0,0.914,acoustic,True,0.389740,0.53826,0.73052,1.73955,-0.29983,0.86346,0.37896,minor,-9.304248789692782,1.7508487701416016,6.745158672332764,5.1895,0.7447,1.616451845620759e-05,0.718973,0.067702904343605,
509,raise_a_suilen,BATTLE CRY,https://youtu.be/pW01z1Q-MQY,pW01z1Q-MQY,Cmin,5A,123.04688,-1.050564930876255,-0.23891,0.14879953212990515,-0.16014845578465542,123.0,0.839,neutral,True,0.411179,0.37445,0.66135,1.39543,-0.42795,0.11239,0.58715,minor,-9.90248913365128,1.4557428359985352,6.712718963623047,4.9833,0.4772,6.609101319554611e-07,0.735905,0.0568148083984851,
510,raise_a_suilen,Domination to world,https://youtu.be/41K7ic6HN4E,41K7ic6HN4E,Amin,8A,99.38401,1.438495518685742,-0.00925,0.03581767613352632,0.5109179667655543,136.0,0.906,neutral,True,0.532159,0.55851,0.73393,1.73341,-0.48535,0.23974,0.77472,minor,-8.999244161893499,1.9239530563354492,6.591671943664551,4.6297,0.7234,8.988909939944278e-06,0.672889,0.0511225536465644,
511,raise_a_suilen,THE WAY OF LIFE,https://youtu.be/W5bmkfq6_Wo,W5bmkfq6_Wo,Gmin,6A,112.34715,-0.5313885021436628,-0.16669,-1.536302416797584,-0.40448254697567176,112.3,0.788,bright,True,0.550536,0.52639,0.74907,1.48235,-0.68013,-0.23444,0.74746,minor,-8.95631735174009,3.6168951988220215,6.96199893951416,5.2626,0.3161,5.690146281267516e-06,0.739149,0.0902999192476272,
512,raise_a_suilen,灼熱 Bonfire!,https://youtu.be/Uh2MjQ9Q324,Uh2MjQ9Q324,Cmin,5A,103.35938,1.4611308718233025,-0.21342,1.2854694065299335,0.4881260786725422,103.4,0.885,neutral,True,0.363706,0.33412,0.78425,1.71391,-0.59014,0.43585,0.38927,minor,-9.093648539423837,2.300168991088867,6.905470371246338,5.1275,0.4286,5.0115049816668034e-05,0.67467,0.0839869901537895,
513,raise_a_suilen,Repaint,https://youtu.be/eJp3_buirj4,eJp3_buirj4,C#maj,3B,103.35938,-1.584698265656645,0.01463,-1.545198276670527,1.1950534221003999,103.4,0.334,bright,True,0.351455,0.06776,0.78751,1.31815,-0.96179,-0.21514,0.78378,major,-10.334878281606004,7.106066703796387,6.982966423034668,5.6732,0.2188,4.4272113882470876e-05,0.680564,0.0456842146813869,
514,raise_a_suilen,Life on the Lotus,https://youtu.be/zle_8SGQgcg,zle_8SGQgcg,Bmin,10A,135.99918,-0.4226176396778025,-0.16798,-1.5762025256135954,0.6900963003056331,136.0,0.223,bright,True,0.573507,0.36708,0.98076,1.81522,-1.45030,-0.53267,-0.76242,minor,-10.982697783794434,7.142940521240234,6.437144756317139,4.7336,0.2173,5.062411673861789e-06,0.734093,0.06772942841053,
515,raise_a_suilen,CORUSCATE -DNA-,https://youtu.be/1NgjttSojKw,1NgjttSojKw,Fmaj,7B,143.55469,-1.4295223183119126,0.03529,-0.5819114559088789,1.3742317556404784,143.6,0.721,neutral,True,0.547473,0.46700,0.66683,1.48748,-0.39462,0.61322,0.58531,minor,-10.261728635052345,2.4991331100463867,7.1093292236328125,5.3959,0.8298,7.362371434282977e-06,0.692061,0.0701265558600425,
516,various_artists,That Is How I Roll! (Cover),https://youtu.be/YsdbJl-eg2o,YsdbJl-eg2o,Bmin,10A,117.45384,-1.6602278418994627,-0.13483,-1.6712078568779325,0.05811070526116963,123.0,0.789,bright,True,0.458652,0.43524,0.69146,1.43562,-0.57053,0.43481,0.16297,minor,-9.523362287025956,3.3097095489501953,7.06684684753418,5.9861,0.6869,2.5660678147687577e-05,0.653003,0.070602923631668,THE THIRD(仮)
517,various_artists,しゅわりん☆どり～みん (Cover),https://youtu.be/xFat9vDHNJE,xFat9vDHNJE,Cmaj,8B,117.45384,-2.1226248247799284,0.03756,-2.7610987058544714,1.3123590400417198,117.5,0.052,bright,True,0.683767,0.07170,0.73685,1.22999,-1.18814,-0.46885,-0.21829,major,-11.695915902393315,7.454291343688965,6.6251091957092285,6.208,0.766,6.552603008458391e-05,0.598301,0.0911251232028007,THE THIRD(仮)
518,various_artists,パスパレボリューションず☆ (Cover),https://youtu.be/mDKUbNpjzDU,mDKUbNpjzDU,Emaj,12B,172.26562,-1.9620002905419498,0.03492,-1.986326161512529,1.3318678860825528,117.5,0.206,bright,True,0.607198,0.19603,0.72848,1.26980,-1.05196,-0.19736,-0.01672,major,-11.124309338644018,3.609696388244629,6.867666244506836,6.388,0.8283,9.094965935219079e-05,0.571584,0.0828049480915069,THE THIRD(仮)
519,various_artists,えがおのオーケストラっ！ (Cover),https://youtu.be/Vlp3NkDZh7c,Vlp3NkDZh7c,A#maj,6B,135.99918,-1.7425872031949878,0.21417,0.1115941852604162,-1.1440509046530785,136.0,0.021,shimmer,True,0.441807,-0.21148,0.88254,1.25805,-1.48888,-0.54672,-0.23448,major,-13.022050411024084,7.40523624420166,6.720114707946777,6.2103,0.7036,0.008725792169570923,0.6078,0.111686386168003,THE THIRD(仮)
520,various_artists,Don't be afraid! (Cover),https://youtu.be/Wv9HiA6ONbI,Wv9HiA6ONbI,Cmin,5A,89.10291,-2.138110910992618,-0.15761,-1.8067404170008492,0.16556719704595238,117.5,0.024,bright,True,0.867534,0.31285,0.93043,1.75776,-1.29874,-0.62014,0.18860,minor,-12.227485719136201,9.69633960723877,6.832761764526367,6.0103,0.4134,5.3797964937984943e-05,0.755431,0.0668636858463287,THE THIRD(仮)
521,various_artists,ゆら・ゆらRing-Dong-Dance (Cover),https://youtu.be/j69ZFBRuOlA,j69ZFBRuOlA,Dmin,7A,117.45384,-1.4981807043847364,-0.19631,-0.6860230145160807,-0.11784772165081034,117.5,0.25,bright,True,0.418836,0.28692,0.82708,1.44251,-1.13350,-0.52231,0.52299,minor,-10.115656415116396,8.524768829345703,6.974972724914551,5.9914,0.3875,0.00019858959421981126,0.553894,0.0694770514965057,THE THIRD(仮)
522,various_artists,Hey-day狂騒曲(カプリチオ) (Cover),https://youtu.be/dQuVrNLZOFM,dQuVrNLZOFM,Gmaj,9B,151.99908,-2.172031705170348,0.07957,-2.4962614509347567,-0.16343149783683458,107.7,0.426,bright,True,0.628637,0.32327,0.75138,1.47234,-0.89550,0.00585,-0.07323,major,-10.325460084835141,3.8685951232910156,7.428151607513428,5.9572,0.5669,1.1401199117244687e-05,0.688219,0.0795702785253524,THE THIRD(仮)
523,various_artists,Scarlet Sky (Cover),https://youtu.be/bRWWFTSHICg,bRWWFTSHICg,Amaj,11B,117.45384,-2.3652440564819943,0.10156,-1.604762977288952,-0.16343149783683458,123.0,0.489,bright,True,0.659265,0.44523,0.69757,1.51582,-0.62031,0.82271,0.04677,major,-10.470032663521605,3.9564437866210938,7.100568771362305,6.2183,0.8419,1.6173100448213518e-05,0.692702,0.068103477358818,THE THIRD(仮)
524,various_artists,ゴーカ！ごーかい！？ファントムシーフ！ (Cover),https://youtu.be/sooblFkVWdo,sooblFkVWdo,G#min,1A,107.66602,-1.7256283733117308,-0.17124,-1.635665305618259,0.9898001584151301,107.7,0.147,bright,True,0.720521,0.24519,0.82039,1.55058,-1.09174,-0.39512,0.08678,minor,-10.891689129639174,5.750246047973633,6.762190818786621,6.1924,0.81,0.0005124285817146301,0.60679,0.0760384202003479,THE THIRD(仮)
526,various_artists,That Is How I Roll! (ライブ / アンコール) (Cover),https://youtu.be/inRDSCi2O_E,inRDSCi2O_E,Bmin,10A,123.04688,-3.072149437803141,-0.03498,-2.194510527190039,0.03203577511597835,117.5,0.22,bright,True,0.656202,0.26382,0.81194,1.38174,-1.16391,-0.28164,-0.64615,minor,-10.161411657662496,10.530330657958984,7.234505653381348,5.8684,0.2356,4.611600161297247e-06,0.658665,0.0690058544278144,THE THIRD(仮)
527,various_artists,R･I･O･T (ライブ / アンコール) (Cover),https://youtu.be/eyjb_cL2nag,eyjb_cL2nag,Gmin,6A,135.99918,-4.185504173065347,-0.15289,-4.2503765487891325,-0.20901527402285883,136.0,0.099,bright,True,0.823124,0.55114,0.92726,1.90648,-1.09621,-0.53706,0.67209,minor,-10.735656378760053,8.62346363067627,7.039297103881836,5.5829,0.2675,7.051613010844449e-06,0.642078,0.0698278471827507,THE THIRD(仮)
528,raise_a_suilen,Apocalypse,https://youtu.be/0fBH7M4EY1M,0fBH7M4EY1M,Dmaj,10B,151.99908,-0.569462428060435,0.03663,0.28603109552433065,-0.10477868886617447,152.0,0.58,neutral,True,0.461715,0.29564,0.87089,1.80296,-0.94956,0.58618,0.35119,minor,-10.868052196563381,3.4473066329956055,6.790621280670166,4.9024,0.5365,8.030891876842361e-06,0.783055,0.0950293466448783,
529,raise_a_suilen,TWIN TALE,https://youtu.be/pB350d7RuAg,pB350d7RuAg,Gmaj,9B,99.38401,0.34649776432267315,0.04025,-0.13920074580985886,-0.38169065888265963,99.4,0.883,neutral,True,0.527565,0.62151,0.65250,1.59922,-0.24912,0.57711,0.64379,major,-9.356601520208836,2.752547264099121,7.134311676025391,4.9561,0.3982,2.248271186999773e-07,0.761293,0.0925431922078132,
530,raise_a_suilen,STRAY CERBERUS,https://youtu.be/e_5VjvDrHz8,e_5VjvDrHz8,Emin,9A,123.04688,-1.2638971664072365,-0.17142,-1.1384292139448169,1.4947572802098972,117.5,0.276,bright,True,0.798622,0.64515,0.84746,2.03669,-0.65198,0.16484,0.34897,minor,-11.001640875146684,6.967288970947266,6.595695972442627,4.7857,0.0593,2.5085850211326033e-05,0.71947,0.0559579282999038,
531,raise_a_suilen,BERSER-KEY,https://youtu.be/cmwOP8goDTw,cmwOP8goDTw,F#min,11A,117.45384,-2.4554404786722817,-0.10035,1.0386829360751477,-1.2580734805422198,117.5,0.19,acoustic,True,0.352986,0.09105,0.77633,1.27947,-1.15217,-0.73940,0.22277,minor,-11.861398972637764,4.954272270202637,6.742823600769043,5.2298,0.6657,0.000126621249364689,0.788338,0.0545368865132331,
532,raise_a_suilen,POLARIS,https://youtu.be/M-6HMvPPnLM,M-6HMvPPnLM,G#min,1A,123.04688,-1.7497550633196601,-0.15228,-0.23589911700068,-0.6358107408061326,123.0,0.429,neutral,True,0.625574,0.28579,0.73777,1.56527,-0.70947,0.03637,-0.13567,minor,-10.861011293540061,2.4842309951782227,6.436262130737305,5.1162,0.2295,8.657028956804425e-06,0.681682,0.0523838251829147,
533,raise_a_suilen,HOWLING AMBITION,https://youtu.be/XYMoaMqyf6s,XYMoaMqyf6s,Gmin,6A,135.99918,-1.6075900989686889,-0.18865,-3.7155256025307066,0.40668138160886996,136.0,0.935,bright,True,0.700613,0.88654,0.70887,2.18149,0.06254,1.13385,1.12697,minor,-8.40452794618075,2.611070156097412,7.316412925720215,4.8789,0.1641,6.59769170852087e-07,0.669298,0.0712671652436256,
534,raise_a_suilen,VIVID FIRST TIME,https://youtu.be/ckqNhklWz6I,ckqNhklWz6I,F#maj,2B,99.38401,0.038717865806290996,0.23831,-0.9456511418326623,1.4230985738786817,136.0,0.898,bright,True,0.633231,0.57353,0.65621,1.56461,-0.12937,0.59972,0.85322,major,-9.26282585766074,1.3012285232543945,7.206711292266846,5.4177,0.7964,6.308071078819921e-07,0.73093,0.071908138692379,
535,raise_a_suilen,'FIGHT' ADDICT,https://youtu.be/gHqSTnDDmJk,gHqSTnDDmJk,Bmaj,1B,129.19922,0.2887531970486492,0.26998,-2.4421217428447752,1.4817513828493416,129.2,0.956,bright,True,0.561256,0.86246,0.74930,2.02915,-0.20993,0.81310,0.85785,major,-7.9113447939047115,2.2420902252197266,7.219334125518799,5.665,0.1565,3.3019873626471963e-06,0.625955,0.0795803368091583,
536,raise_a_suilen,Drown Out the Noise and Push Through the Trash,https://youtu.be/EELGtL1U1vw,EELGtL1U1vw,C#maj,3B,95.70312,-1.2379156939155076,0.13007,-0.8204894798886577,0.2405089454293467,95.7,0.939,shimmer,True,0.039051,-0.05391,0.85155,1.28261,-1.51536,0.15722,0.02290,major,-8.545724437023516,5.103025436401367,7.048437118530273,4.8352,0.193,9.631159628042951e-06,0.770215,0.0614337474107742,
537,raise_a_suilen,FIVE as ONE,https://youtu.be/rRo4HYj654A,rRo4HYj654A,Bmaj,1B,129.19922,-0.028716713430611884,0.29558,0.8950849910481987,0.6347265333871521,95.7,0.964,acoustic,True,0.097243,0.41755,0.76501,1.67933,-0.64771,-0.04526,0.40810,major,-8.146544651476425,3.3801169395446777,6.532959938049316,5.0026,0.2249,6.266358832363039e-05,0.583809,0.052855048328638,
538,raise_a_suilen,EXPOSE 'Burn out!!!' (English),https://youtu.be/JuSc3CMEv34,JuSc3CMEv34,Cmin,5A,129.19922,-1.3888767652811975,-0.23439,-2.289083605266972,0.08412249998228048,129.2,0.46,bright,True,0.928790,0.79929,0.73086,2.04186,-0.11439,0.64394,0.89406,minor,-10.544044739657114,3.7231626510620117,6.672993183135986,5.2082,0.2264,1.2782115845766384e-06,0.707856,0.0612180233001709,
539,raise_a_suilen,Takin' my Heart (English),https://youtu.be/ops9Visjdwc,ops9Visjdwc,A#maj,6B,123.04688,-1.4217586703417362,0.06455,-0.3961858973150585,0.7780439460495828,123.0,0.222,bright,True,0.783308,0.65940,1.01515,2.13521,-1.34177,-0.97094,-0.21126,minor,-10.88450166514265,5.626151084899902,6.4281721115112305,5.068,0.5502,1.5626224922016263e-05,0.699611,0.0622474625706672,
540,raise_a_suilen,WELCOME TO PANDEMONIUM,https://youtu.be/5sj1cxlpp5U,5sj1cxlpp5U,F#min,11A,103.35938,0.9964350188420165,-0.1917,-1.3402490819598945,0.5597847850037574,103.4,0.953,bright,True,0.408116,0.62267,0.60665,1.54921,-0.19863,0.60387,0.94447,minor,-8.384285162240356,1.2802228927612305,6.8835859298706055,5.1687,0.5243,9.095902555600333e-07,0.821299,0.0795183628797531,
541,raise_a_suilen,WHAT AN EXPLOSION,https://youtu.be/5AL7kBxbMI8,5AL7kBxbMI8,Amin,8A,123.04688,-1.456695199979637,-0.04516,-1.5073354684340647,1.8824087840633439,123.0,0.706,bright,True,0.513783,0.43410,0.76025,1.67966,-0.51411,0.27083,0.46503,minor,-10.208122131834381,3.5555028915405273,6.620962142944336,4.7455,0.8465,9.384502277498541e-07,0.706933,0.1127451509237289,
542,raise_a_suilen,RUNAWAY STAR,https://youtu.be/DkMyx_sLMlk,DkMyx_sLMlk,F#min,11A,99.38401,-0.6173461768899846,-0.18435,-0.7852982988333637,1.4849712894774403,99.4,0.718,bright,True,0.447933,0.37489,0.69226,1.45780,-0.38879,0.38569,0.52168,minor,-10.651682667534677,2.300654411315918,6.805643081665039,5.4285,0.9347,4.1588718886487186e-05,0.763495,0.064633160829544,
543,raise_a_suilen,Bad Kids All Bet,https://youtu.be/mKt2u5a3-H8,mKt2u5a3-H8,Dmaj,10B,112.34715,-0.9494626893140441,0.03162,-2.7339803102777385,0.1558443417375761,112.3,0.938,bright,True,0.758806,0.98090,0.73003,2.19354,0.03974,1.23394,1.07566,minor,-8.508318062927788,1.5845956802368164,7.311509132385254,5.1694,0.5973,1.9196668290533125e-06,0.714822,0.061919879168272,
544,raise_a_suilen,Light a fire,https://youtu.be/oVEfC2fyvLY,oVEfC2fyvLY,Bmaj,1B,135.99918,-0.8292250429478359,0.27302,2.1069271557218348,1.1754814406354863,136.0,0.121,acoustic,True,0.077335,-0.57046,1.08140,0.93476,-2.67324,-2.09548,-1.79349,major,-11.62492476284796,10.859513282775879,5.922820091247559,4.9499,0.1337,0.01042598020285368,0.594207,0.0416935496032238,
545,raise_a_suilen,Embrace of light,https://youtu.be/7LN3sI8JE5E,7LN3sI8JE5E,Amin,8A,151.99908,-0.7247329888638725,-0.07201,1.3475062443511048,-0.2774540737259753,152.0,0.073,acoustic,True,0.169219,-0.09984,0.89623,1.51122,-1.50420,-1.10737,-0.29814,major,-10.996354919865885,10.314759254455566,6.019962310791016,5.0335,0.0228,0.02733348123729229,0.67867,0.040923498570919,
546,raise_a_suilen,OUTSIDER RODEO,https://youtu.be/gSVSgtA9ke4,gSVSgtA9ke4,Emin,9A,143.55469,-2.390086261204019,-0.23459,-3.2490970472731746,1.976922513911652,143.6,0.454,bright,True,0.918070,0.55370,0.67256,1.61320,-0.45628,0.36884,0.55888,major,-10.693087273206391,2.849599838256836,7.110167026519775,5.4429,0.2584,4.8323104238079395e-06,0.647643,0.0847754925489425,
547,raise_a_suilen,JUST THE WAY I AM,https://youtu.be/-0OIoHQv5qY,-0OIoHQv5qY,Dmin,7A,117.45384,-0.02058294894932955,-0.0581,-0.7098990721274757,0.3447455305860311,117.5,0.763,neutral,True,0.668453,0.45844,0.75830,1.74226,-0.37435,0.72176,0.85603,minor,-9.835844307109996,2.782477378845215,6.774864673614502,5.0626,0.7462,6.14846885582665e-06,0.676831,0.0878881141543388,
548,raise_a_suilen,ラスハピーポー！,https://youtu.be/Wq-hNQDOPJA,Wq-hNQDOPJA,Dmaj,10B,129.19922,-1.286516554270555,0.21236,-2.555555238002779,0.5499987942713007,129.2,0.393,bright,True,0.907351,0.70551,0.70620,1.88857,-0.20797,0.54328,0.70250,major,-10.740699661384351,2.6054906845092773,6.777252197265625,5.7721,0.8176,0.00013963686069473624,0.659077,0.0751900523900985,
549,raise_a_suilen,1/3の純情な感情 (Cover),https://youtu.be/GBGMF98_oBs,GBGMF98_oBs,A#min,3A,151.99908,-1.8392305876317674,-0.10637,-3.285265184338178,1.5664159865411125,152.0,0.244,bright,True,0.968606,0.73794,0.93961,2.35467,-0.45643,-0.05621,0.90399,major,-10.719113692609895,3.2197790145874023,6.769112586975098,5.4503,0.3374,1.0230294719804078e-05,0.675932,0.0505292788147926,
550,raise_a_suilen,ヒトリノ夜 (Cover),https://youtu.be/9zwlVCZ4LRw,9zwlVCZ4LRw,A#min,3A,117.45384,-1.2862242708300247,-0.12727,-1.918049687392565,1.0908168369437157,117.5,0.363,bright,True,0.919602,0.59638,0.81569,1.90691,-0.58688,0.08567,1.03552,minor,-10.862621409338558,2.1456098556518555,7.014077186584473,5.3842,0.8435,1.1845040717162192e-05,0.72694,0.0830289870500564,
551,raise_a_suilen,激動 (Cover),https://youtu.be/AacM4_SwEPc,AacM4_SwEPc,Gmaj,9B,112.34715,-1.9573555075555984,0.05351,-2.177217453900279,-0.6488166381666881,112.3,0.076,bright,True,0.862940,0.38868,1.14101,2.12369,-1.75588,-1.77690,0.78767,minor,-11.602619586963653,8.959354400634766,6.492489337921143,5.4062,0.4164,8.081234227574896e-06,0.704459,0.0554435476660728,
552,raise_a_suilen,メギツネ (Cover),https://youtu.be/FHdbSnHhlts,FHdbSnHhlts,Dmin,7A,95.70312,-3.792917782863035,-0.14421,2.1626247673411285,-0.6162387593412193,143.6,0.59,acoustic,True,0.343798,0.24080,0.64847,1.10488,-0.49055,0.10791,0.62179,minor,-10.639038284689365,2.679231643676758,6.65673828125,4.1434,0.2872,9.263059155273368e-07,0.750306,0.0650428831577301,
553,raise_a_suilen,Bling-Bang-Bang-Born (Cover),https://youtu.be/ciUhdk5mxt4,ciUhdk5mxt4,Fmin,4A,103.35938,0.687522089361926,-0.00625,-3.252781661996829,1.04845296738579,161.5,0.443,shimmer,True,0.737366,0.51785,1.00334,2.36444,-0.82871,0.44462,1.05189,minor,-11.09772634781026,1.9157238006591797,7.020607948303223,5.3356,0.9894,7.000464279371954e-07,0.793852,0.132711112499237,
554,raise_a_suilen,第六感 (Cover),https://youtu.be/cb2c5sJShsQ,cb2c5sJShsQ,Emin,9A,135.99918,-0.3694921932543687,-0.37365,-2.8569029479608274,-0.11128163754645237,136.0,0.508,bright,True,0.962481,0.87593,0.97561,2.75059,-0.36936,1.37358,0.88845,minor,-10.136061131586802,3.7698745727539062,6.798042297363281,5.7612,0.7249,2.4253226001746953e-05,0.637225,0.118998534977436,
555,raise_a_suilen,革命道中 (Cover),https://youtu.be/xj_PkFdvQ0g,xj_PkFdvQ0g,Bmin,10A,123.04688,0.5943955861130887,-0.17691,-0.0002840676627541838,-0.28724006445843236,123.0,0.431,shimmer,True,0.806279,0.41162,0.97348,2.17601,-0.92848,0.76129,0.68001,minor,-11.011554572409338,5.022731781005859,6.675373554229736,5.5407,0.4012,7.084777462296188e-05,0.632299,0.0839642435312271,
556,raise_a_suilen,Get Wild (Cover),https://youtu.be/ezQiWaCbpug,ezQiWaCbpug,Fmin,4A,135.99918,-0.4086447929809416,-0.10374,0.8174427972747886,-0.8149890743462114,136.0,0.692,acoustic,True,0.440276,0.41685,0.88895,1.70164,-1.03988,0.13248,0.27729,major,-9.83094078891965,3.0340499877929688,6.892185211181641,4.8393,0.2492,1.2803050140064443e-06,0.675779,0.1022735014557838,
557,raise_a_suilen,ボッカデラべリタ (Cover),https://youtu.be/OsWFLfjctjQ,OsWFLfjctjQ,Dmaj,10B,112.34715,0.33618085442031526,0.04134,0.5493921659317855,-1.0528202168569498,172.3,0.759,neutral,True,0.383614,0.24546,0.80728,1.63703,-0.83045,0.40496,0.06166,major,-10.399119605067318,2.146397590637207,6.349400997161865,5.4052,0.8495,1.7687747458694503e-05,0.756691,0.0544905066490173,
558,raise_a_suilen,第ゼロ感 (Cover),https://youtu.be/-87myA3SB-g,-87myA3SB-g,Gmin,6A,151.99908,-2.4655900504601105,-0.18127,-1.482405223613332,-0.15042560047627915,152.0,0.703,bright,True,0.317764,0.38403,0.85541,1.73152,-1.19004,0.29592,-0.90408,minor,-9.455042023619892,4.745462417602539,6.8125176429748535,4.8631,0.0334,6.39125710222288e-06,0.754835,0.0752394050359726,
559,raise_a_suilen,劣等上等 (Cover),https://youtu.be/jE_GE2IJ5FA,jE_GE2IJ5FA,F#min,11A,107.66602,-0.7003634511127673,-0.11002,-2.051946723493098,2.172389786864465,107.7,0.656,bright,True,0.789433,0.62588,0.87876,2.39706,-0.40919,0.66183,1.07420,minor,-10.088958601915042,3.2539749145507812,6.83705997467041,4.9085,0.8754,3.816900425590575e-05,0.647324,0.0686740130186081,
560,raise_a_suilen,Just Awake (Cover),https://youtu.be/nyn9h6BraQ4,nyn9h6BraQ4,D#maj,5B,129.19922,-1.7161085112333416,0.31987,0.15365921305933855,-0.11128163754645237,129.2,0.54,neutral,True,0.590352,0.29579,0.70900,1.32055,-0.68593,0.37379,0.63921,major,-10.762274806274492,2.959458351135254,6.5147247314453125,4.4273,0.4483,5.392220828071004e-06,0.679014,0.0648493468761444,
561,raise_a_suilen,Keep the Heat and Fire Yourself Up (Cover),https://youtu.be/SGMxavJkvqA,SGMxavJkvqA,C#maj,3B,112.34715,-1.5309987976104147,0.12296,-0.48856499659679997,0.17213328115031068,152.0,0.69,neutral,True,0.588821,0.46319,0.77666,1.65665,-0.75496,0.44296,0.76479,minor,-10.223273889842554,3.5201292037963867,7.164953708648682,4.9139,0.3313,5.237783625489101e-06,0.767159,0.068075880408287,
562,raise_a_suilen,ボッカデラベリタ (Cover),https://youtu.be/1Ey5S6imOwM,1Ey5S6imOwM,Dmaj,10B,112.34715,0.6453166522077469,0.05188,1.064625605540991,-1.2026405781996585,172.3,0.844,neutral,True,0.248851,0.16474,0.78885,1.51478,-0.87076,0.33241,0.00062,major,-10.132983667812654,1.9524450302124023,6.4268269538879395,5.1595,0.8663,2.0083185518160462e-05,0.771658,0.0572159141302108,
563,raise_a_suilen,VORACITY (Cover),https://youtu.be/rdAtnVC03M0,rdAtnVC03M0,G#min,1A,99.38401,-0.35150391009443316,-0.06419,0.42507686886489193,0.35453152131848775,99.4,0.473,neutral,True,0.522971,0.20845,0.80713,1.65897,-0.69929,0.33388,0.59020,minor,-10.091568872991045,4.865944862365723,6.695562362670898,5.1778,0.1246,6.253458559513092e-05,0.591186,0.0919187068939209,
564,raise_a_suilen,神っぽいな (Cover),https://youtu.be/J1pFz1b08f8,J1pFz1b08f8,Gmaj,9B,135.99918,1.4400456875534466,0.15824,1.499981537608906,-1.0788951470021408,143.6,0.625,neutral,True,0.464778,0.36100,0.84995,1.70714,-0.60683,-0.20695,0.79834,major,-10.024666007014929,2.7640457153320312,7.034254550933838,5.5704,0.7477,3.228346031391993e-05,0.661088,0.1447707712650299,
565,raise_a_suilen,狂乱 Hey Kids!! (Cover),https://youtu.be/NaadmtMFqI4,NaadmtMFqI4,Gmin,6A,143.55469,0.11390680645151008,-0.05053,0.5481901970204754,1.7912412316912956,143.6,0.835,neutral,True,0.245789,0.25444,0.70544,1.50717,-0.55861,0.55549,0.51063,minor,-10.03131300058175,1.8688993453979492,7.139240264892578,5.2432,0.6322,1.6484900697832927e-06,0.838796,0.0508225224912166,
566,raise_a_suilen,SAVIOR OF SONG (Cover),https://youtu.be/M45pCdVZhHY,M45pCdVZhHY,Amin,8A,129.19922,-0.5143401525880142,-0.30649,-0.9820856663325447,0.6575184214801643,129.2,0.381,bright,True,0.676110,0.37887,0.84477,1.76773,-0.94676,0.46046,0.56486,minor,-10.472039247510338,7.006274223327637,6.860544204711914,5.5393,0.1033,0.0002313678851351142,0.726667,0.081134058535099,
567,raise_a_suilen,恋しさとせつなさと心強さと (Cover),https://youtu.be/8XRwP6pLi_s,8XRwP6pLi_s,Fmaj,7B,129.19922,-2.6944534713849095,0.04131,-0.056109686978854365,-1.1146929324557087,129.2,0.325,neutral,True,0.290199,-0.06326,0.82934,1.42857,-1.13702,-0.03200,0.56936,major,-11.38490705454988,3.997011184692383,6.972379684448242,5.8397,0.7097,0.0004174782952759415,0.636729,0.1071688830852508,
568,raise_a_suilen,DEPARTURES (Cover),https://youtu.be/TLq1MbV686M,TLq1MbV686M,Dmaj,10B,99.38401,-0.31363242471477887,0.06551,1.5447329554399567,-1.0919010443626966,99.4,0.082,neutral,True,0.219755,-0.31900,0.93542,1.22940,-1.74679,-0.28351,-0.72980,major,-11.907509266255335,7.681570053100586,6.674078941345215,5.6624,0.4073,0.115804523229599,0.552207,0.0737331584095954,
569,raise_a_suilen,CORE PRIDE (Cover),https://youtu.be/sS9JtIVl-Lw,sS9JtIVl-Lw,Fmaj,7B,92.28516,-0.41019428211107267,0.01348,-0.08338794666498728,-1.0821150536302395,123.0,0.876,neutral,True,0.654671,0.43034,0.68428,1.60813,-0.43440,0.37541,0.57379,minor,-9.52349162053714,1.2890853881835938,6.865342140197754,5.2213,0.6109,7.889564585639164e-06,0.674087,0.0601237900555133,
570,roselia,Neo-Aspect,https://youtu.be/uzju3Lb7Snk,uzju3Lb7Snk,Bmaj,1B,117.45384,-0.6097469940981615,0.16995,-0.8135463462682514,-0.316534901231722,117.5,0.737,neutral,True,0.342266,0.20525,0.68738,1.19842,-0.87677,-0.06116,-0.02179,major,-9.731862722276668,3.1904897689819336,6.894420146942139,5.3767,0.5106,5.589836746366927e-06,0.638236,0.0609670989215374,
571,roselia,BLACK SHOUT (10th anniv. ver.),https://youtu.be/35IMBUZz_50,35IMBUZz_50,Emin,9A,123.04688,-0.904654207535042,-0.21908,1.9551348863147742,-1.5837891333728273,123.0,0.152,acoustic,True,0.313170,0.01992,0.78496,1.06124,-1.30456,-0.71042,0.07958,minor,-11.799876945008537,4.969873428344727,6.576953411102295,5.513,0.3556,0.00018526214989833534,0.695999,0.0739190354943275,
572,roselia,Opera of the wasteland,https://youtu.be/kzzXxwU3qo4,kzzXxwU3qo4,F#maj,2B,135.99918,-0.1840285640593421,0.24547,1.1908912394401039,0.3447455305860311,136.0,0.777,acoustic,True,0.141654,0.02147,0.83586,1.29704,-1.37868,-1.25115,0.03915,major,-9.841238024235144,4.361546516418457,6.618626117706299,5.4116,0.424,0.00019652015180326998,0.641445,0.047775525599718,
573,roselia,陽だまりロードナイト (10th anniv. ver.),https://youtu.be/5k1LEXeLjn0,5k1LEXeLjn0,Dmaj,10B,143.55469,-1.3004771185469697,0.28811,1.4763228791600609,-1.5903552174771856,143.6,0.042,acoustic,True,0.559724,-0.10118,0.79627,1.19738,-1.22907,0.01608,-0.19594,major,-13.542394654800416,2.334108352661133,6.480823040008545,5.9385,0.8404,2.4090455553960055e-05,0.740831,0.0565775632858276,
574,roselia,ONENESS,https://youtu.be/m3mZynIlQe0,m3mZynIlQe0,F#min,11A,129.19922,-1.8176643475758862,-0.05225,-0.6377148339408045,-1.525199459826248,129.2,0.176,shimmer,True,0.718989,0.05190,0.80660,1.25740,-1.01461,-0.17828,0.19774,minor,-11.894921764497537,3.7636241912841797,6.972319602966309,5.4326,0.5046,4.610448286257451e-06,0.687243,0.0719588845968246,
575,roselia,Re:birth day,https://youtu.be/cqY4sBLd-_E,cqY4sBLd-_E,Emin,9A,112.34715,-0.6469140504399018,-0.11542,1.674428490592782,0.0776195513020026,112.3,0.144,acoustic,True,0.339204,-0.00676,0.85505,1.21227,-1.39045,-0.11908,0.25904,major,-12.088886053759284,3.7707767486572266,6.403259754180908,5.6171,0.4514,0.00032990670297294855,0.680204,0.0473273918032646,
576,roselia,Legendary,https://youtu.be/MaWXiKOzwUc,MaWXiKOzwUc,Emin,9A,143.55469,-0.16522504793666157,-0.19451,-0.6795130275642579,0.32195364249301894,143.6,0.701,neutral,True,0.354518,0.07859,0.64449,1.18821,-0.83462,0.22799,-0.00013,minor,-10.565411106833633,2.3167247772216797,6.711234092712402,5.6552,0.9255,0.0014610487269237638,0.649698,0.0685391575098037,
577,roselia,- HEROIC ADVENT -,https://youtu.be/HD--qY58fsM,HD--qY58fsM,Emin,9A,123.04688,-1.2520273679085918,-0.14489,0.27526778319156103,0.14277530895294024,123.0,0.388,neutral,True,0.452527,0.06978,0.77924,1.22209,-0.94093,-0.26484,0.54963,major,-11.085622026877411,2.280059814453125,6.780776023864746,6.0588,0.421,4.08313462685328e-05,0.648286,0.0714704617857933,
578,roselia,Determination Symphony,https://youtu.be/ov8roESpuDg,ov8roESpuDg,Dmaj,10B,129.19922,-1.7410460566912846,0.14088,-1.4199499624139482,0.8692746338457116,129.2,0.308,bright,True,0.778714,0.27197,0.75849,1.56644,-0.73326,0.38849,0.56972,major,-11.41852590410004,2.4821605682373047,6.85039758682251,5.5781,0.3739,7.166745035647182e-06,0.731212,0.0551180765032768,
579,roselia,熱色スターマイン,https://youtu.be/Rl3PmcgxePc,Rl3PmcgxePc,Bmin,10A,123.04688,-1.5430391446326115,-0.11693,0.27796168995500364,-0.0331199825349593,123.0,0.293,neutral,True,0.663859,0.31273,0.79315,1.56355,-0.75778,-0.12010,0.49410,minor,-11.105645883352555,2.9463863372802734,6.547285556793213,5.8195,0.1702,1.4519518117594998e-05,0.641586,0.0470857247710228,
580,roselia,軌跡,https://youtu.be/kRWHkr4KFr0,kRWHkr4KFr0,Amaj,11B,172.26562,0.7917672503338902,0.29811,2.6552810468588515,-0.7628392140558288,172.3,0.029,acoustic,True,0.042113,-0.62768,1.04079,0.89018,-2.51348,-2.13036,0.39904,major,-11.509514611485038,12.8460693359375,5.987321376800537,5.1243,0.076,0.1642947793006897,0.415649,0.0495593175292015,
581,roselia,LOUDER,https://youtu.be/RZBHAjojJhg,RZBHAjojJhg,Dmaj,10B,129.19922,-0.4054162076157153,0.09439,-0.6753203452715297,1.4915373735817983,129.2,0.229,shimmer,True,0.388208,-0.01200,0.69557,1.12871,-1.06453,0.12641,-0.50850,major,-11.746618199537535,3.433417320251465,6.716906547546387,5.5489,0.2705,0.00013622711412608624,0.68385,0.055327896028757,
582,roselia,R,https://youtu.be/x2szJNLEWHY,x2szJNLEWHY,Dmin,7A,123.04688,-0.3506872071832224,-0.16695,-1.9456463338132424,0.5793567664686712,123.0,0.668,bright,True,0.555130,0.35884,0.90858,1.94300,-0.82434,0.80107,-0.27405,minor,-10.15649884876053,4.8900299072265625,7.171693801879883,5.5442,0.2933,3.593987457861658e-06,0.767623,0.068721055984497,
583,roselia,BRAVE JEWEL,https://youtu.be/DkhxP_MpNZw,DkhxP_MpNZw,Emaj,12B,129.19922,-0.3148129009189849,0.06269,-0.35812627954370146,0.4261902276497033,129.2,0.341,shimmer,True,0.334609,-0.08365,0.79977,1.02768,-1.46523,-0.01238,0.03866,minor,-11.227343357067465,4.5473480224609375,6.834015369415283,5.7256,0.3845,6.208932609297335e-05,0.693173,0.0780817121267318,
584,roselia,FIRE BIRD (10th anniv. ver.),https://youtu.be/WbR3g1xuEAA,WbR3g1xuEAA,Gmin,6A,99.38401,-6.584686832678741,-0.20889,1.158243871884651,0.19492516924332282,152.0,0.005,acoustic,True,0.824655,-0.45702,0.67109,0.65092,-1.45248,-0.31017,-1.01857,minor,-18.114247005975695,6.208261489868164,6.145306587219238,5.0053,0.1155,6.894172838656232e-05,0.799487,0.0597378574311733,
585,roselia,Safe and Sound,https://youtu.be/0Hj-eXZzL90,0Hj-eXZzL90,Emin,9A,123.04688,0.21043903748148085,-0.04884,0.8498915300348977,-0.08526984282534152,123.0,0.631,acoustic,True,0.184533,0.05179,0.84861,1.43047,-1.09527,-0.41960,0.44450,major,-10.108620765290524,4.542701721191406,6.645687103271484,5.6414,0.0608,0.0012006789911538363,0.647713,0.0492328405380249,
586,roselia,Avant-garde HISTORY,https://youtu.be/YfY82CJjyII,YfY82CJjyII,F#min,11A,112.34715,-0.6650958855551211,-0.17089,0.6821360082288159,0.34152562395793234,112.3,0.653,acoustic,True,0.291730,0.12193,0.77071,1.26574,-1.02073,0.00756,0.11773,minor,-10.667537395015126,2.935392379760742,6.418674468994141,5.4512,0.2964,0.0002269555116072297,0.687672,0.0520587638020515,
587,roselia,Break your desire,https://youtu.be/tzXB1HCJAQo,tzXB1HCJAQo,C#maj,3B,135.99918,0.11779128088956303,0.20558,0.6378110168084707,-0.19600937666230342,136.0,0.683,neutral,True,0.323890,0.06511,0.80836,1.49632,-0.92092,-0.34486,0.73727,minor,-10.310021933438074,2.9952287673950195,6.536410331726074,5.4559,0.1596,0.00016344782488886267,0.617979,0.0494103468954563,
589,roselia,約束,https://youtu.be/aJBcjvGBuI0,aJBcjvGBuI0,Emin,9A,123.04688,-1.6107209078439682,-0.27412,0.4227296504729312,0.48484303662036304,123.0,0.575,acoustic,True,0.307044,0.07225,0.68141,1.07990,-0.86082,-0.33363,0.32735,minor,-10.541399811417497,2.9090309143066406,6.688951015472412,5.6365,0.1459,0.0002908199967350811,0.693809,0.047905545681715,
590,roselia,"""UNIONS"" Road",https://youtu.be/1afLYh5w8XY,1afLYh5w8XY,Fmaj,7B,135.99918,-0.38811653018105896,0.10036,1.59999547771094,-0.4989962768239795,136.0,0.593,acoustic,True,0.147779,-0.20436,0.74438,0.95132,-1.30701,-0.68428,-0.31941,major,-10.715710353831879,4.536842346191406,6.614360809326172,5.6035,0.5228,0.0001951079466380179,0.640045,0.0679890662431716,
591,roselia,Song I am.,https://youtu.be/nAUYgGbWtpg,nAUYgGbWtpg,Dmin,7A,129.19922,-1.2283411657993009,-0.09206,-1.07999517482251,-0.7042495405092495,129.2,0.484,bright,True,0.619449,0.34820,0.89304,1.56472,-1.10128,-0.06734,1.46799,minor,-10.399366486826198,5.2587080001831055,6.857922554016113,5.0156,0.0441,1.6249796317424625e-06,0.744867,0.0476221367716789,
592,roselia,Sage der Rosen,https://youtu.be/z0jU3sNiA44,z0jU3sNiA44,Dmin,7A,161.49902,-0.2226488954056849,-0.23285,1.8673538198076323,0.5695707757362141,161.5,0.574,acoustic,True,0.069678,-0.29020,0.72461,0.76624,-1.49008,-1.41882,0.10740,minor,-10.492504019177133,6.756220817565918,6.430237770080566,5.3148,0.2508,0.0006362003041431308,0.688825,0.0508038029074668,
593,roselia,覚悟のLiberation,https://youtu.be/ncY1KiGbQk8,ncY1KiGbQk8,F#min,11A,123.04688,-1.1519953709959088,-0.07522,0.0919182105162762,1.133180706501641,123.0,0.662,neutral,True,0.256508,0.20160,0.67793,1.23470,-0.77821,0.27762,0.79351,minor,-10.867860419420966,2.9315061569213867,6.30274772644043,5.3173,0.5623,6.279363879002631e-05,0.76849,0.0579531788825988,
594,roselia,Keep Heart,https://youtu.be/0e9gzU4spFU,0e9gzU4spFU,Emin,9A,99.38401,0.9815538487928319,-0.02116,-0.34568826406011305,1.0060890978278645,99.4,0.695,shimmer,True,0.449464,0.15776,0.73152,1.22730,-0.85938,-0.01908,-0.10478,minor,-10.420406866094252,3.098125457763672,6.798551082611084,5.7561,0.4149,6.289606972131878e-05,0.657837,0.0562396310269832,
595,roselia,Original Call,https://youtu.be/Rfw6OoJj3Cw,Rfw6OoJj3Cw,D#maj,5B,117.45384,0.7270529895483007,0.1871,1.281685357620574,-0.1471425584241,117.5,0.307,acoustic,True,0.316233,0.00423,0.83297,1.27202,-1.21109,-0.48507,-0.28256,major,-11.006685166001398,5.724236488342285,6.624788284301758,5.2641,0.1353,3.9933227526489645e-05,0.711366,0.0475053377449512,
596,roselia,Always recall.,https://youtu.be/M5h9Td238hI,M5h9Td238hI,Gmaj,9B,123.04688,-0.02504055918235846,0.02509,-0.5144467702493087,0.06133061188926836,123.0,0.624,neutral,True,0.443338,0.23853,0.85436,1.59252,-0.93434,0.18437,0.10378,minor,-10.30225736535281,5.136735916137695,6.681467056274414,5.1444,0.0805,7.176329745561816e-06,0.756913,0.0568614825606346,
597,roselia,Floral Haven,https://youtu.be/TqtHS3dSC0g,TqtHS3dSC0g,Bmaj,1B,129.19922,-0.47875478223955714,0.08326,-0.2059358662138222,1.6218488888836737,129.2,0.539,neutral,True,0.101838,-0.10994,0.87684,1.01753,-1.54572,-0.96325,-0.04652,major,-10.331601191873531,7.623120307922363,6.383910179138184,4.7539,0.2036,1.77013916982105e-05,0.675433,0.0371817611157894,
598,roselia,Sprechchor,https://youtu.be/lP2_umDbADY,lP2_umDbADY,Dmaj,10B,151.99908,-0.31165819409169904,0.14219,1.0900806617595826,0.5988656125095041,152.0,0.358,acoustic,True,0.088055,-0.25594,0.94918,0.96657,-1.87108,-1.52616,0.31975,minor,-11.108781934637737,7.476831436157227,6.579805374145508,5.3453,0.2204,0.00014448384172283113,0.692435,0.0477769784629344,
599,roselia,閃光,https://youtu.be/I0s49imrtho,I0s49imrtho,C#min,12A,117.45384,-0.08920319135137511,-0.19805,0.5989573257453703,-0.5608689924227384,117.5,0.226,shimmer,True,0.360643,-0.26108,0.79271,0.92741,-1.53575,-0.75147,-0.11482,minor,-11.710571207265202,3.461094856262207,6.837859153747559,5.9322,0.7356,0.004298778250813484,0.731269,0.0680309236049652,
600,roselia,THE HISTORIC...,https://youtu.be/2AjNrv9FhRQ,2AjNrv9FhRQ,Emin,9A,117.45384,-0.8844761570255719,-0.26581,-0.014737764048730811,0.8562687364851561,117.5,0.263,neutral,True,0.519908,0.13440,0.70649,1.33832,-0.95790,-0.59403,0.12072,minor,-11.434581561211283,3.493891716003418,6.5517706871032715,5.1755,0.4377,3.5952668895333773e-06,0.685014,0.0558026134967803,
601,roselia,ROZEN HORIZON,https://youtu.be/-azA3blqTuI,-azA3blqTuI,Emin,9A,107.66602,-0.7802533672597834,-0.27316,0.47798718073875246,0.7226741791311019,107.7,0.581,acoustic,True,0.277948,0.07697,0.63828,1.13094,-0.91290,-0.51009,-0.03626,minor,-10.68114553268073,5.046029090881348,6.632359981536865,5.2717,0.1185,4.509694917942397e-05,0.693482,0.0536242425441741,
602,roselia,廻廻奇譚 (Cover),https://youtu.be/Upm95P9Wye0,Upm95P9Wye0,C#maj,3B,123.04688,1.572761869367303,0.0393,-0.5060055797143701,-0.01683104312222471,123.0,0.615,shimmer,True,0.705207,0.55059,0.91860,2.08879,-0.85967,1.10037,0.93255,minor,-10.46472000338097,5.835674285888672,6.776978969573975,5.6129,0.3283,2.4543503968743607e-05,0.756815,0.0719600245356559,
603,roselia,鳥の詩 (Cover),https://youtu.be/Y5CTSrakFlY,Y5CTSrakFlY,F#maj,2B,123.04688,-0.8187619386464573,0.11991,1.3224517214756508,-0.41755157976030766,123.0,0.117,acoustic,True,0.230475,-0.09134,0.94677,1.25002,-2.20946,-1.32166,-1.52440,minor,-12.167061401948677,4.843774795532227,6.403257369995117,6.1096,0.8678,0.0005725956289097667,0.721636,0.037420131266117,
604,roselia,Synchrogazer (Cover),https://youtu.be/3QeYCxU7ftQ,3QeYCxU7ftQ,D#min,2A,107.66602,-1.943247755796293,-0.08428,-1.2751278659011536,0.7063852397183673,107.7,0.164,bright,True,0.816998,0.46382,0.72472,1.52024,-0.59625,1.01170,1.37369,minor,-11.79211488929463,2.9366703033447266,6.780866622924805,5.2919,0.5137,7.853328497731127e-06,0.737969,0.0576476119458675,
605,roselia,名前のない怪物 (Cover),https://youtu.be/7jOjYce_f4c,7jOjYce_f4c,Fmaj,7B,117.45384,-2.427292527718442,0.19829,-0.6942192815759232,0.03531881716815751,117.5,0.032,bright,True,0.757274,0.31011,0.94140,1.68660,-1.15187,1.02412,0.81212,major,-12.59737434111644,7.775582313537598,6.168036460876465,5.5628,0.1672,0.00032880864455364645,0.697298,0.0450298525393009,
606,roselia,Dazzle the Destiny,https://youtu.be/NBqwhhtVs9I,NBqwhhtVs9I,F#maj,2B,129.19922,1.073511611898637,0.00027,1.1291481002018369,-0.11128163754645237,129.2,0.882,acoustic,True,0.195253,0.02702,0.60845,0.90917,-0.76719,-0.14958,0.20300,major,-9.798206798863601,1.7610797882080078,6.813990116119385,5.4348,0.4574,7.80025075073354e-05,0.719179,0.0524010546505451,
607,roselia,Grateful Melting,https://youtu.be/xeBOEvFrWK8,xeBOEvFrWK8,Cmaj,8B,117.45384,0.8472187192057072,0.07339,1.9575630272503508,1.6739356137499757,123.0,0.31,acoustic,True,0.089587,-0.28310,0.87787,0.95046,-1.79559,-1.25058,0.31487,major,-11.22742444572647,7.327752113342285,6.310678482055664,5.2419,0.0623,0.0005427942960523069,0.716888,0.0605922415852546,
608,roselia,Second to None,https://youtu.be/qqEMtc1NtGk,qqEMtc1NtGk,Dmaj,10B,123.04688,0.7138942572158611,0.01186,-1.0166517670327366,0.9051355547233594,123.0,0.917,bright,True,0.287136,0.30867,0.73806,1.54582,-0.67329,0.08478,0.47404,minor,-9.136827806744483,2.7554636001586914,6.928733825683594,5.4375,0.2812,6.333122291835025e-05,0.698689,0.0468621402978897,
609,roselia,Steadfast Spirits,https://youtu.be/ppeswfW0mg4,ppeswfW0mg4,Dmin,7A,129.19922,0.18842583014185538,-0.07934,0.7879464730997896,-0.32960393401635785,129.2,0.901,neutral,True,0.107963,0.06639,0.72075,1.08340,-0.98449,-0.50700,0.23769,minor,-9.655096487775154,2.4268150329589844,6.697565078735352,5.5665,0.4863,0.00024925521574914455,0.715524,0.0631365776062011,
610,roselia,紫炎,https://youtu.be/0BsIKL3t76M,0BsIKL3t76M,Emin,9A,129.19922,-0.6143079771279076,-0.05165,-0.7833698727015171,0.7845468947298604,129.2,0.841,neutral,True,0.424962,0.21952,0.63665,1.12969,-0.51611,0.17358,0.77351,minor,-9.719733997273291,2.432229995727539,6.874719619750977,5.5517,0.5456,1.56551759573631e-05,0.687827,0.0691905915737152,
611,roselia,XV,https://youtu.be/P9PXzNniuaY,P9PXzNniuaY,Emin,9A,129.19922,0.016978019271647993,-0.25294,-1.3148612346325117,0.4946290273528198,129.2,0.829,bright,True,0.688361,0.64913,0.68703,1.75799,-0.28094,0.83000,0.66875,minor,-9.582757154614551,4.390998840332031,6.6994218826293945,5.4239,0.0897,1.1193309546797536e-05,0.661765,0.053858682513237,
612,roselia,Blessing Chord,https://youtu.be/FM_2nkBck7U,FM_2nkBck7U,Fmaj,7B,103.35938,-0.505094685800854,0.11399,1.407918319484603,-0.23509020416804977,152.0,0.266,acoustic,True,0.362175,-0.09461,0.72678,1.03074,-1.09668,-0.72505,0.52028,major,-11.457763367735831,3.261063575744629,6.56672477722168,5.7834,0.348,0.0005463368725031614,0.644968,0.05689437687397,
613,roselia,Fear Nothing,https://youtu.be/WhEs2KF4zNo,WhEs2KF4zNo,Cmaj,8B,117.45384,-0.6803825744916899,0.15034,-1.775388586205123,1.3383708347628305,117.5,0.751,bright,True,0.526034,0.39339,0.73484,1.45037,-0.82285,0.24043,0.40690,major,-10.26789710391563,2.4624881744384766,6.8293561935424805,5.0585,0.6581,1.1458856533863582e-05,0.752398,0.051163762807846,
614,roselia,PASSIONATE ANTHEM (10th anniv. ver.),https://youtu.be/aMLTI64iwjg,aMLTI64iwjg,Emin,9A,129.19922,-0.5948806564674801,-0.0039,-1.4369527948887266,-0.44362650990549857,129.2,0.712,bright,True,0.576570,0.29077,0.84627,1.74141,-0.94601,-0.26608,0.52512,minor,-10.209567991912902,3.7755327224731445,6.766969680786133,5.7758,0.1307,4.878057006862946e-05,0.707816,0.0583695545792579,
615,roselia,Requiem for Fate,https://youtu.be/eoq81V4BpHQ,eoq81V4BpHQ,Dmaj,10B,151.99908,-0.3565560143061487,0.06735,-0.4987595982722782,1.4882543315296193,103.4,0.926,neutral,True,0.262634,0.19180,0.68956,1.19493,-0.92937,-0.50524,0.32658,major,-8.923838648133378,3.712754249572754,6.974511623382568,5.2583,0.5258,1.7258775187656283e-05,0.681817,0.0806361213326454,
616,roselia,Sanctuary,https://youtu.be/oShAD90PB_E,oShAD90PB_E,Gmaj,9B,123.04688,1.0754217503536647,0.25609,2.0259072348608003,-0.000542103709490474,123.0,0.637,acoustic,True,0.075804,-0.16879,0.77734,0.98659,-1.30401,-1.08896,0.68073,major,-10.195493528376703,5.152824401855469,6.556694030761719,5.3829,0.0578,0.0017767653334885836,0.644102,0.0447886064648628,
617,roselia,Sunlit Musical,https://youtu.be/BtG1mA_1e0s,BtG1mA_1e0s,A#maj,6B,123.04688,-1.6209082771681715,0.05923,-1.9392009723168349,-1.209206662304016,123.0,0.589,bright,True,0.565850,0.35945,0.88968,1.62314,-1.21428,-1.10816,0.40737,minor,-10.420645667521368,4.38339900970459,6.715420722961426,5.7135,0.2082,1.82378262252314e-05,0.752405,0.0669168159365654,
618,roselia,Talk to My Tone,https://youtu.be/ZtHU3JLdNoU,ZtHU3JLdNoU,Cmaj,8B,103.35938,0.08258879076892978,0.14767,0.10129614788298535,0.8529856944329771,103.4,0.469,neutral,True,0.179939,0.03980,0.90084,1.25897,-1.65070,-1.06780,-0.34600,major,-10.473046610735832,6.99337100982666,6.544854164123535,5.4772,0.1109,0.0003995186707470566,0.701917,0.0517334677278995,
619,roselia,一逢のFull Glory,https://youtu.be/3T7er-ESUf0,3T7er-ESUf0,Amaj,11B,99.38401,-0.024617462043472926,0.30409,-0.025574248617735412,0.4099012882369687,99.4,0.202,neutral,True,0.281011,0.06060,0.92691,1.47157,-1.37785,0.25525,-0.64007,major,-10.819926604689487,8.865795135498047,5.924761772155762,5.4394,0.1535,0.0010429834946990013,0.664895,0.0559289045631885,
620,roselia,礎の花冠 (10th anniv. ver.),https://youtu.be/qH_JzJEJEwQ,qH_JzJEJEwQ,F#min,11A,117.45384,-0.04459130220811691,-0.03736,0.06298010753802002,-0.13413666106354458,117.5,0.894,neutral,True,0.160031,0.21859,0.77654,1.46639,-0.88567,-0.13412,0.47337,minor,-9.65544116994694,3.6245641708374023,6.837509632110596,5.4325,0.2827,1.7530297554912977e-05,0.721832,0.0644632279872894,
621,roselia,FRONTIER FANTASIA,https://youtu.be/XuxC9WuFZcw,XuxC9WuFZcw,Fmin,4A,117.45384,-0.5703719795730149,-0.02125,1.021334230851377,-0.0038251457616692826,117.5,0.806,acoustic,True,0.109495,0.06965,0.90117,1.39306,-1.43103,-0.91929,-0.13563,minor,-9.60041480416008,6.981655597686768,6.8065595626831055,5.7903,0.2751,0.001086801290512085,0.682979,0.0689760744571685,
622,roselia,Dear Gleam,https://youtu.be/ihQB9wYq89g,ihQB9wYq89g,A#maj,6B,129.19922,-0.2733176981308586,0.20839,0.6049963654200405,0.9051355547233594,99.4,0.671,acoustic,True,0.167688,-0.03500,0.75377,1.00405,-1.24630,-0.52497,-0.09112,major,-10.257875001876721,4.783730506896973,6.572310924530029,5.321,0.6839,0.00012995062570553273,0.64572,0.0533616989850997,
623,roselia,Call the shots,https://youtu.be/VBn-ME6-jGs,VBn-ME6-jGs,Fmin,4A,123.04688,-1.4228867825762477,-0.2223,-0.21756755113181359,1.022378037240599,123.0,0.328,neutral,True,0.401991,-0.04102,0.71809,0.99100,-1.02010,-0.70705,-0.41735,minor,-11.607854580295252,2.3241424560546875,6.5055365562438965,5.7539,0.7614,1.376713680656394e-05,0.749233,0.0768042281270027,
624,roselia,THRONE OF ROSE,https://youtu.be/H_ngLOaoMvs,H_ngLOaoMvs,Emin,9A,107.66602,0.5010617141960696,-0.18854,1.2739311924526235,0.5304899482304677,107.7,0.86,neutral,True,0.172282,-0.10702,0.68439,0.93484,-0.95086,-0.13462,0.23448,minor,-9.88219025061212,2.4134130477905273,6.565564155578613,5.4548,0.3997,0.00024502910673618317,0.649683,0.048403225839138,
625,roselia,VIOLET LINE (10th anniv. ver.),https://youtu.be/jOM0l0UZ-Z4,jOM0l0UZ-Z4,Amaj,11B,99.38401,-0.8545925141343965,0.08298,0.24504527367018963,-0.6423136894864102,99.4,0.432,neutral,True,0.152374,0.03536,0.71604,1.06971,-1.09881,-0.22374,0.20820,major,-11.085336961795612,5.768559455871582,6.547241687774658,5.1109,0.4924,1.4378945706994273e-05,0.776518,0.038734808564186,
626,roselia,Ringing Bloom,https://youtu.be/L8f7zQ2AozU,L8f7zQ2AozU,C#min,12A,129.19922,-1.8774156260901447,-0.14285,-1.8065386741704341,1.081030846211259,129.2,0.528,bright,True,0.457121,0.22307,0.84601,1.41520,-1.49901,-1.25164,-0.48365,minor,-10.407875355330681,4.830105781555176,6.695900917053223,5.2931,0.1854,8.182549208868295e-06,0.69119,0.0598487108945846,
627,roselia,ZEAL of proud,https://youtu.be/yRPpG_KttQQ,yRPpG_KttQQ,C#maj,3B,129.19922,-0.9844068145482918,0.00271,-0.6977273470710301,0.7389631185438361,129.2,0.665,bright,True,0.665391,0.23669,0.70455,1.30256,-0.77463,0.14610,0.53138,minor,-10.392202668355493,3.444216728210449,6.915692329406738,5.0962,0.6733,9.128195870289346e-07,0.727573,0.0626051127910614,
628,roselia,Singing “OURS”,https://youtu.be/rGkei9v-jz4,rGkei9v-jz4,Emin,9A,123.04688,-0.3614882707066338,-0.11582,1.251055457929862,1.1136087250367277,123.0,0.015,acoustic,True,0.239663,-0.37581,0.93581,1.18755,-1.65528,-1.47745,-0.05074,minor,-12.961117413349152,9.12324333190918,5.8012471199035645,5.3349,0.1444,0.018217245116829872,0.621709,0.0613221302628517,
629,roselia,競宴Red×Violet,https://youtu.be/fAYoLTda5Uo,fAYoLTda5Uo,Emin,9A,99.38401,-0.958378955903672,-0.15327,-0.7080611836676638,0.8041188761947737,99.4,0.141,neutral,True,0.800153,0.08467,0.77715,1.36883,-0.94345,-0.19022,0.11780,minor,-12.10484501180651,2.956822395324707,6.377754211425781,5.915,0.6459,6.382910214597359e-05,0.588555,0.0683031305670738,
630,roselia,overtuRe,https://youtu.be/ZbI7Cfdo4ZM,ZbI7Cfdo4ZM,Dmin,7A,129.19922,-0.18443486958256028,-0.2758,0.4075657748055685,-0.4827073374112453,129.2,0.648,neutral,True,0.359112,0.14616,0.69428,1.22195,-0.86965,0.11954,0.21228,minor,-10.68229761499457,2.856684684753418,6.835422039031982,5.6578,0.3252,2.979572491312865e-05,0.649539,0.0581512637436389,
631,roselia,Proud of oneself,https://youtu.be/QJ5DMiLGliA,QJ5DMiLGliA,Amaj,11B,129.19922,-0.08506490734749528,0.00496,0.6719303733444633,-0.5641520344749171,129.2,0.402,acoustic,True,0.446401,0.09418,0.74667,1.30479,-0.93313,-0.11867,0.01305,minor,-10.762266849585346,4.926919937133789,6.700057506561279,5.7516,0.2857,0.00010058453335659578,0.640094,0.0578423626720905,
632,roselia,Sing Alive,https://youtu.be/o0zBOPxmrCM,o0zBOPxmrCM,A#maj,6B,129.19922,-0.4371324546338004,0.27564,0.39790321023604974,0.7259572211832807,129.2,0.264,acoustic,True,0.426493,0.02570,0.97242,1.46655,-1.64091,-0.84895,-0.05757,major,-10.79031106698744,7.676883697509766,6.47200345993042,5.2218,0.0198,7.020382327027619e-05,0.654508,0.0484902374446392,
633,roselia,Swear ～Night & Day～,https://youtu.be/q9g4jk1-XCs,q9g4jk1-XCs,Dmin,7A,112.34715,-5.372823824776176,-0.16456,1.0065236285075352,0.02553282643570081,112.3,0.002,acoustic,True,0.951761,-0.57727,0.85016,0.81800,-2.02951,-0.97417,0.01303,minor,-23.694792700557798,8.81259536743164,5.311811447143555,4.6739,0.0532,0.0006480757729150355,0.732081,0.0479240529239177,
634,roselia,Reweave (Cover),https://youtu.be/NOIUNyfVnbI,NOIUNyfVnbI,Fmin,4A,123.04688,0.5942627900843575,-0.04554,-1.7326478572712998,0.6184375939744176,123.0,0.785,neutral,True,0.515314,0.40411,0.81883,1.61402,-0.91869,-0.53687,0.80113,minor,-10.067572764415399,2.359251022338867,6.780218601226807,5.4012,0.5805,2.8893304261146113e-05,0.773845,0.076034590601921,
635,roselia,ヒバナ -Reloaded- (Cover),https://youtu.be/_8_h1aTcH-c,_8_h1aTcH-c,F#min,11A,99.38401,-0.6198178941465547,-0.05616,-3.9396243676407408,1.3416538768150097,99.4,0.813,bright,True,0.927259,0.78017,0.75873,1.97441,-0.41435,0.77997,1.12495,minor,-9.507975866143621,2.474000930786133,7.357708930969238,5.7913,0.8313,4.997346536583791e-07,0.727864,0.0843061208724975,
636,roselia,ファタール (Cover),https://youtu.be/B8Twg8j4a1A,B8Twg8j4a1A,Cmaj,8B,151.99908,1.6454576438561466,0.12219,-1.363417291000579,1.3970236437334906,103.4,0.771,shimmer,True,0.467841,0.21722,0.93371,1.74544,-1.24229,-0.41096,0.15768,major,-10.48305228011691,4.430371284484863,6.805771350860596,5.911,0.8982,0.00025740053388290107,0.733124,0.1050155162811279,
637,roselia,HONEY (Cover),https://youtu.be/frI2-4pnOrw,frI2-4pnOrw,F#min,11A,123.04688,-0.07660220985095911,-0.14797,1.2026497858486085,-1.0365312774442152,123.0,0.677,acoustic,True,0.293262,0.05487,0.76440,1.14336,-1.27659,-0.34799,-0.45818,minor,-10.265306061845685,4.394733428955078,6.666578769683838,6.0345,0.6641,5.608512583421543e-05,0.706295,0.0607357397675514,
638,roselia,悪魔の子 (Cover),https://youtu.be/kHdgtPHuya8,kHdgtPHuya8,F#min,11A,123.04688,0.03165072328188939,-0.22829,2.791310213750426,-1.948711884557343,117.5,0.112,acoustic,True,0.176876,-0.06344,1.07765,1.75386,-1.95781,-0.02004,-1.00164,major,-10.790285105010721,9.727693557739258,6.011351108551025,4.9087,0.035,0.0034579639323055744,0.528254,0.0460946038365364,
639,roselia,slash (Cover),https://youtu.be/gtVeDq1y0R4,gtVeDq1y0R4,Fmin,4A,107.66602,-0.9883440456935099,-0.29507,0.5878611548503095,-0.6228048434455773,107.7,0.2,neutral,True,0.454058,0.18743,0.95971,1.78631,-1.19757,-0.41342,0.53628,minor,-11.098013863885404,7.627873420715332,6.139642715454102,5.3309,0.0547,0.000238478954997845,0.649155,0.0734476298093795,
640,roselia,右肩の蝶 (Cover),https://youtu.be/XfrqZWj8jD0,XfrqZWj8jD0,Emin,9A,112.34715,-0.26155690989245584,-0.19332,0.5600701853227953,-0.8052030836137544,143.6,0.601,neutral,True,0.617917,0.47841,0.71703,1.51970,-0.54087,0.78279,0.68546,minor,-10.787496101157435,2.787832260131836,6.683009147644043,5.6603,0.6672,4.045597597723827e-05,0.701082,0.0608454346656799,
641,roselia,乙女解剖 (Cover),https://youtu.be/c6pS6PEjk4c,c6pS6PEjk4c,Emaj,12B,135.99918,0.9882868245009124,0.00776,-2.6887346163887074,0.4392592604343388,136.0,0.8,neutral,True,0.671516,0.59200,0.80844,1.86443,-0.71022,0.43545,0.77263,minor,-9.634900728239769,3.4402027130126953,6.970692157745361,6.0539,0.845,2.5858107619569637e-05,0.759586,0.0870929732918739,
642,roselia,六兆年と一夜物語 (Cover),https://youtu.be/xnlJkmRhi3Q,xnlJkmRhi3Q,F#min,11A,123.04688,-0.18200982723483144,-0.16295,-1.593737764076234,0.7650380486890274,123.0,0.135,shimmer,True,0.728178,0.31652,0.91863,1.71944,-1.07067,-0.20947,1.37115,minor,-11.735903269173306,4.6146440505981445,6.621281623840332,5.8187,0.8511,7.866229861974716e-05,0.739808,0.0674025192856788,
643,roselia,残酷な天使のテーゼ (Cover),https://youtu.be/wiuhDFE6h0Y,wiuhDFE6h0Y,Fmaj,7B,143.55469,-2.587065476976565,0.01282,0.2841532314626443,-0.880144831997149,143.6,0.096,neutral,True,0.553599,0.21980,0.93219,1.46893,-1.65401,0.16028,-0.01075,minor,-12.501610059301683,4.854504585266113,6.438004493713379,5.5583,0.1322,0.00011425499542383477,0.701885,0.0679497867822647,
644,roselia,海色 (Cover),https://youtu.be/ohmlUNGuGP0,ohmlUNGuGP0,Fmin,4A,129.19922,-0.4119791414196598,-0.06264,-0.2567000617700733,0.6445125241196088,129.2,0.366,bright,True,0.767994,0.43595,0.85674,1.70623,-0.79807,0.48583,0.67387,minor,-10.47262609843994,3.973658561706543,6.831206321716309,5.8293,0.1687,0.00040142881334759295,0.582545,0.08805613219738,
645,roselia,ETERNAL BLAZE (Cover),https://youtu.be/mfYOideAJ30,mfYOideAJ30,Dmin,7A,103.35938,-2.4078796193029843,-0.06021,-1.7150127378823665,0.2730868242548159,103.4,0.234,bright,True,0.647014,0.24755,0.79625,1.57302,-0.85238,0.11449,0.43346,minor,-11.571725237280111,3.923731803894043,6.993636131286621,5.901,0.307,1.570587483001873e-05,0.653939,0.0542642287909984,
646,roselia,魂のルフラン (Cover),https://youtu.be/f1nfxEw-A24,f1nfxEw-A24,Amin,8A,129.19922,-2.6589084841539328,-0.07063,0.4622521079860429,-0.5902269646201085,129.2,0.062,acoustic,True,0.297856,-0.21708,0.92472,1.23392,-1.57359,-0.70711,0.66910,major,-12.448533030008045,6.510985374450684,6.526439189910889,5.6485,0.1748,0.0012001071590930223,0.666475,0.0561362542212009,
647,roselia,This game (Cover),https://youtu.be/6zCxyy2HERM,6zCxyy2HERM,Bmaj,1B,143.55469,-0.4009679836341022,0.02145,-1.6082227922755286,1.2472032823907822,143.6,0.14,neutral,True,0.496937,0.05194,0.93391,1.41176,-1.83050,-1.31972,0.56115,minor,-10.956583803647765,11.989209175109863,7.088136672973633,6.1315,0.6201,0.0001011854037642479,0.628647,0.0599901303648948,
648,roselia,スカイクラッドの観測者 (Cover),https://youtu.be/jFaVomJ6IRk,jFaVomJ6IRk,D#min,2A,112.34715,-0.26420711771191824,-0.31119,-1.488055753642654,1.3253649374022753,112.3,0.105,neutral,True,0.463247,0.11444,0.93920,1.42344,-1.58668,-1.34606,-0.23741,minor,-11.10245792348367,11.98438549041748,6.796018123626709,5.8234,0.4696,2.0890731320832856e-05,0.762244,0.0582592487335205,
649,roselia,シャルル (Cover),https://youtu.be/cn4pKTcLNwQ,cn4pKTcLNwQ,Gmaj,9B,143.55469,-0.11010299168633308,0.0667,-0.7140955810700237,0.9474362888572044,143.6,0.376,bright,True,0.764931,0.58525,0.80028,1.85884,-0.49484,0.55472,1.31364,major,-10.727595819405437,3.2442359924316406,6.93903923034668,6.2381,0.4331,0.000693316338583827,0.593124,0.0773640573024749,
650,roselia,新時代 (Cover),https://youtu.be/TLnpE1QLVBs,TLnpE1QLVBs,Emin,9A,117.45384,-0.46770833946200874,-0.22657,-0.6497261319904732,0.6933793423578118,117.5,0.225,bright,True,0.477029,0.10993,0.84615,1.57626,-1.07762,0.21587,0.12926,minor,-11.58902899097344,5.1714582443237305,6.774028301239014,6.0762,0.8267,0.0004040826461277902,0.758241,0.0634114891290664,
651,roselia,革命デュアリズム (Cover),https://youtu.be/RKJtSnR-7cY,RKJtSnR-7cY,Amin,8A,135.99918,-0.2414327008593003,-0.17885,0.5640874837423148,-0.20579536739476012,136.0,0.698,neutral,True,0.524502,0.32630,0.78250,1.62434,-0.64795,0.21765,0.76517,minor,-10.301922507093987,2.9094810485839844,6.7430877685546875,5.9023,0.3511,0.000614721910096705,0.566622,0.0426940619945526,
652,roselia,Red fraction (Cover),https://youtu.be/SF1JjeTPbU4,SF1JjeTPbU4,Emin,9A,143.55469,-2.3539661791805013,-0.08147,-3.594835267588164,0.6835933516253552,143.6,0.566,bright,True,0.754211,0.47843,0.85184,1.81620,-0.85530,-0.23644,0.63456,minor,-10.436078432162393,3.732510566711426,7.047000885009766,5.3163,0.2325,6.208287004483282e-07,0.782264,0.0421633049845695,
653,roselia,深愛 (Cover),https://youtu.be/MOVw2hYsZcg,MOVw2hYsZcg,D#min,2A,135.99918,0.051189280163372985,-0.04817,-0.02227388929806831,0.6705243188407193,136.0,0.3,neutral,True,0.480092,0.14382,0.79127,1.31789,-0.99544,-0.71702,0.54762,minor,-10.878715391087015,4.84788703918457,6.825942039489746,5.6085,0.1398,0.00034956791205331683,0.624582,0.0629891604185104,
654,roselia,Paradisus‐Paradoxum (Cover),https://youtu.be/A12CMqrBFSw,A12CMqrBFSw,Amin,8A,135.99918,-0.672921308654323,-0.07939,0.8196239750478005,1.133180706501641,136.0,0.291,acoustic,True,0.434150,0.17427,0.80555,1.43235,-1.19803,-0.29497,0.39676,major,-11.453162575576219,4.453550338745117,6.23583984375,5.386,0.2781,0.00032089947490021586,0.594333,0.0745415017008781,
655,roselia,Realize (Cover),https://youtu.be/bfWK5imos6A,bfWK5imos6A,Emin,9A,135.99918,-1.4531459278684231,-0.03338,-1.481391283880031,-0.08198680077316235,103.4,0.175,bright,True,0.852221,0.55530,0.89078,2.01368,-0.80403,0.20253,1.37964,major,-11.312517081347297,5.844030380249023,6.388763427734375,5.0382,0.1018,1.8431651369610336e-06,0.738737,0.0669246613979339,
656,roselia,Preserved Roses (Cover),https://youtu.be/rB5eL98q6f8,rB5eL98q6f8,F#maj,2B,112.34715,-1.112853107403584,0.03563,-3.456040458926412,0.7487491092762928,112.3,0.179,bright,True,0.977795,0.82332,0.78540,2.01615,-0.39378,1.01034,0.83371,major,-11.474731186607213,2.401641845703125,7.264951705932617,6.2658,0.652,2.9660195650649257e-06,0.727895,0.0434969775378704,
657,roselia,My Dearest (Cover),https://youtu.be/PeeD7-Mek8k,PeeD7-Mek8k,Cmaj,8B,112.34715,1.2531965250129744,0.24721,1.6360909862880326,-1.0430342261244927,112.3,0.064,neutral,True,0.330015,-0.19845,0.80118,1.06487,-1.35632,-0.31932,-0.07097,major,-12.204769984631255,5.943078994750977,6.513663291931152,5.9667,0.5927,0.0022758226841688156,0.705853,0.0412824675440788,
658,roselia,Shangri-La (Cover),https://youtu.be/vpj8rTjY_dw,vpj8rTjY_dw,Dmin,7A,103.35938,-0.36263048251960506,-0.12637,-0.34765256726985133,0.3578145633706669,152.0,0.642,neutral,True,0.444870,0.30393,0.79182,1.48328,-0.90892,0.16196,0.45735,major,-10.302931296902006,3.9849014282226562,6.8718061447143555,5.8389,0.2644,1.3075880815449636e-05,0.679507,0.0519918724894523,
659,roselia,KING (Cover),https://youtu.be/mR86Quw762c,mR86Quw762c,Emin,9A,112.34715,-0.9086148281528174,-0.00481,-1.9658888825194687,-0.18300347930174798,112.3,0.49,bright,True,0.839969,0.60617,0.75515,1.72251,-0.57244,0.83666,0.66271,major,-10.401900598600498,2.213214874267578,7.155942440032959,5.3953,0.2052,1.1945211326747085e-06,0.785368,0.0656584799289703,
660,mygo,素寄曲,https://youtu.be/uZSAArx6jKM,uZSAArx6jKM,Dmaj,10B,117.45384,-1.4981347311628352,0.23526,2.5952514401669866,-0.8964337714098837,117.5,,acoustic,True,0.030628,-0.14503,0.75149,0.94152,-1.21284,-0.33964,-0.26058,major,-10.123042120774254,1.3835716247558594,6.645925998687744,5.5973,0.9939,0.006113812793046236,0.833587,0.0701386481523513,
661,mygo,羅永線,https://youtu.be/fwTsHwFzOlg,fwTsHwFzOlg,A#maj,6B,129.19922,0.4864293648613126,0.16402,1.5620528344275142,0.3317396332254756,129.2,,acoustic,True,0.049005,0.33360,0.73744,1.43599,-0.58918,0.31144,0.37449,major,-8.543955804280225,2.5664615631103516,6.649316787719727,5.1974,0.7508,0.00012257802882231772,0.797026,0.0509531944990158,
662,mygo,騒混出,https://youtu.be/GzbCOAHhwzM,GzbCOAHhwzM,G#maj,4B,117.45384,0.35653518349757396,0.2431,1.0356715743564364,-0.9290116502353521,117.5,,acoustic,True,0.151608,0.32890,0.80683,1.42084,-0.84730,0.12288,-0.12639,major,-9.561795593101575,2.322331428527832,6.837319850921631,5.2019,0.5198,9.714071893540677e-06,0.827204,0.0748251527547836,
663,millsage,カーネーションの咲く日に,https://youtu.be/-CFoE43oPOk,-CFoE43oPOk,Cmaj,8B,99.38401,-0.4690610247825133,0.28715,1.2009456935642029,0.6738073608928985,152.0,,acoustic,True,0.062787,-0.10419,1.02063,1.33966,-1.68625,0.47282,-0.53251,minor,-10.936517713638604,7.818209648132324,6.864576816558838,5.7463,0.0163,0.00018829193140845746,0.668168,0.0761414617300033,
664,ikka_dumb_rock,Keep on Riddim,https://youtu.be/h0QJo5XjosA,h0QJo5XjosA,Emaj,12B,107.66602,-1.7101632182767312,0.02424,-2.196068780452204,0.1460583510051194,107.7,,bright,True,0.892802,0.45849,0.67554,1.51173,-0.46936,0.21662,0.58546,minor,-10.009992154470101,3.948678970336914,7.377163887023926,6.0627,0.6748,5.4142059525474906e-05,0.641374,0.1035308241844177,
665,mugendai_mutype,唱 (feat. 仲町あられ・峰月律),https://youtu.be/zVdR0urFjnc,zVdR0urFjnc,D#maj,5B,129.19922,2.552987253794986,0.09302,-2.667103681689088,0.5630678270559366,129.2,,shimmer,True,0.998469,0.30048,1.19081,2.32764,-1.06837,0.86033,1.26986,major,-12.385176069893383,7.591373443603516,6.536563396453857,5.1988,0.5122,4.090390120836673e-06,0.716261,0.1015186309814453,
666,mugendai_mutype,インキャのキャキャキャ (Cover),https://youtu.be/_jU3f42nbGs,_jU3f42nbGs,F#min,11A,172.26562,-1.4149024474332297,-0.16566,-2.0994857129437463,2.0322922808301325,117.5,,shimmer,True,0.996937,0.39350,0.85410,1.87982,-0.70795,0.35858,0.66850,minor,-12.259683948475667,2.7303810119628906,7.170190334320068,5.8119,0.8618,2.4080693037831225e-05,0.68794,0.1272101998329162,
667,mugendai_mutype,デビルじゃないもん (feat. 宮永ののか・千石ユノ),https://youtu.be/y-kKg3F7-TA,y-kKg3F7-TA,Fmin,4A,151.99908,1.4151251297661922,-0.19938,-0.7821265879665664,1.0386669766533334,152.0,,shimmer,True,0.993874,0.41671,1.13315,2.55923,-1.20926,0.94977,-0.23931,major,-13.097829242336548,2.949382781982422,6.807989597320557,5.4498,0.7154,0.00010990161536028609,0.331944,0.0690934434533119,
668,mugendai_mutype,エイリアンエイリアン (Cover),https://youtu.be/QmYpqqTvVHc,QmYpqqTvVHc,C#min,12A,143.55469,-0.4757028041480592,-0.14492,-0.8732093348660905,-0.05591187062797142,143.6,,bright,True,0.866769,0.58993,0.83514,1.97093,-0.38280,0.37521,0.95484,minor,-15.481301563066296,2.323589324951172,6.671763896942139,5.9404,0.9512,4.4356300350045785e-05,0.707838,0.0865619853138923,
669,mugendai_mutype,ぼくたちいつでも しゅわっしゅわ！ (feat. 仲町あられ・宮永ののか),https://youtu.be/dvmoFIxT6D4,dvmoFIxT6D4,C#min,12A,129.19922,2.816172513538431,-0.16239,-2.151350403538136,1.3775147976926574,129.2,,shimmer,True,0.981623,0.34656,1.09190,2.63359,-0.85438,0.50036,0.46862,minor,-14.811949981391225,4.966100692749023,6.726010322570801,6.0393,0.7398,0.0007278072880581021,0.679399,0.0786882117390632,
670,mugendai_mutype,回レ!雪月花 (feat. 仲町あられ・峰月律・藤都子),https://youtu.be/Nq2Sl4Ba44M,Nq2Sl4Ba44M,Cmin,5A,161.49902,-0.1774711189444249,-0.16099,-0.4222243683322594,-0.01683104312222471,107.7,,shimmer,True,0.972435,0.33483,0.93547,1.98720,-1.04717,0.39237,0.47995,minor,-11.113510617952947,3.537837028503418,7.224071502685547,6.0948,0.4472,1.908811645989772e-05,0.70942,0.0682189911603927,
671,mugendai_mutype,ビッグマウス (feat. りむる),https://youtu.be/i7vyrp_3an0,i7vyrp_3an0,Fmin,4A,143.55469,-0.3758387223874584,-0.09147,0.0719680201711908,1.8694028867027885,143.6,,shimmer,True,0.796325,0.64654,0.76580,1.88606,-0.48532,0.88455,0.61166,major,-12.494191336992342,2.196626663208008,6.403284549713135,6.1922,0.8049,0.0008399079670198262,0.567505,0.0891123786568641,
672,mugendai_mutype,KiLLKiSS (Cover),https://youtu.be/n4AUKXIjNeo,n4AUKXIjNeo,Emin,9A,135.99918,-2.2700559959415427,-0.14464,0.35905219961647983,0.6998822910380897,136.0,,acoustic,True,0.231240,-0.53841,1.07979,0.84273,-2.60329,-2.57070,0.10319,minor,-12.851208027574618,2.997908592224121,6.772803783416748,5.9939,0.5447,0.0008919162210077047,0.669756,0.0921380296349525,
673,mygo,二息歩行 (Reloaded) (Solo),https://youtu.be/q7lbzmTw8RM,q7lbzmTw8RM,Emaj,12B,89.10291,-1.1158816367626034,0.16981,1.502860521232665,-0.13085361901136577,117.5,,acoustic,True,0.771822,-0.29518,0.84244,1.21627,-1.43914,-0.62765,-0.36370,major,-11.503267553237498,4.563877105712891,7.002136707305908,5.222,0.3415,2.8558558824443026e-06,0.829989,0.0632709264755249,
674,mygo,社会距離 (Solo),https://youtu.be/Y5qJcXd0two,Y5qJcXd0two,Dmaj,10B,129.19922,0.39651858081108926,0.00747,1.7532268891970282,-2.1962658823764576,129.2,,shimmer,True,0.522205,-0.24937,0.81361,1.25107,-1.32239,-0.29265,-0.29065,minor,-12.674906001737568,18.312314987182617,6.070241928100586,5.1629,0.0488,0.00033263774821534753,0.683229,0.0641560554504394,
675,mygo,君の神様になりたい。 (Solo),https://youtu.be/HwLbvP99ypk,HwLbvP99ypk,Cmaj,8B,99.38401,1.2981140688055435,0.07503,-3.041984234240803,1.2895040165246272,99.4,,shimmer,True,0.975498,0.04114,1.16443,2.01585,-1.82207,0.48311,-0.76973,major,-9.877351145286253,6.592938423156738,7.276538372039795,5.9134,0.2195,2.535882595111616e-05,0.490423,0.0858951285481453,
676,mygo,Henceforth (Solo),https://youtu.be/Lr-bMZ2hNH0,Lr-bMZ2hNH0,Bmaj,1B,161.49902,1.1177139299430423,0.19197,1.9181450929358408,-0.33932678932473415,161.5,,shimmer,True,0.866769,0.02953,1.35086,2.24933,-2.16320,-1.67148,-0.71917,major,-17.90908322247226,10.929143905639648,5.442927360534668,4.7317,0.3902,0.0010638991370797157,0.704065,0.0717731937766075,
677,mygo,ティアドロップス (Solo),https://youtu.be/3KVLbAMPwzs,3KVLbAMPwzs,Bmin,10A,129.19922,0.0006592500356324416,-0.04869,1.7026179537759671,1.025661079292778,129.2,,neutral,True,0.632466,-0.05793,0.85054,1.43579,-1.13532,-0.38098,0.16176,major,-17.774589900901812,5.893444061279297,5.895001411437988,5.9921,0.6179,0.0013566433917731047,0.612085,0.0905353277921676,
678,mygo,遠心力 (Solo),https://youtu.be/9RNcp7rLecQ,9RNcp7rLecQ,Fmin,4A,135.99918,-1.095885194157764,-0.04624,-1.7609700482822883,-0.16993444651711212,136.0,,bright,True,0.998469,0.76896,1.20735,3.12450,-1.13732,0.76822,0.13769,major,-17.496565448682215,1.8852272033691406,6.530235290527344,6.3026,0.9675,0.0018250549910590053,0.7243,0.0787902176380157,
679,mygo,ないばいたりてぃ (Solo),https://youtu.be/tAZGnS1FKRE,tAZGnS1FKRE,Cmaj,8B,99.38401,5.598986180426878,0.08544,2.271709310433251,-0.8149890743462114,99.4,,shimmer,True,0.396631,-0.35298,1.22606,2.05881,-1.92997,-0.18522,-0.25130,major,-18.00056487653377,4.691434860229492,6.480514049530029,6.0713,0.2033,0.0002658384037204087,0.661781,0.0842792391777038,
680,mygo,キリトリセン (Solo),https://youtu.be/3fBftYWm8gY,3fBftYWm8gY,Amaj,11B,161.49902,1.342877451156275,0.07929,1.0974577002239103,-1.3329520935015338,161.5,,shimmer,True,0.796325,0.07128,1.04823,1.89221,-1.24043,-0.07573,0.42090,major,-19.675927261682308,6.0379180908203125,5.11069917678833,4.6899,0.0894,0.07917022705078125,0.676755,0.0329605378210544,
681,mygo,もしも命が描けたら (Solo),https://youtu.be/uVGIGeTPQVM,uVGIGeTPQVM,F#maj,2B,135.99918,0.5168541803492976,0.11463,2.7905245315221237,1.5696990285932915,99.4,,shimmer,True,0.981623,-0.78457,1.26248,1.61830,-2.31774,-1.24111,-0.37055,minor,-19.696989705510838,3.7459983825683594,6.542140483856201,6.091,0.9837,0.002183533739298582,0.693341,0.1058269962668418,
682,mygo,TEENAGE RIOT (Solo),https://youtu.be/Hm90Otiz8u8,Hm90Otiz8u8,Emin,9A,129.19922,4.573674297962399,-0.24244,3.571332735629503,-1.7466785275001717,129.2,,shimmer,True,0.742726,0.23783,1.07535,2.45625,-1.04810,0.97455,-0.26605,major,-13.604703332090883,4.999571800231934,5.846127033233643,5.2462,0.4797,0.02248096466064453,0.52483,0.0454083904623985,
683,mygo,パメラ (Solo),https://youtu.be/wbbcQokPgLM,wbbcQokPgLM,D#min,2A,99.38401,1.6898254890116453,-0.02023,0.4469848553263669,-0.2155813581272168,99.4,,shimmer,True,0.781011,-0.57250,1.16801,1.35499,-2.44676,-1.74589,-0.37611,minor,-15.361696412247456,7.244956970214844,6.342200756072998,5.675,0.9268,8.643823093734682e-05,0.771612,0.1319555044174194,
684,mygo,栞 (Solo),https://youtu.be/3ye4lnEsJRY,3ye4lnEsJRY,F#maj,2B,99.38401,-0.3656605485255579,0.25664,2.724014035988814,-1.3166631540887992,99.4,,acoustic,True,0.428790,-0.25982,0.71287,0.84369,-1.53774,0.03680,-0.19342,minor,-16.9878968861183,5.748743057250977,6.457845687866211,5.7095,0.9024,2.8991362341912463e-05,0.696661,0.1083030253648758,
685,mygo,シンデレラボーイ (Solo),https://youtu.be/SKyIh9ddvck,SKyIh9ddvck,Amaj,11B,107.66602,-0.5332259689866369,0.2765,1.6463495918119138,-1.3362351355537125,107.7,,acoustic,True,0.329250,-0.44226,1.00935,1.07750,-1.95767,-0.64867,-1.58302,major,-11.833982041660038,3.277501106262207,6.476911544799805,6.024,0.2764,0.02433660998940468,0.70068,0.0779439061880111,
686,mygo,少女レイ (Solo),https://youtu.be/DEXX5zBkRjQ,DEXX5zBkRjQ,Amaj,11B,151.99908,-0.7805705222209798,0.20069,3.7533130555604988,-1.5837891333728273,152.0,,acoustic,True,0.396631,-0.35599,0.91289,1.29863,-1.46932,-0.14056,0.90906,major,-12.985163281152639,4.223960876464844,6.747001647949219,5.4938,0.1789,0.00011717123561538756,0.714344,0.1084838286042213,
687,mygo,正しくなれない (Solo),https://youtu.be/azECAVAWRxI,azECAVAWRxI,Fmaj,7B,117.45384,-1.3576795871452365,0.16476,1.6037358992350292,-1.2026405781996585,117.5,,shimmer,True,0.961715,-0.54050,1.07720,1.35719,-2.12902,-0.03338,-0.44444,minor,-13.407136812941525,11.391670227050781,5.251921653747559,5.3864,0.3008,0.42498886585235596,0.711659,0.0586894191801548,
688,mygo,恋してる自分すら愛せるんだ (Solo),https://youtu.be/swsu_JBv6Ug,swsu_JBv6Ug,Cmaj,8B,129.19922,-0.7179631079968288,0.17176,4.370732191931804,-0.2839570224062532,129.2,,acoustic,True,0.901991,-0.83908,1.47700,3.55398,-2.45330,0.53094,0.79068,minor,-16.366779685830785,9.867137908935547,4.583885669708252,4.8011,0.8862,0.012705625966191292,0.651039,0.0465567633509635,
689,morfonica,深海少女 (Cover),https://youtu.be/8McGbxeGqdY,8McGbxeGqdY,G#min,1A,135.99918,-0.14939960737596336,-0.29609,-0.3229386532640657,1.9475645417142817,136.0,0.181,bright,True,0.761103,0.42711,0.98150,2.08449,-1.01194,0.04450,1.39108,major,-15.208078763555402,2.918516159057617,6.84202766418457,6.1316,0.8211,0.0009737831423990428,0.799999,0.0742577537894249,
690,mugendai_mutype,等身大あんりみてっど (Solo),https://youtu.be/XbqG3T4MGJE,XbqG3T4MGJE,G#maj,4B,117.45384,2.32315087667926,0.05106,-6.323834858865331,1.989928411272207,117.5,0.465,bright,True,1.000000,1.39170,1.12509,3.19633,-0.41191,1.29470,1.34901,major,-10.527981018985002,3.2539682388305664,6.390832901000977,5.3979,0.5772,0.00015147252997849137,0.627282,0.0540320985019207,
691,mugendai_mutype,好きになっちゃえ！ (feat. 仲町あられ),https://youtu.be/mhmXN1uZTzE,mhmXN1uZTzE,G#maj,4B,135.99918,-1.788678288305412,0.02254,-3.667562847963834,2.2114706143702114,136.0,0.083,bright,True,0.992343,0.65895,0.99680,2.24959,-1.01158,0.35407,-0.73837,minor,-14.544439920670312,4.530837059020996,6.750338554382324,5.7134,0.122,1.99596252059564e-05,0.682934,0.080997422337532,
692,mugendai_mutype,YoU kNOw the overture (Solo),https://youtu.be/UWHzX6SpizM,UWHzX6SpizM,Amin,8A,117.45384,0.7318107053532676,-0.08618,-5.296933716763506,1.638074692872328,117.5,0.134,neutral,True,1.000000,1.21647,1.18503,3.26933,-0.49775,1.17344,1.21918,minor,-13.07655720497535,6.723221778869629,6.819212436676025,5.9446,0.5691,0.00025872973492369056,0.772425,0.0731470957398414,
693,mugendai_mutype,君が飛び降りるのならば (Solo),https://youtu.be/BI71vana4VI,BI71vana4VI,D#maj,5B,103.35938,-1.1626855085506467,0.19196,-3.5928450330127575,0.8236908576596872,103.4,0.351,bright,True,0.996937,0.99742,1.00950,2.40301,-0.39952,-0.01773,1.43585,minor,-12.17444431301043,2.2287721633911133,6.375245571136475,5.9387,0.9919,0.0027309509459882975,0.857321,0.0837329775094986,
694,mugendai_mutype,地球最後の告白を (Solo),https://youtu.be/7R1DMU0qa00,7R1DMU0qa00,A#maj,6B,95.70312,-3.4373262738938557,0.21424,-0.746024144704582,-0.456632407266054,95.7,0.005,shimmer,True,0.972435,-0.09215,0.98979,1.55466,-1.51688,-0.83620,0.34083,major,-12.10458315553427,4.36296272277832,6.264297008514404,5.704,0.5285,0.001723070745356381,0.78074,0.0975358933210372,
695,mugendai_mutype,パラレルラルラ (Solo),https://youtu.be/ZcY2a1DyVAo,ZcY2a1DyVAo,C#maj,3B,129.19922,-1.2597532208588809,0.00195,-1.4985285724353257,1.0354470700252347,129.2,0.008,shimmer,True,0.998469,-0.03879,1.09665,2.25110,-1.34504,0.04382,0.20576,major,-14.500763019468083,4.509629249572754,7.168307304382324,5.9606,0.9431,1.7362082871841267e-05,0.755445,0.0917960852384567,
696,mugendai_mutype,夜もすがら君想ふ (Solo),https://youtu.be/OsJPJo4uKBc,OsJPJo4uKBc,A#maj,6B,99.38401,-2.0558462069155756,0.33236,0.5008696750799801,0.5369928969107453,99.4,0.013,shimmer,True,0.917305,-0.39241,0.78552,1.06406,-1.33168,-0.12141,-0.56133,minor,-15.642395845601813,2.5571041107177734,6.081689834594727,5.329,0.6992,0.006244834512472153,0.654315,0.0783480703830719,
697,mugendai_mutype,ジレンマ (Solo),https://youtu.be/3M5YaHlpMjY,3M5YaHlpMjY,Fmin,4A,123.04688,-1.022815381244036,-0.06327,-0.69986847138348,1.700010543895167,123.0,0.01,shimmer,True,0.998469,0.17988,0.82684,1.61542,-0.84604,0.50364,0.31676,major,-15.103459460602823,8.414929389953613,4.025341510772705,4.4047,0.1463,0.9871361255645752,0.377519,0.0218190066516399,
698,mugendai_mutype,glow (Solo),https://youtu.be/WS4flpVYkLg,WS4flpVYkLg,Amaj,11B,112.34715,-1.9466603884397946,0.06198,3.89361876045706,-2.215837863841371,172.3,0.5,acoustic,True,0.765697,-0.58587,0.91592,0.73552,-1.81695,-0.57888,0.03385,major,-12.24691223291009,6.840465545654297,5.492109775543213,5.1022,0.5366,0.40136510133743286,0.768317,0.0296601541340351,
699,mugendai_mutype,メンタルチェンソー (Solo),https://youtu.be/eI-BW0Bcq4g,eI-BW0Bcq4g,Dmin,7A,123.04688,-3.5239524332047543,-0.04588,-2.0091882985396725,-0.3263208919641787,123.0,0.0,shimmer,True,0.996937,-0.31473,0.93836,1.50024,-1.35431,-0.12224,-0.17848,major,-13.504736844430289,2.6202592849731445,6.535329818725586,6.2773,0.6829,2.7353138648322783e-05,0.683876,0.0721580237150192,
700,mugendai_mutype,ホシアイ (Solo),https://youtu.be/d6n4WHEtAgE,d6n4WHEtAgE,Fmaj,7B,161.49902,-0.8692172370981964,0.36701,1.5666491580984476,-0.795417092881298,161.5,0.065,neutral,True,0.542113,-0.30802,0.88403,1.19388,-1.46638,0.08136,-0.29931,minor,-12.54050673630473,3.409219741821289,5.718218803405762,5.5617,0.561,0.216726616024971,0.787049,0.0494917035102844,
701,mugendai_mutype,フォニイ (Solo),https://youtu.be/0makuFTnChs,0makuFTnChs,F#min,11A,172.26562,0.5226731143909813,-0.05749,1.1577633873377648,-1.1505538533333566,112.3,0.021,shimmer,True,0.947933,-0.03398,1.01634,1.78600,-1.49763,-0.59502,-0.05700,major,-14.267739925978255,3.3977203369140625,5.997556209564209,5.782,0.7967,0.07937394082546234,0.746284,0.0903895124793052,
702,mugendai_mutype,ELECT (Solo),https://youtu.be/uaAIGOd9Qv0,uaAIGOd9Qv0,Gmin,6A,129.19922,-1.8406045111284641,-0.04266,-1.6267769433275803,1.449173504023873,129.2,0.018,shimmer,True,0.975498,-0.09528,1.05584,1.51197,-1.60399,0.41058,-1.54515,major,-10.360776203559713,3.233464241027832,6.935980319976807,6.5699,0.3984,0.000721287913620472,0.604487,0.0740652084350586,
703,mugendai_mutype,ユキトキ (Solo),https://youtu.be/LXYyBjnbQys,LXYyBjnbQys,Fmin,4A,161.49902,0.7491189860055817,-0.03665,2.6792063454676898,0.5662877336840353,112.3,0.349,acoustic,True,0.225115,-0.06565,1.10591,1.44923,-1.29488,0.88350,0.93278,major,-10.287517434091576,4.133637428283691,6.837554931640625,5.2632,0.7561,1.8977111722051632e-06,0.754111,0.0534628108143806,
704,mugendai_mutype,スイートマジック (Solo),https://youtu.be/PsPtBzaevyA,PsPtBzaevyA,G#maj,4B,123.04688,-2.9817081495164377,0.2634,-0.4452338211717382,-0.8475669531716798,123.0,0.5,neutral,True,0.917305,0.35134,0.79102,1.68907,-0.69282,0.45253,0.68128,minor,-14.187884562288195,5.784608840942383,6.33705997467041,6.0121,0.4065,0.1851007640361786,0.546577,0.0721542909741401,
705,mugendai_mutype,少年よ我に帰れ (Solo),https://youtu.be/2TtYsm1HDx8,2TtYsm1HDx8,Dmin,7A,117.45384,0.9724655120923518,-0.14383,2.273736743159265,-1.9063480149994174,117.5,0.062,acoustic,True,0.359877,-0.09775,1.18982,1.91231,-2.46494,0.85570,1.21712,major,-15.145091615360405,6.5211029052734375,6.652928352355957,5.8979,0.626,0.0001618957321625203,0.785917,0.110040433704853,
706,mugendai_mutype,One Last Kiss (Solo),https://youtu.be/fyc4aGZ9C18,fyc4aGZ9C18,C#min,12A,112.34715,-1.0418316491293216,-0.11008,2.162681895214281,1.16575858532711,112.3,0.016,neutral,True,0.367534,-0.68392,1.22994,1.60338,-2.56158,-1.20083,-1.67990,minor,-12.475540116719483,4.74992561340332,6.490472793579102,5.6674,0.6341,0.00019443950441200286,0.770143,0.0768557414412498,
707,mugendai_mutype,ミルククラウン・オン・ソーネチカ (Solo),https://youtu.be/yHMLvqxh2PQ,yHMLvqxh2PQ,Emaj,12B,129.19922,-0.2583944653331167,0.10661,-1.6519428270787904,0.4685540972076288,129.2,0.036,neutral,True,0.995406,0.62136,0.76801,1.97125,-0.50166,1.22084,1.02863,minor,-13.98332040969032,6.4263458251953125,6.5106611251831055,5.7726,0.878,0.0004264586023055017,0.682415,0.0807514563202858,
708,mugendai_mutype,決戦スピリット (Cover),https://youtu.be/i-cgqBosaDw,i-cgqBosaDw,D#maj,5B,95.70312,1.1936165079773455,0.07802,0.5614891845147554,2.0909450898007926,95.7,0.806,shimmer,True,0.349158,-0.09798,0.95766,1.37512,-1.23772,0.02031,0.51183,minor,-12.97665808848985,2.616779327392578,6.142260551452637,5.0779,0.8293,5.1737268222495914e-05,0.785806,0.0607657879590988,
709,mugendai_mutype,ティアドロップス (Cover),https://youtu.be/gZe2UGwld2E,gZe2UGwld2E,Bmin,10A,129.19922,-3.3615969483655808,-0.12305,1.034899877654703,0.6053685611897817,129.2,0.047,acoustic,True,0.946401,0.08500,0.85170,1.36497,-1.03991,-0.23462,0.52078,major,-13.568075336327151,5.352015495300293,6.01435661315918,5.7626,0.2358,0.0003654097090475261,0.814245,0.0790659263730049,
710,mugendai_mutype,ロウワー (Cover),https://youtu.be/FhaynKrmQro,FhaynKrmQro,Fmin,4A,129.19922,0.09083803792035638,-0.26748,-1.3044500494169715,0.097191532766916,129.2,0.111,shimmer,True,0.901991,0.42385,1.03100,2.04808,-1.13554,0.73692,0.83845,major,-9.777219817988804,4.31342887878418,6.7550740242004395,6.02,0.4146,0.000522762886248529,0.711479,0.0640597343444824,
711,mugendai_mutype,ハイドアンド・シーク (Cover),https://youtu.be/FvLSUJ35qmE,FvLSUJ35qmE,Emin,9A,135.99918,2.5726347121120186,-0.21264,-2.7627369294694324,1.3644457649080217,136.0,0.437,shimmer,True,0.300153,0.13943,0.95077,1.73105,-1.37849,0.27613,-0.05222,major,-10.053757431127588,3.2635726928710938,6.903141021728516,5.483,0.2114,1.0942681910819374e-05,0.675019,0.0602535232901573,
712,mugendai_mutype,不可解 (Solo),https://youtu.be/YHfBJMxWSec,YHfBJMxWSec,Fmaj,7B,135.99918,1.3324693995800696,0.18764,2.380379372953766,-2.443883015619653,136.0,0.274,acoustic,True,0.459418,-0.06084,1.02409,1.38118,-1.59992,-0.76846,0.97042,major,-9.901048447227623,6.808923721313477,6.275822639465332,5.2913,0.0325,0.00650564581155777,0.674428,0.0533303506672382,
713,mugendai_mutype,GURU (Cover),https://youtu.be/D7M1eAnroZE,D7M1eAnroZE,C#maj,3B,135.99918,-1.7275749963340021,0.1977,-7.176145714538142,1.713016441255722,136.0,0.044,shimmer,True,1.000000,0.89716,1.26898,3.16601,-1.00197,0.81540,1.81142,major,-13.097829242336548,2.949382781982422,6.807989597320557,5.4498,0.7154,0.00010990161536028609,0.331803,0.0678950548171997,
714,mugendai_mutype,経験値上昇中☆ (Solo),https://youtu.be/e15grxDKfF8,e15grxDKfF8,Emin,9A,112.34715,-2.3154001312757573,-0.10148,1.0379649286276935,0.45876810647517213,112.3,0.023,acoustic,True,0.901991,-0.00286,0.85835,1.52531,-0.99562,1.09917,-0.33256,minor,-15.481301563066296,2.323589324951172,6.671763896942139,5.9404,0.9512,4.4356300350045785e-05,0.708437,0.0872303247451782,
715,mugendai_mutype,翼をください (Solo),https://youtu.be/RGByUSGhQgE,RGByUSGhQgE,Fmaj,7B,161.49902,3.5563395325466813,0.21865,6.389582701950822,-3.245260953471738,161.5,0.028,acoustic,True,0.045942,-0.86667,1.00846,0.69935,-2.53682,-1.42891,-2.17297,minor,-14.811949981391225,4.966100692749023,6.726010322570801,6.0393,0.7398,0.0007278072880581021,0.678668,0.0762882754206657,
716,mugendai_mutype,元気を出して (Solo),https://youtu.be/RzgsdgCkFjU,RzgsdgCkFjU,Cmaj,8B,92.28516,2.5275684239994423,0.32648,4.5898314004351874,-1.5772861846925497,92.3,0.284,acoustic,True,0.016845,-0.61421,0.92193,1.13912,-1.75797,-0.84065,-0.81578,minor,-11.113510617952947,3.537837028503418,7.224071502685547,6.0948,0.4472,1.908811645989772e-05,0.709576,0.069288820028305,
717,mugendai_mutype,ハッピー☆マテリアル (Solo),https://youtu.be/yLj0VCQC8qE,yLj0VCQC8qE,D#maj,5B,107.66602,-0.07579584478849855,0.14849,-0.47992144162443184,-0.7172554378698046,107.7,0.067,neutral,True,0.984686,0.53060,0.71903,1.68716,-0.44487,0.55674,0.73714,major,-12.494191336992342,2.196626663208008,6.403284549713135,6.1922,0.8049,0.0008399079670198262,0.567647,0.0893009677529335,
718,mugendai_mutype,時をかける少女 (Solo),https://youtu.be/XEzZRDCZBSc,XEzZRDCZBSc,F#min,11A,129.19922,2.9945754374764064,-0.24479,4.5148996632385305,-1.34273808423399,129.2,0.238,acoustic,True,0.059724,-0.38517,0.89212,1.28743,-1.40707,-0.20511,-0.37156,minor,-12.851208027574618,2.997908592224121,6.772803783416748,5.9939,0.5447,0.0008919162210077047,0.669262,0.0919256806373596,
719,mugendai_mutype,TOMORROW (Solo),https://youtu.be/_WXK_IB4cck,_WXK_IB4cck,Fmaj,7B,107.66602,1.5533843529291191,0.0827,2.552210855289759,-1.6066441568899201,107.7,0.072,neutral,True,0.347626,-0.50358,0.96244,1.47892,-1.60099,-0.11567,-1.01954,major,-11.503267553237498,4.563877105712891,7.002136707305908,5.222,0.3415,2.8558558824443026e-06,0.831429,0.0643422901630401,
720,mugendai_mutype,PARTY☆NIGHT（D-POP version） (Solo),https://youtu.be/tdZgnk1nEG4,tdZgnk1nEG4,F#maj,2B,143.55469,3.7664678524500124,0.1295,1.3682685537403882,1.159192501222752,143.6,0.693,shimmer,True,0.683002,0.52562,1.04289,2.30183,-0.80798,0.81825,0.82447,minor,-12.685919596122229,18.66997718811035,6.063751220703125,5.164,0.0081,0.00031847378704696894,0.690932,0.0688158720731735,
721,mugendai_mutype,CH4NGE (Solo),https://youtu.be/ivfYQxQBiXQ,ivfYQxQBiXQ,D#maj,5B,117.45384,4.948881619869194,0.02809,-1.329361413713714,0.23728903880124833,117.5,0.716,shimmer,True,0.883614,0.68729,1.54440,3.55398,-1.07705,1.24905,1.87642,major,-14.658708399579547,5.503907203674316,6.465836048126221,6.0612,0.2439,0.0028420398011803627,0.61924,0.0810574367642402,
722,mugendai_mutype,絶え間なく藍色 (Solo),https://youtu.be/bLIW2klD4Ms,bLIW2klD4Ms,Gmin,6A,123.04688,-0.5079050753688062,-0.03432,0.9337871324691466,1.302573049309263,123.0,0.052,shimmer,True,0.897397,0.01695,1.31084,2.42309,-1.45264,1.84556,0.12109,minor,-13.142792625275769,3.7709712982177734,6.733010292053223,6.5373,0.7805,0.02098647691309452,0.702171,0.0919864699244499,
723,mugendai_mutype,撫でんな (Solo),https://youtu.be/tZzToEEZjgo,tZzToEEZjgo,Gmaj,9B,143.55469,1.8506643881873082,0.07061,2.6517887538526654,0.012463793651064953,143.6,0.054,shimmer,True,0.869832,-0.01959,0.99053,1.86507,-1.33445,-0.09918,0.04419,minor,-13.494578789686752,4.63935661315918,5.915237903594971,5.4668,0.8455,0.05400962010025978,0.405379,0.086242601275444,
724,mugendai_mutype,なにやってもうまくいかない (Solo),https://youtu.be/9Ba8G_i4dAg,9Ba8G_i4dAg,Emin,9A,123.04688,5.3987051698351785,-0.18399,0.06148175960027524,1.025661079292778,123.0,0.101,shimmer,True,0.969372,0.48044,1.45055,3.55398,-1.39653,1.41267,0.98129,major,-14.376179647356894,12.60793399810791,5.883658409118652,6.2388,0.0813,0.20862457156181335,0.652287,0.0611023679375648,
725,mugendai_mutype,マーシャル・マキシマイザー (Solo),https://youtu.be/Gc7vzpnIYSU,Gc7vzpnIYSU,F#maj,2B,95.70312,1.6814849110947718,0.08963,-0.7388687009345252,0.4620511485273509,95.7,0.049,shimmer,True,0.978560,0.29878,1.26117,2.57821,-1.61623,-0.45871,0.65821,minor,-11.575082956073356,3.4478654861450195,7.1567063331604,6.3512,0.1545,0.00020673881226684898,0.678967,0.0751977264881134,
726,mugendai_mutype,ZEAL of proud (Solo),https://youtu.be/4MPXhnbf29o,4MPXhnbf29o,D#min,2A,129.19922,-1.6591269996671811,-0.02078,0.46344525824237215,1.0354470700252347,129.2,0.212,neutral,True,0.658499,0.05520,0.78868,1.31254,-0.97180,-0.32588,0.37048,minor,-14.303173515649291,5.271346092224121,7.144911766052246,6.1543,0.935,4.993771653971635e-05,0.757685,0.0895221158862114,
727,mugendai_mutype,繰り返し一粒 (Solo),https://youtu.be/xjGwcPHPAo8,xjGwcPHPAo8,Fmaj,7B,117.45384,0.7465268118007865,0.1178,2.6370512458863695,-0.8931507293577041,117.5,0.5,neutral,True,0.733538,0.13103,1.06493,2.19774,-1.09759,0.84381,0.84131,major,-12.78048523707199,1.897226333618164,6.193633079528809,6.226,0.8699,0.007575159426778555,0.875596,0.0712057501077652,
728,poppin_party,乙女はサイコパス (Cover),https://youtu.be/pFNrfao3dXg,pFNrfao3dXg,Emaj,12B,172.26562,2.176872854444732,0.21261,0.6437549735465335,-1.065826114217505,112.3,0.705,neutral,True,0.471669,0.34783,1.34599,3.55398,-1.79947,-0.72820,2.12300,major,-13.241676551959566,3.886381149291992,6.3129682540893555,6.1261,0.6667,0.0904487818479538,0.627405,0.0595148876309394,
729,various_artists,R・I・O・T (Cover),https://youtu.be/NTkFFLOLuCc,NTkFFLOLuCc,Gmin,6A,135.99918,-4.533414896744651,-0.15703,-3.060191949646488,-0.7759082468404647,136.0,0.5,bright,True,0.779479,0.36493,0.89480,1.67669,-1.27121,-0.23643,-0.62730,major,-26.647683333268514,4.901762008666992,4.608844757080078,5.3461,0.3659,0.06242040544748306,0.660227,0.1032322719693183,THE THIRD(仮)
731,roselia,擬態ごっこ (Cover),https://youtu.be/-3HDhazL-FA,-3HDhazL-FA,Emin,9A,99.38401,-0.010758793318202953,-0.04699,-0.2696593338758612,-1.499124529681057,129.2,0.165,shimmer,True,0.845329,0.44489,0.97149,2.12735,-0.83987,0.34741,1.10236,minor,-14.810356148058933,9.803787231445312,6.441652774810791,6.0727,0.5935,0.003908959683030844,0.658867,0.0907088220119476,
732,mugendai_mutype,Face The Next,https://youtu.be/6PpzqcesklA,6PpzqcesklA,G#maj,4B,103.35938,1.0512231139343253,0.01801,-0.09841027584956652,1.6022769074187602,103.4,,shimmer,True,0.666156,0.29157,0.86580,1.68466,-0.95783,0.32173,0.55172,major,-12.84636046120342,3.1124439239501953,6.261857986450195,5.337,0.7886,0.013694494031369686,0.667622,0.0844371914863586,
733,mugendai_mutype,TearJerker,https://youtu.be/T8ynAJWmPtM,T8ynAJWmPtM,Fmin,4A,99.38401,-1.0367182358509401,-0.12513,-2.3987324490576487,1.4328845646111383,143.6,,neutral,True,0.941807,0.58778,0.78544,2.03692,-0.43698,0.71797,0.91277,major,-13.155711678053411,3.8957910537719727,6.312148094177246,5.735,0.6585,0.004481315612792969,0.682509,0.0815716087818145,
734,mugendai_mutype,一番のひかり,https://youtu.be/9YjehFo3hAw,9YjehFo3hAw,Cmaj,8B,117.45384,0.8762578747181271,0.21235,0.08062795009044407,-0.541360146381905,117.5,,shimmer,True,0.329250,0.44115,0.87874,1.46650,-0.85238,0.02191,0.74813,,-10.012652965533297,3.207364082336426,,5.2353,0.15775034293552814,,,,
735,mugendai_mutype,うちゅうのふしぎ,https://youtu.be/TedsUWY90Vs,TedsUWY90Vs,Bmaj,1B,123.04688,0.6724469154803385,0.12113,1.03461657152461,0.27636986630699467,123.0,,shimmer,True,0.578867,-0.37500,1.06860,1.69005,-1.74874,-0.86102,0.14350,,-12.774565422008644,8.567651748657227,,5.5553,0.08367626886145407,,,,
736,millsage,unravel (Cover),https://youtu.be/uZh2qHvJFTI,uZh2qHvJFTI,A#maj,6B,135.99918,-1.0655801837898804,0.09882,1.8778398085043833,0.015746835703244113,136.0,,acoustic,True,0.150077,-0.10048,0.94412,1.16806,-1.76891,0.49796,-0.48852,,-10.660013511449646,6.713136672973633,,5.3573,0.002743484224965731,,,,
737,mygo,シャルル (Cover),https://youtu.be/IKtjzy0uDkQ,IKtjzy0uDkQ,G#maj,4B,143.55469,-0.003429869146666764,0.1927,0.25074850246487446,1.1983364641525789,143.6,,neutral,True,0.868300,0.44186,1.02692,2.36037,-0.90163,0.69195,1.68677,,-12.452640981904317,3.4084415435791016,,5.6994,0.12208504801097397,,,,
738,various_artists,supremacy「disobedience」,https://youtu.be/LQMZyNKpo60,LQMZyNKpo60,Emin,9A,129.19922,0.39621134191193863,-0.03004,0.21585807083416375,1.5729820706454705,95.7,,shimmer,True,0.428790,0.10683,0.78067,1.41163,-0.95666,0.26736,0.31108,,-11.557703749290836,3.0491600036621094,,5.5551,0.6748971193415638,,,,
739,mugendai_mutype,夢はトゥルーエンド！,https://youtu.be/eZG4sXy0zPM,eZG4sXy0zPM,Dmin,7A,129.19922,0.166636663906104,-0.14722,-1.0807294793581623,2.2375455445154024,129.2,,shimmer,True,0.836141,0.39137,0.79978,1.69889,-0.70705,0.41596,0.67008,,-9.901042738091698,10.913299560546875,,6.1443,0.009602194787380003,,,,
740,afterglow,"Right Here, Right Now",https://youtu.be/NP70bwVYHcQ,NP70bwVYHcQ,Emin,9A,123.04688,4.862043020344643,-0.04665,1.6586506060772896,0.23072295469689003,123.0,,neutral,True,0.571210,0.65758,1.38546,3.14283,-1.80186,-0.62369,0.12979,,-11.540528814903372,2.9208526611328125,,6.3602,0.23593964334705075,,,,
741,afterglow,The Night We Chose Us,https://youtu.be/HtWqMnotCaE,HtWqMnotCaE,F#min,11A,129.19922,5.6858581402467925,-0.08635,2.0481257798907517,1.243920240338603,129.2,,shimmer,True,0.516080,0.71393,1.46511,3.20186,-2.02082,-0.26218,0.36944,,-11.606298077547944,3.554319381713867,,6.3305,0.29080932784636493,,,,
742,millsage,青のすみか (Cover),https://youtu.be/XYpcz_mI4ck,XYpcz_mI4ck,D#min,2A,151.99908,-1.4241742503140027,-0.01391,1.7888801018667562,-0.3263208919641787,152.0,,acoustic,True,0.120980,-0.28604,0.92094,1.14784,-1.51059,-0.02094,-0.18637,,-11.20349921087881,6.251764297485352,,5.5967,0.012345679012345734,,,,
743,ikka_dumb_rock,イケナイ太陽 (Cover),https://youtu.be/Gwwcu8sSIkM,Gwwcu8sSIkM,G#min,1A,143.55469,0.4155091459826966,-0.22384,0.015744703672859794,1.1461866038621966,143.6,,shimmer,True,0.722818,0.13717,0.85153,1.33720,-1.07379,0.07857,0.21115,,-12.22797714298863,2.6331119537353516,,6.1294,0.6995884773662551,,,,
769,millsage,everscape,https://youtu.be/LbOaI74huzE,LbOaI74huzE,Emaj,12B,99.38401,0.6907683844944575,0.17286,3.4945897216553554,-2.2842135281204077,129.2,,acoustic,True,0.061256,-0.27436,0.96786,1.07174,-1.93918,-0.07617,0.31750,,-11.08393384049463,6.873288154602051,,4.7893,0.009602194787380003,,,,
795,afterglow,Keep Me in the Feeling,https://youtu.be/pasFqCnn5E0,pasFqCnn5E0,Cmaj,8B,123.04688,3.334822455892699,0.16068,-0.07523048985167996,0.47505704588790637,123.0,,neutral,True,0.705972,0.65454,1.20603,2.70520,-1.36012,-0.33953,0.95569,,-11.618515741987473,3.5591659545898438,,6.2305,0.35253772290809327,,,,
796,ikka_dumb_rock,ジャイアント・キラー・チューン,https://youtu.be/KiDSrEjBFLI,KiDSrEjBFLI,A#min,3A,135.99918,1.7984199617762113,-0.00926,-2.1596497565670782,0.7031021976661881,136.0,,shimmer,True,0.702910,0.59083,0.74959,1.81039,-0.58528,0.35279,0.38415,,-9.16209755472631,2.463594436645508,,6.2468,0.747599451303155,,,,
822,mygo,青春コンプレックス / MyGO!!!!! cover ver. (Cover),https://youtu.be/V_PDo4_K8OI,V_PDo4_K8OI,Fmin,4A,129.19922,-2.288664146353528,-0.02012,0.6234802774045004,0.7356800764916569,95.7,,acoustic,True,0.597243,0.12831,0.86628,1.36574,-1.16836,-0.07076,-0.23997,,-13.420355332427993,2.3284244537353516,,5.5249,0.5390946502057613,,,,
